round,global_step,s,bin,n,h_mean,beta_mean,w_mean,effective_w_mean,delta2_mean,u_norm_mean,dudt_norm_mean,hdudt_norm_mean
1,220,0.996667,"[0.0,0.1)",1839,0.048515,1.240943,0.00350222,0.00434606,366.6079,28.0989,28.4007,1.3491
1,220,0.996667,"[0.1,0.3)",3004,0.191445,1.054785,0.00395093,0.00416739,303.8404,29.431,24.4244,4.5691
1,220,0.996667,"[0.3,0.5)",1591,0.386691,0.800473,0.00410952,0.00328956,296.0112,30.4175,18.482,7.0731
1,220,0.996667,"[0.5,0.7)",528,0.578273,0.550971,0.00399227,0.00219962,320.3012,30.5507,15.607,8.9921
1,220,0.996667,"[0.7,1.0)",51,0.756304,0.319235,0.00397117,0.00126774,331.6986,30.6573,13.3685,10.1178
1,220,0.996667,boundary(r=t),7012,0.0,1.0,0.00421445,0.00421445,299.2586,0.0,0.0,0.0
2,440,0.993333,"[0.0,0.1)",1909,0.049555,1.238785,0.00500298,0.00619762,236.5287,30.9059,31.2539,1.4847
2,440,0.993333,"[0.1,0.3)",2958,0.191979,1.053905,0.00512347,0.00539965,221.4501,32.0435,24.5632,4.5637
2,440,0.993333,"[0.3,0.5)",1559,0.385548,0.802623,0.00558965,0.00448639,201.6822,32.1784,17.2237,6.6008
2,440,0.993333,"[0.5,0.7)",538,0.576038,0.555336,0.00587906,0.00326485,194.1731,32.0253,15.651,9.0196
2,440,0.993333,"[0.7,1.0)",49,0.747878,0.332368,0.00529848,0.00176105,226.1005,31.4227,15.9769,12.0019
2,440,0.993333,boundary(r=t),7012,0.0,1.0,0.00567132,0.00567132,203.7344,0.0,0.0,0.0
3,660,0.99,"[0.0,0.1)",1826,0.049748,1.237735,0.00560597,0.0069387,212.8019,31.825,33.7802,1.6346
3,660,0.99,"[0.1,0.3)",2974,0.191437,1.054426,0.00547019,0.00576791,209.9201,32.3447,26.6809,4.9424
3,660,0.99,"[0.3,0.5)",1644,0.385488,0.803362,0.00556212,0.0044684,208.5627,32.3249,19.3144,7.3508
3,660,0.99,"[0.5,0.7)",518,0.577773,0.554596,0.00602661,0.00334234,191.021,31.8754,15.8007,9.1241
3,660,0.99,"[0.7,1.0)",51,0.75201,0.329152,0.00530717,0.00174687,254.4295,32.136,17.0861,12.8056
3,660,0.99,boundary(r=t),7012,0.0,1.0,0.00618663,0.00618663,187.9581,0.0,0.0,0.0
4,880,0.986667,"[0.0,0.1)",1830,0.049886,1.236758,0.00599904,0.00741935,199.2521,32.016,35.0236,1.6979
4,880,0.986667,"[0.1,0.3)",2997,0.192789,1.052499,0.00557059,0.00586304,210.5419,32.5651,27.4165,5.1498
4,880,0.986667,"[0.3,0.5)",1556,0.385573,0.803916,0.00582569,0.00468336,205.832,32.5408,19.0224,7.2175
4,880,0.986667,"[0.5,0.7)",564,0.576005,0.558361,0.00616057,0.00343982,185.4065,32.119,16.231,9.3292
4,880,0.986667,"[0.7,1.0)",66,0.747546,0.337127,0.00526481,0.00177491,236.3963,31.5437,15.7819,11.8048
4,880,0.986667,boundary(r=t),7012,0.0,1.0,0.00652932,0.00652932,178.2357,0.0,0.0,0.0
5,1100,0.983333,"[0.0,0.1)",1883,0.048571,1.237653,0.00628502,0.00777867,190.3479,32.3854,34.258,1.6482
5,1100,0.983333,"[0.1,0.3)",2864,0.193371,1.051575,0.00571716,0.00601203,207.3373,32.7315,27.9998,5.257
5,1100,0.983333,"[0.3,0.5)",1664,0.385611,0.804525,0.00583628,0.00469543,209.0209,32.7693,19.6715,7.4875
5,1100,0.983333,"[0.5,0.7)",545,0.572813,0.563937,0.00619115,0.00349142,185.4451,32.3833,16.6369,9.5053
5,1100,0.983333,"[0.7,1.0)",57,0.75265,0.332716,0.00550518,0.00183166,226.1032,32.3222,17.2485,12.9523
5,1100,0.983333,boundary(r=t),7012,0.0,1.0,0.00670517,0.00670517,174.3118,0.0,0.0,0.0
6,1320,0.98,"[0.0,0.1)",1837,0.050084,1.234906,0.00637476,0.00787223,191.8197,32.1865,34.397,1.6949
6,1320,0.98,"[0.1,0.3)",2981,0.193185,1.05164,0.00580272,0.00610237,210.8075,32.7462,28.8763,5.4726
6,1320,0.98,"[0.3,0.5)",1595,0.386363,0.804233,0.0057148,0.00459603,219.3926,32.7091,20.5007,7.7887
6,1320,0.98,"[0.5,0.7)",550,0.573665,0.564313,0.00616663,0.0034799,189.4743,32.4543,15.9786,9.1715
6,1320,0.98,"[0.7,1.0)",50,0.751562,0.33657,0.00549953,0.00185098,222.8991,31.458,15.7146,11.8371
6,1320,0.98,boundary(r=t),7012,0.0,1.0,0.00682656,0.00682656,170.8228,0.0,0.0,0.0
7,1540,0.976667,"[0.0,0.1)",1857,0.049109,1.235362,0.00671286,0.00829282,183.7785,32.3614,33.5675,1.6014
7,1540,0.976667,"[0.1,0.3)",2919,0.194209,1.050154,0.00583504,0.00612769,210.1188,32.6849,29.1382,5.5656
7,1540,0.976667,"[0.3,0.5)",1642,0.388073,0.802714,0.00576252,0.00462565,216.0337,32.7339,20.4989,7.8004
7,1540,0.976667,"[0.5,0.7)",539,0.571491,0.568596,0.0064,0.00363902,178.6682,32.5796,15.805,9.0068
7,1540,0.976667,"[0.7,1.0)",56,0.75329,0.336573,0.00615702,0.00207229,182.4362,31.9039,15.0758,11.3581
7,1540,0.976667,boundary(r=t),7012,0.0,1.0,0.00702248,0.00702248,166.5932,0.0,0.0,0.0
8,1760,0.973333,"[0.0,0.1)",1848,0.049279,1.234334,0.0067942,0.00838632,181.1506,32.5762,33.6,1.6109
8,1760,0.973333,"[0.1,0.3)",2919,0.194265,1.049914,0.00597999,0.00627848,204.2766,32.9451,28.823,5.5035
8,1760,0.973333,"[0.3,0.5)",1631,0.387136,0.804577,0.00571256,0.00459619,219.7944,32.781,21.234,8.0713
8,1760,0.973333,"[0.5,0.7)",566,0.575025,0.565555,0.00627528,0.00354902,188.5598,32.9364,16.233,9.3225
8,1760,0.973333,"[0.7,1.0)",49,0.760632,0.329463,0.00546201,0.00179953,244.0016,32.3505,16.093,12.2351
8,1760,0.973333,boundary(r=t),7012,0.0,1.0,0.00707706,0.00707706,165.2987,0.0,0.0,0.0
9,1980,0.97,"[0.0,0.1)",1806,0.050247,1.232313,0.00684999,0.00844133,177.927,32.4924,34.0276,1.6648
9,1980,0.97,"[0.1,0.3)",2972,0.194261,1.049749,0.00590739,0.00620127,213.8997,32.9687,30.8448,5.9207
9,1980,0.97,"[0.3,0.5)",1615,0.387629,0.804612,0.00576556,0.00463903,227.0369,32.79,21.5612,8.1865
9,1980,0.97,"[0.5,0.7)",555,0.573917,0.568457,0.00622264,0.0035373,188.9282,32.5815,16.2746,9.3283
9,1980,0.97,"[0.7,1.0)",65,0.745431,0.351018,0.00580423,0.00203739,222.9731,32.4492,15.167,11.3128
9,1980,0.97,boundary(r=t),7012,0.0,1.0,0.00724868,0.00724868,161.1019,0.0,0.0,0.0
10,2200,0.966667,"[0.0,0.1)",1845,0.04893,1.233177,0.00713112,0.00879393,169.7632,32.6529,33.0211,1.5817
10,2200,0.966667,"[0.1,0.3)",2920,0.192455,1.051861,0.0060314,0.00634419,205.3343,32.9684,30.0409,5.679
10,2200,0.966667,"[0.3,0.5)",1614,0.386425,0.806817,0.00565352,0.00456135,238.1719,32.8708,22.504,8.5094
10,2200,0.966667,"[0.5,0.7)",568,0.573862,0.569998,0.00635784,0.00362395,183.6722,32.6624,15.8628,9.0858
10,2200,0.966667,"[0.7,1.0)",66,0.754509,0.341834,0.00535115,0.0018292,213.8894,32.589,16.2362,12.2837
10,2200,0.966667,boundary(r=t),7012,0.0,1.0,0.00737297,0.00737297,159.5876,0.0,0.0,0.0
11,2420,0.963333,"[0.0,0.1)",1847,0.049289,1.231923,0.00713656,0.00879169,170.1883,32.7714,33.8382,1.6466
11,2420,0.963333,"[0.1,0.3)",2903,0.192578,1.051527,0.00598508,0.00629347,211.7601,32.9139,30.5785,5.818
11,2420,0.963333,"[0.3,0.5)",1625,0.384711,0.809635,0.00549112,0.0044458,273.0546,32.9644,23.7032,8.945
11,2420,0.963333,"[0.5,0.7)",576,0.574301,0.570942,0.00630456,0.00359954,187.0498,32.8914,15.9256,9.1338
11,2420,0.963333,"[0.7,1.0)",62,0.747313,0.353064,0.00613515,0.0021661,225.4373,32.4438,15.5979,11.6268
11,2420,0.963333,boundary(r=t),7012,0.0,1.0,0.0074637,0.0074637,159.0534,0.0,0.0,0.0
12,2640,0.96,"[0.0,0.1)",1847,0.049396,1.230994,0.00736826,0.00907028,169.0071,32.8045,32.9581,1.6025
12,2640,0.96,"[0.1,0.3)",3020,0.191231,1.05304,0.00607417,0.00639634,209.0615,32.9983,30.1923,5.7282
12,2640,0.96,"[0.3,0.5)",1569,0.38631,0.808283,0.00560329,0.00452905,255.8662,32.9632,23.6815,8.9568
12,2640,0.96,"[0.5,0.7)",526,0.575153,0.571326,0.00633693,0.00362045,186.6653,32.8978,16.2398,9.2862
12,2640,0.96,"[0.7,1.0)",51,0.748612,0.353793,0.00588546,0.00208223,193.0577,32.4414,14.5894,10.9098
12,2640,0.96,boundary(r=t),7012,0.0,1.0,0.00755702,0.00755702,156.559,0.0,0.0,0.0
13,2860,0.956667,"[0.0,0.1)",1807,0.049067,1.230603,0.00732274,0.00901138,168.8003,32.7245,33.5801,1.6319
13,2860,0.956667,"[0.1,0.3)",2904,0.192923,1.050738,0.00611371,0.0064239,205.6335,33.0501,30.8778,5.8716
13,2860,0.956667,"[0.3,0.5)",1709,0.387943,0.806909,0.0055284,0.00446092,264.2512,33.0335,23.8969,9.0565
13,2860,0.956667,"[0.5,0.7)",530,0.573446,0.574943,0.00620304,0.0035664,186.4948,32.7097,16.1653,9.2395
13,2860,0.956667,"[0.7,1.0)",63,0.755408,0.347513,0.00576891,0.00200477,205.8574,31.7857,14.5945,10.9929
13,2860,0.956667,boundary(r=t),7012,0.0,1.0,0.00752516,0.00752516,156.9435,0.0,0.0,0.0
14,3080,0.953333,"[0.0,0.1)",1863,0.049275,1.229549,0.00742831,0.00913347,167.6831,32.8007,33.6092,1.6366
14,3080,0.953333,"[0.1,0.3)",2914,0.190231,1.053917,0.00621749,0.00655272,206.016,33.083,30.4559,5.746
14,3080,0.953333,"[0.3,0.5)",1612,0.387322,0.808355,0.00555076,0.00448698,258.5505,33.0524,24.0186,9.122
14,3080,0.953333,"[0.5,0.7)",557,0.580087,0.568143,0.00633527,0.00359934,183.3049,32.8724,16.05,9.2748
14,3080,0.953333,"[0.7,1.0)",67,0.759696,0.344361,0.00566737,0.00195162,253.3992,32.1249,15.5749,11.8618
14,3080,0.953333,boundary(r=t),7012,0.0,1.0,0.00770412,0.00770412,153.5703,0.0,0.0,0.0
15,3300,0.95,"[0.0,0.1)",1850,0.049956,1.227885,0.00745498,0.00915387,167.6104,32.8444,34.5029,1.7189
15,3300,0.95,"[0.1,0.3)",3012,0.193923,1.049143,0.00617566,0.00647915,206.5266,33.1478,30.654,5.8487
15,3300,0.95,"[0.3,0.5)",1581,0.387009,0.809403,0.00551779,0.00446611,256.0399,32.9288,23.9976,9.0955
15,3300,0.95,"[0.5,0.7)",519,0.579373,0.570553,0.00619798,0.00353627,191.7076,32.8784,16.3812,9.4538
15,3300,0.95,"[0.7,1.0)",51,0.750844,0.357643,0.0057588,0.00205959,233.9627,33.1972,15.7669,11.7889
15,3300,0.95,boundary(r=t),7012,0.0,1.0,0.00770642,0.00770642,153.5215,0.0,0.0,0.0
16,3520,0.946667,"[0.0,0.1)",1816,0.049282,1.227929,0.0074244,0.00911663,166.7524,32.7368,33.8005,1.6243
16,3520,0.946667,"[0.1,0.3)",3007,0.192987,1.050129,0.00615711,0.00646575,211.0317,33.0939,30.8903,5.921
16,3520,0.946667,"[0.3,0.5)",1624,0.385871,0.811491,0.00530254,0.00430296,281.9517,33.0548,25.7802,9.724
16,3520,0.946667,"[0.5,0.7)",496,0.569046,0.584819,0.00621024,0.00363186,194.8992,32.5825,16.7898,9.4964
16,3520,0.946667,"[0.7,1.0)",70,0.746559,0.365202,0.00528636,0.00193059,257.356,32.8339,16.2931,12.2104
16,3520,0.946667,boundary(r=t),7012,0.0,1.0,0.0078928,0.0078928,151.2817,0.0,0.0,0.0
17,3740,0.943333,"[0.0,0.1)",1839,0.048897,1.227606,0.0076748,0.00942163,160.9411,32.9837,33.928,1.6182
17,3740,0.943333,"[0.1,0.3)",2993,0.192508,1.050545,0.00630861,0.00662748,203.3758,33.2445,30.2248,5.752
17,3740,0.943333,"[0.3,0.5)",1630,0.385799,0.812236,0.00563479,0.00457678,257.1084,33.0207,24.0061,9.0582
17,3740,0.943333,"[0.5,0.7)",502,0.572107,0.582537,0.0063456,0.00369655,191.2434,32.9946,16.3642,9.314
17,3740,0.943333,"[0.7,1.0)",49,0.75074,0.36218,0.00574762,0.00208167,206.0229,32.6661,14.7603,11.1018
17,3740,0.943333,boundary(r=t),7012,0.0,1.0,0.00780477,0.00780477,152.179,0.0,0.0,0.0
18,3960,0.94,"[0.0,0.1)",1832,0.049322,1.226281,0.00776487,0.00952192,160.1317,32.9899,34.939,1.6898
18,3960,0.94,"[0.1,0.3)",2983,0.192632,1.050212,0.00613934,0.00644761,216.9297,33.2437,31.9488,6.1459
18,3960,0.94,"[0.3,0.5)",1564,0.389477,0.808382,0.0055655,0.00449905,269.1907,33.235,24.4793,9.3365
18,3960,0.94,"[0.5,0.7)",567,0.575186,0.580224,0.00639392,0.00370991,182.2665,32.9818,16.146,9.2576
18,3960,0.94,"[0.7,1.0)",67,0.756028,0.357983,0.00583923,0.00209034,251.27,32.6224,14.9676,11.269
18,3960,0.94,boundary(r=t),7012,0.0,1.0,0.00789376,0.00789376,150.6825,0.0,0.0,0.0
19,4180,0.936667,"[0.0,0.1)",1776,0.049945,1.224717,0.00787192,0.00964088,159.7283,32.9832,33.3515,1.6337
19,4180,0.936667,"[0.1,0.3)",3021,0.19366,1.048777,0.00613209,0.0064312,215.3981,33.3023,32.4479,6.2317
19,4180,0.936667,"[0.3,0.5)",1603,0.387933,0.810946,0.00534076,0.00433107,291.9722,33.1021,26.5118,10.0621
19,4180,0.936667,"[0.5,0.7)",555,0.577403,0.579001,0.00601693,0.00348381,207.9436,32.9475,17.1383,9.8144
19,4180,0.936667,"[0.7,1.0)",58,0.743927,0.375301,0.00532928,0.00200008,218.1932,32.5541,14.9142,11.1052
19,4180,0.936667,boundary(r=t),7012,0.0,1.0,0.00797878,0.00797878,148.3927,0.0,0.0,0.0
20,4400,0.933333,"[0.0,0.1)",1884,0.04926,1.224753,0.00809099,0.00990946,156.5833,33.1373,33.048,1.6007
20,4400,0.933333,"[0.1,0.3)",2930,0.193814,1.048418,0.006298,0.00660294,212.9043,33.2221,31.9591,6.1954
20,4400,0.933333,"[0.3,0.5)",1599,0.387561,0.812067,0.0053744,0.00436438,288.8408,33.1037,26.2348,9.9339
20,4400,0.933333,"[0.5,0.7)",552,0.575422,0.582914,0.00607495,0.00354118,207.498,32.9705,17.2443,9.8562
20,4400,0.933333,"[0.7,1.0)",48,0.759382,0.35862,0.00643316,0.00230706,227.741,32.0853,15.3502,11.6371
20,4400,0.933333,boundary(r=t),7012,0.0,1.0,0.00805179,0.00805179,147.7386,0.0,0.0,0.0
21,4620,0.93,"[0.0,0.1)",1829,0.049286,1.22392,0.00802737,0.00982486,154.8025,33.061,33.5196,1.6254
21,4620,0.93,"[0.1,0.3)",2966,0.192169,1.050243,0.00634193,0.00666057,213.6875,33.2791,32.1682,6.2126
21,4620,0.93,"[0.3,0.5)",1634,0.386277,0.814301,0.00530239,0.00431774,290.1588,33.0911,26.4585,10.0194
21,4620,0.93,"[0.5,0.7)",533,0.575149,0.584733,0.00600425,0.00351088,210.9823,32.9748,17.2719,9.8801
21,4620,0.93,"[0.7,1.0)",51,0.747914,0.374715,0.0054285,0.00203414,287.6422,32.6507,16.2277,12.2028
21,4620,0.93,boundary(r=t),7012,0.0,1.0,0.00812758,0.00812758,146.8277,0.0,0.0,0.0
22,4840,0.926667,"[0.0,0.1)",1777,0.049689,1.22263,0.00796406,0.0097371,155.6769,33.1085,34.6505,1.6791
22,4840,0.926667,"[0.1,0.3)",2940,0.193459,1.048502,0.00628324,0.00658799,210.6458,33.2293,31.6737,6.1191
22,4840,0.926667,"[0.3,0.5)",1704,0.387246,0.813795,0.00546782,0.00444969,285.9185,33.1153,26.1903,9.9434
22,4840,0.926667,"[0.5,0.7)",528,0.573563,0.588191,0.00624975,0.00367605,195.8115,32.9161,16.718,9.5169
22,4840,0.926667,"[0.7,1.0)",64,0.735438,0.392106,0.00578539,0.00226848,213.0402,32.3898,14.9876,11.0293
22,4840,0.926667,boundary(r=t),7012,0.0,1.0,0.00806193,0.00806193,148.5354,0.0,0.0,0.0
23,5060,0.923333,"[0.0,0.1)",1822,0.049411,1.22217,0.00787069,0.00961933,158.799,32.9956,35.1991,1.7174
23,5060,0.923333,"[0.1,0.3)",2961,0.191605,1.050563,0.00649,0.00681816,204.1656,33.3598,31.1791,5.9647
23,5060,0.923333,"[0.3,0.5)",1633,0.387789,0.813813,0.00534163,0.00434709,288.1008,33.03,26.3036,10.0422
23,5060,0.923333,"[0.5,0.7)",532,0.582506,0.578816,0.00607336,0.00351536,206.0114,33.1084,16.8506,9.7442
23,5060,0.923333,"[0.7,1.0)",65,0.751828,0.374521,0.00585501,0.00219282,236.6604,32.2454,15.2696,11.4755
23,5060,0.923333,boundary(r=t),7012,0.0,1.0,0.00810912,0.00810912,147.0685,0.0,0.0,0.0
24,5280,0.92,"[0.0,0.1)",1883,0.050335,1.220246,0.00807179,0.00984957,153.8531,33.0714,33.7702,1.648
24,5280,0.92,"[0.1,0.3)",2892,0.192178,1.049695,0.00637654,0.00669342,209.1097,33.4098,31.7105,6.1066
24,5280,0.92,"[0.3,0.5)",1647,0.387033,0.815385,0.00532881,0.00434503,306.1821,33.2604,26.9221,10.2301
24,5280,0.92,"[0.5,0.7)",535,0.574252,0.590262,0.00627511,0.00370396,193.9076,32.9767,16.6406,9.5021
24,5280,0.92,"[0.7,1.0)",56,0.750974,0.377769,0.00549674,0.0020765,251.6207,32.9897,16.2102,12.1385
24,5280,0.92,boundary(r=t),7012,0.0,1.0,0.00820539,0.00820539,145.1959,0.0,0.0,0.0
25,5500,0.916667,"[0.0,0.1)",1886,0.048525,1.221633,0.00821119,0.01003106,154.1317,33.05,33.8072,1.6091
25,5500,0.916667,"[0.1,0.3)",2936,0.194966,1.046174,0.00636539,0.0066593,217.5728,33.3375,32.2449,6.2991
25,5500,0.916667,"[0.3,0.5)",1643,0.386762,0.81638,0.00533018,0.00435145,294.9949,33.1021,26.8634,10.1416
25,5500,0.916667,"[0.5,0.7)",497,0.572174,0.594215,0.00623168,0.00370296,201.4083,32.9585,16.7952,9.5374
25,5500,0.916667,"[0.7,1.0)",51,0.75944,0.3698,0.00573177,0.00211961,203.9871,32.9947,15.4351,11.688
25,5500,0.916667,boundary(r=t),7012,0.0,1.0,0.0083249,0.0083249,144.643,0.0,0.0,0.0
26,5720,0.913333,"[0.0,0.1)",1843,0.0498,1.219299,0.00827866,0.01009416,156.5502,33.1393,34.0339,1.6673
26,5720,0.913333,"[0.1,0.3)",2931,0.193671,1.047549,0.00644621,0.00675271,208.739,33.398,32.2016,6.2226
26,5720,0.913333,"[0.3,0.5)",1642,0.384483,0.819758,0.00544336,0.00446224,304.3442,33.1416,26.4125,9.9667
26,5720,0.913333,"[0.5,0.7)",543,0.576491,0.590555,0.00595917,0.00351922,211.2938,33.0177,17.6116,10.0658
26,5720,0.913333,"[0.7,1.0)",54,0.740578,0.39478,0.00532964,0.00210403,249.7989,32.7329,15.7511,11.6404
26,5720,0.913333,boundary(r=t),7012,0.0,1.0,0.00837018,0.00837018,142.5561,0.0,0.0,0.0
27,5940,0.91,"[0.0,0.1)",1903,0.050222,1.217999,0.00820446,0.00999302,151.8416,33.1422,33.4736,1.6663
27,5940,0.91,"[0.1,0.3)",2923,0.192166,1.049167,0.00659024,0.00691426,203.3869,33.3052,31.0818,5.9512
27,5940,0.91,"[0.3,0.5)",1602,0.386274,0.818297,0.00526983,0.00431229,299.5307,33.2465,27.2754,10.3405
27,5940,0.91,"[0.5,0.7)",527,0.573066,0.596108,0.00619073,0.00369034,205.6738,32.9891,17.1138,9.7333
27,5940,0.91,"[0.7,1.0)",58,0.750085,0.3855,0.00581802,0.00224285,202.3649,32.3277,14.5135,10.8198
27,5940,0.91,boundary(r=t),7012,0.0,1.0,0.00833674,0.00833674,143.8132,0.0,0.0,0.0
28,6160,0.906667,"[0.0,0.1)",1897,0.050099,1.217348,0.00839761,0.01022281,149.9401,33.2681,33.4352,1.6503
28,6160,0.906667,"[0.1,0.3)",2982,0.190954,1.050427,0.00657609,0.0069077,211.3249,33.4066,32.2287,6.2258
28,6160,0.906667,"[0.3,0.5)",1593,0.385914,0.819385,0.00527277,0.00432043,300.6831,33.2073,27.3994,10.3604
28,6160,0.906667,"[0.5,0.7)",489,0.576036,0.5941,0.00617092,0.00366614,196.5609,33.1992,16.8333,9.6359
28,6160,0.906667,"[0.7,1.0)",52,0.746811,0.391808,0.00640671,0.0025102,172.5978,31.9527,13.3277,9.9531
28,6160,0.906667,boundary(r=t),7012,0.0,1.0,0.00832817,0.00832817,143.9574,0.0,0.0,0.0
29,6380,0.903333,"[0.0,0.1)",1856,0.050355,1.216249,0.0083564,0.01016347,149.3259,33.2631,33.2227,1.6262
29,6380,0.903333,"[0.1,0.3)",2906,0.192283,1.048674,0.00641337,0.00672554,208.3601,33.3283,31.7856,6.1019
29,6380,0.903333,"[0.3,0.5)",1649,0.38379,0.822563,0.00533444,0.00438791,300.024,33.2139,27.1433,10.221
29,6380,0.903333,"[0.5,0.7)",545,0.576371,0.595157,0.00606499,0.00360962,218.4113,33.1846,17.6445,10.0851
29,6380,0.903333,"[0.7,1.0)",57,0.748874,0.39157,0.00567661,0.00222279,224.473,32.8903,15.8273,11.8943
29,6380,0.903333,boundary(r=t),7012,0.0,1.0,0.00837808,0.00837808,142.5583,0.0,0.0,0.0
30,6600,0.9,"[0.0,0.1)",1899,0.048978,1.217065,0.00837585,0.01019395,151.669,33.1962,33.2059,1.6152
30,6600,0.9,"[0.1,0.3)",2935,0.192267,1.048511,0.00653446,0.00685145,204.1156,33.3612,32.1609,6.1503
30,6600,0.9,"[0.3,0.5)",1591,0.38543,0.821277,0.00525506,0.00431586,317.0559,33.1702,28.2104,10.6792
30,6600,0.9,"[0.5,0.7)",527,0.573633,0.599887,0.00618949,0.003713,205.7537,32.9187,17.3655,9.9152
30,6600,0.9,"[0.7,1.0)",61,0.756431,0.384934,0.0055324,0.0021296,252.3952,32.4884,16.6224,12.6287
30,6600,0.9,boundary(r=t),7012,0.0,1.0,0.00844366,0.00844366,142.0805,0.0,0.0,0.0
31,6820,0.896667,"[0.0,0.1)",1818,0.048677,1.216626,0.00859301,0.01045448,149.5831,33.1785,33.5661,1.6014
31,6820,0.896667,"[0.1,0.3)",2969,0.19384,1.046489,0.00654819,0.00685261,214.801,33.4293,32.973,6.4297
31,6820,0.896667,"[0.3,0.5)",1633,0.386312,0.820906,0.00532362,0.00437019,320.8432,33.2656,28.5215,10.7812
31,6820,0.896667,"[0.5,0.7)",528,0.574671,0.600179,0.00595907,0.00357651,212.8936,32.9915,17.7928,10.1448
31,6820,0.896667,"[0.7,1.0)",65,0.744866,0.40071,0.00537423,0.00215351,237.6701,32.9627,16.7727,12.5001
31,6820,0.896667,boundary(r=t),7012,0.0,1.0,0.00839604,0.00839604,142.8996,0.0,0.0,0.0
32,7040,0.893333,"[0.0,0.1)",1908,0.050592,1.213569,0.00840504,0.0102001,151.7561,33.1569,33.1631,1.641
32,7040,0.893333,"[0.1,0.3)",2893,0.192625,1.047733,0.00652091,0.00683217,213.9351,33.3664,32.6714,6.3489
32,7040,0.893333,"[0.3,0.5)",1643,0.38834,0.819199,0.00528929,0.00433298,317.1934,33.2164,28.0192,10.695
32,7040,0.893333,"[0.5,0.7)",513,0.577741,0.598006,0.00611704,0.00365803,213.964,33.1161,17.7691,10.1928
32,7040,0.893333,"[0.7,1.0)",56,0.743843,0.404038,0.00586796,0.00237088,221.8124,32.9422,15.278,11.4217
32,7040,0.893333,boundary(r=t),7012,0.0,1.0,0.00852113,0.00852113,141.5808,0.0,0.0,0.0
33,7260,0.89,"[0.0,0.1)",1874,0.050078,1.213384,0.0085403,0.01036267,148.5577,33.2028,33.1922,1.6294
33,7260,0.89,"[0.1,0.3)",2906,0.193534,1.046497,0.00652188,0.00682513,207.264,33.4226,31.9254,6.1925
33,7260,0.89,"[0.3,0.5)",1619,0.386165,0.822404,0.00537185,0.00441782,327.0855,33.2574,28.383,10.7034
33,7260,0.89,"[0.5,0.7)",553,0.572999,0.605076,0.00614736,0.00371962,207.5188,32.9292,17.3634,9.8804
33,7260,0.89,"[0.7,1.0)",61,0.753272,0.395277,0.00563303,0.0022266,214.2961,32.644,15.4763,11.6313
33,7260,0.89,boundary(r=t),7012,0.0,1.0,0.00846069,0.00846069,142.4941,0.0,0.0,0.0
34,7480,0.886667,"[0.0,0.1)",1867,0.049884,1.21281,0.0087078,0.0105609,149.0073,33.2423,33.3169,1.6192
34,7480,0.886667,"[0.1,0.3)",2885,0.193674,1.046163,0.00649168,0.00679136,212.9111,33.4415,32.7114,6.3725
34,7480,0.886667,"[0.3,0.5)",1669,0.383392,0.826292,0.00517198,0.00427357,349.2896,33.1658,29.8498,11.223
34,7480,0.886667,"[0.5,0.7)",542,0.577313,0.601532,0.00606989,0.00365123,224.8759,33.1775,18.0245,10.2996
34,7480,0.886667,"[0.7,1.0)",50,0.738821,0.4142,0.00573269,0.00237448,225.8081,32.6458,15.7556,11.6802
34,7480,0.886667,boundary(r=t),7012,0.0,1.0,0.00871039,0.00871039,138.933,0.0,0.0,0.0
35,7700,0.883333,"[0.0,0.1)",1809,0.049443,1.212519,0.00869523,0.01054313,146.6119,33.3101,33.2999,1.6199
35,7700,0.883333,"[0.1,0.3)",3009,0.193946,1.045675,0.0065324,0.00683076,220.2858,33.4834,33.2514,6.4981
35,7700,0.883333,"[0.3,0.5)",1632,0.388312,0.821256,0.00529483,0.00434842,308.4756,33.4246,28.3885,10.8366
35,7700,0.883333,"[0.5,0.7)",489,0.57391,0.606956,0.00592233,0.00359459,234.8936,32.9497,18.5571,10.5724
35,7700,0.883333,"[0.7,1.0)",74,0.753095,0.399919,0.0050978,0.00203871,280.1405,32.4634,16.9419,12.7745
35,7700,0.883333,boundary(r=t),7012,0.0,1.0,0.00865002,0.00865002,139.6649,0.0,0.0,0.0
36,7920,0.88,"[0.0,0.1)",1824,0.048993,1.212242,0.00840517,0.0101891,152.0294,32.9389,34.4439,1.6536
36,7920,0.88,"[0.1,0.3)",2949,0.192595,1.047056,0.00658835,0.00689838,210.8232,33.2472,32.9111,6.3633
36,7920,0.88,"[0.3,0.5)",1658,0.38562,0.82503,0.00527783,0.00435437,315.5219,33.1779,28.1544,10.6461
36,7920,0.88,"[0.5,0.7)",512,0.572869,0.60963,0.00585303,0.00356818,224.5624,32.7606,18.4097,10.4721
36,7920,0.88,"[0.7,1.0)",70,0.747085,0.409294,0.00562973,0.00230422,245.0571,32.5927,17.1473,12.83
36,7920,0.88,boundary(r=t),7012,0.0,1.0,0.00845496,0.00845496,142.2977,0.0,0.0,0.0
37,8140,0.876667,"[0.0,0.1)",1812,0.049447,1.210915,0.008721,0.01056039,146.9127,33.2957,33.8911,1.6437
37,8140,0.876667,"[0.1,0.3)",2934,0.19305,1.046359,0.00659648,0.00690228,208.2152,33.4274,32.2869,6.2466
37,8140,0.876667,"[0.3,0.5)",1684,0.384647,0.826804,0.00518549,0.00428739,321.6378,33.2076,29.0826,10.9424
37,8140,0.876667,"[0.5,0.7)",523,0.574519,0.609198,0.00598657,0.00364701,209.9567,32.9683,17.5862,10.0742
37,8140,0.876667,"[0.7,1.0)",60,0.744459,0.414463,0.00557026,0.00230866,228.6043,32.7978,16.3736,12.1922
37,8140,0.876667,boundary(r=t),7012,0.0,1.0,0.0087237,0.0087237,138.8881,0.0,0.0,0.0
38,8360,0.873333,"[0.0,0.1)",1812,0.049284,1.210299,0.00862977,0.0104446,147.8789,33.2661,33.3396,1.6136
38,8360,0.873333,"[0.1,0.3)",2882,0.192335,1.046998,0.00678606,0.00710499,203.7558,33.4156,32.0839,6.196
38,8360,0.873333,"[0.3,0.5)",1714,0.384449,0.827683,0.00525226,0.0043472,314.7002,33.21,28.1371,10.6398
38,8360,0.873333,"[0.5,0.7)",554,0.578269,0.606416,0.00579772,0.00351583,234.7691,33.1417,18.4041,10.5225
38,8360,0.873333,"[0.7,1.0)",51,0.748928,0.411757,0.00516132,0.00212521,265.8734,32.9244,16.7961,12.5549
38,8360,0.873333,boundary(r=t),7012,0.0,1.0,0.00867047,0.00867047,139.733,0.0,0.0,0.0
39,8580,0.87,"[0.0,0.1)",1918,0.049018,1.209803,0.00878074,0.01062297,146.2518,33.2934,32.7627,1.573
39,8580,0.87,"[0.1,0.3)",2878,0.192119,1.047068,0.0066103,0.00692143,214.5038,33.4796,32.8684,6.3894
39,8580,0.87,"[0.3,0.5)",1639,0.385395,0.827265,0.00533882,0.00441662,318.7789,33.3256,28.4743,10.7546
39,8580,0.87,"[0.5,0.7)",512,0.572661,0.614327,0.00585506,0.00359692,212.4291,33.1945,18.0133,10.2578
39,8580,0.87,"[0.7,1.0)",66,0.743014,0.420468,0.00532719,0.00223991,236.9133,33.2052,16.7125,12.4019
39,8580,0.87,boundary(r=t),7012,0.0,1.0,0.00878026,0.00878026,137.9026,0.0,0.0,0.0
40,8800,0.866667,"[0.0,0.1)",1802,0.050159,1.207716,0.00884966,0.01068787,143.9709,33.3315,33.3725,1.6315
40,8800,0.866667,"[0.1,0.3)",2995,0.193641,1.045164,0.0065714,0.00686819,211.0326,33.4231,32.7141,6.3683
40,8800,0.866667,"[0.3,0.5)",1599,0.385322,0.828014,0.00528752,0.00437814,312.8836,33.3854,28.1085,10.6548
40,8800,0.866667,"[0.5,0.7)",552,0.576409,0.611525,0.00593334,0.00362838,215.6856,33.0416,17.4849,10.0178
40,8800,0.866667,"[0.7,1.0)",65,0.749441,0.4157,0.00558935,0.00232349,245.2467,32.4098,16.5428,12.4047
40,8800,0.866667,boundary(r=t),7012,0.0,1.0,0.00878472,0.00878472,137.5823,0.0,0.0,0.0
41,9020,0.863333,"[0.0,0.1)",1853,0.048821,1.208428,0.00870295,0.01051689,147.3282,33.1919,33.3424,1.6067
41,9020,0.863333,"[0.1,0.3)",2989,0.193495,1.04515,0.00661575,0.00691445,207.9915,33.5098,32.1738,6.2886
41,9020,0.863333,"[0.3,0.5)",1600,0.387464,0.826255,0.00521744,0.00431094,326.9795,33.3311,29.0533,11.0333
41,9020,0.863333,"[0.5,0.7)",514,0.575524,0.614032,0.005926,0.00363875,249.1707,33.0942,18.8298,10.7456
41,9020,0.863333,"[0.7,1.0)",57,0.741652,0.426539,0.00602092,0.00256816,191.705,32.9432,15.1303,11.2094
41,9020,0.863333,boundary(r=t),7012,0.0,1.0,0.008862,0.008862,137.8257,0.0,0.0,0.0
42,9240,0.86,"[0.0,0.1)",1802,0.050722,1.205485,0.00881983,0.01063217,144.0165,33.4149,33.0005,1.6456
42,9240,0.86,"[0.1,0.3)",2993,0.192332,1.046285,0.00652385,0.00682581,213.8321,33.4838,33.1163,6.4451
42,9240,0.86,"[0.3,0.5)",1624,0.38453,0.830216,0.00525676,0.00436425,325.8093,33.2726,29.1267,10.975
42,9240,0.86,"[0.5,0.7)",535,0.572467,0.618937,0.00607104,0.00375759,223.1811,33.1532,17.9399,10.1739
42,9240,0.86,"[0.7,1.0)",59,0.746736,0.423043,0.00488154,0.0020651,301.6934,32.7565,17.933,13.4134
42,9240,0.86,boundary(r=t),7012,0.0,1.0,0.00875958,0.00875958,137.3136,0.0,0.0,0.0
43,9460,0.856667,"[0.0,0.1)",1886,0.048748,1.206903,0.0088848,0.01072309,144.2617,33.3619,33.3003,1.5778
43,9460,0.856667,"[0.1,0.3)",2927,0.193381,1.044932,0.00668964,0.00699022,206.8275,33.4574,32.2646,6.283
43,9460,0.856667,"[0.3,0.5)",1612,0.38564,0.829634,0.00519688,0.0043115,341.8388,33.4168,29.8448,11.2995
43,9460,0.856667,"[0.5,0.7)",545,0.575637,0.61687,0.00593349,0.00366019,232.5192,33.2314,18.1417,10.3808
43,9460,0.856667,"[0.7,1.0)",43,0.746587,0.425423,0.00488326,0.00207745,327.3143,32.7376,18.8017,14.144
43,9460,0.856667,boundary(r=t),7012,0.0,1.0,0.00884546,0.00884546,137.3277,0.0,0.0,0.0
44,9680,0.853333,"[0.0,0.1)",1805,0.049455,1.205308,0.00914135,0.01101814,141.8793,33.4432,32.7034,1.5846
44,9680,0.853333,"[0.1,0.3)",2968,0.193084,1.045087,0.00661307,0.00691123,211.6015,33.3581,32.6123,6.3645
44,9680,0.853333,"[0.3,0.5)",1621,0.388204,0.82743,0.00505888,0.00418587,341.7472,33.3368,29.8293,11.3564
44,9680,0.853333,"[0.5,0.7)",554,0.573875,0.620335,0.0057235,0.00355049,244.1085,33.0238,18.8385,10.7421
44,9680,0.853333,"[0.7,1.0)",65,0.746419,0.427912,0.00522633,0.00223641,291.9468,33.0783,18.2417,13.6681
44,9680,0.853333,boundary(r=t),7012,0.0,1.0,0.00878781,0.00878781,137.2071,0.0,0.0,0.0
45,9900,0.85,"[0.0,0.1)",1851,0.049987,1.203917,0.00879699,0.01059085,145.0099,33.3022,33.4742,1.605
45,9900,0.85,"[0.1,0.3)",3020,0.19214,1.045963,0.00665279,0.00695857,215.2393,33.4229,33.524,6.5111
45,9900,0.85,"[0.3,0.5)",1547,0.38841,0.827881,0.00523658,0.00433527,327.121,33.4436,29.0374,11.0555
45,9900,0.85,"[0.5,0.7)",525,0.573688,0.622012,0.00574554,0.00357379,236.3796,33.064,18.8344,10.7097
45,9900,0.85,"[0.7,1.0)",70,0.74589,0.430719,0.00565485,0.00243565,243.9291,32.9827,17.1072,12.8552
45,9900,0.85,boundary(r=t),7012,0.0,1.0,0.00884894,0.00884894,137.1449,0.0,0.0,0.0
46,10120,0.846667,"[0.0,0.1)",1831,0.049063,1.204131,0.00904959,0.01089689,143.5476,33.2422,32.4743,1.5589
46,10120,0.846667,"[0.1,0.3)",2957,0.193466,1.044313,0.00667436,0.00697013,207.8593,33.3541,32.6664,6.3744
46,10120,0.846667,"[0.3,0.5)",1644,0.386217,0.830978,0.00524013,0.00435443,332.5745,33.4385,29.535,11.1946
46,10120,0.846667,"[0.5,0.7)",535,0.574759,0.622285,0.0058593,0.00364616,216.1278,33.3227,18.1458,10.36
46,10120,0.846667,"[0.7,1.0)",46,0.742486,0.436709,0.00559895,0.00244512,247.0623,32.39,16.356,12.2554
46,10120,0.846667,boundary(r=t),7012,0.0,1.0,0.00881171,0.00881171,137.4401,0.0,0.0,0.0
47,10340,0.843333,"[0.0,0.1)",1879,0.049156,1.20324,0.00898887,0.01081576,142.8011,33.369,32.6141,1.5626
47,10340,0.843333,"[0.1,0.3)",2911,0.192256,1.045474,0.00655261,0.00685058,206.6701,33.4458,32.7782,6.3208
47,10340,0.843333,"[0.3,0.5)",1631,0.386125,0.831751,0.00528561,0.00439631,327.425,33.3397,28.8158,10.9712
47,10340,0.843333,"[0.5,0.7)",542,0.574716,0.623835,0.00574555,0.00358427,257.5647,33.3157,19.7434,11.2299
47,10340,0.843333,"[0.7,1.0)",50,0.75574,0.424,0.00511009,0.00216668,284.2576,32.8482,18.5295,14.0775
47,10340,0.843333,boundary(r=t),7012,0.0,1.0,0.00887651,0.00887651,136.6239,0.0,0.0,0.0
48,10560,0.84,"[0.0,0.1)",1855,0.049455,1.202109,0.0090315,0.01085685,144.0974,33.4704,33.6389,1.6145
48,10560,0.84,"[0.1,0.3)",2897,0.194034,1.043343,0.00666298,0.00695177,218.4843,33.5244,33.1888,6.5281
48,10560,0.84,"[0.3,0.5)",1669,0.385929,0.832631,0.0051143,0.00425832,347.7631,33.2871,29.9814,11.3322
48,10560,0.84,"[0.5,0.7)",529,0.57562,0.624312,0.0061574,0.00384414,222.97,33.0616,17.757,10.1686
48,10560,0.84,"[0.7,1.0)",63,0.752104,0.430446,0.00505246,0.00217481,280.0777,33.3254,17.2351,13.0046
48,10560,0.84,boundary(r=t),7012,0.0,1.0,0.00909672,0.00909672,134.2416,0.0,0.0,0.0
49,10780,0.836667,"[0.0,0.1)",1822,0.049229,1.201543,0.00887729,0.01066644,144.0579,33.3937,33.4883,1.6081
49,10780,0.836667,"[0.1,0.3)",3023,0.192321,1.045044,0.00679677,0.00710292,207.7931,33.6183,32.9374,6.4093
49,10780,0.836667,"[0.3,0.5)",1596,0.387066,0.83204,0.00524768,0.00436628,335.0604,33.3909,29.398,11.1833
49,10780,0.836667,"[0.5,0.7)",517,0.572849,0.628843,0.00578216,0.00363607,221.7362,33.2895,18.6971,10.649
49,10780,0.836667,"[0.7,1.0)",55,0.752554,0.432295,0.00465577,0.00201266,363.16,32.6213,18.7714,14.0498
49,10780,0.836667,boundary(r=t),7012,0.0,1.0,0.00894184,0.00894184,136.3563,0.0,0.0,0.0
50,11000,0.833333,"[0.0,0.1)",1829,0.050406,1.199468,0.00916926,0.01099823,141.7358,33.2951,32.3096,1.5994
50,11000,0.833333,"[0.1,0.3)",2960,0.192553,1.044613,0.00672288,0.00702281,215.4454,33.5914,33.5229,6.5356
50,11000,0.833333,"[0.3,0.5)",1643,0.384367,0.835654,0.00515871,0.00431089,354.8325,33.4172,30.5782,11.4897
50,11000,0.833333,"[0.5,0.7)",537,0.573225,0.629886,0.00573768,0.00361409,215.0435,33.0617,18.0998,10.3192
50,11000,0.833333,"[0.7,1.0)",44,0.751004,0.436173,0.0051981,0.00226727,243.0216,32.8936,15.7727,11.8703
50,11000,0.833333,boundary(r=t),7012,0.0,1.0,0.00906089,0.00906089,134.8313,0.0,0.0,0.0
51,11220,0.83,"[0.0,0.1)",1889,0.048526,1.200715,0.00906319,0.01088231,140.7768,33.4419,32.9347,1.5715
51,11220,0.83,"[0.1,0.3)",2918,0.193496,1.04341,0.0067449,0.0070377,215.5047,33.5191,33.1811,6.5246
51,11220,0.83,"[0.3,0.5)",1621,0.38706,0.833383,0.0051403,0.00428384,351.4259,33.4411,30.6646,11.6015
51,11220,0.83,"[0.5,0.7)",521,0.574231,0.63031,0.00580908,0.00366152,236.9119,33.1747,18.9176,10.7917
51,11220,0.83,"[0.7,1.0)",64,0.744363,0.445649,0.00544668,0.00242731,345.504,32.2279,17.7303,13.2311
51,11220,0.83,boundary(r=t),7012,0.0,1.0,0.00888938,0.00888938,136.1472,0.0,0.0,0.0
52,11440,0.826667,"[0.0,0.1)",1833,0.05051,1.197761,0.00919019,0.01100766,140.4874,33.4208,32.283,1.6078
52,11440,0.826667,"[0.1,0.3)",2963,0.193426,1.043312,0.00671188,0.00700258,211.4887,33.4947,32.599,6.3693
52,11440,0.826667,"[0.3,0.5)",1599,0.386536,0.834613,0.00522817,0.0043635,332.1276,33.3008,29.3086,11.1352
52,11440,0.826667,"[0.5,0.7)",546,0.576499,0.629391,0.00592204,0.00372728,224.3548,33.1993,18.5089,10.5991
52,11440,0.826667,"[0.7,1.0)",72,0.743564,0.448763,0.0054247,0.0024344,254.3494,32.7118,17.32,12.8216
52,11440,0.826667,boundary(r=t),7012,0.0,1.0,0.00901504,0.00901504,134.9175,0.0,0.0,0.0
53,11660,0.823333,"[0.0,0.1)",1910,0.049877,1.197644,0.00906355,0.0108549,143.0605,33.3705,33.1041,1.6239
53,11660,0.823333,"[0.1,0.3)",2878,0.19188,1.044803,0.00679513,0.00709958,212.2677,33.5427,32.8389,6.4035
53,11660,0.823333,"[0.3,0.5)",1603,0.385356,0.83656,0.00515005,0.00430833,332.1807,33.4918,29.8495,11.2793
53,11660,0.823333,"[0.5,0.7)",561,0.569952,0.637856,0.00577493,0.00368357,241.9315,33.1888,19.07,10.8098
53,11660,0.823333,"[0.7,1.0)",61,0.754699,0.438928,0.0050921,0.00223507,268.5839,33.2233,17.5607,13.2836
53,11660,0.823333,boundary(r=t),7012,0.0,1.0,0.00904532,0.00904532,135.0914,0.0,0.0,0.0
54,11880,0.82,"[0.0,0.1)",1874,0.049704,1.197032,0.00919288,0.01100417,140.5597,33.4323,32.8336,1.5906
54,11880,0.82,"[0.1,0.3)",2878,0.192696,1.043744,0.00686835,0.0071688,204.7932,33.4973,31.8029,6.2282
54,11880,0.82,"[0.3,0.5)",1684,0.384838,0.837765,0.00506051,0.00423952,352.5185,33.3999,31.0464,11.8022
54,11880,0.82,"[0.5,0.7)",526,0.574876,0.634041,0.0057825,0.00366634,239.0922,33.2435,19.1274,10.9365
54,11880,0.82,"[0.7,1.0)",51,0.742507,0.454446,0.00555712,0.00252541,236.9018,32.8817,15.654,11.6005
54,11880,0.82,boundary(r=t),7012,0.0,1.0,0.00893529,0.00893529,135.9951,0.0,0.0,0.0
55,12100,0.816667,"[0.0,0.1)",1873,0.051077,1.194768,0.00939603,0.01122608,138.2671,33.5348,33.1468,1.6392
55,12100,0.816667,"[0.1,0.3)",2992,0.191594,1.044746,0.00681215,0.00711697,205.9665,33.558,32.5236,6.3064
55,12100,0.816667,"[0.3,0.5)",1587,0.386685,0.836456,0.00518046,0.00433323,357.6864,33.539,31.0095,11.7662
55,12100,0.816667,"[0.5,0.7)",517,0.57762,0.632612,0.00588381,0.00372217,230.834,33.2184,18.4106,10.6237
55,12100,0.816667,"[0.7,1.0)",44,0.754966,0.443013,0.00548229,0.00242872,234.8054,33.0064,15.3763,11.6629
55,12100,0.816667,boundary(r=t),7012,0.0,1.0,0.00905798,0.00905798,134.7687,0.0,0.0,0.0
56,12320,0.813333,"[0.0,0.1)",1831,0.049856,1.195271,0.0092675,0.01107717,141.2463,33.3387,33.658,1.6395
56,12320,0.813333,"[0.1,0.3)",2999,0.192452,1.043651,0.00681807,0.00711569,211.3192,33.5578,33.048,6.4055
56,12320,0.813333,"[0.3,0.5)",1626,0.385797,0.838067,0.00524052,0.00439191,362.3882,33.2022,30.8163,11.6932
56,12320,0.813333,"[0.5,0.7)",498,0.570389,0.64175,0.00572815,0.00367604,249.6925,33.0986,19.5596,11.0653
56,12320,0.813333,"[0.7,1.0)",59,0.746697,0.454285,0.00503595,0.00228775,257.4365,32.4528,17.1224,12.8078
56,12320,0.813333,boundary(r=t),7012,0.0,1.0,0.00914798,0.00914798,133.8952,0.0,0.0,0.0
57,12540,0.81,"[0.0,0.1)",1841,0.049685,1.194653,0.0093899,0.01121767,138.8909,33.4296,33.0186,1.6005
57,12540,0.81,"[0.1,0.3)",2972,0.191732,1.044235,0.00693451,0.00724126,210.0471,33.6282,32.8554,6.3656
57,12540,0.81,"[0.3,0.5)",1613,0.387179,0.837263,0.0051636,0.00432329,343.6961,33.4183,30.2611,11.5038
57,12540,0.81,"[0.5,0.7)",538,0.578393,0.634775,0.006001,0.00380929,217.1621,33.15,18.1016,10.4209
57,12540,0.81,"[0.7,1.0)",49,0.75114,0.451916,0.00500956,0.0022639,361.6278,32.0856,18.8261,14.2495
57,12540,0.81,boundary(r=t),7012,0.0,1.0,0.00911425,0.00911425,133.5172,0.0,0.0,0.0
58,12760,0.806667,"[0.0,0.1)",1859,0.047999,1.195633,0.00942764,0.011272,140.0903,33.5543,33.3334,1.5602
58,12760,0.806667,"[0.1,0.3)",2927,0.193276,1.042425,0.00681499,0.00710412,210.9168,33.6836,33.5469,6.5597
58,12760,0.806667,"[0.3,0.5)",1620,0.385442,0.839765,0.00510451,0.00428659,377.0493,33.4612,31.7194,12.0321
58,12760,0.806667,"[0.5,0.7)",552,0.572961,0.64198,0.00592171,0.00380162,224.8289,33.138,18.3741,10.4271
58,12760,0.806667,"[0.7,1.0)",55,0.761791,0.442804,0.00508547,0.00225187,387.8499,33.4531,18.4428,14.2079
58,12760,0.806667,boundary(r=t),7012,0.0,1.0,0.00912748,0.00912748,133.7465,0.0,0.0,0.0
59,12980,0.803333,"[0.0,0.1)",1840,0.048493,1.194306,0.00925954,0.01105872,139.548,33.3958,33.8004,1.6247
59,12980,0.803333,"[0.1,0.3)",2988,0.192252,1.043325,0.00689801,0.00719686,209.7129,33.5562,33.0841,6.4145
59,12980,0.803333,"[0.3,0.5)",1558,0.38549,0.840376,0.00510569,0.00429071,355.7225,33.4307,31.1181,11.7905
59,12980,0.803333,"[0.5,0.7)",560,0.571253,0.645291,0.00559736,0.00361193,244.0181,33.2653,19.3344,10.9591
59,12980,0.803333,"[0.7,1.0)",67,0.749518,0.457994,0.00431918,0.00197816,316.7024,33.0818,18.1509,13.6429
59,12980,0.803333,boundary(r=t),7012,0.0,1.0,0.00918895,0.00918895,133.354,0.0,0.0,0.0
60,13200,0.8,"[0.0,0.1)",1807,0.049294,1.192664,0.00939663,0.01120703,137.4095,33.4036,33.1768,1.6028
60,13200,0.8,"[0.1,0.3)",3021,0.193002,1.042358,0.00683447,0.00712397,214.1002,33.5435,33.5586,6.5412
60,13200,0.8,"[0.3,0.5)",1596,0.387407,0.839031,0.00514558,0.0043173,350.1955,33.4435,30.072,11.4705
60,13200,0.8,"[0.5,0.7)",537,0.577166,0.640545,0.00583796,0.00373948,222.3534,33.0373,18.4435,10.5894
60,13200,0.8,"[0.7,1.0)",52,0.740878,0.469263,0.00517367,0.00242781,249.1032,33.6946,17.539,13.0197
60,13200,0.8,boundary(r=t),7012,0.0,1.0,0.0092682,0.0092682,132.8088,0.0,0.0,0.0
61,13420,0.796667,"[0.0,0.1)",1840,0.04915,1.19201,0.00924022,0.01101444,138.7145,33.4519,32.254,1.5572
61,13420,0.796667,"[0.1,0.3)",3024,0.193944,1.041202,0.00669787,0.00697384,214.9731,33.5095,33.4949,6.5667
61,13420,0.796667,"[0.3,0.5)",1557,0.387012,0.840107,0.00518332,0.00435455,347.6644,33.4306,30.3034,11.519
61,13420,0.796667,"[0.5,0.7)",532,0.572632,0.646802,0.00572976,0.00370602,242.3054,33.1062,19.1388,10.8934
61,13420,0.796667,"[0.7,1.0)",60,0.751025,0.460925,0.00489838,0.00225778,246.8017,33.1351,16.7233,12.5951
61,13420,0.796667,boundary(r=t),7012,0.0,1.0,0.0092343,0.0092343,132.7133,0.0,0.0,0.0
62,13640,0.793333,"[0.0,0.1)",1824,0.049978,1.190347,0.00928509,0.01105248,138.834,33.4146,32.6306,1.6076
62,13640,0.793333,"[0.1,0.3)",2964,0.191469,1.0436,0.00690265,0.0072036,208.6838,33.5534,33.1632,6.4235
62,13640,0.793333,"[0.3,0.5)",1590,0.386864,0.840931,0.00516199,0.00434088,336.5613,33.486,29.7028,11.3537
62,13640,0.793333,"[0.5,0.7)",582,0.577532,0.64317,0.00557671,0.00358677,246.7205,33.2057,19.3557,11.0685
62,13640,0.793333,"[0.7,1.0)",53,0.753028,0.461154,0.00544911,0.00251288,307.5984,33.3366,18.5838,13.984
62,13640,0.793333,boundary(r=t),7012,0.0,1.0,0.009177,0.009177,133.3343,0.0,0.0,0.0
63,13860,0.79,"[0.0,0.1)",1870,0.049133,1.190429,0.00920862,0.01096221,139.3621,33.3937,32.5741,1.5588
63,13860,0.79,"[0.1,0.3)",2933,0.193633,1.041184,0.00680561,0.00708589,211.4256,33.5254,33.0033,6.4875
63,13860,0.79,"[0.3,0.5)",1618,0.386177,0.842311,0.00521573,0.00439326,353.7033,33.3955,30.7254,11.7094
63,13860,0.79,"[0.5,0.7)",528,0.574943,0.647332,0.00578953,0.00374775,243.9395,33.2555,19.1349,10.9245
63,13860,0.79,"[0.7,1.0)",64,0.754098,0.462277,0.00466089,0.00215462,345.2444,33.2793,19.1064,14.4329
63,13860,0.79,boundary(r=t),7012,0.0,1.0,0.00929728,0.00929728,131.9222,0.0,0.0,0.0
64,14080,0.786667,"[0.0,0.1)",1805,0.048543,1.190234,0.00959757,0.01142335,136.2786,33.5323,31.6999,1.5197
64,14080,0.786667,"[0.1,0.3)",2949,0.194067,1.040562,0.00684329,0.00712086,213.1339,33.6237,33.8378,6.6697
64,14080,0.786667,"[0.3,0.5)",1679,0.388329,0.840766,0.00535423,0.00450165,339.2448,33.2568,30.0361,11.4639
64,14080,0.786667,"[0.5,0.7)",530,0.574743,0.649017,0.00578222,0.00375276,236.7891,33.0941,19.1334,10.8975
64,14080,0.786667,"[0.7,1.0)",50,0.745855,0.473158,0.00564042,0.00266881,245.8917,32.6659,16.4059,12.3011
64,14080,0.786667,boundary(r=t),7012,0.0,1.0,0.00932334,0.00932334,131.2886,0.0,0.0,0.0
65,14300,0.783333,"[0.0,0.1)",1806,0.049802,1.18814,0.00924883,0.01098889,140.404,33.3952,32.0246,1.5703
65,14300,0.783333,"[0.1,0.3)",2971,0.194081,1.040375,0.00698754,0.00726966,211.651,33.6365,33.3064,6.5479
65,14300,0.783333,"[0.3,0.5)",1650,0.38658,0.843219,0.00513587,0.00433066,354.9245,33.4244,30.5079,11.6577
65,14300,0.783333,"[0.5,0.7)",532,0.57269,0.652639,0.00561818,0.00366665,237.3104,33.4641,19.8241,11.2698
65,14300,0.783333,"[0.7,1.0)",54,0.744442,0.476715,0.00488958,0.00233093,323.2698,32.9303,19.6411,14.6327
65,14300,0.783333,boundary(r=t),7012,0.0,1.0,0.00915948,0.00915948,133.6074,0.0,0.0,0.0
66,14520,0.78,"[0.0,0.1)",1890,0.049373,1.18778,0.00944273,0.01121588,137.9809,33.4844,32.5211,1.5883
66,14520,0.78,"[0.1,0.3)",2910,0.192003,1.042323,0.00682668,0.00711561,206.5378,33.6378,33.1185,6.472
66,14520,0.78,"[0.3,0.5)",1633,0.387305,0.843146,0.00493807,0.00416352,358.8857,33.4192,31.0992,11.8246
66,14520,0.78,"[0.5,0.7)",521,0.575922,0.650777,0.00567212,0.00369129,252.6639,33.2165,19.3181,10.9988
66,14520,0.78,"[0.7,1.0)",59,0.75078,0.472465,0.00543178,0.00256633,250.6781,33.034,16.2156,12.1866
66,14520,0.78,boundary(r=t),7012,0.0,1.0,0.00936611,0.00936611,131.2349,0.0,0.0,0.0
67,14740,0.776667,"[0.0,0.1)",1828,0.049324,1.187035,0.00960021,0.01139578,136.2169,33.3937,32.075,1.5504
67,14740,0.776667,"[0.1,0.3)",2987,0.195046,1.039055,0.00682073,0.00708712,211.0996,33.5776,33.6865,6.6498
67,14740,0.776667,"[0.3,0.5)",1614,0.386973,0.844156,0.00503007,0.00424616,360.9155,33.4976,31.0966,11.8746
67,14740,0.776667,"[0.5,0.7)",536,0.575769,0.652436,0.00579565,0.00378129,228.7755,33.2557,19.0191,10.855
67,14740,0.776667,"[0.7,1.0)",48,0.736932,0.488808,0.00581145,0.00284068,215.6936,32.9904,15.5617,11.4685
67,14740,0.776667,boundary(r=t),7012,0.0,1.0,0.0092285,0.0092285,132.0873,0.0,0.0,0.0
68,14960,0.773333,"[0.0,0.1)",1756,0.048462,1.187106,0.00952826,0.01131105,136.4017,33.5927,32.2811,1.559
68,14960,0.773333,"[0.1,0.3)",3014,0.193052,1.040901,0.00693908,0.00722289,211.0964,33.6052,33.7913,6.5997
68,14960,0.773333,"[0.3,0.5)",1665,0.38593,0.845879,0.005079,0.00429622,346.7453,33.4637,30.877,11.7396
68,14960,0.773333,"[0.5,0.7)",526,0.575003,0.6547,0.0055509,0.00363417,267.3424,33.2034,20.163,11.4556
68,14960,0.773333,"[0.7,1.0)",52,0.750228,0.47758,0.00534437,0.00255236,243.3198,32.3771,16.945,12.7136
68,14960,0.773333,boundary(r=t),7012,0.0,1.0,0.0093273,0.0093273,131.5857,0.0,0.0,0.0
69,15180,0.77,"[0.0,0.1)",1881,0.048339,1.186411,0.00950092,0.011272,137.561,33.4486,32.4786,1.5379
69,15180,0.77,"[0.1,0.3)",2894,0.191086,1.042706,0.00704296,0.00734374,203.6394,33.4961,32.6337,6.2648
69,15180,0.77,"[0.3,0.5)",1639,0.388468,0.84399,0.00516063,0.00435552,350.5448,33.5329,30.2874,11.5866
69,15180,0.77,"[0.5,0.7)",549,0.575425,0.655737,0.00548368,0.00359585,251.4636,33.3373,19.6956,11.2086
69,15180,0.77,"[0.7,1.0)",50,0.742913,0.487044,0.00541212,0.00263594,232.8345,32.9095,15.5114,11.5474
69,15180,0.77,boundary(r=t),7012,0.0,1.0,0.00935889,0.00935889,131.0082,0.0,0.0,0.0
70,15400,0.766667,"[0.0,0.1)",1895,0.049265,1.184682,0.00921017,0.01091112,139.3063,33.5163,33.1336,1.6061
70,15400,0.766667,"[0.1,0.3)",2896,0.193533,1.04007,0.0070529,0.00733551,208.4701,33.6518,33.3588,6.557
70,15400,0.766667,"[0.3,0.5)",1627,0.386615,0.84652,0.00512437,0.00433788,340.3898,33.4941,30.1895,11.4456
70,15400,0.766667,"[0.5,0.7)",530,0.573985,0.658725,0.00575975,0.00379409,247.2283,33.3066,19.4119,11.0388
70,15400,0.766667,"[0.7,1.0)",65,0.748845,0.483413,0.00585478,0.00283028,256.393,32.3646,16.1551,12.072
70,15400,0.766667,boundary(r=t),7012,0.0,1.0,0.00930908,0.00930908,131.0409,0.0,0.0,0.0
71,15620,0.763333,"[0.0,0.1)",1868,0.050411,1.182741,0.00955039,0.01129563,135.5078,33.4402,32.4619,1.6266
71,15620,0.763333,"[0.1,0.3)",2901,0.19402,1.039405,0.00688089,0.00715204,210.1078,33.5419,33.5153,6.5692
71,15620,0.763333,"[0.3,0.5)",1666,0.385467,0.848323,0.00508922,0.0043173,367.6299,33.453,31.2253,11.8424
71,15620,0.763333,"[0.5,0.7)",534,0.574099,0.660075,0.0057217,0.00377676,247.7082,33.2156,19.2572,11.0339
71,15620,0.763333,"[0.7,1.0)",44,0.746,0.488557,0.00476982,0.00233033,291.667,32.8029,16.9532,12.6794
71,15620,0.763333,boundary(r=t),7012,0.0,1.0,0.0094767,0.0094767,130.839,0.0,0.0,0.0
72,15840,0.76,"[0.0,0.1)",1848,0.048826,1.183511,0.00967181,0.01144669,134.6019,33.4302,31.0866,1.4963
72,15840,0.76,"[0.1,0.3)",2906,0.192898,1.04035,0.00690074,0.00717918,207.2102,33.6518,33.3349,6.4767
72,15840,0.76,"[0.3,0.5)",1648,0.383823,0.850623,0.00505251,0.00429779,342.973,33.51,30.997,11.6565
72,15840,0.76,"[0.5,0.7)",550,0.576457,0.659189,0.00556422,0.00366787,288.3129,33.349,19.986,11.4004
72,15840,0.76,"[0.7,1.0)",61,0.745148,0.491601,0.00514506,0.00252932,245.1967,32.4569,16.497,12.2767
72,15840,0.76,boundary(r=t),7012,0.0,1.0,0.00940671,0.00940671,130.9968,0.0,0.0,0.0
73,16060,0.756667,"[0.0,0.1)",1826,0.049403,1.182148,0.00956743,0.01131011,136.4676,33.3568,32.7393,1.5882
73,16060,0.756667,"[0.1,0.3)",3004,0.192208,1.040858,0.00701428,0.00730087,204.5082,33.5198,33.3829,6.4665
73,16060,0.756667,"[0.3,0.5)",1577,0.385605,0.849525,0.00505998,0.00429858,343.3471,33.5254,30.6078,11.5996
73,16060,0.756667,"[0.5,0.7)",555,0.575363,0.661766,0.00585581,0.00387518,249.3621,33.0912,19.2505,10.9665
73,16060,0.756667,"[0.7,1.0)",51,0.756125,0.482997,0.00539653,0.00260651,287.0287,32.9948,17.4372,13.1876
73,16060,0.756667,boundary(r=t),7012,0.0,1.0,0.00935047,0.00935047,131.0554,0.0,0.0,0.0
74,16280,0.753333,"[0.0,0.1)",1860,0.049017,1.18172,0.00988156,0.01167723,135.5001,33.4832,31.9289,1.5572
74,16280,0.753333,"[0.1,0.3)",2976,0.194069,1.038845,0.00702787,0.00730087,208.67,33.6527,33.8013,6.5896
74,16280,0.753333,"[0.3,0.5)",1588,0.388039,0.84778,0.00522003,0.00442544,330.7018,33.4741,29.8886,11.4222
74,16280,0.753333,"[0.5,0.7)",533,0.575599,0.663016,0.00558846,0.00370524,284.0798,33.1184,20.4247,11.6338
74,16280,0.753333,"[0.7,1.0)",56,0.745878,0.495349,0.00501497,0.00248416,285.1528,32.9133,17.1092,12.7724
74,16280,0.753333,boundary(r=t),7012,0.0,1.0,0.00943078,0.00943078,130.927,0.0,0.0,0.0
75,16500,0.75,"[0.0,0.1)",1814,0.049765,1.180183,0.00953178,0.01124925,136.8208,33.3751,31.0553,1.5279
75,16500,0.75,"[0.1,0.3)",2940,0.1929,1.039821,0.00693234,0.0072084,208.5467,33.6816,33.2469,6.5058
75,16500,0.75,"[0.3,0.5)",1654,0.388373,0.848117,0.00511508,0.00433818,343.9631,33.4481,30.5921,11.675
75,16500,0.75,"[0.5,0.7)",552,0.578231,0.661947,0.00557779,0.0036922,238.4741,33.2027,19.6952,11.3209
75,16500,0.75,"[0.7,1.0)",53,0.761132,0.482553,0.0042747,0.00206277,363.9509,33.3918,19.5051,14.9631
75,16500,0.75,boundary(r=t),7012,0.0,1.0,0.00946294,0.00946294,130.4345,0.0,0.0,0.0
76,16720,0.746667,"[0.0,0.1)",1794,0.048847,1.180296,0.00956721,0.01129214,137.1482,33.4789,32.1302,1.5582
76,16720,0.746667,"[0.1,0.3)",2987,0.193066,1.039481,0.00707911,0.0073586,201.606,33.6561,32.9315,6.3908
76,16720,0.746667,"[0.3,0.5)",1647,0.384798,0.85229,0.00501722,0.00427613,364.1198,33.4234,30.9847,11.7262
76,16720,0.746667,"[0.5,0.7)",536,0.574026,0.66754,0.00572534,0.00382189,235.0205,33.2637,19.1239,10.8776
76,16720,0.746667,"[0.7,1.0)",49,0.756945,0.488958,0.00497832,0.00243419,400.9804,32.6417,19.8464,15.0182
76,16720,0.746667,boundary(r=t),7012,0.0,1.0,0.00952687,0.00952687,129.8088,0.0,0.0,0.0
77,16940,0.743333,"[0.0,0.1)",1801,0.047395,1.180896,0.00978152,0.01155097,133.1616,33.5838,31.2291,1.4388
77,16940,0.743333,"[0.1,0.3)",2974,0.194053,1.038343,0.00697213,0.00723946,202.0764,33.5508,32.983,6.4351
77,16940,0.743333,"[0.3,0.5)",1616,0.385224,0.852529,0.00503739,0.00429452,355.1343,33.4882,31.0226,11.7565
77,16940,0.743333,"[0.5,0.7)",556,0.573728,0.669312,0.0055583,0.00372024,255.1633,33.3093,19.7749,11.2733
77,16940,0.743333,"[0.7,1.0)",66,0.756312,0.491925,0.00474439,0.00233388,319.7263,32.9637,18.5452,14.0958
77,16940,0.743333,boundary(r=t),7012,0.0,1.0,0.00950551,0.00950551,129.7034,0.0,0.0,0.0
78,17160,0.74,"[0.0,0.1)",1832,0.049545,1.178008,0.00959474,0.01130268,135.9269,33.4296,32.0649,1.5571
78,17160,0.74,"[0.1,0.3)",2989,0.192327,1.039846,0.00703136,0.00731153,203.935,33.5404,33.4348,6.4912
78,17160,0.74,"[0.3,0.5)",1639,0.388817,0.849721,0.00517553,0.00439776,341.8052,33.352,30.2775,11.5892
78,17160,0.74,"[0.5,0.7)",493,0.57564,0.66894,0.0055416,0.003707,253.1322,33.414,19.4993,11.1766
78,17160,0.74,"[0.7,1.0)",60,0.747985,0.502237,0.00500804,0.00251522,254.0468,32.4888,16.8002,12.5764
78,17160,0.74,boundary(r=t),7012,0.0,1.0,0.00946958,0.00946958,129.7764,0.0,0.0,0.0
79,17380,0.736667,"[0.0,0.1)",1819,0.050511,1.176271,0.00989306,0.01163692,134.3284,33.495,31.5028,1.5745
79,17380,0.736667,"[0.1,0.3)",3034,0.194709,1.037373,0.00714737,0.00741449,204.0398,33.6418,33.1037,6.5185
79,17380,0.736667,"[0.3,0.5)",1548,0.387512,0.851651,0.00500177,0.00425976,379.4869,33.4501,32.1553,12.2113
79,17380,0.736667,"[0.5,0.7)",538,0.574745,0.671299,0.00579857,0.00389257,249.1937,33.3701,19.4877,11.1065
79,17380,0.736667,"[0.7,1.0)",74,0.752391,0.500151,0.0052651,0.00263334,268.8383,33.176,17.6785,13.2957
79,17380,0.736667,boundary(r=t),7012,0.0,1.0,0.00957052,0.00957052,129.3178,0.0,0.0,0.0
80,17600,0.733333,"[0.0,0.1)",1850,0.049518,1.176433,0.00987207,0.01161383,133.9695,33.5226,31.1494,1.501
80,17600,0.733333,"[0.1,0.3)",2895,0.191975,1.039825,0.00699752,0.00727619,205.2344,33.5528,33.1274,6.4146
80,17600,0.733333,"[0.3,0.5)",1662,0.387576,0.852259,0.00506224,0.00431434,357.7667,33.5237,31.3263,11.9524
80,17600,0.733333,"[0.5,0.7)",552,0.576405,0.671211,0.00579723,0.00389117,256.4119,33.12,19.7885,11.2929
80,17600,0.733333,"[0.7,1.0)",54,0.757677,0.497365,0.00592302,0.00294591,255.7635,32.9109,16.4884,12.6119
80,17600,0.733333,boundary(r=t),7012,0.0,1.0,0.00945303,0.00945303,129.3925,0.0,0.0,0.0
81,17820,0.73,"[0.0,0.1)",1831,0.049553,1.175596,0.00970306,0.01140688,137.2394,33.4472,32.7162,1.5708
81,17820,0.73,"[0.1,0.3)",2974,0.193034,1.038632,0.00706404,0.00733693,204.284,33.6765,33.1117,6.443
81,17820,0.73,"[0.3,0.5)",1634,0.387139,0.853345,0.00513857,0.00438498,325.7876,33.296,29.6724,11.2904
81,17820,0.73,"[0.5,0.7)",515,0.575962,0.673124,0.00560663,0.00377396,253.1315,33.3888,19.749,11.2928
81,17820,0.73,"[0.7,1.0)",59,0.751945,0.505102,0.00541003,0.00273262,273.8385,32.9804,18.3576,13.8374
81,17820,0.73,boundary(r=t),7012,0.0,1.0,0.0095802,0.0095802,129.0939,0.0,0.0,0.0
82,18040,0.726667,"[0.0,0.1)",1788,0.050193,1.174187,0.01006476,0.0118179,132.9511,33.6643,31.1557,1.5429
82,18040,0.726667,"[0.1,0.3)",3046,0.193223,1.038274,0.00705374,0.00732371,206.5978,33.6665,33.6331,6.5981
82,18040,0.726667,"[0.3,0.5)",1574,0.385691,0.855386,0.00528379,0.00451968,349.7481,33.3794,30.1894,11.4552
82,18040,0.726667,"[0.5,0.7)",551,0.572406,0.677947,0.00560475,0.00379972,261.5031,33.1864,20.1337,11.4365
82,18040,0.726667,"[0.7,1.0)",54,0.749171,0.509892,0.00473265,0.00241314,316.9473,32.498,18.4725,13.8451
82,18040,0.726667,boundary(r=t),7012,0.0,1.0,0.00953347,0.00953347,129.3166,0.0,0.0,0.0
83,18260,0.723333,"[0.0,0.1)",1886,0.049271,1.174268,0.00987174,0.01159207,134.2239,33.5966,30.762,1.4707
83,18260,0.723333,"[0.1,0.3)",2949,0.192431,1.03885,0.00701024,0.00728259,206.2431,33.6224,33.3751,6.4661
83,18260,0.723333,"[0.3,0.5)",1589,0.384669,0.857015,0.00512881,0.00439546,335.1758,33.3953,30.2451,11.4926
83,18260,0.723333,"[0.5,0.7)",545,0.576057,0.67599,0.00552505,0.00373488,256.6585,33.3595,20.3413,11.6144
83,18260,0.723333,"[0.7,1.0)",44,0.750679,0.511002,0.00439032,0.00224346,359.5154,33.0773,20.4265,15.3763
83,18260,0.723333,boundary(r=t),7012,0.0,1.0,0.00961278,0.00961278,129.2313,0.0,0.0,0.0
84,18480,0.72,"[0.0,0.1)",1822,0.049981,1.172798,0.00978957,0.01148118,133.9572,33.6025,31.8311,1.5451
84,18480,0.72,"[0.1,0.3)",2996,0.191517,1.039533,0.00708666,0.00736681,203.8017,33.6142,33.4459,6.4618
84,18480,0.72,"[0.3,0.5)",1600,0.385958,0.856464,0.00518015,0.00443661,360.6113,33.5561,31.2154,11.8941
84,18480,0.72,"[0.5,0.7)",536,0.57371,0.679652,0.00550085,0.00373866,259.0282,33.0875,20.1425,11.4701
84,18480,0.72,"[0.7,1.0)",59,0.750184,0.51342,0.00496692,0.00255012,263.7403,32.6905,17.1998,12.9318
84,18480,0.72,boundary(r=t),7012,0.0,1.0,0.00959683,0.00959683,129.0653,0.0,0.0,0.0
85,18700,0.716667,"[0.0,0.1)",1837,0.048858,1.173048,0.00988482,0.01159536,131.8017,33.5424,30.7727,1.4653
85,18700,0.716667,"[0.1,0.3)",2992,0.192283,1.038631,0.00717823,0.00745553,200.1426,33.6921,32.6814,6.3608
85,18700,0.716667,"[0.3,0.5)",1575,0.385461,0.857595,0.00509682,0.00437101,351.5051,33.4146,30.6033,11.6004
85,18700,0.716667,"[0.5,0.7)",547,0.576554,0.678529,0.00582853,0.00395483,241.7159,33.4825,19.4265,11.1465
85,18700,0.716667,"[0.7,1.0)",62,0.743454,0.522004,0.00596145,0.0031119,227.6266,32.8943,15.8703,11.7931
85,18700,0.716667,boundary(r=t),7012,0.0,1.0,0.00965703,0.00965703,129.478,0.0,0.0,0.0
86,18920,0.713333,"[0.0,0.1)",1861,0.050682,1.170544,0.01004581,0.01175906,131.0977,33.5781,32.0845,1.6167
86,18920,0.713333,"[0.1,0.3)",2971,0.192021,1.038695,0.00700698,0.00727811,206.6722,33.608,33.5872,6.5242
86,18920,0.713333,"[0.3,0.5)",1608,0.386564,0.857218,0.00494597,0.00423977,387.9539,33.4418,32.0841,12.224
86,18920,0.713333,"[0.5,0.7)",509,0.572273,0.68398,0.00570692,0.00390342,262.3832,32.9216,20.2297,11.4824
86,18920,0.713333,"[0.7,1.0)",64,0.742403,0.52526,0.00556888,0.00292511,225.6393,32.8155,16.4503,12.2336
86,18920,0.713333,boundary(r=t),7012,0.0,1.0,0.00969327,0.00969327,128.3049,0.0,0.0,0.0
87,19140,0.71,"[0.0,0.1)",1860,0.04914,1.171181,0.00987337,0.01156349,134.9092,33.5502,31.487,1.4898
87,19140,0.71,"[0.1,0.3)",2927,0.191645,1.038867,0.00725056,0.00753237,209.0007,33.6911,33.6467,6.5347
87,19140,0.71,"[0.3,0.5)",1656,0.38711,0.857377,0.00506766,0.00434489,359.4402,33.4174,31.0915,11.8604
87,19140,0.71,"[0.5,0.7)",504,0.577452,0.680661,0.0057075,0.00388487,272.1224,33.2706,20.3573,11.6396
87,19140,0.71,"[0.7,1.0)",66,0.749455,0.5209,0.00509491,0.00265394,273.4465,32.6389,17.3418,12.9827
87,19140,0.71,boundary(r=t),7012,0.0,1.0,0.00967932,0.00967932,128.3352,0.0,0.0,0.0
88,19360,0.706667,"[0.0,0.1)",1928,0.050526,1.169094,0.00987868,0.0115491,134.4542,33.4983,32.2298,1.5799
88,19360,0.706667,"[0.1,0.3)",2870,0.192692,1.037716,0.00698257,0.00724592,207.0503,33.6798,34.1568,6.6574
88,19360,0.706667,"[0.3,0.5)",1622,0.385634,0.859409,0.00489005,0.00420255,377.6674,33.4532,32.4821,12.363
88,19360,0.706667,"[0.5,0.7)",526,0.574669,0.684715,0.00564219,0.00386329,265.6846,33.2024,19.9305,11.3425
88,19360,0.706667,"[0.7,1.0)",67,0.741869,0.530292,0.00515792,0.0027352,238.8548,33.2248,17.0081,12.622
88,19360,0.706667,boundary(r=t),7012,0.0,1.0,0.00966215,0.00966215,128.1147,0.0,0.0,0.0
89,19580,0.703333,"[0.0,0.1)",1875,0.048485,1.170179,0.0098533,0.01153012,132.2002,33.5266,32.1847,1.5288
89,19580,0.703333,"[0.1,0.3)",2943,0.193711,1.036604,0.00705297,0.00731114,208.0111,33.614,33.8317,6.6215
89,19580,0.703333,"[0.3,0.5)",1599,0.38608,0.859668,0.00513429,0.00441379,348.347,33.433,30.6189,11.6233
89,19580,0.703333,"[0.5,0.7)",535,0.57412,0.686746,0.00570406,0.00391724,265.3195,33.3335,20.3499,11.5578
89,19580,0.703333,"[0.7,1.0)",61,0.746388,0.528289,0.00456839,0.00241343,333.4708,33.2101,20.3135,15.2085
89,19580,0.703333,boundary(r=t),7012,0.0,1.0,0.00961283,0.00961283,128.7609,0.0,0.0,0.0
90,19800,0.7,"[0.0,0.1)",1812,0.049718,1.168254,0.01008435,0.01178108,130.0059,33.7917,31.347,1.5294
90,19800,0.7,"[0.1,0.3)",2975,0.193678,1.036459,0.00717883,0.00744056,199.7434,33.6807,32.8541,6.4202
90,19800,0.7,"[0.3,0.5)",1597,0.385298,0.861047,0.0050858,0.00437912,363.5486,33.4875,31.5334,11.9613
90,19800,0.7,"[0.5,0.7)",573,0.575048,0.687337,0.00561986,0.00386274,270.0863,33.1247,20.4389,11.6725
90,19800,0.7,"[0.7,1.0)",56,0.748721,0.528398,0.00495713,0.00261934,283.6381,32.9479,18.9375,14.2061
90,19800,0.7,boundary(r=t),7012,0.0,1.0,0.00973665,0.00973665,128.4437,0.0,0.0,0.0
91,20020,0.696667,"[0.0,0.1)",1778,0.048503,1.168553,0.01008027,0.01177932,131.8578,33.5955,30.7003,1.4577
91,20020,0.696667,"[0.1,0.3)",3049,0.194193,1.035816,0.00715933,0.00741575,201.3394,33.6281,32.9201,6.4682
91,20020,0.696667,"[0.3,0.5)",1568,0.386956,0.860191,0.00508305,0.00437239,354.1657,33.5421,30.8526,11.7971
91,20020,0.696667,"[0.5,0.7)",550,0.573285,0.690423,0.00562169,0.00388134,250.6039,33.325,19.8757,11.2892
91,20020,0.696667,"[0.7,1.0)",68,0.752311,0.527133,0.00549966,0.00289905,310.9894,32.5335,17.1718,12.8573
91,20020,0.696667,boundary(r=t),7012,0.0,1.0,0.00958002,0.00958002,129.0839,0.0,0.0,0.0
92,20240,0.693333,"[0.0,0.1)",1824,0.049343,1.166986,0.00995111,0.01161281,133.3716,33.4678,32.0789,1.5514
92,20240,0.693333,"[0.1,0.3)",2899,0.193873,1.035935,0.00708153,0.00733601,212.2309,33.6672,34.0684,6.7211
92,20240,0.693333,"[0.3,0.5)",1678,0.385314,0.862343,0.00508924,0.00438866,348.7339,33.4836,31.1935,11.8316
92,20240,0.693333,"[0.5,0.7)",560,0.576221,0.689235,0.00555303,0.00382735,261.8674,33.1912,20.1424,11.5442
92,20240,0.693333,"[0.7,1.0)",52,0.760865,0.521879,0.00539147,0.0028137,254.2138,32.6872,17.1176,13.0586
92,20240,0.693333,boundary(r=t),7012,0.0,1.0,0.00971743,0.00971743,128.2453,0.0,0.0,0.0
93,20460,0.69,"[0.0,0.1)",1902,0.049393,1.166148,0.00992702,0.01157637,132.0609,33.5837,32.1473,1.548
93,20460,0.69,"[0.1,0.3)",2915,0.193484,1.036116,0.00718526,0.00744476,207.7711,33.6757,33.5185,6.5914
93,20460,0.69,"[0.3,0.5)",1584,0.385659,0.862703,0.00491449,0.00423974,401.5601,33.4964,32.9255,12.4929
93,20460,0.69,"[0.5,0.7)",565,0.573738,0.692972,0.00536183,0.0037156,263.9112,33.3682,20.6679,11.7479
93,20460,0.69,"[0.7,1.0)",47,0.745884,0.537548,0.00572803,0.00307909,213.336,32.3095,15.7598,11.7661
93,20460,0.69,boundary(r=t),7012,0.0,1.0,0.00965822,0.00965822,128.0142,0.0,0.0,0.0
94,20680,0.686667,"[0.0,0.1)",1845,0.049177,1.165536,0.01000309,0.01165897,134.9489,33.5206,31.5336,1.4906
94,20680,0.686667,"[0.1,0.3)",2944,0.194455,1.035068,0.00701629,0.00726234,213.1073,33.6353,34.0424,6.7432
94,20680,0.686667,"[0.3,0.5)",1608,0.386311,0.862775,0.00505927,0.00436501,374.8238,33.6043,32.2656,12.3022
94,20680,0.686667,"[0.5,0.7)",551,0.572142,0.695878,0.00547889,0.00381264,248.5965,33.2993,19.8838,11.3044
94,20680,0.686667,"[0.7,1.0)",65,0.750938,0.535522,0.00509109,0.00272639,280.055,32.9228,17.2334,12.9593
94,20680,0.686667,boundary(r=t),7012,0.0,1.0,0.00976351,0.00976351,126.6809,0.0,0.0,0.0
95,20900,0.683333,"[0.0,0.1)",1815,0.049414,1.16452,0.00989425,0.01152205,132.0305,33.5102,31.6315,1.514
95,20900,0.683333,"[0.1,0.3)",2970,0.193864,1.035427,0.00715991,0.00741357,200.9746,33.7543,32.8491,6.4409
95,20900,0.683333,"[0.3,0.5)",1633,0.385991,0.863725,0.00514661,0.00444525,376.8022,33.4952,31.8169,12.0771
95,20900,0.683333,"[0.5,0.7)",526,0.574401,0.695362,0.00557126,0.00387404,292.52,33.3441,20.9336,11.8883
95,20900,0.683333,"[0.7,1.0)",69,0.74942,0.538979,0.00550279,0.00296589,280.0959,32.9712,16.5122,12.3077
95,20900,0.683333,boundary(r=t),7012,0.0,1.0,0.00986998,0.00986998,126.4757,0.0,0.0,0.0
96,21120,0.68,"[0.0,0.1)",1883,0.048782,1.16429,0.01025175,0.01193601,131.0963,33.5846,32.4802,1.5303
96,21120,0.68,"[0.1,0.3)",2938,0.192921,1.036093,0.0071694,0.00742817,207.9218,33.7071,33.5645,6.5908
96,21120,0.68,"[0.3,0.5)",1579,0.386474,0.863966,0.00499408,0.00431471,357.9321,33.4964,31.6445,12.0208
96,21120,0.68,"[0.5,0.7)",554,0.571971,0.69894,0.00570058,0.00398437,264.2407,33.3384,20.4973,11.6548
96,21120,0.68,"[0.7,1.0)",59,0.749427,0.541222,0.00553551,0.00299594,257.1482,33.071,16.0746,12.0261
96,21120,0.68,boundary(r=t),7012,0.0,1.0,0.00988229,0.00988229,126.4209,0.0,0.0,0.0
97,21340,0.676667,"[0.0,0.1)",1862,0.049122,1.163174,0.00988538,0.01149841,134.7115,33.6741,31.9667,1.5099
97,21340,0.676667,"[0.1,0.3)",2973,0.19349,1.035411,0.00712261,0.00737483,204.9263,33.6982,34.0394,6.666
97,21340,0.676667,"[0.3,0.5)",1581,0.389183,0.86222,0.0050753,0.00437602,369.5821,33.4021,31.5702,12.1306
97,21340,0.676667,"[0.5,0.7)",541,0.57581,0.697043,0.00552965,0.0038544,282.8038,33.33,20.797,11.9324
97,21340,0.676667,"[0.7,1.0)",56,0.745467,0.546827,0.00523487,0.00286257,248.9545,33.0056,16.5875,12.3703
97,21340,0.676667,boundary(r=t),7012,0.0,1.0,0.00971753,0.00971753,127.976,0.0,0.0,0.0
98,21560,0.673333,"[0.0,0.1)",1796,0.04824,1.163149,0.01008543,0.01173086,133.1695,33.6171,31.9348,1.48
98,21560,0.673333,"[0.1,0.3)",2924,0.19254,1.036074,0.00714704,0.00740486,205.3933,33.7005,33.2735,6.5354
98,21560,0.673333,"[0.3,0.5)",1679,0.38664,0.86514,0.00503808,0.00435865,349.0935,33.4594,31.0268,11.8274
98,21560,0.673333,"[0.5,0.7)",556,0.574088,0.700053,0.00549727,0.00384838,265.4892,33.3965,20.7125,11.7803
98,21560,0.673333,"[0.7,1.0)",58,0.744096,0.550331,0.00482145,0.0026534,326.0282,32.7481,18.8333,14.0294
98,21560,0.673333,boundary(r=t),7012,0.0,1.0,0.00973654,0.00973654,127.8588,0.0,0.0,0.0
99,21780,0.67,"[0.0,0.1)",1927,0.049867,1.160925,0.0102565,0.01190702,130.1644,33.6306,31.1658,1.5095
99,21780,0.67,"[0.1,0.3)",2887,0.192098,1.036285,0.0072493,0.00751235,201.7508,33.6341,32.8255,6.4122
99,21780,0.67,"[0.3,0.5)",1587,0.388515,0.864164,0.00499767,0.0043188,359.0205,33.6534,31.53,12.0663
99,21780,0.67,"[0.5,0.7)",557,0.575025,0.700719,0.00553543,0.00387878,261.1819,33.3379,19.9324,11.371
99,21780,0.67,"[0.7,1.0)",55,0.742317,0.554226,0.00561963,0.00311455,219.091,32.4464,16.0925,11.9222
99,21780,0.67,boundary(r=t),7012,0.0,1.0,0.00990876,0.00990876,126.8663,0.0,0.0,0.0
100,22000,0.666667,"[0.0,0.1)",1811,0.049879,1.160115,0.01007647,0.01168987,131.6393,33.6989,31.3115,1.5216
100,22000,0.666667,"[0.1,0.3)",3003,0.194464,1.034042,0.00720965,0.00745508,204.0322,33.7787,32.9933,6.5218
100,22000,0.666667,"[0.3,0.5)",1597,0.387519,0.865704,0.00487757,0.00422253,397.9748,33.5234,33.1519,12.6709
100,22000,0.666667,"[0.5,0.7)",546,0.574414,0.702737,0.00548762,0.00385635,272.1438,33.3886,20.9623,11.9586
100,22000,0.666667,"[0.7,1.0)",56,0.754257,0.545794,0.00492705,0.00268916,282.2259,33.5392,18.8012,14.1388
100,22000,0.666667,boundary(r=t),7012,0.0,1.0,0.00969847,0.00969847,128.1268,0.0,0.0,0.0
101,22220,0.663333,"[0.0,0.1)",1846,0.048945,1.160128,0.01025487,0.01189696,129.5236,33.6719,31.4384,1.4995
101,22220,0.663333,"[0.1,0.3)",2966,0.192328,1.035724,0.00712031,0.00737468,209.0555,33.5707,33.9639,6.6133
101,22220,0.663333,"[0.3,0.5)",1615,0.388331,0.86567,0.00499933,0.00432777,372.9782,33.5973,32.1271,12.2643
101,22220,0.663333,"[0.5,0.7)",523,0.567046,0.710642,0.00543593,0.003863,290.9902,33.4207,21.6239,12.1344
101,22220,0.663333,"[0.7,1.0)",63,0.751399,0.550612,0.00496908,0.00273604,343.6025,33.1506,17.5735,13.1772
101,22220,0.663333,boundary(r=t),7012,0.0,1.0,0.00992036,0.00992036,125.7862,0.0,0.0,0.0
102,22440,0.66,"[0.0,0.1)",1849,0.048931,1.159336,0.01007984,0.01168592,131.2846,33.4657,31.6459,1.4852
102,22440,0.66,"[0.1,0.3)",2937,0.193217,1.034778,0.00733466,0.00758974,197.2636,33.6348,33.1773,6.4734
102,22440,0.66,"[0.3,0.5)",1631,0.386537,0.867893,0.00504734,0.00438055,366.9002,33.4525,31.4236,11.9811
102,22440,0.66,"[0.5,0.7)",528,0.574141,0.705951,0.00541834,0.00382508,290.8923,33.3811,21.4508,12.2496
102,22440,0.66,"[0.7,1.0)",68,0.752986,0.551591,0.00503344,0.0027764,246.2382,33.0323,17.022,12.7795
102,22440,0.66,boundary(r=t),7012,0.0,1.0,0.00973398,0.00973398,128.2556,0.0,0.0,0.0
103,22660,0.656667,"[0.0,0.1)",1876,0.048967,1.158498,0.01014711,0.0117554,130.2516,33.636,30.9772,1.4879
103,22660,0.656667,"[0.1,0.3)",2934,0.19253,1.035193,0.0073857,0.00764562,204.6259,33.7688,33.3112,6.5304
103,22660,0.656667,"[0.3,0.5)",1613,0.385718,0.869257,0.00501104,0.00435588,366.2829,33.5892,31.6441,12.0534
103,22660,0.656667,"[0.5,0.7)",534,0.571891,0.709386,0.00539068,0.00382408,255.922,33.0691,19.8535,11.2664
103,22660,0.656667,"[0.7,1.0)",56,0.753563,0.55328,0.00536201,0.00296669,291.9438,32.3673,17.1341,12.9467
103,22660,0.656667,boundary(r=t),7012,0.0,1.0,0.0098823,0.0098823,126.1562,0.0,0.0,0.0
104,22880,0.653333,"[0.0,0.1)",1823,0.050678,1.156244,0.01031013,0.01192103,130.6838,33.5594,32.5215,1.6218
104,22880,0.653333,"[0.1,0.3)",2945,0.194262,1.033536,0.00719729,0.00743866,208.9205,33.7475,33.7875,6.6755
104,22880,0.653333,"[0.3,0.5)",1631,0.385888,0.86979,0.00519699,0.00452029,356.1057,33.5738,31.0726,11.8466
104,22880,0.653333,"[0.5,0.7)",558,0.581957,0.702209,0.00574017,0.0040308,247.4851,33.0392,19.2709,11.1346
104,22880,0.653333,"[0.7,1.0)",56,0.751662,0.557122,0.00540825,0.00301305,258.4767,32.7017,16.5688,12.4397
104,22880,0.653333,boundary(r=t),7012,0.0,1.0,0.00987525,0.00987525,126.2187,0.0,0.0,0.0
105,23100,0.65,"[0.0,0.1)",1827,0.050183,1.155863,0.0099615,0.01151412,133.6585,33.5698,32.8712,1.6
105,23100,0.65,"[0.1,0.3)",2977,0.193548,1.033973,0.0070832,0.00732384,206.455,33.7086,33.7774,6.6316
105,23100,0.65,"[0.3,0.5)",1628,0.386093,0.870267,0.00495122,0.00430888,392.9158,33.5386,32.9003,12.5722
105,23100,0.65,"[0.5,0.7)",522,0.577769,0.707295,0.00547065,0.00386937,287.5006,33.3416,21.201,12.1324
105,23100,0.65,"[0.7,1.0)",59,0.746295,0.563986,0.00543101,0.00306301,339.5011,33.144,18.8593,14.0775
105,23100,0.65,boundary(r=t),7012,0.0,1.0,0.00998398,0.00998398,125.9319,0.0,0.0,0.0
106,23320,0.646667,"[0.0,0.1)",1827,0.049126,1.155953,0.01028024,0.01188348,129.7897,33.5587,31.3399,1.4876
106,23320,0.646667,"[0.1,0.3)",3028,0.193897,1.033503,0.00729405,0.00753842,203.473,33.598,33.1656,6.5536
106,23320,0.646667,"[0.3,0.5)",1585,0.386447,0.870632,0.00507856,0.00442155,363.2068,33.4568,31.6835,12.0248
106,23320,0.646667,"[0.5,0.7)",521,0.575753,0.710522,0.00569957,0.00404967,263.0766,33.3172,20.1155,11.4814
106,23320,0.646667,"[0.7,1.0)",52,0.750779,0.562347,0.00559201,0.00314465,252.7624,33.7279,16.6825,12.5414
106,23320,0.646667,boundary(r=t),7012,0.0,1.0,0.00984966,0.00984966,127.5501,0.0,0.0,0.0
107,23540,0.643333,"[0.0,0.1)",1844,0.049255,1.155042,0.01032,0.01192004,130.4691,33.5269,30.6832,1.4623
107,23540,0.643333,"[0.1,0.3)",2928,0.194957,1.032437,0.00733915,0.00757721,200.0732,33.7274,32.0768,6.3787
107,23540,0.643333,"[0.3,0.5)",1609,0.383548,0.873732,0.00516673,0.00451434,369.8472,33.5122,31.9285,12.0267
107,23540,0.643333,"[0.5,0.7)",562,0.573169,0.714169,0.00535445,0.00382398,321.2219,33.3619,21.668,12.3371
107,23540,0.643333,"[0.7,1.0)",70,0.743142,0.570971,0.00476536,0.00272088,351.1196,33.6909,19.4589,14.5788
107,23540,0.643333,boundary(r=t),7012,0.0,1.0,0.00996978,0.00996978,124.9234,0.0,0.0,0.0
108,23760,0.64,"[0.0,0.1)",1859,0.04975,1.153831,0.00995484,0.01148621,132.241,33.5702,32.275,1.5671
108,23760,0.64,"[0.1,0.3)",2872,0.192915,1.03398,0.0072458,0.00749201,203.9752,33.705,33.1043,6.5078
108,23760,0.64,"[0.3,0.5)",1677,0.387754,0.870868,0.00502064,0.00437232,383.0413,33.5827,32.6131,12.4041
108,23760,0.64,"[0.5,0.7)",552,0.571499,0.717044,0.00553219,0.00396682,288.1897,33.1591,20.9409,11.8391
108,23760,0.64,"[0.7,1.0)",53,0.749161,0.568385,0.00511553,0.00290759,346.464,32.8146,19.0777,14.3119
108,23760,0.64,boundary(r=t),7012,0.0,1.0,0.00995215,0.00995215,125.8823,0.0,0.0,0.0
109,23980,0.636667,"[0.0,0.1)",1800,0.049236,1.153454,0.0103652,0.01195578,130.0657,33.5339,32.3746,1.5365
109,23980,0.636667,"[0.1,0.3)",2951,0.192052,1.034524,0.00715906,0.00740622,207.055,33.6831,33.3677,6.5211
109,23980,0.636667,"[0.3,0.5)",1651,0.38713,0.872066,0.00499752,0.00435817,380.2379,33.6323,32.7253,12.4286
109,23980,0.636667,"[0.5,0.7)",558,0.578844,0.712385,0.00530802,0.00378135,292.1233,33.1295,21.3774,12.279
109,23980,0.636667,"[0.7,1.0)",53,0.745016,0.573884,0.00500371,0.00287155,310.7224,32.8262,19.312,14.3499
109,23980,0.636667,boundary(r=t),7012,0.0,1.0,0.00992054,0.00992054,125.6964,0.0,0.0,0.0
110,24200,0.633333,"[0.0,0.1)",1847,0.049656,1.152308,0.01009711,0.01163499,131.3486,33.5958,32.4611,1.5586
110,24200,0.633333,"[0.1,0.3)",3009,0.193547,1.033102,0.00723274,0.00747216,205.324,33.7202,33.4649,6.5668
110,24200,0.633333,"[0.3,0.5)",1536,0.388438,0.871634,0.00500394,0.00436161,372.0352,33.5841,32.383,12.385
110,24200,0.633333,"[0.5,0.7)",565,0.574418,0.717598,0.00564146,0.0040483,254.9707,33.3193,20.189,11.4874
110,24200,0.633333,"[0.7,1.0)",56,0.745986,0.575156,0.00575452,0.00330975,240.284,32.9573,16.6464,12.4124
110,24200,0.633333,boundary(r=t),7012,0.0,1.0,0.01017486,0.01017486,125.1195,0.0,0.0,0.0
111,24420,0.63,"[0.0,0.1)",1864,0.049478,1.151665,0.01013126,0.01166782,132.3913,33.6302,32.0606,1.5578
111,24420,0.63,"[0.1,0.3)",2934,0.191314,1.034769,0.00727013,0.00752291,204.1474,33.6921,33.7348,6.5974
111,24420,0.63,"[0.3,0.5)",1629,0.385485,0.874746,0.00502626,0.0043967,362.2619,33.4791,31.817,12.1097
111,24420,0.63,"[0.5,0.7)",531,0.575243,0.718391,0.00540369,0.00388197,297.9467,33.1312,20.9775,11.9644
111,24420,0.63,"[0.7,1.0)",55,0.751282,0.573268,0.00493668,0.00283004,298.2957,33.6227,18.6508,14.0357
111,24420,0.63,boundary(r=t),7012,0.0,1.0,0.00995491,0.00995491,125.5347,0.0,0.0,0.0
112,24640,0.626667,"[0.0,0.1)",1917,0.048258,1.151849,0.01017521,0.0117203,131.7361,33.5517,32.9303,1.526
112,24640,0.626667,"[0.1,0.3)",2886,0.194664,1.031841,0.00723891,0.0074694,204.2108,33.606,33.2819,6.5834
112,24640,0.626667,"[0.3,0.5)",1588,0.388122,0.873249,0.00504629,0.00440667,382.0596,33.5405,32.8128,12.5176
112,24640,0.626667,"[0.5,0.7)",556,0.572828,0.721819,0.00560016,0.0040423,299.7862,33.2886,21.3313,12.0954
112,24640,0.626667,"[0.7,1.0)",66,0.747488,0.578606,0.00486732,0.00281626,296.0305,33.0054,18.8253,14.1171
112,24640,0.626667,boundary(r=t),7012,0.0,1.0,0.01012364,0.01012364,124.7642,0.0,0.0,0.0
113,24860,0.623333,"[0.0,0.1)",1839,0.048816,1.150594,0.00989734,0.01138782,135.111,33.4751,32.889,1.549
113,24860,0.623333,"[0.1,0.3)",3064,0.193028,1.033002,0.00718064,0.00741762,204.7561,33.7593,33.2167,6.5238
113,24860,0.623333,"[0.3,0.5)",1550,0.387497,0.874431,0.0052084,0.00455439,370.287,33.4438,31.214,11.9479
113,24860,0.623333,"[0.5,0.7)",485,0.573712,0.722562,0.00548838,0.00396569,271.1721,33.4146,20.8506,11.8263
113,24860,0.623333,"[0.7,1.0)",75,0.744587,0.58323,0.00501388,0.00292425,308.5851,33.5979,17.7569,13.2062
113,24860,0.623333,boundary(r=t),7012,0.0,1.0,0.01015993,0.01015993,124.0946,0.0,0.0,0.0
114,25080,0.62,"[0.0,0.1)",1880,0.049945,1.148878,0.01040188,0.0119505,128.4095,33.6602,32.8388,1.5888
114,25080,0.62,"[0.1,0.3)",2949,0.191372,1.034173,0.00735223,0.00760348,209.7001,33.7419,33.4228,6.5502
114,25080,0.62,"[0.3,0.5)",1642,0.38723,0.875322,0.00514805,0.0045062,371.1531,33.5646,31.9995,12.1386
114,25080,0.62,"[0.5,0.7)",477,0.572998,0.724641,0.00549196,0.0039797,265.2148,33.322,20.3273,11.5672
114,25080,0.62,"[0.7,1.0)",65,0.752819,0.578902,0.00542592,0.00314108,248.0644,33.0912,16.1683,12.1541
114,25080,0.62,boundary(r=t),7012,0.0,1.0,0.01008345,0.01008345,125.1293,0.0,0.0,0.0
115,25300,0.616667,"[0.0,0.1)",1814,0.048963,1.148865,0.01031679,0.0118526,130.9656,33.691,31.9945,1.5451
115,25300,0.616667,"[0.1,0.3)",3025,0.192425,1.033138,0.00729914,0.00754101,197.9697,33.7528,32.1862,6.2946
115,25300,0.616667,"[0.3,0.5)",1566,0.387913,0.875426,0.00503379,0.00440671,362.0819,33.5357,31.3891,12.0099
115,25300,0.616667,"[0.5,0.7)",551,0.572467,0.726555,0.00541655,0.00393542,289.8459,33.4322,20.9712,11.8697
115,25300,0.616667,"[0.7,1.0)",57,0.753013,0.58086,0.00540154,0.00313754,341.5971,32.9468,18.442,13.9618
115,25300,0.616667,boundary(r=t),7012,0.0,1.0,0.01004153,0.01004153,124.9409,0.0,0.0,0.0
116,25520,0.613333,"[0.0,0.1)",1781,0.049826,1.147386,0.01024567,0.01175574,130.5334,33.6264,32.2058,1.5483
116,25520,0.613333,"[0.1,0.3)",2979,0.191905,1.033375,0.00731213,0.00755617,203.6362,33.8048,33.3076,6.5052
116,25520,0.613333,"[0.3,0.5)",1649,0.387701,0.876279,0.00498038,0.0043642,396.957,33.6007,32.8075,12.5457
116,25520,0.613333,"[0.5,0.7)",547,0.576993,0.724416,0.00554447,0.00401651,277.112,33.2272,20.6558,11.8323
116,25520,0.613333,"[0.7,1.0)",57,0.748836,0.586457,0.00507502,0.00297628,336.8305,33.4556,19.2911,14.4611
116,25520,0.613333,boundary(r=t),7012,0.0,1.0,0.0101146,0.0101146,124.0478,0.0,0.0,0.0
117,25740,0.61,"[0.0,0.1)",1874,0.050017,1.146422,0.01055895,0.01210501,127.8745,33.7452,31.4319,1.5392
117,25740,0.61,"[0.1,0.3)",2933,0.193431,1.031982,0.00719808,0.00742829,201.4518,33.6768,32.6878,6.4299
117,25740,0.61,"[0.3,0.5)",1602,0.385334,0.878842,0.0051168,0.00449686,358.6796,33.5051,31.328,11.9141
117,25740,0.61,"[0.5,0.7)",544,0.575256,0.727241,0.00555923,0.0040429,266.4845,33.5815,20.7847,11.8681
117,25740,0.61,"[0.7,1.0)",60,0.746898,0.590163,0.00576973,0.00340508,232.7883,32.1779,15.3355,11.4487
117,25740,0.61,boundary(r=t),7012,0.0,1.0,0.01013612,0.01013612,124.4111,0.0,0.0,0.0
118,25960,0.606667,"[0.0,0.1)",1805,0.051175,1.144705,0.01042201,0.01193012,131.3888,33.6748,32.2156,1.6098
118,25960,0.606667,"[0.1,0.3)",2984,0.191728,1.033156,0.00717579,0.00741371,204.2195,33.7597,33.7186,6.5546
118,25960,0.606667,"[0.3,0.5)",1665,0.386051,0.878922,0.00515014,0.00452657,359.1361,33.5103,31.3398,11.9175
118,25960,0.606667,"[0.5,0.7)",501,0.577929,0.726616,0.0056375,0.0040963,249.9747,33.4748,19.8929,11.4188
118,25960,0.606667,"[0.7,1.0)",58,0.74976,0.590381,0.00578838,0.00341735,238.6774,32.8238,15.9441,11.9472
118,25960,0.606667,boundary(r=t),7012,0.0,1.0,0.01013269,0.01013269,124.1404,0.0,0.0,0.0
119,26180,0.603333,"[0.0,0.1)",1883,0.049037,1.145599,0.01026459,0.01175911,131.3126,33.6339,31.7687,1.5024
119,26180,0.603333,"[0.1,0.3)",2908,0.192163,1.032631,0.007414,0.00765593,200.351,33.7584,32.8172,6.42
119,26180,0.603333,"[0.3,0.5)",1636,0.385655,0.879894,0.0050004,0.00439983,367.9489,33.6114,32.4767,12.2749
119,26180,0.603333,"[0.5,0.7)",537,0.576663,0.729155,0.00526864,0.00384166,334.146,33.3557,22.263,12.7108
119,26180,0.603333,"[0.7,1.0)",49,0.747353,0.594447,0.00484839,0.00288211,341.2438,33.4787,19.8316,14.9251
119,26180,0.603333,boundary(r=t),7012,0.0,1.0,0.009976,0.009976,124.494,0.0,0.0,0.0
120,26400,0.6,"[0.0,0.1)",1829,0.049089,1.144767,0.01040992,0.01191693,130.5683,33.7052,31.6096,1.4949
120,26400,0.6,"[0.1,0.3)",2945,0.192182,1.032435,0.00727593,0.00751193,200.5285,33.7406,33.1157,6.4391
120,26400,0.6,"[0.3,0.5)",1588,0.386626,0.879809,0.00501068,0.00440844,389.2914,33.5401,32.8135,12.4796
120,26400,0.6,"[0.5,0.7)",595,0.573809,0.732863,0.00548579,0.00402034,301.398,33.3965,21.5778,12.2092
120,26400,0.6,"[0.7,1.0)",56,0.744696,0.598653,0.00544967,0.00326246,290.3049,32.8928,17.1342,12.8168
120,26400,0.6,boundary(r=t),7012,0.0,1.0,0.01004277,0.01004277,124.6706,0.0,0.0,0.0
121,26620,0.596667,"[0.0,0.1)",1875,0.049343,1.14376,0.0104251,0.01192381,128.9095,33.5648,32.0802,1.5355
121,26620,0.596667,"[0.1,0.3)",2935,0.192796,1.031779,0.00709825,0.00732382,208.4797,33.6707,33.6995,6.626
121,26620,0.596667,"[0.3,0.5)",1632,0.386753,0.880368,0.00495397,0.00436131,409.9818,33.5792,33.722,12.8281
121,26620,0.596667,"[0.5,0.7)",523,0.572599,0.735283,0.00549285,0.0040388,300.5976,33.1224,21.7572,12.3279
121,26620,0.596667,"[0.7,1.0)",48,0.750928,0.596207,0.00507563,0.00302612,316.827,32.8974,18.8264,14.0796
121,26620,0.596667,boundary(r=t),7012,0.0,1.0,0.0102945,0.0102945,122.2572,0.0,0.0,0.0
122,26840,0.593333,"[0.0,0.1)",1861,0.049963,1.142481,0.01008581,0.01152284,130.0946,33.6425,32.6455,1.5822
122,26840,0.593333,"[0.1,0.3)",2898,0.192305,1.031981,0.00744616,0.00768429,198.7683,33.8323,33.0361,6.4554
122,26840,0.593333,"[0.3,0.5)",1687,0.385493,0.882013,0.00491444,0.0043346,386.7991,33.688,33.2383,12.6
122,26840,0.593333,"[0.5,0.7)",514,0.574939,0.734951,0.00548777,0.00403325,313.1122,33.2348,21.4772,12.2231
122,26840,0.593333,"[0.7,1.0)",53,0.751876,0.597592,0.00530634,0.00317103,390.4263,32.2185,18.3993,13.915
122,26840,0.593333,boundary(r=t),7012,0.0,1.0,0.01004462,0.01004462,124.8186,0.0,0.0,0.0
123,27060,0.59,"[0.0,0.1)",1829,0.050824,1.141014,0.01067046,0.01217514,127.2979,33.6028,31.8705,1.5586
123,27060,0.59,"[0.1,0.3)",3012,0.194277,1.030281,0.00742995,0.00765493,202.195,33.8271,33.1312,6.5396
123,27060,0.59,"[0.3,0.5)",1579,0.388044,0.880708,0.00506286,0.0044589,377.1485,33.5958,32.3013,12.3652
123,27060,0.59,"[0.5,0.7)",540,0.572534,0.738299,0.00532282,0.00392983,309.2459,33.3994,22.3064,12.6018
123,27060,0.59,"[0.7,1.0)",53,0.752663,0.599293,0.00468182,0.00280578,380.3332,33.3586,20.594,15.4597
123,27060,0.59,boundary(r=t),7012,0.0,1.0,0.01012526,0.01012526,124.8167,0.0,0.0,0.0
124,27280,0.586667,"[0.0,0.1)",1860,0.050177,1.140723,0.01073593,0.01224672,124.643,33.6809,31.4528,1.5323
124,27280,0.586667,"[0.1,0.3)",2996,0.19335,1.030822,0.00742981,0.00765881,203.9051,33.6991,33.2544,6.5286
124,27280,0.586667,"[0.3,0.5)",1546,0.386287,0.882729,0.00502222,0.00443326,405.2763,33.6216,32.6552,12.3943
124,27280,0.586667,"[0.5,0.7)",558,0.575935,0.737153,0.0055105,0.00406208,260.6117,33.342,20.3707,11.6454
124,27280,0.586667,"[0.7,1.0)",53,0.752558,0.601629,0.00533746,0.00321117,283.6153,32.526,17.7407,13.3815
124,27280,0.586667,boundary(r=t),7012,0.0,1.0,0.01026333,0.01026333,123.2484,0.0,0.0,0.0
125,27500,0.583333,"[0.0,0.1)",1816,0.048906,1.140892,0.01041995,0.01188804,128.4206,33.6042,31.5911,1.5156
125,27500,0.583333,"[0.1,0.3)",2983,0.193993,1.030156,0.0073308,0.00755186,205.6316,33.7571,33.2906,6.5859
125,27500,0.583333,"[0.3,0.5)",1625,0.384828,0.884502,0.00496741,0.00439368,387.2379,33.5878,33.528,12.7162
125,27500,0.583333,"[0.5,0.7)",532,0.575929,0.738678,0.00551627,0.00407475,300.8238,33.429,20.959,11.9764
125,27500,0.583333,"[0.7,1.0)",57,0.749312,0.606359,0.00501669,0.00304191,282.4314,33.2027,17.9015,13.4231
125,27500,0.583333,boundary(r=t),7012,0.0,1.0,0.01022202,0.01022202,123.0757,0.0,0.0,0.0
126,27720,0.58,"[0.0,0.1)",1917,0.049064,1.139976,0.01048649,0.01195434,130.4213,33.7005,31.0984,1.4933
126,27720,0.58,"[0.1,0.3)",2894,0.193528,1.030337,0.00732174,0.00754386,208.2525,33.7865,33.5674,6.6607
126,27720,0.58,"[0.3,0.5)",1637,0.385472,0.884676,0.00500504,0.00442784,379.0839,33.5824,32.9494,12.5197
126,27720,0.58,"[0.5,0.7)",497,0.574732,0.741044,0.00527673,0.00391029,294.7813,33.4414,21.6228,12.2929
126,27720,0.58,"[0.7,1.0)",68,0.747904,0.609608,0.0051264,0.00312509,259.317,33.1497,17.6591,13.1574
126,27720,0.58,boundary(r=t),7012,0.0,1.0,0.01018203,0.01018203,123.2971,0.0,0.0,0.0
127,27940,0.576667,"[0.0,0.1)",1857,0.049618,1.13874,0.0104802,0.01193423,129.1329,33.5886,32.0181,1.5586
127,27940,0.576667,"[0.1,0.3)",2899,0.193423,1.030242,0.00757531,0.00780441,197.5537,33.7594,32.4079,6.383
127,27940,0.576667,"[0.3,0.5)",1642,0.388445,0.883088,0.00509894,0.00450281,361.1369,33.6087,31.6009,12.0565
127,27940,0.576667,"[0.5,0.7)",550,0.574028,0.743072,0.00565385,0.00420122,259.7008,33.4601,20.0658,11.4478
127,27940,0.576667,"[0.7,1.0)",65,0.749727,0.610362,0.00530405,0.00323739,376.0604,33.0613,19.1412,14.4561
127,27940,0.576667,boundary(r=t),7012,0.0,1.0,0.01013604,0.01013604,124.4075,0.0,0.0,0.0
128,28160,0.573333,"[0.0,0.1)",1817,0.049182,1.138272,0.01052207,0.01197698,127.9119,33.6125,31.4899,1.5275
128,28160,0.573333,"[0.1,0.3)",3005,0.192797,1.030536,0.00736145,0.00758624,204.7854,33.7675,33.5251,6.5916
128,28160,0.573333,"[0.3,0.5)",1566,0.387044,0.88481,0.00500362,0.00442726,386.0351,33.5872,32.7956,12.531
128,28160,0.573333,"[0.5,0.7)",552,0.573535,0.744928,0.00545224,0.00406153,283.0198,33.3856,21.236,12.074
128,28160,0.573333,"[0.7,1.0)",73,0.748392,0.613649,0.00569318,0.00349362,309.8371,33.3691,18.3072,13.7423
128,28160,0.573333,boundary(r=t),7012,0.0,1.0,0.01008157,0.01008157,124.986,0.0,0.0,0.0
129,28380,0.57,"[0.0,0.1)",1795,0.049935,1.136905,0.01047858,0.01191315,128.124,33.7076,31.9893,1.561
129,28380,0.57,"[0.1,0.3)",2957,0.19129,1.031486,0.00742581,0.00765963,197.4355,33.7964,32.4968,6.3135
129,28380,0.57,"[0.3,0.5)",1672,0.384757,0.887195,0.00506328,0.00449212,367.3484,33.592,32.4272,12.2707
129,28380,0.57,"[0.5,0.7)",527,0.576276,0.744331,0.00548132,0.00407991,303.7373,33.4787,21.7242,12.4392
129,28380,0.57,"[0.7,1.0)",62,0.749543,0.614951,0.00490164,0.00301427,260.859,33.3011,17.9567,13.4862
129,28380,0.57,boundary(r=t),7012,0.0,1.0,0.01016818,0.01016818,123.0607,0.0,0.0,0.0
130,28600,0.566667,"[0.0,0.1)",1843,0.049072,1.136746,0.01053576,0.01197649,128.2382,33.6639,31.1414,1.4979
130,28600,0.566667,"[0.1,0.3)",3025,0.194107,1.029212,0.00731852,0.00753231,201.1881,33.8475,32.8329,6.504
130,28600,0.566667,"[0.3,0.5)",1547,0.38561,0.887209,0.00505564,0.00448541,375.9336,33.6921,32.7252,12.4191
130,28600,0.566667,"[0.5,0.7)",546,0.575528,0.746399,0.00554031,0.00413529,256.6765,33.4134,20.2283,11.5705
130,28600,0.566667,"[0.7,1.0)",52,0.747699,0.618782,0.00486883,0.00301275,303.4303,33.115,17.9916,13.5109
130,28600,0.566667,boundary(r=t),7012,0.0,1.0,0.01017641,0.01017641,123.485,0.0,0.0,0.0
131,28820,0.563333,"[0.0,0.1)",1816,0.04852,1.13636,0.01052111,0.01195576,128.9086,33.6612,32.4672,1.5373
131,28820,0.563333,"[0.1,0.3)",2988,0.192795,1.030011,0.00734535,0.00756579,198.728,33.8771,33.1301,6.4408
131,28820,0.563333,"[0.3,0.5)",1627,0.387921,0.886171,0.00514723,0.00456133,375.7316,33.539,32.3675,12.3607
131,28820,0.563333,"[0.5,0.7)",526,0.582054,0.74307,0.00546115,0.00405802,266.2547,33.2195,19.9699,11.5343
131,28820,0.563333,"[0.7,1.0)",56,0.756747,0.614356,0.00529651,0.00325394,318.4161,32.9213,19.0723,14.3889
131,28820,0.563333,boundary(r=t),7012,0.0,1.0,0.01014088,0.01014088,124.6295,0.0,0.0,0.0
132,29040,0.56,"[0.0,0.1)",1815,0.049175,1.135078,0.01072444,0.01217307,124.5166,33.8098,31.6021,1.5072
132,29040,0.56,"[0.1,0.3)",2963,0.192394,1.030123,0.00732657,0.00754727,204.4815,33.7843,33.6236,6.5993
132,29040,0.56,"[0.3,0.5)",1643,0.38767,0.887033,0.00506193,0.0044901,366.0876,33.6839,32.4476,12.3475
132,29040,0.56,"[0.5,0.7)",523,0.577817,0.747681,0.00537989,0.00402244,294.2404,33.3138,21.3882,12.2386
132,29040,0.56,"[0.7,1.0)",69,0.746372,0.624089,0.00518269,0.00323446,298.0574,32.9717,17.3095,12.9126
132,29040,0.56,boundary(r=t),7012,0.0,1.0,0.01017284,0.01017284,123.9748,0.0,0.0,0.0
133,29260,0.556667,"[0.0,0.1)",1791,0.050898,1.133015,0.01072711,0.01215398,124.4049,33.7233,32.3405,1.5832
133,29260,0.556667,"[0.1,0.3)",3015,0.192534,1.029849,0.00728918,0.00750676,206.1049,33.7466,33.6878,6.5995
133,29260,0.556667,"[0.3,0.5)",1621,0.388098,0.887391,0.00501519,0.00445044,394.2806,33.612,33.4634,12.7727
133,29260,0.556667,"[0.5,0.7)",521,0.576964,0.749769,0.0055843,0.00418693,259.9615,33.3312,20.1285,11.4799
133,29260,0.556667,"[0.7,1.0)",65,0.745942,0.626612,0.00463794,0.00290619,332.3612,33.3573,19.1762,14.3902
133,29260,0.556667,boundary(r=t),7012,0.0,1.0,0.01032144,0.01032144,122.722,0.0,0.0,0.0
134,29480,0.553333,"[0.0,0.1)",1792,0.050048,1.132838,0.01051917,0.01191652,130.6367,33.6275,32.9534,1.6121
134,29480,0.553333,"[0.1,0.3)",3035,0.192871,1.029422,0.00739931,0.00761701,197.2756,33.7119,32.9268,6.4542
134,29480,0.553333,"[0.3,0.5)",1615,0.386084,0.889515,0.0051262,0.00455983,354.6894,33.6332,31.1244,11.9046
134,29480,0.553333,"[0.5,0.7)",521,0.575089,0.752691,0.00584676,0.00440081,268.0157,33.316,20.2252,11.5389
134,29480,0.553333,"[0.7,1.0)",50,0.739365,0.633761,0.0047514,0.00301125,319.6978,33.8431,19.9796,14.8214
134,29480,0.553333,boundary(r=t),7012,0.0,1.0,0.01022608,0.01022608,123.8181,0.0,0.0,0.0
135,29700,0.55,"[0.0,0.1)",1813,0.047528,1.133848,0.01032142,0.01170293,130.4942,33.5035,32.6955,1.4899
135,29700,0.55,"[0.1,0.3)",2961,0.192775,1.029316,0.0073874,0.00760396,201.7827,33.8026,33.3738,6.5598
135,29700,0.55,"[0.3,0.5)",1658,0.388683,0.888313,0.00513101,0.00455795,365.2489,33.4928,32.2098,12.242
135,29700,0.55,"[0.5,0.7)",512,0.575375,0.753929,0.00556909,0.00419869,288.8578,33.5043,21.2215,12.097
135,29700,0.55,"[0.7,1.0)",69,0.753542,0.625701,0.00579161,0.00362382,256.3156,32.7095,16.0709,12.1484
135,29700,0.55,boundary(r=t),7012,0.0,1.0,0.01035711,0.01035711,122.866,0.0,0.0,0.0
136,29920,0.546667,"[0.0,0.1)",1815,0.049321,1.13177,0.01073721,0.01215205,127.2415,33.672,32.0794,1.5151
136,29920,0.546667,"[0.1,0.3)",2986,0.19258,1.029276,0.00742143,0.0076387,200.1646,33.7941,33.1567,6.4945
136,29920,0.546667,"[0.3,0.5)",1595,0.387237,0.890017,0.00506351,0.00450661,365.1514,33.6801,31.9003,12.2367
136,29920,0.546667,"[0.5,0.7)",579,0.570668,0.758773,0.00538818,0.00408841,296.3523,33.391,21.3046,12.063
136,29920,0.546667,"[0.7,1.0)",38,0.753597,0.627986,0.00536734,0.00337061,233.0219,33.8652,15.6279,11.7264
136,29920,0.546667,boundary(r=t),7012,0.0,1.0,0.01039667,0.01039667,122.3622,0.0,0.0,0.0
137,30140,0.543333,"[0.0,0.1)",1865,0.048925,1.13125,0.01046143,0.01183449,126.2569,33.6413,32.4051,1.5428
137,30140,0.543333,"[0.1,0.3)",2958,0.192752,1.028975,0.00750829,0.00772584,201.809,33.734,33.1297,6.5048
137,30140,0.543333,"[0.3,0.5)",1652,0.385852,0.891673,0.0050997,0.00454727,391.137,33.6786,32.9859,12.436
137,30140,0.543333,"[0.5,0.7)",488,0.573524,0.758232,0.00544062,0.00412525,293.3325,33.4963,21.5891,12.2946
137,30140,0.543333,"[0.7,1.0)",50,0.760655,0.625384,0.0047538,0.00297295,360.6111,33.5176,19.7534,15.0346
137,30140,0.543333,boundary(r=t),7012,0.0,1.0,0.01027527,0.01027527,123.3209,0.0,0.0,0.0
138,30360,0.54,"[0.0,0.1)",1838,0.04969,1.129902,0.0104686,0.01182849,126.8641,33.7314,31.9819,1.5368
138,30360,0.54,"[0.1,0.3)",2956,0.192847,1.028732,0.00740803,0.00762088,199.4496,33.7471,32.7828,6.4476
138,30360,0.54,"[0.3,0.5)",1609,0.385511,0.892585,0.0049895,0.00445356,372.0218,33.7333,32.487,12.3661
138,30360,0.54,"[0.5,0.7)",543,0.579912,0.755195,0.00541159,0.00408681,285.9345,33.4128,21.247,12.2035
138,30360,0.54,"[0.7,1.0)",67,0.75111,0.634262,0.00512025,0.00324758,289.8721,33.1432,17.9169,13.5752
138,30360,0.54,boundary(r=t),7012,0.0,1.0,0.01022514,0.01022514,123.0925,0.0,0.0,0.0
139,30580,0.536667,"[0.0,0.1)",1808,0.049755,1.129059,0.01040908,0.01175246,129.8394,33.6388,32.2031,1.5744
139,30580,0.536667,"[0.1,0.3)",2969,0.192936,1.028492,0.00737661,0.00758679,205.1336,33.7754,33.4279,6.5607
139,30580,0.536667,"[0.3,0.5)",1627,0.386248,0.892721,0.00512137,0.00457195,368.6376,33.7614,31.6539,12.1002
139,30580,0.536667,"[0.5,0.7)",541,0.573508,0.761204,0.00552506,0.0042057,281.0439,33.6467,21.2305,12.1082
139,30580,0.536667,"[0.7,1.0)",68,0.751199,0.636358,0.00466328,0.00296752,454.7797,32.7668,21.8624,16.4959
139,30580,0.536667,boundary(r=t),7012,0.0,1.0,0.0102527,0.0102527,123.3047,0.0,0.0,0.0
140,30800,0.533333,"[0.0,0.1)",1785,0.04917,1.128665,0.01059127,0.01195399,129.0442,33.6505,32.1476,1.5255
140,30800,0.533333,"[0.1,0.3)",2968,0.194328,1.027343,0.00755603,0.00776264,199.2022,33.7526,32.3717,6.415
140,30800,0.533333,"[0.3,0.5)",1645,0.387388,0.892578,0.00489689,0.00437085,380.1977,33.7122,32.9051,12.6392
140,30800,0.533333,"[0.5,0.7)",564,0.577567,0.759868,0.00534759,0.00406346,293.9589,33.554,21.4224,12.2893
140,30800,0.533333,"[0.7,1.0)",51,0.742548,0.644694,0.00524495,0.00338139,300.2356,33.2157,17.4073,12.9274
140,30800,0.533333,boundary(r=t),7012,0.0,1.0,0.01045451,0.01045451,121.0522,0.0,0.0,0.0
141,31020,0.53,"[0.0,0.1)",1878,0.050259,1.127112,0.01069709,0.01205682,127.3644,33.6242,32.1127,1.5837
141,31020,0.53,"[0.1,0.3)",2987,0.191363,1.029232,0.00743433,0.00765165,204.4375,33.6938,33.4403,6.5484
141,31020,0.53,"[0.3,0.5)",1599,0.387237,0.893361,0.0050336,0.00449683,373.9143,33.6997,32.8974,12.4982
141,31020,0.53,"[0.5,0.7)",500,0.576582,0.762011,0.00556138,0.00423783,270.825,33.4665,20.4544,11.6425
141,31020,0.53,"[0.7,1.0)",49,0.75298,0.6397,0.00538148,0.00344253,320.5303,32.6124,18.6419,13.993
141,31020,0.53,boundary(r=t),7012,0.0,1.0,0.0104382,0.0104382,121.7563,0.0,0.0,0.0
142,31240,0.526667,"[0.0,0.1)",1865,0.050002,1.126498,0.01068048,0.01203153,125.7037,33.6644,31.7625,1.5589
142,31240,0.526667,"[0.1,0.3)",2904,0.192745,1.028096,0.00749932,0.00771002,199.8568,33.8348,33.3086,6.5333
142,31240,0.526667,"[0.3,0.5)",1637,0.386567,0.89449,0.00493539,0.00441466,373.1196,33.7308,33.3325,12.7013
142,31240,0.526667,"[0.5,0.7)",554,0.57816,0.762446,0.00562732,0.00429053,269.786,33.4923,20.4361,11.717
142,31240,0.526667,"[0.7,1.0)",53,0.747563,0.645657,0.00537728,0.00347188,259.1798,32.9949,17.2105,12.93
142,31240,0.526667,boundary(r=t),7012,0.0,1.0,0.01038097,0.01038097,121.8977,0.0,0.0,0.0
143,31460,0.523333,"[0.0,0.1)",1847,0.050479,1.125359,0.01068304,0.01202225,127.8539,33.7453,32.2034,1.5672
143,31460,0.523333,"[0.1,0.3)",2962,0.194726,1.026559,0.00737176,0.00756754,204.6941,33.7411,33.5025,6.6614
143,31460,0.523333,"[0.3,0.5)",1576,0.386948,0.894896,0.00490201,0.00438679,392.6479,33.5725,34.1533,12.9806
143,31460,0.523333,"[0.5,0.7)",563,0.577225,0.764553,0.00535335,0.00409293,293.9267,33.4282,21.6969,12.3557
143,31460,0.523333,"[0.7,1.0)",65,0.749501,0.646457,0.00488636,0.00315883,306.3682,33.3128,18.4178,13.7397
143,31460,0.523333,boundary(r=t),7012,0.0,1.0,0.0103071,0.0103071,122.9076,0.0,0.0,0.0
144,31680,0.52,"[0.0,0.1)",1842,0.048843,1.125682,0.01050723,0.01182779,127.6189,33.5665,32.7719,1.5756
144,31680,0.52,"[0.1,0.3)",2988,0.194714,1.026402,0.00755783,0.00775737,201.3965,33.7897,33.3521,6.5874
144,31680,0.52,"[0.3,0.5)",1572,0.385203,0.896757,0.00499914,0.00448302,376.2183,33.5985,33.2476,12.6473
144,31680,0.52,"[0.5,0.7)",552,0.573204,0.768786,0.00534854,0.00411189,291.0364,33.4792,21.5651,12.2222
144,31680,0.52,"[0.7,1.0)",59,0.758316,0.642831,0.00510184,0.00327962,427.3356,32.4968,18.1228,13.8699
144,31680,0.52,boundary(r=t),7012,0.0,1.0,0.010422,0.010422,122.3811,0.0,0.0,0.0
145,31900,0.516667,"[0.0,0.1)",1843,0.048923,1.124833,0.01050165,0.01181261,130.085,33.5607,31.8233,1.5465
145,31900,0.516667,"[0.1,0.3)",2926,0.191904,1.028131,0.00744973,0.0076593,196.3295,33.7957,33.3096,6.4625
145,31900,0.516667,"[0.3,0.5)",1615,0.38554,0.897181,0.00507054,0.0045492,378.3036,33.7016,33.0031,12.5369
145,31900,0.516667,"[0.5,0.7)",561,0.577884,0.767121,0.00548995,0.00421146,288.5288,33.4076,21.0686,12.0702
145,31900,0.516667,"[0.7,1.0)",68,0.748733,0.651482,0.00550445,0.00358605,270.0927,33.2004,17.1049,12.8397
145,31900,0.516667,boundary(r=t),7012,0.0,1.0,0.01052435,0.01052435,120.959,0.0,0.0,0.0
146,32120,0.513333,"[0.0,0.1)",1834,0.051351,1.122387,0.01044073,0.01171854,128.5481,33.5976,32.2947,1.6062
146,32120,0.513333,"[0.1,0.3)",2899,0.19218,1.027766,0.00761242,0.00782378,197.3879,33.8709,33.1985,6.5136
146,32120,0.513333,"[0.3,0.5)",1662,0.386896,0.896932,0.00518655,0.00465198,374.7012,33.768,32.2892,12.3034
146,32120,0.513333,"[0.5,0.7)",569,0.57214,0.772454,0.0055865,0.00431532,259.8708,33.3076,20.109,11.4662
146,32120,0.513333,"[0.7,1.0)",49,0.749025,0.653558,0.00549659,0.00359234,390.8917,33.1348,18.4211,13.9352
146,32120,0.513333,boundary(r=t),7012,0.0,1.0,0.01039893,0.01039893,122.2137,0.0,0.0,0.0
147,32340,0.51,"[0.0,0.1)",1748,0.048157,1.123726,0.01063159,0.01194699,127.4901,33.6212,32.1984,1.5256
147,32340,0.51,"[0.1,0.3)",3015,0.192621,1.027295,0.00750898,0.00771394,202.1713,33.8153,33.6887,6.6018
147,32340,0.51,"[0.3,0.5)",1597,0.386066,0.898158,0.00495029,0.00444614,379.4292,33.6135,33.3101,12.676
147,32340,0.51,"[0.5,0.7)",585,0.574175,0.772567,0.00547937,0.00423318,311.7821,33.4474,21.5284,12.2895
147,32340,0.51,"[0.7,1.0)",68,0.742493,0.660122,0.00500441,0.00330352,332.5961,33.4283,17.9874,13.3697
147,32340,0.51,boundary(r=t),7012,0.0,1.0,0.01037619,0.01037619,122.0967,0.0,0.0,0.0
148,32560,0.506667,"[0.0,0.1)",1793,0.048183,1.122915,0.0106797,0.0119924,126.9896,33.6342,31.6868,1.4897
148,32560,0.506667,"[0.1,0.3)",2981,0.193187,1.026737,0.0076137,0.00781727,198.2964,33.7975,33.2325,6.5356
148,32560,0.506667,"[0.3,0.5)",1629,0.3868,0.898334,0.00490694,0.00440807,397.8938,33.5405,33.9623,12.997
148,32560,0.506667,"[0.5,0.7)",559,0.572676,0.775049,0.0053376,0.0041369,283.4523,33.4152,21.6882,12.2521
148,32560,0.506667,"[0.7,1.0)",51,0.747735,0.658988,0.00482519,0.00317975,400.5029,32.4894,20.8712,15.5562
148,32560,0.506667,boundary(r=t),7012,0.0,1.0,0.01050346,0.01050346,120.245,0.0,0.0,0.0
149,32780,0.503333,"[0.0,0.1)",1875,0.050228,1.12075,0.01064272,0.01192783,125.0748,33.6535,31.8818,1.5551
149,32780,0.503333,"[0.1,0.3)",2990,0.192511,1.027007,0.0076921,0.00789983,197.9932,33.8054,32.6321,6.4017
149,32780,0.503333,"[0.3,0.5)",1582,0.388392,0.897948,0.00509947,0.00457906,358.7009,33.6689,32.402,12.3583
149,32780,0.503333,"[0.5,0.7)",513,0.575173,0.774905,0.00531279,0.00411691,287.7695,33.329,21.4385,12.2042
149,32780,0.503333,"[0.7,1.0)",53,0.75752,0.654854,0.00500236,0.00327581,312.8501,32.9947,18.7441,14.1774
149,32780,0.503333,boundary(r=t),7012,0.0,1.0,0.01049805,0.01049805,120.7276,0.0,0.0,0.0
150,33000,0.5,"[0.0,0.1)",1821,0.048712,1.12095,0.01106295,0.01240102,123.1292,33.731,32.0205,1.5257
150,33000,0.5,"[0.1,0.3)",3014,0.193646,1.026087,0.00760043,0.0077987,195.2233,33.853,32.2962,6.3735
150,33000,0.5,"[0.3,0.5)",1587,0.387648,0.899106,0.00496091,0.00446038,393.8462,33.6141,32.8615,12.6212
150,33000,0.5,"[0.5,0.7)",545,0.576644,0.775401,0.00541013,0.00419502,270.0767,33.455,20.7694,11.8885
150,33000,0.5,"[0.7,1.0)",46,0.751808,0.660805,0.00412589,0.00272641,332.4185,32.5781,19.2237,14.4523
150,33000,0.5,boundary(r=t),7012,0.0,1.0,0.01048084,0.01048084,121.579,0.0,0.0,0.0
151,33220,0.496667,"[0.0,0.1)",1869,0.050699,1.118852,0.01051627,0.01176615,127.2245,33.5135,32.7228,1.6225
151,33220,0.496667,"[0.1,0.3)",2923,0.193369,1.026095,0.00744377,0.00763801,199.6979,33.8629,33.0783,6.5354
151,33220,0.496667,"[0.3,0.5)",1594,0.388508,0.899229,0.00496982,0.00446901,363.0189,33.5287,32.2061,12.3486
151,33220,0.496667,"[0.5,0.7)",558,0.57384,0.778751,0.00532358,0.00414575,328.6504,33.2145,22.1576,12.5611
151,33220,0.496667,"[0.7,1.0)",69,0.749443,0.664562,0.00469361,0.00311919,420.6199,33.5941,20.6648,15.6106
151,33220,0.496667,boundary(r=t),7012,0.0,1.0,0.01041022,0.01041022,122.0627,0.0,0.0,0.0
152,33440,0.493333,"[0.0,0.1)",1902,0.04962,1.118758,0.01073961,0.01201502,127.1251,33.7001,32.1791,1.5383
152,33440,0.493333,"[0.1,0.3)",2880,0.19374,1.02568,0.00752749,0.0077208,201.6881,33.7541,32.846,6.4515
152,33440,0.493333,"[0.3,0.5)",1645,0.386486,0.901206,0.00498494,0.00449246,367.173,33.6667,32.837,12.5269
152,33440,0.493333,"[0.5,0.7)",530,0.575697,0.778991,0.00550067,0.00428497,292.8932,33.3793,21.2235,12.1239
152,33440,0.493333,"[0.7,1.0)",56,0.753753,0.663928,0.00548262,0.00364007,256.6305,33.2985,16.449,12.348
152,33440,0.493333,boundary(r=t),7012,0.0,1.0,0.01059674,0.01059674,119.6855,0.0,0.0,0.0
153,33660,0.49,"[0.0,0.1)",1799,0.049437,1.11808,0.01070179,0.01196545,126.3591,33.6979,32.1061,1.5436
153,33660,0.49,"[0.1,0.3)",2991,0.194372,1.0251,0.00750089,0.00768917,196.6622,33.7833,32.2976,6.3947
153,33660,0.49,"[0.3,0.5)",1619,0.387719,0.901082,0.0050242,0.00452721,365.7316,33.8181,32.6952,12.5021
153,33660,0.49,"[0.5,0.7)",548,0.572512,0.782512,0.00544949,0.00426429,320.8981,33.3564,22.1669,12.5573
153,33660,0.49,"[0.7,1.0)",56,0.760355,0.662019,0.00517922,0.00342874,355.6374,33.0607,18.6454,14.2258
153,33660,0.49,boundary(r=t),7012,0.0,1.0,0.01062906,0.01062906,120.4188,0.0,0.0,0.0
154,33880,0.486667,"[0.0,0.1)",1847,0.049744,1.117078,0.0111877,0.01249753,122.4091,33.8259,32.0468,1.5628
154,33880,0.486667,"[0.1,0.3)",2966,0.193466,1.025508,0.00752262,0.00771451,194.1839,33.779,31.5739,6.1866
154,33880,0.486667,"[0.3,0.5)",1570,0.386252,0.902682,0.00502653,0.00453736,366.7425,33.7117,32.7967,12.4709
154,33880,0.486667,"[0.5,0.7)",573,0.574701,0.782613,0.00524015,0.00410101,311.412,33.5318,22.3616,12.771
154,33880,0.486667,"[0.7,1.0)",57,0.747203,0.672697,0.00420862,0.00283112,409.9622,33.1898,20.6906,15.546
154,33880,0.486667,boundary(r=t),7012,0.0,1.0,0.0104073,0.0104073,122.0809,0.0,0.0,0.0
155,34100,0.483333,"[0.0,0.1)",1796,0.049342,1.11653,0.01066062,0.01190291,126.4058,33.6779,32.3508,1.556
155,34100,0.483333,"[0.1,0.3)",3036,0.19292,1.025682,0.00770923,0.00790721,197.1806,33.8419,32.4023,6.3442
155,34100,0.483333,"[0.3,0.5)",1629,0.387451,0.90259,0.00509831,0.00460168,377.6832,33.6251,32.5309,12.4127
155,34100,0.483333,"[0.5,0.7)",495,0.578685,0.781564,0.00534219,0.00417527,291.2808,33.589,21.4063,12.2534
155,34100,0.483333,"[0.7,1.0)",57,0.749174,0.673651,0.00518698,0.00349421,304.4083,33.4328,19.1308,14.2742
155,34100,0.483333,boundary(r=t),7012,0.0,1.0,0.0106605,0.0106605,120.2646,0.0,0.0,0.0
156,34320,0.48,"[0.0,0.1)",1866,0.050133,1.115236,0.01085117,0.01210161,125.0571,33.733,32.1412,1.5677
156,34320,0.48,"[0.1,0.3)",2956,0.192643,1.025677,0.00759863,0.00779374,201.4231,33.8069,33.1056,6.5106
156,34320,0.48,"[0.3,0.5)",1574,0.386081,0.904112,0.00508696,0.00459918,376.9368,33.5603,32.4714,12.3789
156,34320,0.48,"[0.5,0.7)",552,0.575459,0.785119,0.00542539,0.00425958,312.0281,33.4561,21.6735,12.3077
156,34320,0.48,"[0.7,1.0)",65,0.746046,0.678082,0.00492735,0.00334115,343.5018,33.3588,18.5773,13.9068
156,34320,0.48,boundary(r=t),7012,0.0,1.0,0.01065026,0.01065026,120.3533,0.0,0.0,0.0
157,34540,0.476667,"[0.0,0.1)",1909,0.049833,1.114628,0.01084154,0.01208429,125.5762,33.7592,32.1332,1.5575
157,34540,0.476667,"[0.1,0.3)",2901,0.194003,1.024651,0.00745727,0.0076411,205.7938,33.7898,33.4332,6.6025
157,34540,0.476667,"[0.3,0.5)",1630,0.386778,0.904342,0.00500302,0.00452444,402.7267,33.5595,34.0222,12.9307
157,34540,0.476667,"[0.5,0.7)",511,0.574229,0.787361,0.0054373,0.00428112,275.6427,33.458,21.0285,12.0074
157,34540,0.476667,"[0.7,1.0)",62,0.742321,0.682372,0.00518226,0.00353623,330.4652,32.7958,18.5718,13.8332
157,34540,0.476667,boundary(r=t),7012,0.0,1.0,0.0105868,0.0105868,120.3988,0.0,0.0,0.0
158,34760,0.473333,"[0.0,0.1)",1819,0.047609,1.115202,0.01069658,0.01192884,125.0602,33.6772,32.5534,1.4992
158,34760,0.473333,"[0.1,0.3)",2970,0.193131,1.025021,0.00757287,0.00776235,197.8122,33.8973,32.5337,6.3842
158,34760,0.473333,"[0.3,0.5)",1616,0.386177,0.905378,0.00488835,0.00442581,382.3632,33.6247,33.414,12.7456
158,34760,0.473333,"[0.5,0.7)",547,0.576812,0.78725,0.00530999,0.00418029,302.8652,33.5193,21.2243,12.1496
158,34760,0.473333,"[0.7,1.0)",61,0.7461,0.682396,0.00469336,0.00320273,339.829,33.6401,18.8395,14.0625
158,34760,0.473333,boundary(r=t),7012,0.0,1.0,0.01062457,0.01062457,119.9237,0.0,0.0,0.0
159,34980,0.47,"[0.0,0.1)",1886,0.04913,1.113461,0.01079052,0.01201482,125.0179,33.6059,31.9221,1.5323
159,34980,0.47,"[0.1,0.3)",2918,0.191809,1.025658,0.00767878,0.0078758,194.2827,33.7866,32.6781,6.3521
159,34980,0.47,"[0.3,0.5)",1611,0.387482,0.905246,0.00505989,0.00458044,384.2523,33.6642,33.3352,12.7429
159,34980,0.47,"[0.5,0.7)",535,0.574337,0.790247,0.00562452,0.00444476,294.3451,33.4845,21.3838,12.1521
159,34980,0.47,"[0.7,1.0)",63,0.740826,0.687895,0.00548353,0.00377209,305.9331,32.2655,17.8567,13.257
159,34980,0.47,boundary(r=t),7012,0.0,1.0,0.010557,0.010557,120.7055,0.0,0.0,0.0
160,35200,0.466667,"[0.0,0.1)",1828,0.048257,1.113187,0.01100546,0.01225113,121.273,33.7558,31.5707,1.5105
160,35200,0.466667,"[0.1,0.3)",2959,0.191717,1.025532,0.00758609,0.00777978,193.4736,33.762,32.1978,6.2723
160,35200,0.466667,"[0.3,0.5)",1648,0.387923,0.905653,0.00508827,0.00460821,368.1095,33.5996,32.5171,12.439
160,35200,0.466667,"[0.5,0.7)",526,0.577194,0.789979,0.00560921,0.00443116,301.9503,33.2893,21.4207,12.2146
160,35200,0.466667,"[0.7,1.0)",52,0.747664,0.685786,0.00481764,0.00330387,316.3084,33.4926,18.943,14.108
160,35200,0.466667,boundary(r=t),7012,0.0,1.0,0.0105961,0.0105961,120.6644,0.0,0.0,0.0
161,35420,0.463333,"[0.0,0.1)",1828,0.050229,1.111184,0.01104004,0.01226751,124.5921,33.6786,31.5074,1.5534
161,35420,0.463333,"[0.1,0.3)",2918,0.192633,1.024794,0.00759192,0.00778015,202.8662,33.7984,33.4762,6.6205
161,35420,0.463333,"[0.3,0.5)",1677,0.386586,0.907125,0.00506977,0.00459891,373.7209,33.5726,32.6258,12.4371
161,35420,0.463333,"[0.5,0.7)",544,0.573138,0.793981,0.00513221,0.00407487,338.6707,33.5733,22.656,12.806
161,35420,0.463333,"[0.7,1.0)",46,0.748088,0.687815,0.00517319,0.0035582,335.5872,33.4488,18.7242,14.0118
161,35420,0.463333,boundary(r=t),7012,0.0,1.0,0.01068886,0.01068886,119.0126,0.0,0.0,0.0
162,35640,0.46,"[0.0,0.1)",1903,0.049082,1.111081,0.01072873,0.01192048,127.5007,33.6428,33.1935,1.6155
162,35640,0.46,"[0.1,0.3)",2991,0.191731,1.025161,0.00769486,0.00788847,196.7042,33.7637,32.8027,6.3711
162,35640,0.46,"[0.3,0.5)",1530,0.387216,0.907422,0.00502634,0.00456101,386.9603,33.6938,32.994,12.6427
162,35640,0.46,"[0.5,0.7)",533,0.579754,0.791422,0.00534949,0.00423371,293.6161,33.3565,21.347,12.3059
162,35640,0.46,"[0.7,1.0)",56,0.738915,0.695538,0.0051869,0.00360769,262.2952,33.4552,17.8638,13.1728
162,35640,0.46,boundary(r=t),7012,0.0,1.0,0.01054946,0.01054946,120.658,0.0,0.0,0.0
163,35860,0.456667,"[0.0,0.1)",1845,0.04868,1.110519,0.0107272,0.01191276,124.923,33.6947,32.9079,1.5566
163,35860,0.456667,"[0.1,0.3)",3031,0.194406,1.023379,0.00757487,0.00775196,198.0743,33.7971,33.1951,6.5281
163,35860,0.456667,"[0.3,0.5)",1531,0.386644,0.908424,0.00494769,0.0044946,389.6373,33.626,33.2981,12.7299
163,35860,0.456667,"[0.5,0.7)",539,0.576095,0.79514,0.00534889,0.00425312,295.7481,33.6053,21.6403,12.3772
163,35860,0.456667,"[0.7,1.0)",67,0.753294,0.689015,0.00526307,0.00362634,299.1009,32.7815,18.0076,13.6384
163,35860,0.456667,boundary(r=t),7012,0.0,1.0,0.01066349,0.01066349,119.7197,0.0,0.0,0.0
164,36080,0.453333,"[0.0,0.1)",1862,0.047702,1.110295,0.01115285,0.01238296,122.7264,33.8167,31.5864,1.4702
164,36080,0.453333,"[0.1,0.3)",2985,0.189944,1.02586,0.00772002,0.00791966,196.1917,33.8519,33.074,6.395
164,36080,0.453333,"[0.3,0.5)",1610,0.387272,0.908719,0.00503433,0.00457479,381.7038,33.7429,33.2029,12.7112
164,36080,0.453333,"[0.5,0.7)",495,0.573466,0.798207,0.00548104,0.00437501,297.5795,33.4287,21.5878,12.2952
164,36080,0.453333,"[0.7,1.0)",61,0.757286,0.68897,0.00444156,0.0030601,562.0373,33.1444,21.4485,16.1549
164,36080,0.453333,boundary(r=t),7012,0.0,1.0,0.01062263,0.01062263,119.5087,0.0,0.0,0.0
165,36300,0.45,"[0.0,0.1)",1813,0.049628,1.108354,0.01095536,0.01214243,125.0706,33.7299,31.5449,1.5422
165,36300,0.45,"[0.1,0.3)",2926,0.194003,1.023276,0.00756309,0.00773913,198.336,33.8515,32.9384,6.4911
165,36300,0.45,"[0.3,0.5)",1664,0.385582,0.910377,0.00503515,0.00458388,390.5838,33.7737,33.8658,12.8622
165,36300,0.45,"[0.5,0.7)",557,0.577384,0.797377,0.00556948,0.00444098,301.5039,33.3783,20.9554,12.0085
165,36300,0.45,"[0.7,1.0)",53,0.760678,0.689271,0.00499013,0.00343955,428.0438,32.6546,20.0487,15.192
165,36300,0.45,boundary(r=t),7012,0.0,1.0,0.01069061,0.01069061,119.9074,0.0,0.0,0.0
166,36520,0.446667,"[0.0,0.1)",1858,0.048078,1.108455,0.01089555,0.01207723,123.4994,33.6841,31.8877,1.4969
166,36520,0.446667,"[0.1,0.3)",2917,0.193874,1.023181,0.0076072,0.00778354,199.2032,33.8206,32.9153,6.4966
166,36520,0.446667,"[0.3,0.5)",1627,0.385769,0.910933,0.00496989,0.00452724,385.643,33.7126,33.7473,12.8789
166,36520,0.446667,"[0.5,0.7)",543,0.577613,0.798692,0.00541359,0.00432379,330.983,33.5897,22.4724,12.8326
166,36520,0.446667,"[0.7,1.0)",68,0.748402,0.698795,0.0051193,0.00357734,316.4166,33.5965,18.917,14.2584
166,36520,0.446667,boundary(r=t),7012,0.0,1.0,0.01069264,0.01069264,119.6371,0.0,0.0,0.0
167,36740,0.443333,"[0.0,0.1)",1856,0.04875,1.107259,0.01066441,0.01180827,125.7014,33.6508,32.3778,1.5282
167,36740,0.443333,"[0.1,0.3)",2949,0.194611,1.02258,0.00767008,0.00784328,196.2515,33.8807,32.625,6.4572
167,36740,0.443333,"[0.3,0.5)",1612,0.384555,0.912298,0.00506349,0.00461942,401.7867,33.4545,33.7995,12.7678
167,36740,0.443333,"[0.5,0.7)",536,0.573303,0.802684,0.00543167,0.00435991,290.1941,33.3519,21.4875,12.2164
167,36740,0.443333,"[0.7,1.0)",60,0.755464,0.696964,0.00538639,0.00375412,278.5588,32.5373,17.9995,13.6012
167,36740,0.443333,boundary(r=t),7012,0.0,1.0,0.01082894,0.01082894,118.7268,0.0,0.0,0.0
168,36960,0.44,"[0.0,0.1)",1802,0.049655,1.105947,0.01103509,0.01220423,122.4075,33.7238,31.4054,1.532
168,36960,0.44,"[0.1,0.3)",3052,0.192212,1.023793,0.007737,0.00792109,194.6062,33.8363,32.5142,6.3664
168,36960,0.44,"[0.3,0.5)",1578,0.385798,0.912245,0.00494817,0.00451394,362.6054,33.5949,32.792,12.5155
168,36960,0.44,"[0.5,0.7)",525,0.572536,0.804629,0.00523802,0.00421466,401.9155,33.5217,23.3878,13.2761
168,36960,0.44,"[0.7,1.0)",56,0.739393,0.708683,0.00555083,0.00393377,421.4887,33.8504,20.1299,15.0396
168,36960,0.44,boundary(r=t),7012,0.0,1.0,0.01057353,0.01057353,120.5725,0.0,0.0,0.0
169,37180,0.436667,"[0.0,0.1)",1855,0.049076,1.105468,0.01112718,0.01230074,124.1994,33.8752,31.3504,1.5064
169,37180,0.436667,"[0.1,0.3)",2981,0.193121,1.023095,0.00758778,0.00776302,193.3355,33.8696,32.397,6.3682
169,37180,0.436667,"[0.3,0.5)",1568,0.385265,0.913209,0.00495384,0.00452389,377.8201,33.7613,33.4979,12.7198
169,37180,0.436667,"[0.5,0.7)",537,0.574168,0.805205,0.00533848,0.00429857,332.2197,33.5222,22.5361,12.8276
169,37180,0.436667,"[0.7,1.0)",72,0.751022,0.704131,0.00505734,0.00356103,297.4855,32.828,18.4195,13.9712
169,37180,0.436667,boundary(r=t),7012,0.0,1.0,0.01068694,0.01068694,119.6697,0.0,0.0,0.0
170,37400,0.433333,"[0.0,0.1)",1831,0.049859,1.10422,0.0111578,0.01232066,122.5567,33.7902,31.9679,1.5873
170,37400,0.433333,"[0.1,0.3)",2893,0.193918,1.022469,0.00751001,0.00767875,200.6134,33.8875,33.5453,6.6183
170,37400,0.433333,"[0.3,0.5)",1699,0.384775,0.914149,0.00490647,0.00448524,377.7072,33.5854,33.5009,12.6698
170,37400,0.433333,"[0.5,0.7)",532,0.574919,0.806246,0.00538967,0.0043454,273.1486,33.2146,20.8182,11.8655
170,37400,0.433333,"[0.7,1.0)",58,0.743072,0.71088,0.00451761,0.00321148,334.9326,33.313,19.0412,14.1346
170,37400,0.433333,boundary(r=t),7012,0.0,1.0,0.01084882,0.01084882,119.5882,0.0,0.0,0.0
171,37620,0.43,"[0.0,0.1)",1962,0.047711,1.10464,0.01104366,0.01219927,123.6986,33.6486,32.0465,1.4743
171,37620,0.43,"[0.1,0.3)",2898,0.191927,1.023418,0.00772605,0.00790697,195.8399,33.8284,32.5841,6.3532
171,37620,0.43,"[0.3,0.5)",1588,0.385597,0.914345,0.00506919,0.00463499,362.6186,33.5834,32.0911,12.1961
171,37620,0.43,"[0.5,0.7)",493,0.57604,0.807092,0.0054181,0.0043729,266.2794,33.6294,20.7551,11.8558
171,37620,0.43,"[0.7,1.0)",72,0.748243,0.710164,0.00493825,0.00350696,330.2319,33.2374,18.4935,13.7929
171,37620,0.43,boundary(r=t),7012,0.0,1.0,0.01075052,0.01075052,118.4056,0.0,0.0,0.0
172,37840,0.426667,"[0.0,0.1)",1781,0.049932,1.102582,0.01121388,0.01236423,122.1105,33.8235,32.103,1.5679
172,37840,0.426667,"[0.1,0.3)",3041,0.191126,1.023682,0.00768646,0.00786849,196.9077,33.8186,32.9162,6.4116
172,37840,0.426667,"[0.3,0.5)",1587,0.38511,0.915269,0.0051161,0.0046826,369.5188,33.7006,32.8747,12.4835
172,37840,0.426667,"[0.5,0.7)",540,0.573942,0.809757,0.00549104,0.00444641,280.3846,33.6304,21.17,12.0597
172,37840,0.426667,"[0.7,1.0)",64,0.749576,0.711446,0.00526933,0.00374884,346.2871,32.7933,18.5299,13.9137
172,37840,0.426667,boundary(r=t),7012,0.0,1.0,0.01087925,0.01087925,118.7169,0.0,0.0,0.0
173,38060,0.423333,"[0.0,0.1)",1823,0.049243,1.102169,0.01122559,0.0123725,122.3457,33.7038,31.1795,1.4952
173,38060,0.423333,"[0.1,0.3)",2906,0.192302,1.022845,0.00763132,0.00780566,197.3812,33.7583,33.0234,6.4456
173,38060,0.423333,"[0.3,0.5)",1696,0.387775,0.91446,0.00506221,0.00462919,378.6288,33.6541,32.9967,12.6483
173,38060,0.423333,"[0.5,0.7)",526,0.571811,0.8124,0.00534693,0.00434385,318.4795,33.6129,22.3597,12.6486
173,38060,0.423333,"[0.7,1.0)",62,0.752983,0.712053,0.00535453,0.00381271,296.9681,33.1679,18.2649,13.7271
173,38060,0.423333,boundary(r=t),7012,0.0,1.0,0.0107881,0.0107881,117.6262,0.0,0.0,0.0
174,38280,0.42,"[0.0,0.1)",1843,0.04957,1.101184,0.01110207,0.01222543,123.2185,33.7852,31.4465,1.5059
174,38280,0.42,"[0.1,0.3)",2956,0.192522,1.022547,0.00774989,0.00792463,198.6438,33.6394,32.3842,6.3404
174,38280,0.42,"[0.3,0.5)",1622,0.388251,0.914877,0.00501244,0.00458576,386.1988,33.6488,33.4198,12.8057
174,38280,0.42,"[0.5,0.7)",529,0.573638,0.812838,0.00534963,0.00434838,307.2451,33.4076,21.8623,12.4186
174,38280,0.42,"[0.7,1.0)",63,0.747249,0.717275,0.00488336,0.00350271,745.3993,33.3479,24.1892,18.0439
174,38280,0.42,boundary(r=t),7012,0.0,1.0,0.01089403,0.01089403,119.6255,0.0,0.0,0.0
175,38500,0.416667,"[0.0,0.1)",1818,0.049765,1.100283,0.01130166,0.01243502,122.3431,33.7595,31.8379,1.5487
175,38500,0.416667,"[0.1,0.3)",3044,0.193821,1.021658,0.00754813,0.00771161,200.279,33.7954,32.9061,6.5123
175,38500,0.416667,"[0.3,0.5)",1546,0.385964,0.916789,0.00508452,0.00466143,363.4026,33.6854,32.8867,12.5518
175,38500,0.416667,"[0.5,0.7)",530,0.57141,0.815604,0.00533698,0.00435286,317.247,33.3676,22.2528,12.5261
175,38500,0.416667,"[0.7,1.0)",75,0.754866,0.715345,0.00473832,0.00338953,338.9532,33.6892,20.2325,15.2724
175,38500,0.416667,boundary(r=t),7012,0.0,1.0,0.01086286,0.01086286,119.531,0.0,0.0,0.0
176,38720,0.413333,"[0.0,0.1)",1787,0.050265,1.099224,0.01097076,0.01205932,124.4186,33.6319,32.1865,1.5905
176,38720,0.413333,"[0.1,0.3)",3008,0.191098,1.022961,0.00779114,0.00797003,198.6993,33.8646,33.4155,6.4979
176,38720,0.413333,"[0.3,0.5)",1633,0.386044,0.917414,0.00510575,0.00468408,378.7184,33.6302,33.3899,12.6774
176,38720,0.413333,"[0.5,0.7)",530,0.577516,0.813739,0.00532819,0.00433576,340.5052,33.2067,22.7877,12.9635
176,38720,0.413333,"[0.7,1.0)",55,0.746579,0.722271,0.00508208,0.00367064,328.7148,33.4473,18.8768,14.1348
176,38720,0.413333,boundary(r=t),7012,0.0,1.0,0.01092355,0.01092355,117.6105,0.0,0.0,0.0
177,38940,0.41,"[0.0,0.1)",1840,0.049031,1.099078,0.01110588,0.01220623,124.338,33.6688,31.8097,1.5087
177,38940,0.41,"[0.1,0.3)",2991,0.193106,1.021697,0.00768432,0.00785105,193.1898,33.827,32.2546,6.3293
177,38940,0.41,"[0.3,0.5)",1605,0.385528,0.918347,0.00489898,0.00449896,389.6444,33.6608,33.9334,12.9205
177,38940,0.41,"[0.5,0.7)",517,0.572178,0.818082,0.00515573,0.00421782,363.1183,33.6467,23.1956,13.1552
177,38940,0.41,"[0.7,1.0)",60,0.756956,0.71888,0.00434919,0.00312654,331.2395,32.9132,19.2068,14.5135
177,38940,0.41,boundary(r=t),7012,0.0,1.0,0.01089671,0.01089671,118.0382,0.0,0.0,0.0
178,39160,0.406667,"[0.0,0.1)",1843,0.049668,1.097933,0.01109426,0.01218076,124.8667,33.7674,31.337,1.5165
178,39160,0.406667,"[0.1,0.3)",3011,0.193399,1.021368,0.00777994,0.00794618,193.9782,33.9116,32.3142,6.3603
178,39160,0.406667,"[0.3,0.5)",1558,0.385365,0.919093,0.00508157,0.00467044,367.1756,33.6705,32.8924,12.4864
178,39160,0.406667,"[0.5,0.7)",550,0.573179,0.819075,0.00553213,0.00453123,274.4628,33.3544,21.12,11.9627
178,39160,0.406667,"[0.7,1.0)",51,0.749739,0.724913,0.0045737,0.00331553,469.3958,33.6445,21.8305,16.3849
178,39160,0.406667,boundary(r=t),7012,0.0,1.0,0.01084392,0.01084392,118.9284,0.0,0.0,0.0
179,39380,0.403333,"[0.0,0.1)",1847,0.049741,1.097091,0.01092701,0.01198793,123.8291,33.685,32.3957,1.595
179,39380,0.403333,"[0.1,0.3)",2924,0.193806,1.020975,0.0077271,0.00788918,197.6765,33.8243,32.9015,6.4716
179,39380,0.403333,"[0.3,0.5)",1668,0.384464,0.920232,0.00510973,0.00470214,379.5253,33.8063,33.7185,12.6956
179,39380,0.403333,"[0.5,0.7)",522,0.573648,0.820262,0.00525037,0.00430668,305.2237,33.5883,22.2303,12.6166
179,39380,0.403333,"[0.7,1.0)",52,0.740161,0.732338,0.00527215,0.00386099,503.5679,33.3385,19.765,14.7977
179,39380,0.403333,boundary(r=t),7012,0.0,1.0,0.01085624,0.01085624,118.0838,0.0,0.0,0.0
180,39600,0.4,"[0.0,0.1)",1909,0.049264,1.09654,0.01116796,0.01224612,121.948,33.7742,31.9567,1.5086
180,39600,0.4,"[0.1,0.3)",2927,0.192691,1.021388,0.00776891,0.00793507,199.1637,33.8175,33.0109,6.5045
180,39600,0.4,"[0.3,0.5)",1572,0.387966,0.919048,0.00493336,0.004534,391.1953,33.7199,34.0565,13.0369
180,39600,0.4,"[0.5,0.7)",533,0.57558,0.820726,0.00544911,0.00447223,310.409,33.4919,22.4662,12.7592
180,39600,0.4,"[0.7,1.0)",72,0.742816,0.733048,0.00459986,0.00337192,355.9312,33.1071,19.3484,14.4304
180,39600,0.4,boundary(r=t),7012,0.0,1.0,0.01088888,0.01088888,118.0085,0.0,0.0,0.0
181,39820,0.396667,"[0.0,0.1)",1842,0.049134,1.095817,0.01127104,0.01235101,120.8144,33.7832,30.9851,1.4754
181,39820,0.396667,"[0.1,0.3)",2958,0.191981,1.021578,0.00783257,0.00800158,194.0787,33.8655,32.6865,6.3765
181,39820,0.396667,"[0.3,0.5)",1653,0.386105,0.920693,0.00510618,0.00470122,397.7678,33.6887,33.5716,12.8235
181,39820,0.396667,"[0.5,0.7)",501,0.576116,0.821938,0.0053915,0.00443148,364.4293,33.442,22.5969,12.8726
181,39820,0.396667,"[0.7,1.0)",59,0.755227,0.728833,0.00446589,0.00325488,389.2723,33.4554,19.7534,14.8505
181,39820,0.396667,boundary(r=t),7012,0.0,1.0,0.01081477,0.01081477,119.2766,0.0,0.0,0.0
182,40040,0.393333,"[0.0,0.1)",1875,0.049492,1.09483,0.0110914,0.0121432,123.2371,33.6927,32.251,1.5535
182,40040,0.393333,"[0.1,0.3)",2944,0.193689,1.020518,0.00774319,0.00790207,204.1673,33.8256,33.4584,6.6005
182,40040,0.393333,"[0.3,0.5)",1608,0.386022,0.921397,0.00517244,0.00476587,373.7138,33.6636,32.9396,12.5651
182,40040,0.393333,"[0.5,0.7)",527,0.573897,0.824596,0.00555016,0.00457664,304.8108,33.4042,21.9462,12.4861
182,40040,0.393333,"[0.7,1.0)",59,0.752097,0.732779,0.00492125,0.00360619,675.5361,33.7595,23.7048,17.811
182,40040,0.393333,boundary(r=t),7012,0.0,1.0,0.01095495,0.01095495,117.4803,0.0,0.0,0.0
183,40260,0.39,"[0.0,0.1)",1776,0.050614,1.093464,0.01101532,0.01204486,124.6204,33.5936,30.9149,1.5164
183,40260,0.39,"[0.1,0.3)",2961,0.193835,1.020272,0.00775956,0.00791686,192.212,33.8659,31.9383,6.3024
183,40260,0.39,"[0.3,0.5)",1705,0.386991,0.92157,0.00516232,0.00475744,376.6589,33.6314,32.8051,12.5406
183,40260,0.39,"[0.5,0.7)",508,0.579418,0.823242,0.00539048,0.00443767,291.8381,33.6382,21.3571,12.2939
183,40260,0.39,"[0.7,1.0)",63,0.748303,0.737015,0.00473353,0.00348868,351.424,32.7252,19.4354,14.5275
183,40260,0.39,boundary(r=t),7012,0.0,1.0,0.01105699,0.01105699,117.2545,0.0,0.0,0.0
184,40480,0.386667,"[0.0,0.1)",1825,0.050257,1.09284,0.01119317,0.01223234,123.4288,33.7375,31.4466,1.5633
184,40480,0.386667,"[0.1,0.3)",2967,0.193175,1.020435,0.00761635,0.007772,195.8034,33.8621,32.8736,6.4257
184,40480,0.386667,"[0.3,0.5)",1605,0.387685,0.921889,0.00494077,0.00455484,397.9319,33.7439,34.1709,13.1144
184,40480,0.386667,"[0.5,0.7)",565,0.576797,0.82607,0.00536783,0.0044342,352.9634,33.2714,22.0906,12.7043
184,40480,0.386667,"[0.7,1.0)",51,0.759606,0.733381,0.00496519,0.00364138,298.7113,32.7009,17.4838,13.2881
184,40480,0.386667,boundary(r=t),7012,0.0,1.0,0.01111782,0.01111782,116.6219,0.0,0.0,0.0
185,40700,0.383333,"[0.0,0.1)",1830,0.050108,1.092123,0.01099623,0.01200924,124.8372,33.6779,32.4581,1.578
185,40700,0.383333,"[0.1,0.3)",2951,0.190722,1.021489,0.00780206,0.00796972,188.3547,33.8726,32.2719,6.2408
185,40700,0.383333,"[0.3,0.5)",1648,0.387839,0.922473,0.00501756,0.00462856,372.7252,33.6265,33.1425,12.6726
185,40700,0.383333,"[0.5,0.7)",530,0.573152,0.829412,0.00537346,0.00445681,300.9858,33.3704,21.7947,12.3854
185,40700,0.383333,"[0.7,1.0)",54,0.755741,0.73771,0.00522828,0.00385696,314.0496,32.7927,17.9991,13.6529
185,40700,0.383333,boundary(r=t),7012,0.0,1.0,0.01095154,0.01095154,117.7567,0.0,0.0,0.0
186,40920,0.38,"[0.0,0.1)",1904,0.049462,1.091656,0.01109795,0.01211514,120.589,33.7316,31.8797,1.5488
186,40920,0.38,"[0.1,0.3)",2854,0.19227,1.020531,0.00778902,0.00794894,194.7108,33.8753,32.7849,6.4091
186,40920,0.38,"[0.3,0.5)",1639,0.383858,0.925133,0.00517479,0.00478737,382.7957,33.6668,32.5589,12.3317
186,40920,0.38,"[0.5,0.7)",560,0.573626,0.830621,0.00543949,0.00451816,291.3534,33.3718,21.795,12.3927
186,40920,0.38,"[0.7,1.0)",56,0.751681,0.741954,0.00466568,0.00346172,299.7362,33.1924,18.8233,14.1525
186,40920,0.38,boundary(r=t),7012,0.0,1.0,0.01104752,0.01104752,117.3615,0.0,0.0,0.0
187,41140,0.376667,"[0.0,0.1)",1828,0.049328,1.090905,0.01121665,0.0122363,122.7412,33.6443,31.5447,1.5315
187,41140,0.376667,"[0.1,0.3)",2927,0.19079,1.021084,0.00798488,0.00815324,197.9973,33.8957,33.1712,6.4732
187,41140,0.376667,"[0.3,0.5)",1650,0.385404,0.925019,0.00502545,0.00464863,383.0619,33.753,33.6645,12.8166
187,41140,0.376667,"[0.5,0.7)",532,0.573289,0.832246,0.0055623,0.0046292,281.8882,33.3445,21.3517,12.1354
187,41140,0.376667,"[0.7,1.0)",76,0.74433,0.747801,0.00471492,0.00352582,348.0152,32.9968,18.7765,13.9732
187,41140,0.376667,boundary(r=t),7012,0.0,1.0,0.01105444,0.01105444,118.2832,0.0,0.0,0.0
188,41360,0.373333,"[0.0,0.1)",1896,0.049874,1.089838,0.01139189,0.01241532,122.263,33.7355,32.4266,1.5917
188,41360,0.373333,"[0.1,0.3)",2922,0.192757,1.019934,0.0078213,0.00797721,199.1111,33.8151,33.1454,6.5433
188,41360,0.373333,"[0.3,0.5)",1618,0.386981,0.924902,0.00497941,0.00460546,381.5083,33.6582,33.3515,12.7616
188,41360,0.373333,"[0.5,0.7)",506,0.575963,0.832432,0.00547426,0.00455696,300.8647,33.4411,22.223,12.6524
188,41360,0.373333,"[0.7,1.0)",71,0.748598,0.748089,0.00491583,0.00367748,310.1536,33.0286,19.5495,14.7552
188,41360,0.373333,boundary(r=t),7012,0.0,1.0,0.01112008,0.01112008,117.7133,0.0,0.0,0.0
189,41580,0.37,"[0.0,0.1)",1831,0.049705,1.089128,0.0113191,0.01232795,119.7282,33.7982,31.9563,1.5493
189,41580,0.37,"[0.1,0.3)",3038,0.193532,1.019383,0.00778494,0.00793584,196.8091,33.8817,32.8985,6.4957
189,41580,0.37,"[0.3,0.5)",1519,0.386153,0.925984,0.00512378,0.00474454,396.9444,33.634,33.9972,12.9567
189,41580,0.37,"[0.5,0.7)",565,0.574416,0.834716,0.00522878,0.00436454,338.9024,33.3422,22.9344,12.9772
189,41580,0.37,"[0.7,1.0)",60,0.744755,0.751987,0.00538719,0.0040511,311.361,32.9245,18.4516,13.7941
189,41580,0.37,boundary(r=t),7012,0.0,1.0,0.01095687,0.01095687,118.9587,0.0,0.0,0.0
190,41800,0.366667,"[0.0,0.1)",1944,0.048778,1.088775,0.01154971,0.01257504,119.4654,33.8622,31.6065,1.521
190,41800,0.366667,"[0.1,0.3)",2900,0.191776,1.020055,0.00784669,0.00800406,189.7427,33.8058,32.2389,6.3057
190,41800,0.366667,"[0.3,0.5)",1570,0.384418,0.927478,0.00511698,0.00474589,362.7939,33.6334,32.8656,12.4998
190,41800,0.366667,"[0.5,0.7)",541,0.575101,0.83586,0.00543054,0.00453917,301.7612,33.3343,21.7525,12.3523
190,41800,0.366667,"[0.7,1.0)",58,0.746662,0.753229,0.0048967,0.00368834,330.5296,33.7135,19.3285,14.5526
190,41800,0.366667,boundary(r=t),7012,0.0,1.0,0.01110401,0.01110401,117.2481,0.0,0.0,0.0
191,42020,0.363333,"[0.0,0.1)",1884,0.048643,1.088039,0.01127455,0.01226715,122.2301,33.7962,32.3621,1.5301
191,42020,0.363333,"[0.1,0.3)",2970,0.19172,1.019899,0.00796528,0.00812378,191.0402,33.7923,32.4885,6.3307
191,42020,0.363333,"[0.3,0.5)",1571,0.386706,0.927047,0.00508457,0.00471364,381.8287,33.6783,33.814,12.9311
191,42020,0.363333,"[0.5,0.7)",528,0.575968,0.836934,0.00545322,0.00456399,287.5123,33.2461,21.0923,12.0376
191,42020,0.363333,"[0.7,1.0)",60,0.745049,0.756425,0.00505554,0.00382414,273.0236,33.0249,17.847,13.3175
191,42020,0.363333,boundary(r=t),7012,0.0,1.0,0.01115965,0.01115965,117.3308,0.0,0.0,0.0
192,42240,0.36,"[0.0,0.1)",1861,0.050108,1.086536,0.0112141,0.01218453,123.4429,33.8611,31.6139,1.5396
192,42240,0.36,"[0.1,0.3)",2968,0.191709,1.019723,0.00779047,0.00794412,194.7874,33.8071,32.6758,6.3811
192,42240,0.36,"[0.3,0.5)",1617,0.385162,0.928433,0.00515796,0.00478882,373.6648,33.7305,32.9106,12.4881
192,42240,0.36,"[0.5,0.7)",516,0.573181,0.839686,0.00542789,0.00455772,283.9244,33.3576,21.2074,12.0089
192,42240,0.36,"[0.7,1.0)",51,0.746149,0.758049,0.00441113,0.00334385,731.5434,33.1256,22.417,16.8868
192,42240,0.36,boundary(r=t),7012,0.0,1.0,0.01109476,0.01109476,117.3953,0.0,0.0,0.0
193,42460,0.356667,"[0.0,0.1)",1798,0.050099,1.085748,0.01116687,0.01212441,122.3715,33.8103,31.2231,1.5459
193,42460,0.356667,"[0.1,0.3)",2939,0.19261,1.019118,0.00794453,0.00809641,188.1299,33.8832,31.6751,6.2086
193,42460,0.356667,"[0.3,0.5)",1669,0.387997,0.927772,0.00519225,0.00481722,355.3806,33.6415,31.9171,12.2707
193,42460,0.356667,"[0.5,0.7)",536,0.577872,0.839028,0.00542056,0.00454801,298.5837,33.5302,21.6995,12.3792
193,42460,0.356667,"[0.7,1.0)",71,0.754884,0.756183,0.00479665,0.00362714,296.3483,33.2359,18.9093,14.3502
193,42460,0.356667,boundary(r=t),7012,0.0,1.0,0.01106256,0.01106256,117.0842,0.0,0.0,0.0
194,42680,0.353333,"[0.0,0.1)",1854,0.049566,1.085202,0.01120068,0.012155,122.4267,33.6758,32.1433,1.5588
194,42680,0.353333,"[0.1,0.3)",2938,0.193455,1.018549,0.0078852,0.00803146,194.6504,33.9004,32.3983,6.3704
194,42680,0.353333,"[0.3,0.5)",1626,0.387297,0.928768,0.00498718,0.00463193,376.1504,33.6126,32.9957,12.6613
194,42680,0.353333,"[0.5,0.7)",535,0.57587,0.84146,0.00567109,0.00477199,294.1893,33.2505,21.6615,12.3227
194,42680,0.353333,"[0.7,1.0)",60,0.746022,0.762772,0.00535396,0.00408385,363.9391,33.2044,19.2477,14.518
194,42680,0.353333,boundary(r=t),7012,0.0,1.0,0.01117095,0.01117095,116.7742,0.0,0.0,0.0
195,42900,0.35,"[0.0,0.1)",1831,0.049366,1.084487,0.01120879,0.01215579,122.2009,33.776,32.4614,1.5532
195,42900,0.35,"[0.1,0.3)",3049,0.194966,1.017682,0.00772517,0.00786177,193.1002,33.8535,32.4139,6.4367
195,42900,0.35,"[0.3,0.5)",1533,0.386575,0.929777,0.00516724,0.00480438,351.9711,33.7076,32.2471,12.3401
195,42900,0.35,"[0.5,0.7)",541,0.574919,0.843366,0.00543495,0.00458365,288.6542,33.4583,20.9869,11.9779
195,42900,0.35,"[0.7,1.0)",59,0.746094,0.764857,0.00517825,0.00396062,407.8386,33.0628,19.884,14.9133
195,42900,0.35,boundary(r=t),7012,0.0,1.0,0.01111095,0.01111095,117.2089,0.0,0.0,0.0
196,43120,0.346667,"[0.0,0.1)",1903,0.049489,1.083626,0.01115335,0.01208607,124.7171,33.6923,31.91,1.5456
196,43120,0.346667,"[0.1,0.3)",2897,0.191439,1.019118,0.00808819,0.00824283,189.7525,33.8412,32.71,6.35
196,43120,0.346667,"[0.3,0.5)",1611,0.383135,0.931992,0.00505058,0.0047071,391.7494,33.6617,34.1895,12.9463
196,43120,0.346667,"[0.5,0.7)",548,0.577242,0.843782,0.00531177,0.00448198,302.34,33.7423,22.4073,12.8489
196,43120,0.346667,"[0.7,1.0)",54,0.743844,0.768246,0.00571723,0.00439223,223.1301,33.2286,16.7198,12.4581
196,43120,0.346667,boundary(r=t),7012,0.0,1.0,0.01107007,0.01107007,117.4068,0.0,0.0,0.0
197,43340,0.343333,"[0.0,0.1)",1897,0.04805,1.083483,0.01170002,0.01267677,119.9789,33.7173,31.4143,1.4742
197,43340,0.343333,"[0.1,0.3)",2944,0.191566,1.018878,0.0079864,0.00813716,189.0681,33.8963,32.3419,6.2546
197,43340,0.343333,"[0.3,0.5)",1588,0.385141,0.93174,0.00512315,0.00477344,362.8746,33.6091,32.6789,12.4496
197,43340,0.343333,"[0.5,0.7)",529,0.576067,0.84581,0.00563268,0.00476418,284.8983,33.3762,21.0863,12.0259
197,43340,0.343333,"[0.7,1.0)",55,0.752369,0.766429,0.00452469,0.00346786,516.0802,33.1738,21.5173,16.1862
197,43340,0.343333,boundary(r=t),7012,0.0,1.0,0.01104268,0.01104268,117.8118,0.0,0.0,0.0
198,43560,0.34,"[0.0,0.1)",1834,0.049127,1.082188,0.0114159,0.01235415,121.79,33.7716,31.3911,1.5079
198,43560,0.34,"[0.1,0.3)",2962,0.195424,1.016974,0.00770319,0.00783394,203.6598,33.8711,33.1964,6.5933
198,43560,0.34,"[0.3,0.5)",1612,0.387912,0.93117,0.005254,0.00489236,344.426,33.6801,31.807,12.2054
198,43560,0.34,"[0.5,0.7)",544,0.573515,0.848426,0.00535087,0.00453982,300.9451,33.6116,21.4689,12.2579
198,43560,0.34,"[0.7,1.0)",61,0.744028,0.772508,0.00528189,0.0040803,299.2667,33.9479,18.0837,13.425
198,43560,0.34,boundary(r=t),7012,0.0,1.0,0.01133696,0.01133696,116.003,0.0,0.0,0.0
199,43780,0.336667,"[0.0,0.1)",1897,0.049286,1.081317,0.01114701,0.01205345,123.3818,33.7373,31.3823,1.5162
199,43780,0.336667,"[0.1,0.3)",2939,0.192833,1.017956,0.00801638,0.00816032,197.5367,33.8627,32.3976,6.3906
199,43780,0.336667,"[0.3,0.5)",1605,0.386813,0.932322,0.00524963,0.00489434,353.7754,33.6135,32.166,12.2628
199,43780,0.336667,"[0.5,0.7)",515,0.575835,0.848912,0.00563992,0.0047878,288.3395,33.3912,21.6539,12.3598
199,43780,0.336667,"[0.7,1.0)",57,0.745471,0.773999,0.00481377,0.00372585,301.7133,33.1063,17.922,13.3162
199,43780,0.336667,boundary(r=t),7012,0.0,1.0,0.01121833,0.01121833,116.8358,0.0,0.0,0.0
200,44000,0.333333,"[0.0,0.1)",1890,0.050161,1.080135,0.01154643,0.01247171,120.0466,33.797,30.9561,1.5137
200,44000,0.333333,"[0.1,0.3)",2951,0.192459,1.01794,0.00791486,0.00805686,194.1086,33.824,32.566,6.3952
200,44000,0.333333,"[0.3,0.5)",1614,0.385735,0.933475,0.00511356,0.00477338,369.4427,33.7057,33.0476,12.5826
200,44000,0.333333,"[0.5,0.7)",504,0.574903,0.850773,0.00555123,0.00472283,303.2238,33.2246,21.8584,12.4563
200,44000,0.333333,"[0.7,1.0)",54,0.747308,0.775192,0.00453926,0.0035188,349.1695,33.5168,20.5727,15.3223
200,44000,0.333333,boundary(r=t),7012,0.0,1.0,0.01109391,0.01109391,117.0257,0.0,0.0,0.0
201,44220,0.33,"[0.0,0.1)",1892,0.049788,1.079498,0.01141422,0.01232162,121.889,33.7224,31.0987,1.5286
201,44220,0.33,"[0.1,0.3)",2920,0.192206,1.017871,0.00796592,0.00810828,190.6484,33.8636,32.0842,6.277
201,44220,0.33,"[0.3,0.5)",1608,0.388587,0.932894,0.00500451,0.00466868,415.0262,33.7343,34.3935,13.1839
201,44220,0.33,"[0.5,0.7)",533,0.576317,0.851611,0.00526449,0.0044833,307.9403,33.5041,21.8958,12.4976
201,44220,0.33,"[0.7,1.0)",60,0.747308,0.777563,0.004538,0.00352858,1042.5118,33.5335,23.6901,17.7564
201,44220,0.33,boundary(r=t),7012,0.0,1.0,0.01143116,0.01143116,115.655,0.0,0.0,0.0
202,44440,0.326667,"[0.0,0.1)",1872,0.049271,1.078923,0.01157628,0.01248991,119.9409,33.773,30.8343,1.4892
202,44440,0.326667,"[0.1,0.3)",2882,0.191886,1.017829,0.00803694,0.00818023,195.8453,33.8884,32.8791,6.4124
202,44440,0.326667,"[0.3,0.5)",1647,0.387286,0.934133,0.00530829,0.00495865,359.6846,33.6665,32.2717,12.3262
202,44440,0.326667,"[0.5,0.7)",555,0.572857,0.854614,0.00545751,0.00466407,293.8267,33.417,21.6667,12.3217
202,44440,0.326667,"[0.7,1.0)",57,0.75272,0.777599,0.00481936,0.00374753,452.3162,32.6689,21.4607,16.2793
202,44440,0.326667,boundary(r=t),7012,0.0,1.0,0.01129489,0.01129489,115.8372,0.0,0.0,0.0
203,44660,0.323333,"[0.0,0.1)",1838,0.049175,1.078171,0.01145335,0.01234867,121.8662,33.7735,30.9305,1.4912
203,44660,0.323333,"[0.1,0.3)",2932,0.191081,1.01799,0.00797909,0.00812264,191.1438,33.8865,32.4777,6.3118
203,44660,0.323333,"[0.3,0.5)",1640,0.385332,0.93563,0.00520776,0.00487253,378.2526,33.6264,33.2428,12.6315
203,44660,0.323333,"[0.5,0.7)",549,0.575206,0.855138,0.00546202,0.00467078,297.1561,33.6133,21.6806,12.3565
203,44660,0.323333,"[0.7,1.0)",54,0.758136,0.777618,0.00603294,0.00469132,441.513,32.9498,18.3175,14.0809
203,44660,0.323333,boundary(r=t),7012,0.0,1.0,0.01136998,0.01136998,115.0773,0.0,0.0,0.0
204,44880,0.32,"[0.0,0.1)",1862,0.04934,1.077286,0.01146684,0.01235307,121.6188,33.7325,31.5179,1.558
204,44880,0.32,"[0.1,0.3)",2951,0.191472,1.017637,0.00800624,0.00814745,192.586,33.8506,32.392,6.2768
204,44880,0.32,"[0.3,0.5)",1605,0.386218,0.935896,0.00523687,0.00490117,371.4383,33.7436,32.7656,12.4968
204,44880,0.32,"[0.5,0.7)",534,0.572245,0.857827,0.00523038,0.00448676,306.0112,33.5423,22.7009,12.871
204,44880,0.32,"[0.7,1.0)",61,0.741234,0.786996,0.00489366,0.00385129,284.3789,33.1912,18.1642,13.4166
204,44880,0.32,boundary(r=t),7012,0.0,1.0,0.01136024,0.01136024,115.7995,0.0,0.0,0.0
205,45100,0.316667,"[0.0,0.1)",1840,0.049337,1.076489,0.01127476,0.01213716,122.928,33.7263,31.4737,1.5263
205,45100,0.316667,"[0.1,0.3)",2968,0.19054,1.017845,0.00807096,0.00821498,191.5704,33.8986,32.5146,6.3264
205,45100,0.316667,"[0.3,0.5)",1615,0.388611,0.93557,0.00531779,0.00497516,380.9769,33.6123,32.5472,12.5277
205,45100,0.316667,"[0.5,0.7)",533,0.575279,0.858066,0.00533845,0.00458075,319.0889,33.572,21.9481,12.5168
205,45100,0.316667,"[0.7,1.0)",57,0.742054,0.788826,0.00591155,0.00466319,244.1822,32.7218,16.1262,12.0191
205,45100,0.316667,boundary(r=t),7012,0.0,1.0,0.01137877,0.01137877,115.8088,0.0,0.0,0.0
206,45320,0.313333,"[0.0,0.1)",1881,0.049648,1.075565,0.01118866,0.01203413,120.5595,33.7603,32.3745,1.5605
206,45320,0.313333,"[0.1,0.3)",2914,0.192389,1.016898,0.00797587,0.00811064,198.9099,33.9538,33.1278,6.5089
206,45320,0.313333,"[0.3,0.5)",1649,0.385266,0.937631,0.00518285,0.0048596,376.0671,33.7497,33.1808,12.5747
206,45320,0.313333,"[0.5,0.7)",505,0.578791,0.858069,0.00540318,0.0046363,292.7896,33.6133,21.5375,12.3787
206,45320,0.313333,"[0.7,1.0)",64,0.756853,0.784928,0.00489374,0.00384123,375.2931,33.3167,19.714,14.9666
206,45320,0.313333,boundary(r=t),7012,0.0,1.0,0.0112802,0.0112802,116.3609,0.0,0.0,0.0
207,45540,0.31,"[0.0,0.1)",1889,0.048211,1.075348,0.01129811,0.01214941,122.311,33.7508,31.7372,1.4992
207,45540,0.31,"[0.1,0.3)",2995,0.193118,1.016418,0.00802493,0.00815669,191.3796,33.8884,32.3189,6.349
207,45540,0.31,"[0.3,0.5)",1525,0.388107,0.937129,0.00509877,0.0047782,384.2502,33.6178,33.6741,12.9241
207,45540,0.31,"[0.5,0.7)",555,0.573182,0.861843,0.0055972,0.00482391,292.5792,33.5603,21.5146,12.2012
207,45540,0.31,"[0.7,1.0)",49,0.753947,0.788389,0.00478623,0.00377341,450.6863,34.1,21.3353,16.1306
207,45540,0.31,boundary(r=t),7012,0.0,1.0,0.01147179,0.01147179,114.8068,0.0,0.0,0.0
208,45760,0.306667,"[0.0,0.1)",1876,0.049625,1.073969,0.01181309,0.01268689,119.2056,33.7844,31.0345,1.5228
208,45760,0.306667,"[0.1,0.3)",2830,0.192679,1.016427,0.00805737,0.00818972,189.6847,33.8753,32.3499,6.3299
208,45760,0.306667,"[0.3,0.5)",1686,0.38619,0.938581,0.00505562,0.00474511,380.8266,33.7517,33.5022,12.7404
208,45760,0.306667,"[0.5,0.7)",572,0.574322,0.862891,0.00562077,0.00485011,272.9291,33.3882,20.8335,11.8565
208,45760,0.306667,"[0.7,1.0)",49,0.750956,0.791867,0.00512074,0.00405495,441.3808,33.7529,20.1803,15.2907
208,45760,0.306667,boundary(r=t),7012,0.0,1.0,0.01131669,0.01131669,116.803,0.0,0.0,0.0
209,45980,0.303333,"[0.0,0.1)",1912,0.049964,1.073033,0.01160607,0.0124537,118.9571,33.7916,30.6095,1.4867
209,45980,0.303333,"[0.1,0.3)",2977,0.193589,1.015886,0.00808651,0.00821497,186.6072,33.8315,31.4245,6.1944
209,45980,0.303333,"[0.3,0.5)",1568,0.384212,0.940032,0.00526292,0.00494731,367.7363,33.7161,32.7393,12.4188
209,45980,0.303333,"[0.5,0.7)",494,0.573789,0.864607,0.00544807,0.00471044,310.6143,33.4967,22.3942,12.7336
209,45980,0.303333,"[0.7,1.0)",62,0.749293,0.794763,0.00478478,0.00380277,351.6664,32.9273,18.1213,13.6129
209,45980,0.303333,boundary(r=t),7012,0.0,1.0,0.0113833,0.0113833,115.6303,0.0,0.0,0.0
210,46200,0.3,"[0.0,0.1)",1907,0.050122,1.072175,0.0112938,0.01210893,122.2559,33.7265,32.0676,1.5876
210,46200,0.3,"[0.1,0.3)",2878,0.192592,1.016101,0.0078239,0.00794988,201.5935,33.804,33.7248,6.6311
210,46200,0.3,"[0.3,0.5)",1649,0.385464,0.940195,0.00516326,0.00485447,365.5933,33.6475,33.1026,12.5829
210,46200,0.3,"[0.5,0.7)",523,0.578647,0.864159,0.00551265,0.00476381,286.271,33.5313,21.7791,12.4687
210,46200,0.3,"[0.7,1.0)",56,0.74774,0.797578,0.00532893,0.00425023,297.4993,33.3556,18.6395,14.0227
210,46200,0.3,boundary(r=t),7012,0.0,1.0,0.01141278,0.01141278,115.8692,0.0,0.0,0.0
211,46420,0.296667,"[0.0,0.1)",1882,0.04998,1.071431,0.01156688,0.01239311,121.3021,33.7877,31.7383,1.5587
211,46420,0.296667,"[0.1,0.3)",2952,0.193202,1.015688,0.00782612,0.0079489,199.9134,33.8476,33.5747,6.6244
211,46420,0.296667,"[0.3,0.5)",1612,0.386551,0.940431,0.0051404,0.00483419,375.9543,33.6624,33.4149,12.7187
211,46420,0.296667,"[0.5,0.7)",521,0.574272,0.867354,0.00539298,0.00467762,309.7283,33.7161,22.4172,12.6952
211,46420,0.296667,"[0.7,1.0)",46,0.744251,0.801141,0.00508421,0.00407317,419.8925,33.297,20.0817,15.0085
211,46420,0.296667,boundary(r=t),7012,0.0,1.0,0.01136893,0.01136893,116.5254,0.0,0.0,0.0
212,46640,0.293333,"[0.0,0.1)",1905,0.049378,1.070871,0.01126493,0.01206329,122.5235,33.7364,31.7531,1.5445
212,46640,0.293333,"[0.1,0.3)",2913,0.192743,1.015686,0.00790127,0.0080252,194.9823,33.8406,33.4362,6.5582
212,46640,0.293333,"[0.3,0.5)",1591,0.384747,0.941792,0.00514458,0.00484513,382.0632,33.6753,33.5073,12.7041
212,46640,0.293333,"[0.5,0.7)",539,0.571651,0.869839,0.00533064,0.0046368,289.6507,33.7696,21.9487,12.4531
212,46640,0.293333,"[0.7,1.0)",65,0.750027,0.801258,0.00490285,0.00392845,300.8381,33.3615,19.004,14.2118
212,46640,0.293333,boundary(r=t),7012,0.0,1.0,0.01127232,0.01127232,116.3999,0.0,0.0,0.0
213,46860,0.29,"[0.0,0.1)",1876,0.049652,1.069965,0.01179001,0.0126149,117.1085,33.7708,31.7691,1.5451
213,46860,0.29,"[0.1,0.3)",2933,0.193618,1.01518,0.00791419,0.00803432,191.2925,33.9245,32.1461,6.3437
213,46860,0.29,"[0.3,0.5)",1600,0.387097,0.941553,0.00518148,0.00487864,374.6345,33.7248,32.8814,12.5636
213,46860,0.29,"[0.5,0.7)",546,0.574073,0.870428,0.00547718,0.00476749,312.0708,33.4273,22.3013,12.6673
213,46860,0.29,"[0.7,1.0)",58,0.738678,0.807763,0.00495379,0.00400149,350.9567,32.9913,19.6121,14.4478
213,46860,0.29,boundary(r=t),7012,0.0,1.0,0.01149983,0.01149983,115.236,0.0,0.0,0.0
214,47080,0.286667,"[0.0,0.1)",1876,0.049814,1.069101,0.01157346,0.0123732,120.601,33.7831,30.9808,1.5189
214,47080,0.286667,"[0.1,0.3)",3025,0.190107,1.016324,0.00819026,0.00832396,189.3307,33.9143,32.3364,6.2481
214,47080,0.286667,"[0.3,0.5)",1576,0.385967,0.942641,0.00511297,0.0048197,371.7584,33.7083,33.0922,12.5697
214,47080,0.286667,"[0.5,0.7)",482,0.575289,0.87143,0.0055913,0.00487242,326.8452,33.522,22.034,12.4909
214,47080,0.286667,"[0.7,1.0)",54,0.741551,0.809071,0.00471315,0.00381328,486.6992,33.3189,19.602,14.6573
214,47080,0.286667,boundary(r=t),7012,0.0,1.0,0.01138282,0.01138282,115.4836,0.0,0.0,0.0
215,47300,0.283333,"[0.0,0.1)",1866,0.048973,1.068613,0.01157896,0.01237344,121.4707,33.7486,31.4033,1.5285
215,47300,0.283333,"[0.1,0.3)",2906,0.192504,1.015245,0.00802431,0.00814664,190.4842,33.9134,32.3346,6.2912
215,47300,0.283333,"[0.3,0.5)",1648,0.387734,0.942642,0.00538825,0.00507919,350.9808,33.8011,31.6686,12.1179
215,47300,0.283333,"[0.5,0.7)",541,0.577588,0.872052,0.00569863,0.0049695,285.5572,33.3963,21.1511,12.0951
215,47300,0.283333,"[0.7,1.0)",52,0.74681,0.809041,0.00439385,0.0035548,444.7659,33.1034,21.4054,16.1187
215,47300,0.283333,boundary(r=t),7012,0.0,1.0,0.01147262,0.01147262,115.3669,0.0,0.0,0.0
216,47520,0.28,"[0.0,0.1)",1842,0.0488,1.067876,0.01167985,0.01247262,119.5145,33.8322,31.6089,1.5294
216,47520,0.28,"[0.1,0.3)",2931,0.192107,1.015216,0.00813948,0.00826333,187.8821,33.9405,32.6774,6.3707
216,47520,0.28,"[0.3,0.5)",1630,0.386184,0.9439,0.00532336,0.00502472,369.5478,33.6476,32.5741,12.4376
216,47520,0.28,"[0.5,0.7)",530,0.578066,0.873366,0.00536263,0.00468354,305.0412,33.5908,21.7513,12.4781
216,47520,0.28,"[0.7,1.0)",80,0.749028,0.810483,0.00536064,0.00434471,306.368,33.1582,18.5002,13.8818
216,47520,0.28,boundary(r=t),7012,0.0,1.0,0.01149658,0.01149658,115.6697,0.0,0.0,0.0
217,47740,0.276667,"[0.0,0.1)",1870,0.049869,1.066679,0.01140296,0.0121633,120.4355,33.7679,31.3895,1.5345
217,47740,0.276667,"[0.1,0.3)",2942,0.192331,1.014953,0.00808791,0.00820885,189.6116,33.9357,31.9566,6.1986
217,47740,0.276667,"[0.3,0.5)",1612,0.385123,0.944933,0.00526462,0.00497472,371.0696,33.6739,33.0045,12.5738
217,47740,0.276667,"[0.5,0.7)",539,0.574995,0.87601,0.00562697,0.00492928,299.3611,33.4092,21.6908,12.3283
217,47740,0.276667,"[0.7,1.0)",50,0.740511,0.815869,0.00618941,0.00504975,245.6556,32.6313,16.5959,12.337
217,47740,0.276667,boundary(r=t),7012,0.0,1.0,0.01161228,0.01161228,114.3341,0.0,0.0,0.0
218,47960,0.273333,"[0.0,0.1)",1833,0.049159,1.066145,0.01135178,0.01210264,123.1685,33.681,30.6655,1.4997
218,47960,0.273333,"[0.1,0.3)",2993,0.193754,1.014261,0.00820945,0.00832653,191.8722,33.8985,32.307,6.3697
218,47960,0.273333,"[0.3,0.5)",1613,0.386519,0.945098,0.00525258,0.0049642,364.41,33.8821,32.9429,12.5177
218,47960,0.273333,"[0.5,0.7)",520,0.577004,0.876757,0.00544666,0.00477539,335.9988,33.6213,22.3026,12.7614
218,47960,0.273333,"[0.7,1.0)",54,0.742659,0.817434,0.00527973,0.00431584,314.1941,33.3316,18.1734,13.5107
218,47960,0.273333,boundary(r=t),7012,0.0,1.0,0.01154909,0.01154909,114.9986,0.0,0.0,0.0
219,48180,0.27,"[0.0,0.1)",1886,0.050556,1.064848,0.01148048,0.01222496,120.8047,33.801,32.0191,1.6189
219,48180,0.27,"[0.1,0.3)",2961,0.193007,1.014352,0.00799546,0.00811022,189.6765,33.7974,32.3172,6.337
219,48180,0.27,"[0.3,0.5)",1569,0.386873,0.945635,0.00533475,0.00504472,367.3088,33.6965,32.5734,12.4579
219,48180,0.27,"[0.5,0.7)",533,0.576973,0.878279,0.00560878,0.00492607,311.0626,33.4991,21.8009,12.4642
219,48180,0.27,"[0.7,1.0)",64,0.751248,0.81657,0.00539948,0.00440905,366.276,33.2447,18.1571,13.6386
219,48180,0.27,boundary(r=t),7012,0.0,1.0,0.01165487,0.01165487,115.126,0.0,0.0,0.0
220,48400,0.266667,"[0.0,0.1)",1821,0.049243,1.064503,0.01139989,0.01213522,122.3713,33.8196,31.4867,1.5288
220,48400,0.266667,"[0.1,0.3)",2965,0.192417,1.014383,0.00794074,0.00805495,197.9198,33.8743,33.2781,6.5018
220,48400,0.266667,"[0.3,0.5)",1645,0.387928,0.945935,0.00527977,0.00499432,367.462,33.6875,32.4235,12.4716
220,48400,0.266667,"[0.5,0.7)",530,0.574614,0.88057,0.0053781,0.00473579,331.9489,33.568,22.9194,13.0351
220,48400,0.266667,"[0.7,1.0)",52,0.74124,0.822311,0.00451189,0.00371018,358.3886,32.682,19.7544,14.7219
220,48400,0.266667,boundary(r=t),7012,0.0,1.0,0.01166906,0.01166906,113.411,0.0,0.0,0.0
221,48620,0.263333,"[0.0,0.1)",1807,0.04948,1.063628,0.01184842,0.01260231,117.7367,33.7673,31.207,1.5094
221,48620,0.263333,"[0.1,0.3)",2943,0.193231,1.013922,0.00812115,0.00823422,182.0173,33.8962,31.3416,6.1487
221,48620,0.263333,"[0.3,0.5)",1648,0.385779,0.947348,0.00533837,0.00505729,374.9885,33.8619,32.8878,12.5763
221,48620,0.263333,"[0.5,0.7)",557,0.57426,0.882169,0.00552418,0.00487326,348.1311,33.3934,23.0422,13.1082
221,48620,0.263333,"[0.7,1.0)",58,0.757812,0.818773,0.00501532,0.00410641,466.3673,33.6185,21.2587,16.1131
221,48620,0.263333,boundary(r=t),7012,0.0,1.0,0.01145942,0.01145942,115.0264,0.0,0.0,0.0
222,48840,0.26,"[0.0,0.1)",1859,0.050999,1.062308,0.01152692,0.01224514,120.1025,33.8427,31.7186,1.601
222,48840,0.26,"[0.1,0.3)",2993,0.193092,1.013798,0.00814472,0.00825711,196.3007,33.9198,32.6089,6.437
222,48840,0.26,"[0.3,0.5)",1583,0.389231,0.946841,0.00519728,0.004921,385.3285,33.7231,33.2368,12.7888
222,48840,0.26,"[0.5,0.7)",524,0.576722,0.882813,0.00550268,0.00485784,331.0635,33.518,22.6616,12.925
222,48840,0.26,"[0.7,1.0)",54,0.744786,0.825428,0.00533834,0.00440642,359.62,33.0089,19.1942,14.2481
222,48840,0.26,boundary(r=t),7012,0.0,1.0,0.01158076,0.01158076,114.5874,0.0,0.0,0.0
223,49060,0.256667,"[0.0,0.1)",1827,0.049697,1.061947,0.0116329,0.01235352,121.678,33.7945,31.7419,1.5367
223,49060,0.256667,"[0.1,0.3)",2968,0.192311,1.013886,0.00824602,0.00836053,189.5825,33.9092,32.4489,6.3533
223,49060,0.256667,"[0.3,0.5)",1622,0.384753,0.949024,0.00513397,0.00487226,374.5277,33.6531,32.8384,12.5454
223,49060,0.256667,"[0.5,0.7)",538,0.572098,0.88586,0.00556722,0.00493178,283.072,33.5431,21.6928,12.3297
223,49060,0.256667,"[0.7,1.0)",58,0.749919,0.825886,0.00517404,0.00427317,397.0036,33.217,19.4466,14.8072
223,49060,0.256667,boundary(r=t),7012,0.0,1.0,0.01162925,0.01162925,115.0452,0.0,0.0,0.0
224,49280,0.253333,"[0.0,0.1)",1836,0.049296,1.061285,0.01149124,0.01219548,121.2339,33.7199,31.2966,1.5075
224,49280,0.253333,"[0.1,0.3)",2992,0.193862,1.013189,0.00806189,0.00816822,192.1771,33.8072,32.6779,6.4198
224,49280,0.253333,"[0.3,0.5)",1608,0.38741,0.948796,0.00532762,0.00505482,362.1253,33.7517,32.4794,12.446
224,49280,0.253333,"[0.5,0.7)",522,0.574875,0.886401,0.00550351,0.00487831,295.1549,33.4962,21.6782,12.3332
224,49280,0.253333,"[0.7,1.0)",55,0.753829,0.827021,0.00565827,0.00467951,269.7506,32.7757,16.9206,12.7565
224,49280,0.253333,boundary(r=t),7012,0.0,1.0,0.01177653,0.01177653,114.2285,0.0,0.0,0.0
225,49500,0.25,"[0.0,0.1)",1869,0.049719,1.060344,0.01197907,0.01270194,117.5393,33.8178,30.2243,1.4693
225,49500,0.25,"[0.1,0.3)",2940,0.194246,1.012891,0.00816473,0.00826998,190.9658,33.838,32.3316,6.3651
225,49500,0.25,"[0.3,0.5)",1583,0.387492,0.949442,0.00511395,0.0048554,384.7936,33.7671,33.5506,12.8467
225,49500,0.25,"[0.5,0.7)",554,0.5751,0.887834,0.0056018,0.00497347,294.1199,33.6491,21.8191,12.3955
225,49500,0.25,"[0.7,1.0)",67,0.740093,0.833697,0.00489005,0.00407682,448.4737,33.983,19.4369,14.395
225,49500,0.25,boundary(r=t),7012,0.0,1.0,0.01169478,0.01169478,114.3248,0.0,0.0,0.0
226,49720,0.246667,"[0.0,0.1)",1849,0.050271,1.059368,0.01169008,0.0123841,121.2859,33.8277,30.7217,1.5042
226,49720,0.246667,"[0.1,0.3)",2952,0.191528,1.0136,0.00820587,0.00831747,186.7753,33.834,31.8235,6.202
226,49720,0.246667,"[0.3,0.5)",1635,0.386808,0.950323,0.00512959,0.00487477,372.7047,33.7901,33.3975,12.7417
226,49720,0.246667,"[0.5,0.7)",537,0.573382,0.889871,0.00550341,0.00489732,321.6207,33.4212,22.306,12.6104
226,49720,0.246667,"[0.7,1.0)",40,0.755109,0.831103,0.00554554,0.00460892,230.5749,32.7427,15.2623,11.554
226,49720,0.246667,boundary(r=t),7012,0.0,1.0,0.01168236,0.01168236,114.2454,0.0,0.0,0.0
227,49940,0.243333,"[0.0,0.1)",1850,0.049443,1.058841,0.01189128,0.01259098,118.0706,33.8862,30.8423,1.4992
227,49940,0.243333,"[0.1,0.3)",2978,0.191926,1.013292,0.00822202,0.0083313,186.9922,33.9233,32.1433,6.2337
227,49940,0.243333,"[0.3,0.5)",1605,0.386995,0.950946,0.00527455,0.00501582,390.6465,33.7427,33.8121,12.9223
227,49940,0.243333,"[0.5,0.7)",528,0.572986,0.891493,0.00539798,0.00481226,326.9541,33.421,22.6745,12.9145
227,49940,0.243333,"[0.7,1.0)",52,0.763011,0.830828,0.00503409,0.00418246,322.1171,34.0319,19.0238,14.5311
227,49940,0.243333,boundary(r=t),7012,0.0,1.0,0.01181196,0.01181196,114.3954,0.0,0.0,0.0
228,50160,0.24,"[0.0,0.1)",1841,0.050647,1.057664,0.01190483,0.01259132,117.6722,33.747,30.3168,1.4997
228,50160,0.24,"[0.1,0.3)",2956,0.192307,1.012989,0.0082834,0.008391,188.7739,33.8727,32.3402,6.3411
228,50160,0.24,"[0.3,0.5)",1636,0.386385,0.951799,0.00518244,0.00493264,384.3904,33.6946,33.6802,12.8256
228,50160,0.24,"[0.5,0.7)",526,0.573446,0.892839,0.00593373,0.00529787,274.6331,33.5079,21.2652,12.0591
228,50160,0.24,"[0.7,1.0)",54,0.748248,0.837892,0.00472142,0.00395604,367.4068,33.9605,19.6821,14.7708
228,50160,0.24,boundary(r=t),7012,0.0,1.0,0.01166756,0.01166756,115.1174,0.0,0.0,0.0
229,50380,0.236667,"[0.0,0.1)",1846,0.048764,1.057448,0.01181744,0.01249633,117.5227,33.9893,31.1519,1.5138
229,50380,0.236667,"[0.1,0.3)",2927,0.192914,1.012622,0.00804709,0.00814866,194.8713,33.8348,32.777,6.407
229,50380,0.236667,"[0.3,0.5)",1628,0.388624,0.951766,0.00550407,0.00523858,363.8615,33.7381,32.3985,12.4519
229,50380,0.236667,"[0.5,0.7)",548,0.572867,0.89446,0.00537516,0.00480787,301.1637,33.4167,21.4984,12.195
229,50380,0.236667,"[0.7,1.0)",64,0.74013,0.842632,0.005763,0.00485609,218.3399,33.4212,15.3535,11.3543
229,50380,0.236667,boundary(r=t),7012,0.0,1.0,0.01166742,0.01166742,114.8124,0.0,0.0,0.0
230,50600,0.233333,"[0.0,0.1)",1850,0.049046,1.056553,0.01175983,0.01242488,120.707,33.6581,31.2805,1.4945
230,50600,0.233333,"[0.1,0.3)",2958,0.191837,1.012777,0.00813571,0.00823967,192.8681,33.838,32.3346,6.3465
230,50600,0.233333,"[0.3,0.5)",1648,0.386224,0.953175,0.00524896,0.00500317,361.3374,33.6601,32.4226,12.3776
230,50600,0.233333,"[0.5,0.7)",504,0.577462,0.894556,0.00570721,0.00510542,293.8415,33.2902,21.129,12.0805
230,50600,0.233333,"[0.7,1.0)",53,0.738989,0.845025,0.00483313,0.00408411,304.077,33.827,19.4782,14.3496
230,50600,0.233333,boundary(r=t),7012,0.0,1.0,0.01185367,0.01185367,112.9914,0.0,0.0,0.0
231,50820,0.23,"[0.0,0.1)",1877,0.049606,1.055584,0.011744,0.01239677,118.1625,33.7632,30.6258,1.4792
231,50820,0.23,"[0.1,0.3)",2907,0.193478,1.012098,0.00817838,0.00827732,192.3283,33.9603,32.6841,6.4541
231,50820,0.23,"[0.3,0.5)",1599,0.387455,0.953464,0.00539049,0.00513963,365.7782,33.7576,32.8953,12.587
231,50820,0.23,"[0.5,0.7)",551,0.577984,0.895871,0.00562672,0.00504081,299.5311,33.4751,21.3647,12.2644
231,50820,0.23,"[0.7,1.0)",79,0.746068,0.84503,0.00497088,0.00420054,330.3667,33.0673,18.8286,13.9814
231,50820,0.23,boundary(r=t),7012,0.0,1.0,0.01172246,0.01172246,114.7368,0.0,0.0,0.0
232,51040,0.226667,"[0.0,0.1)",1855,0.048728,1.055041,0.01161562,0.01225496,120.8556,33.7402,30.9568,1.4674
232,51040,0.226667,"[0.1,0.3)",2977,0.194932,1.011492,0.00808313,0.00817603,191.5336,33.8355,32.7245,6.4871
232,51040,0.226667,"[0.3,0.5)",1579,0.386612,0.954395,0.00519284,0.00495602,396.727,33.8232,34.1588,12.9788
232,51040,0.226667,"[0.5,0.7)",557,0.5718,0.899223,0.00561159,0.00504607,314.3425,33.4031,22.3625,12.6969
232,51040,0.226667,"[0.7,1.0)",45,0.739873,0.84928,0.00534936,0.0045431,289.8287,33.3776,17.7253,13.1444
232,51040,0.226667,boundary(r=t),7012,0.0,1.0,0.01178566,0.01178566,114.0236,0.0,0.0,0.0
233,51260,0.223333,"[0.0,0.1)",1884,0.04954,1.054007,0.01165882,0.01228847,119.5915,33.7212,30.4483,1.4917
233,51260,0.223333,"[0.1,0.3)",3006,0.19307,1.011868,0.00830992,0.00840854,187.0913,33.9772,32.3059,6.3124
233,51260,0.223333,"[0.3,0.5)",1567,0.386796,0.955006,0.00522123,0.00498631,375.1516,33.6496,33.0116,12.6414
233,51260,0.223333,"[0.5,0.7)",506,0.57656,0.899284,0.00528051,0.00474868,306.3176,33.6119,21.9373,12.541
233,51260,0.223333,"[0.7,1.0)",50,0.746281,0.849257,0.0054021,0.00458777,261.1103,33.6664,18.3143,13.7221
233,51260,0.223333,boundary(r=t),7012,0.0,1.0,0.01175209,0.01175209,114.8106,0.0,0.0,0.0
234,51480,0.22,"[0.0,0.1)",1846,0.049092,1.053338,0.01165504,0.0122767,120.4449,33.7953,31.2942,1.4955
234,51480,0.22,"[0.1,0.3)",2950,0.191847,1.012047,0.00824671,0.00834606,193.125,33.8435,32.1102,6.3067
234,51480,0.22,"[0.3,0.5)",1628,0.387882,0.955359,0.00523206,0.0049985,401.6385,33.8378,33.939,13.0506
234,51480,0.22,"[0.5,0.7)",532,0.579691,0.899893,0.00564963,0.00508407,279.7364,33.5219,21.147,12.1212
234,51480,0.22,"[0.7,1.0)",57,0.751721,0.849964,0.00487365,0.00414243,311.7342,33.3434,18.6721,14.1496
234,51480,0.22,boundary(r=t),7012,0.0,1.0,0.01190317,0.01190317,113.1969,0.0,0.0,0.0
235,51700,0.216667,"[0.0,0.1)",1866,0.049245,1.052498,0.0117619,0.01237937,119.189,33.7727,30.1436,1.4565
235,51700,0.216667,"[0.1,0.3)",2937,0.193796,1.011313,0.00822662,0.00831969,190.2708,34.0349,32.1633,6.3658
235,51700,0.216667,"[0.3,0.5)",1642,0.386239,0.956499,0.005432,0.0051957,357.6258,33.623,32.3587,12.3594
235,51700,0.216667,"[0.5,0.7)",516,0.57603,0.902458,0.00555766,0.00501556,305.8996,33.3569,21.7726,12.477
235,51700,0.216667,"[0.7,1.0)",52,0.753608,0.851888,0.00433091,0.00368945,651.1218,33.4746,23.3064,17.543
235,51700,0.216667,boundary(r=t),7012,0.0,1.0,0.0119527,0.0119527,113.5046,0.0,0.0,0.0
236,51920,0.213333,"[0.0,0.1)",1863,0.049332,1.051653,0.01172679,0.01233252,118.4511,33.6867,31.1505,1.5112
236,51920,0.213333,"[0.1,0.3)",3001,0.193362,1.011261,0.00838294,0.00847734,183.1175,33.8497,31.7483,6.1785
236,51920,0.213333,"[0.3,0.5)",1567,0.386347,0.957124,0.00559253,0.00535274,351.8727,33.6906,31.6092,12.0619
236,51920,0.213333,"[0.5,0.7)",521,0.572729,0.904828,0.00546097,0.00494124,354.8451,33.4128,22.1647,12.6055
236,51920,0.213333,"[0.7,1.0)",61,0.754166,0.85392,0.00461781,0.00394324,331.2032,33.6586,19.4529,14.7042
236,51920,0.213333,boundary(r=t),7012,0.0,1.0,0.01167613,0.01167613,114.7331,0.0,0.0,0.0
237,52140,0.21,"[0.0,0.1)",1859,0.049432,1.050839,0.01168052,0.01227435,120.0748,33.7431,31.3347,1.5275
237,52140,0.21,"[0.1,0.3)",2924,0.195519,1.010489,0.00816862,0.00825431,194.8724,33.9391,32.3541,6.4462
237,52140,0.21,"[0.3,0.5)",1632,0.389031,0.957055,0.00557442,0.00533503,367.6472,33.7351,31.6796,12.239
237,52140,0.21,"[0.5,0.7)",531,0.581873,0.903788,0.00563071,0.00508897,285.9215,33.2524,21.1094,12.2078
237,52140,0.21,"[0.7,1.0)",67,0.750163,0.857238,0.00499,0.00427762,449.2135,33.3857,21.1195,15.8586
237,52140,0.21,boundary(r=t),7012,0.0,1.0,0.01184211,0.01184211,113.5588,0.0,0.0,0.0
238,52360,0.206667,"[0.0,0.1)",1833,0.049612,1.049987,0.01196816,0.01256641,118.7538,33.8437,30.4296,1.4917
238,52360,0.206667,"[0.1,0.3)",2998,0.191728,1.011353,0.00824124,0.00833481,186.767,33.8938,32.0177,6.2262
238,52360,0.206667,"[0.3,0.5)",1613,0.384009,0.959083,0.00541191,0.00519047,349.2255,33.6834,32.2325,12.2686
238,52360,0.206667,"[0.5,0.7)",504,0.576351,0.906837,0.00551824,0.00500414,303.7589,33.6095,21.702,12.4262
238,52360,0.206667,"[0.7,1.0)",65,0.743008,0.861574,0.00479036,0.00412725,353.6756,33.3792,19.2913,14.2778
238,52360,0.206667,boundary(r=t),7012,0.0,1.0,0.01196365,0.01196365,113.3934,0.0,0.0,0.0
239,52580,0.203333,"[0.0,0.1)",1825,0.049094,1.049328,0.0116582,0.01223327,121.371,33.7293,31.4927,1.5109
239,52580,0.203333,"[0.1,0.3)",3008,0.192493,1.010971,0.00830839,0.00839954,188.2883,33.8687,31.9695,6.2472
239,52580,0.203333,"[0.3,0.5)",1608,0.38593,0.959242,0.00535792,0.00513953,367.777,33.7582,33.1774,12.6233
239,52580,0.203333,"[0.5,0.7)",517,0.574421,0.908802,0.00531544,0.00483068,303.0685,33.4145,22.1698,12.626
239,52580,0.203333,"[0.7,1.0)",55,0.755986,0.860179,0.00525772,0.00452258,477.7593,33.4313,19.9776,15.3357
239,52580,0.203333,boundary(r=t),7012,0.0,1.0,0.0120154,0.0120154,112.7415,0.0,0.0,0.0
240,52800,0.2,"[0.0,0.1)",1836,0.048429,1.048685,0.01195199,0.01253387,117.8893,33.8757,30.8063,1.4735
240,52800,0.2,"[0.1,0.3)",2984,0.192698,1.010737,0.00821105,0.00829922,190.5373,33.8172,32.3843,6.3553
240,52800,0.2,"[0.3,0.5)",1609,0.386525,0.95974,0.0053579,0.00514219,401.1981,33.7133,34.019,13.016
240,52800,0.2,"[0.5,0.7)",515,0.573189,0.910561,0.00548763,0.00499682,303.93,33.3618,22.103,12.5633
240,52800,0.2,"[0.7,1.0)",69,0.746882,0.864922,0.00492643,0.00426098,312.3232,33.4896,18.4299,13.8163
240,52800,0.2,boundary(r=t),7012,0.0,1.0,0.0121112,0.0121112,112.2101,0.0,0.0,0.0
241,53020,0.196667,"[0.0,0.1)",1866,0.049759,1.047555,0.01205125,0.01262434,117.6285,33.8972,30.7784,1.5132
241,53020,0.196667,"[0.1,0.3)",2924,0.19366,1.010309,0.00835687,0.00844302,187.5853,33.8859,31.8033,6.2668
241,53020,0.196667,"[0.3,0.5)",1590,0.384494,0.960924,0.00525149,0.00504628,376.8131,33.8305,33.4816,12.7253
241,53020,0.196667,"[0.5,0.7)",574,0.57422,0.911809,0.00558988,0.0050969,301.2732,33.3817,21.6554,12.3187
241,53020,0.196667,"[0.7,1.0)",59,0.750074,0.866457,0.00497733,0.00431265,567.0435,33.4719,22.2733,16.7206
241,53020,0.196667,boundary(r=t),7012,0.0,1.0,0.0120558,0.0120558,113.1118,0.0,0.0,0.0
242,53240,0.193333,"[0.0,0.1)",1903,0.049028,1.046944,0.01185265,0.01240906,119.0479,33.8621,30.5029,1.464
242,53240,0.193333,"[0.1,0.3)",2950,0.192392,1.01046,0.00826475,0.0083512,186.6752,33.8365,32.0509,6.2679
242,53240,0.193333,"[0.3,0.5)",1592,0.385086,0.961441,0.00527041,0.00506719,376.2413,33.759,33.1189,12.6254
242,53240,0.193333,"[0.5,0.7)",524,0.573441,0.913515,0.00548857,0.00501389,304.0652,33.5797,21.9883,12.4632
242,53240,0.193333,"[0.7,1.0)",44,0.73829,0.871681,0.00523198,0.00456062,327.6493,32.9742,19.3837,14.4181
242,53240,0.193333,boundary(r=t),7012,0.0,1.0,0.01200944,0.01200944,112.522,0.0,0.0,0.0
243,53460,0.19,"[0.0,0.1)",1919,0.049835,1.045932,0.01188989,0.01243602,119.502,33.7372,31.56,1.5307
243,53460,0.19,"[0.1,0.3)",2924,0.194404,1.009778,0.00837699,0.0084589,186.8942,33.9343,32.0979,6.3212
243,53460,0.19,"[0.3,0.5)",1531,0.386881,0.961648,0.0053825,0.00517607,364.6365,33.8884,32.8752,12.5761
243,53460,0.19,"[0.5,0.7)",567,0.577859,0.913879,0.00582804,0.00532612,300.7969,33.4009,21.8054,12.4456
243,53460,0.19,"[0.7,1.0)",72,0.746684,0.871678,0.0046607,0.00406263,354.9921,33.6577,19.4854,14.6604
243,53460,0.19,boundary(r=t),7012,0.0,1.0,0.01193966,0.01193966,113.716,0.0,0.0,0.0
244,53680,0.186667,"[0.0,0.1)",1866,0.049151,1.045307,0.01183668,0.01237297,120.2348,33.7337,31.273,1.5271
244,53680,0.186667,"[0.1,0.3)",2976,0.195888,1.009243,0.00827775,0.00835426,193.7518,33.9408,33.1226,6.5801
244,53680,0.186667,"[0.3,0.5)",1601,0.385881,0.962561,0.00525771,0.00506086,382.0462,33.7161,34.1357,13.0521
244,53680,0.186667,"[0.5,0.7)",509,0.571414,0.91696,0.00539525,0.00494723,335.1948,33.5224,23.3041,13.1387
244,53680,0.186667,"[0.7,1.0)",61,0.739141,0.875627,0.00495217,0.00433626,508.638,33.3906,22.1581,16.4654
244,53680,0.186667,boundary(r=t),7012,0.0,1.0,0.01211511,0.01211511,113.0502,0.0,0.0,0.0
245,53900,0.183333,"[0.0,0.1)",1867,0.049405,1.044435,0.01198373,0.01251622,117.6517,33.8071,30.7838,1.5086
245,53900,0.183333,"[0.1,0.3)",2994,0.192256,1.009955,0.00836562,0.0084489,189.2139,33.9231,31.6503,6.2257
245,53900,0.183333,"[0.3,0.5)",1573,0.388191,0.962657,0.00515194,0.00495955,356.4583,33.7114,32.7844,12.5515
245,53900,0.183333,"[0.5,0.7)",511,0.575471,0.917452,0.0057257,0.00525306,323.0408,33.6789,22.3908,12.823
245,53900,0.183333,"[0.7,1.0)",68,0.753494,0.874602,0.0055765,0.00487722,269.3943,32.8815,16.7241,12.6534
245,53900,0.183333,boundary(r=t),7012,0.0,1.0,0.01207655,0.01207655,112.4659,0.0,0.0,0.0
246,54120,0.18,"[0.0,0.1)",1828,0.049138,1.043702,0.01207695,0.01260473,116.1402,33.8329,31.054,1.4919
246,54120,0.18,"[0.1,0.3)",2909,0.193298,1.009531,0.00831609,0.00839535,188.5367,33.9806,32.0397,6.3074
246,54120,0.18,"[0.3,0.5)",1712,0.386821,0.963657,0.00548985,0.00529033,361.8299,33.7938,32.3809,12.4139
246,54120,0.18,"[0.5,0.7)",524,0.574996,0.919032,0.00559027,0.00513764,312.6299,33.5541,22.0607,12.5465
246,54120,0.18,"[0.7,1.0)",40,0.753292,0.876816,0.00494928,0.00433961,290.1108,32.9477,18.012,13.7104
246,54120,0.18,boundary(r=t),7012,0.0,1.0,0.01217253,0.01217253,112.2141,0.0,0.0,0.0
247,54340,0.176667,"[0.0,0.1)",1776,0.049453,1.042815,0.0121049,0.01262317,119.0571,33.6658,30.9774,1.5178
247,54340,0.176667,"[0.1,0.3)",3011,0.193964,1.0092,0.00828338,0.00835959,190.3898,33.9214,32.5806,6.452
247,54340,0.176667,"[0.3,0.5)",1629,0.385481,0.964632,0.00539727,0.00520638,362.4089,33.8059,32.705,12.4214
247,54340,0.176667,"[0.5,0.7)",533,0.575881,0.920341,0.00564759,0.00519771,302.8569,33.4372,21.3773,12.2276
247,54340,0.176667,"[0.7,1.0)",64,0.742482,0.881651,0.00478209,0.00421614,301.1041,33.4138,18.1104,13.4056
247,54340,0.176667,boundary(r=t),7012,0.0,1.0,0.01213691,0.01213691,112.7184,0.0,0.0,0.0
248,54560,0.173333,"[0.0,0.1)",1889,0.049193,1.042083,0.01223524,0.01275013,115.7021,33.9185,31.5335,1.5232
248,54560,0.173333,"[0.1,0.3)",2909,0.192637,1.009332,0.00831944,0.00839708,187.2046,33.8843,32.5156,6.3713
248,54560,0.173333,"[0.3,0.5)",1618,0.386742,0.96501,0.0054383,0.00524801,391.4302,33.7352,33.4028,12.7654
248,54560,0.173333,"[0.5,0.7)",524,0.578655,0.92119,0.00528832,0.00487155,320.0447,33.4497,22.2345,12.7088
248,54560,0.173333,"[0.7,1.0)",73,0.749936,0.882057,0.00511965,0.00451582,336.6016,33.1065,19.5145,14.6873
248,54560,0.173333,boundary(r=t),7012,0.0,1.0,0.01203535,0.01203535,112.0619,0.0,0.0,0.0
249,54780,0.17,"[0.0,0.1)",1852,0.049651,1.041182,0.0116351,0.01211427,122.0523,33.6468,31.1592,1.5208
249,54780,0.17,"[0.1,0.3)",2945,0.192074,1.009279,0.00839639,0.0084743,188.0834,33.8577,32.0018,6.274
249,54780,0.17,"[0.3,0.5)",1614,0.387062,0.965599,0.00545932,0.00527152,359.3304,33.6976,32.24,12.3571
249,54780,0.17,"[0.5,0.7)",535,0.573168,0.923924,0.00534687,0.0049401,323.869,33.5143,22.8533,12.9762
249,54780,0.17,"[0.7,1.0)",67,0.743536,0.885799,0.00531241,0.00470573,559.1405,33.4847,21.8914,16.4791
249,54780,0.17,boundary(r=t),7012,0.0,1.0,0.01230091,0.01230091,111.7577,0.0,0.0,0.0
250,55000,0.166667,"[0.0,0.1)",1853,0.049442,1.040427,0.01207074,0.01255873,116.0943,33.8015,30.8686,1.498
250,55000,0.166667,"[0.1,0.3)",2957,0.193032,1.008886,0.00823021,0.00830335,189.9063,33.8603,32.3925,6.3842
250,55000,0.166667,"[0.3,0.5)",1606,0.38682,0.966327,0.00532359,0.00514433,376.9362,33.7649,33.1522,12.6705
250,55000,0.166667,"[0.5,0.7)",540,0.575907,0.924775,0.00545246,0.0050423,306.4155,33.7226,22.1574,12.6277
250,55000,0.166667,"[0.7,1.0)",57,0.750558,0.886445,0.00544022,0.00482245,292.1558,33.3413,17.3602,13.1458
250,55000,0.166667,boundary(r=t),7012,0.0,1.0,0.01213339,0.01213339,112.1675,0.0,0.0,0.0
251,55220,0.163333,"[0.0,0.1)",1826,0.048781,1.039769,0.01205711,0.01253661,117.9037,33.7466,30.7585,1.4662
251,55220,0.163333,"[0.1,0.3)",2984,0.192027,1.00893,0.00840998,0.00848508,183.0614,33.8988,31.9249,6.2142
251,55220,0.163333,"[0.3,0.5)",1605,0.384263,0.967549,0.00546442,0.00528709,352.6814,33.7577,32.3312,12.2461
251,55220,0.163333,"[0.5,0.7)",526,0.57638,0.926184,0.00563089,0.00521524,261.0634,33.3296,20.7438,11.897
251,55220,0.163333,"[0.7,1.0)",72,0.752318,0.888315,0.00448816,0.0039869,1322.3763,32.5119,27.8982,21.0696
251,55220,0.163333,boundary(r=t),7012,0.0,1.0,0.01229262,0.01229262,110.7515,0.0,0.0,0.0
252,55440,0.16,"[0.0,0.1)",1799,0.049901,1.038723,0.01209881,0.01256732,117.2864,33.8828,30.6563,1.5082
252,55440,0.16,"[0.1,0.3)",3048,0.192211,1.008711,0.00854111,0.00861551,181.6152,33.8841,31.5805,6.159
252,55440,0.16,"[0.3,0.5)",1585,0.385421,0.967965,0.00564292,0.00546215,359.1102,33.7995,32.2241,12.3123
252,55440,0.16,"[0.5,0.7)",528,0.573655,0.928214,0.00565109,0.00524542,295.0582,33.3961,21.2554,12.1573
252,55440,0.16,"[0.7,1.0)",53,0.739739,0.893266,0.00555817,0.00496493,314.2452,32.506,17.8193,13.2768
252,55440,0.16,boundary(r=t),7012,0.0,1.0,0.01211693,0.01211693,112.7027,0.0,0.0,0.0
253,55660,0.156667,"[0.0,0.1)",1831,0.049667,1.037974,0.01179718,0.01224517,118.435,33.85,30.9097,1.5102
253,55660,0.156667,"[0.1,0.3)",2979,0.195006,1.007954,0.00844446,0.00851163,181.5177,33.962,31.2808,6.1446
253,55660,0.156667,"[0.3,0.5)",1586,0.386877,0.968311,0.00565166,0.00547256,350.4983,33.6515,31.3427,12.0192
253,55660,0.156667,"[0.5,0.7)",555,0.57638,0.929159,0.00553394,0.00514191,303.4651,33.5751,22.0605,12.6093
253,55660,0.156667,"[0.7,1.0)",62,0.74386,0.894533,0.00489663,0.00438019,366.2613,33.7469,20.5234,15.2597
253,55660,0.156667,boundary(r=t),7012,0.0,1.0,0.01230661,0.01230661,112.5939,0.0,0.0,0.0
254,55880,0.153333,"[0.0,0.1)",1845,0.049384,1.037226,0.01241555,0.01287773,116.4567,33.6796,29.7111,1.4476
254,55880,0.153333,"[0.1,0.3)",2939,0.192185,1.008357,0.00825535,0.00832434,189.6059,33.8688,32.607,6.3674
254,55880,0.153333,"[0.3,0.5)",1650,0.387003,0.968947,0.00548276,0.0053125,369.4005,33.754,33.1777,12.6394
254,55880,0.153333,"[0.5,0.7)",515,0.573451,0.931266,0.00558107,0.00519746,316.7081,33.4773,22.6662,12.8775
254,55880,0.153333,"[0.7,1.0)",64,0.745037,0.896498,0.00519467,0.00465702,276.3737,32.8316,17.9125,13.3658
254,55880,0.153333,boundary(r=t),7012,0.0,1.0,0.01213859,0.01213859,113.258,0.0,0.0,0.0
255,56100,0.15,"[0.0,0.1)",1837,0.049945,1.036331,0.01213396,0.0125748,117.9263,33.7978,30.7626,1.4919
255,56100,0.15,"[0.1,0.3)",2907,0.193173,1.007982,0.00827424,0.00834029,190.4783,33.8804,32.3431,6.3574
255,56100,0.15,"[0.3,0.5)",1654,0.388539,0.969323,0.00551722,0.00534797,395.7503,33.7375,33.6259,12.9133
255,56100,0.15,"[0.5,0.7)",573,0.57534,0.932397,0.0055497,0.00517452,308.2184,33.6281,21.9983,12.5787
255,56100,0.15,"[0.7,1.0)",42,0.755422,0.896693,0.00462266,0.00414511,313.9041,33.4917,19.6637,14.8673
255,56100,0.15,boundary(r=t),7012,0.0,1.0,0.01216152,0.01216152,112.0997,0.0,0.0,0.0
256,56320,0.146667,"[0.0,0.1)",1818,0.050059,1.035516,0.01218768,0.01262053,118.5704,33.8389,30.28,1.4928
256,56320,0.146667,"[0.1,0.3)",2941,0.193086,1.00782,0.00826557,0.00833021,189.6502,33.8569,32.3085,6.346
256,56320,0.146667,"[0.3,0.5)",1660,0.38843,0.970017,0.00545123,0.00528779,347.8287,33.6743,32.0719,12.2619
256,56320,0.146667,"[0.5,0.7)",531,0.574167,0.934103,0.00570578,0.00532979,350.629,33.4579,22.6511,12.8445
256,56320,0.146667,"[0.7,1.0)",63,0.746563,0.900697,0.00473802,0.00426752,430.7331,32.9321,20.2768,15.1848
256,56320,0.146667,boundary(r=t),7012,0.0,1.0,0.01206254,0.01206254,113.0297,0.0,0.0,0.0
257,56540,0.143333,"[0.0,0.1)",1885,0.049674,1.034788,0.01180874,0.01221954,119.0883,33.8747,31.885,1.5416
257,56540,0.143333,"[0.1,0.3)",2969,0.192284,1.007797,0.00843723,0.00850302,190.7787,33.8417,32.5438,6.3332
257,56540,0.143333,"[0.3,0.5)",1560,0.386077,0.971136,0.00534388,0.00518964,352.652,33.702,32.0282,12.2218
257,56540,0.143333,"[0.5,0.7)",543,0.574661,0.93549,0.00580456,0.00543011,281.2466,33.548,21.4817,12.2436
257,56540,0.143333,"[0.7,1.0)",56,0.761299,0.900272,0.00481126,0.00433144,399.4019,33.2017,19.664,14.9782
257,56540,0.143333,boundary(r=t),7012,0.0,1.0,0.01235141,0.01235141,111.3084,0.0,0.0,0.0
258,56760,0.14,"[0.0,0.1)",1860,0.049665,1.033982,0.01232312,0.01274188,113.1937,33.8577,30.0185,1.4764
258,56760,0.14,"[0.1,0.3)",2923,0.194043,1.007293,0.00860289,0.00866563,187.1889,33.8837,32.3235,6.3435
258,56760,0.14,"[0.3,0.5)",1637,0.386135,0.971789,0.00549924,0.0053441,360.9282,33.5836,32.15,12.3055
258,56760,0.14,"[0.5,0.7)",536,0.571731,0.937484,0.00573344,0.005375,322.1346,33.5112,22.0846,12.5243
258,56760,0.14,"[0.7,1.0)",57,0.745833,0.905267,0.00547041,0.00495218,328.9875,32.8311,18.4917,13.763
258,56760,0.14,boundary(r=t),7012,0.0,1.0,0.01224157,0.01224157,111.8485,0.0,0.0,0.0
259,56980,0.136667,"[0.0,0.1)",1770,0.049632,1.033186,0.01192507,0.0123208,116.0346,33.8741,29.9781,1.4464
259,56980,0.136667,"[0.1,0.3)",2998,0.192237,1.007449,0.00863119,0.00869548,181.9443,33.9315,31.4766,6.1351
259,56980,0.136667,"[0.3,0.5)",1626,0.386388,0.972401,0.00540089,0.00525183,378.5088,33.7808,32.6258,12.5228
259,56980,0.136667,"[0.5,0.7)",550,0.573994,0.938551,0.00579419,0.00543814,285.499,33.6088,21.8737,12.4294
259,56980,0.136667,"[0.7,1.0)",69,0.745048,0.907597,0.00482691,0.00438089,345.1777,33.8691,19.5844,14.6114
259,56980,0.136667,boundary(r=t),7012,0.0,1.0,0.01235964,0.01235964,111.8521,0.0,0.0,0.0
260,57200,0.133333,"[0.0,0.1)",1765,0.050527,1.032226,0.01205041,0.01243875,119.7123,33.7773,30.8068,1.5328
260,57200,0.133333,"[0.1,0.3)",3002,0.193413,1.007064,0.00860672,0.00866752,182.2596,33.8922,31.698,6.2191
260,57200,0.133333,"[0.3,0.5)",1661,0.385807,0.97317,0.00561148,0.00546093,364.9984,33.7718,32.1709,12.2574
260,57200,0.133333,"[0.5,0.7)",528,0.576907,0.939522,0.00583149,0.00547881,322.8789,33.4365,22.3637,12.7934
260,57200,0.133333,"[0.7,1.0)",57,0.749635,0.909034,0.00567748,0.00516102,266.3953,33.5135,17.589,13.2633
260,57200,0.133333,boundary(r=t),7012,0.0,1.0,0.01229922,0.01229922,111.6724,0.0,0.0,0.0
261,57420,0.13,"[0.0,0.1)",1875,0.048939,1.031713,0.01177979,0.01215337,117.4261,33.6725,31.0864,1.5016
261,57420,0.13,"[0.1,0.3)",2970,0.192716,1.00701,0.00871697,0.00877807,183.5487,33.972,31.9811,6.2463
261,57420,0.13,"[0.3,0.5)",1580,0.384265,0.974101,0.00538979,0.0052502,358.2271,33.7165,32.2482,12.256
261,57420,0.13,"[0.5,0.7)",541,0.577509,0.940911,0.00569788,0.0053612,299.9775,33.4144,21.5815,12.2888
261,57420,0.13,"[0.7,1.0)",47,0.743365,0.91245,0.00490252,0.0044733,451.033,32.9179,21.607,16.1896
261,57420,0.13,boundary(r=t),7012,0.0,1.0,0.01240619,0.01240619,111.4968,0.0,0.0,0.0
262,57640,0.126667,"[0.0,0.1)",1814,0.048756,1.03093,0.01163723,0.01199717,118.9644,33.7919,30.6263,1.4676
262,57640,0.126667,"[0.1,0.3)",2959,0.194091,1.006601,0.00840392,0.00845939,185.1498,33.9718,32.1661,6.2852
262,57640,0.126667,"[0.3,0.5)",1669,0.385849,0.974488,0.00542996,0.00529144,371.2571,33.7973,33.1019,12.6178
262,57640,0.126667,"[0.5,0.7)",529,0.575004,0.942813,0.00556713,0.00524876,295.641,33.4802,21.8912,12.5001
262,57640,0.126667,"[0.7,1.0)",42,0.749842,0.913731,0.0046264,0.00422729,366.4672,33.4948,20.7155,15.5477
262,57640,0.126667,boundary(r=t),7012,0.0,1.0,0.01247413,0.01247413,111.9143,0.0,0.0,0.0
263,57860,0.123333,"[0.0,0.1)",1848,0.050318,1.029879,0.01205882,0.01241913,118.7677,33.6343,30.8033,1.5272
263,57860,0.123333,"[0.1,0.3)",2968,0.190694,1.006982,0.00857169,0.00863154,185.3269,33.8738,32.2998,6.2517
263,57860,0.123333,"[0.3,0.5)",1633,0.385252,0.975247,0.00520938,0.00508043,374.044,33.7347,33.4527,12.7281
263,57860,0.123333,"[0.5,0.7)",504,0.572787,0.94466,0.00562297,0.00531179,290.3652,33.5126,21.6319,12.2935
263,57860,0.123333,"[0.7,1.0)",60,0.744265,0.91674,0.00556649,0.00510303,303.8207,33.4121,18.1448,13.5573
263,57860,0.123333,boundary(r=t),7012,0.0,1.0,0.01239755,0.01239755,110.9199,0.0,0.0,0.0
264,58080,0.12,"[0.0,0.1)",1842,0.050046,1.029123,0.01252667,0.01289149,116.9321,33.8453,30.3633,1.4985
264,58080,0.12,"[0.1,0.3)",2989,0.193096,1.006413,0.00838522,0.00843899,194.8543,33.9099,32.8512,6.4649
264,58080,0.12,"[0.3,0.5)",1590,0.386565,0.975694,0.00544037,0.00530813,408.515,33.7097,34.5432,13.2713
264,58080,0.12,"[0.5,0.7)",536,0.573369,0.946071,0.00557614,0.00527543,278.2508,33.6398,21.7828,12.3665
264,58080,0.12,"[0.7,1.0)",56,0.750332,0.917963,0.00518526,0.00475987,264.0265,33.779,17.712,13.3245
264,58080,0.12,boundary(r=t),7012,0.0,1.0,0.01238144,0.01238144,111.4123,0.0,0.0,0.0
265,58300,0.116667,"[0.0,0.1)",1845,0.049684,1.028383,0.01217809,0.01252375,118.7428,33.8283,30.8744,1.506
265,58300,0.116667,"[0.1,0.3)",2942,0.194156,1.006075,0.00866899,0.00872165,184.3458,33.8588,31.3216,6.1848
265,58300,0.116667,"[0.3,0.5)",1651,0.386852,0.976327,0.00549212,0.00536211,356.4613,33.7988,31.9848,12.2492
265,58300,0.116667,"[0.5,0.7)",518,0.574375,0.94739,0.00546889,0.00518117,302.7083,33.6899,21.841,12.4736
265,58300,0.116667,"[0.7,1.0)",57,0.736607,0.92215,0.00505971,0.00466581,403.3415,33.4811,19.8833,14.7224
265,58300,0.116667,boundary(r=t),7012,0.0,1.0,0.01246997,0.01246997,110.691,0.0,0.0,0.0
266,58520,0.113333,"[0.0,0.1)",1846,0.048796,1.027715,0.01248571,0.01283174,114.8621,33.8913,31.0548,1.515
266,58520,0.113333,"[0.1,0.3)",3009,0.194335,1.005878,0.00845624,0.00850595,185.9151,33.8531,31.8944,6.3031
266,58520,0.113333,"[0.3,0.5)",1555,0.387257,0.976926,0.00554322,0.00541532,363.4477,33.7982,32.7632,12.5105
266,58520,0.113333,"[0.5,0.7)",546,0.574939,0.948785,0.00582915,0.00553061,292.1286,33.3711,21.3773,12.139
266,58520,0.113333,"[0.7,1.0)",57,0.746442,0.923001,0.00523667,0.00483345,267.3446,33.1448,18.7179,14.0527
266,58520,0.113333,boundary(r=t),7012,0.0,1.0,0.01244792,0.01244792,110.7103,0.0,0.0,0.0
267,58740,0.11,"[0.0,0.1)",1858,0.049328,1.026847,0.01238352,0.01271598,116.3106,33.8135,30.8765,1.4768
267,58740,0.11,"[0.1,0.3)",2888,0.193687,1.005799,0.00836504,0.00841355,187.0801,33.9861,32.4555,6.4035
267,58740,0.11,"[0.3,0.5)",1678,0.385883,0.977809,0.00579344,0.00566488,362.439,33.7835,32.1084,12.1853
267,58740,0.11,"[0.5,0.7)",515,0.580129,0.949511,0.0058635,0.00556746,286.6825,33.638,21.4342,12.3544
267,58740,0.11,"[0.7,1.0)",74,0.748046,0.924979,0.00497121,0.00459827,338.3544,32.8872,18.9425,14.2092
267,58740,0.11,boundary(r=t),7012,0.0,1.0,0.01243817,0.01243817,111.2213,0.0,0.0,0.0
268,58960,0.106667,"[0.0,0.1)",1801,0.048092,1.026212,0.0124584,0.01278496,115.7189,33.8536,30.3594,1.428
268,58960,0.106667,"[0.1,0.3)",2969,0.193496,1.005655,0.0086667,0.00871571,188.5048,33.9324,32.2834,6.3435
268,58960,0.106667,"[0.3,0.5)",1668,0.384403,0.978668,0.00564429,0.00552389,379.3983,33.7577,32.4867,12.3868
268,58960,0.106667,"[0.5,0.7)",525,0.570832,0.952317,0.00562284,0.00535473,301.5246,33.4706,21.9778,12.4079
268,58960,0.106667,"[0.7,1.0)",50,0.741227,0.928166,0.00519969,0.00482617,410.6034,33.7778,20.6092,15.3422
268,58960,0.106667,boundary(r=t),7012,0.0,1.0,0.01244066,0.01244066,111.5898,0.0,0.0,0.0
269,59180,0.103333,"[0.0,0.1)",1816,0.049624,1.025197,0.01229397,0.01260374,117.976,33.7988,30.4354,1.4947
269,59180,0.103333,"[0.1,0.3)",2987,0.193434,1.005486,0.00853687,0.0085837,188.1899,33.8462,32.4046,6.3701
269,59180,0.103333,"[0.3,0.5)",1625,0.382436,0.979597,0.00550972,0.00539731,358.6425,33.7609,32.9642,12.4935
269,59180,0.103333,"[0.5,0.7)",535,0.580147,0.9525,0.00593095,0.00564923,294.715,33.4919,21.3517,12.225
269,59180,0.103333,"[0.7,1.0)",50,0.752949,0.928972,0.00462605,0.00429747,528.3859,33.2637,20.9079,15.8597
269,59180,0.103333,boundary(r=t),7012,0.0,1.0,0.01253555,0.01253555,110.449,0.0,0.0,0.0
270,59400,0.1,"[0.0,0.1)",1933,0.049219,1.024448,0.01201509,0.01230884,116.7445,33.8821,30.4577,1.4627
270,59400,0.1,"[0.1,0.3)",2855,0.192803,1.0054,0.00834526,0.00839033,191.062,33.9341,32.64,6.4078
270,59400,0.1,"[0.3,0.5)",1646,0.385283,0.979868,0.00565096,0.00553719,368.5464,33.709,33.1434,12.6124
270,59400,0.1,"[0.5,0.7)",528,0.577305,0.954382,0.00590237,0.00563311,305.885,33.3588,21.2681,12.1947
270,59400,0.1,"[0.7,1.0)",51,0.760426,0.92994,0.00506813,0.00471306,589.0817,34.1086,20.9329,15.9678
270,59400,0.1,boundary(r=t),7012,0.0,1.0,0.01267396,0.01267396,110.6126,0.0,0.0,0.0
271,59620,0.096667,"[0.0,0.1)",1878,0.048932,1.023673,0.01254394,0.01284089,117.0103,33.8149,31.3152,1.4966
271,59620,0.096667,"[0.1,0.3)",2951,0.193251,1.005164,0.00874119,0.00878633,183.5158,34.0026,31.572,6.1944
271,59620,0.096667,"[0.3,0.5)",1611,0.38669,0.980345,0.00572077,0.00560833,347.7163,33.6549,31.496,12.0516
271,59620,0.096667,"[0.5,0.7)",515,0.571624,0.956587,0.00564212,0.00539718,299.0205,33.3786,22.0745,12.5262
271,59620,0.096667,"[0.7,1.0)",58,0.752937,0.933414,0.00460545,0.00429879,818.9279,32.7909,24.7665,18.9098
271,59620,0.096667,boundary(r=t),7012,0.0,1.0,0.01257317,0.01257317,111.9107,0.0,0.0,0.0
272,59840,0.093333,"[0.0,0.1)",1835,0.050862,1.022637,0.01208706,0.01236068,117.0912,33.9052,30.454,1.5308
272,59840,0.093333,"[0.1,0.3)",2988,0.193865,1.004914,0.00876174,0.0088048,188.3262,34.0606,32.3137,6.3535
272,59840,0.093333,"[0.3,0.5)",1605,0.387011,0.980966,0.00564675,0.00553928,344.7198,33.762,31.4328,11.9869
272,59840,0.093333,"[0.5,0.7)",523,0.574205,0.957782,0.00544502,0.00521514,318.6688,33.7603,22.2688,12.7147
272,59840,0.093333,"[0.7,1.0)",62,0.74032,0.937085,0.00522557,0.0048968,342.9178,33.4885,20.1839,15.0086
272,59840,0.093333,boundary(r=t),7012,0.0,1.0,0.01281507,0.01281507,109.8402,0.0,0.0,0.0
273,60060,0.09,"[0.0,0.1)",1828,0.049835,1.021965,0.01209921,0.01236497,117.8871,33.8906,30.9632,1.522
273,60060,0.09,"[0.1,0.3)",2947,0.192095,1.004952,0.00860969,0.00865232,179.4765,33.9408,31.8148,6.2139
273,60060,0.09,"[0.3,0.5)",1639,0.388003,0.98151,0.00543638,0.00533586,359.4631,33.7965,33.0367,12.6814
273,60060,0.09,"[0.5,0.7)",531,0.575352,0.959112,0.00553273,0.00530651,332.4455,33.4134,23.0048,13.0982
273,60060,0.09,"[0.7,1.0)",68,0.747289,0.938763,0.00526504,0.00494262,287.0939,33.3085,17.8175,13.3915
273,60060,0.09,boundary(r=t),7012,0.0,1.0,0.0126405,0.0126405,111.3518,0.0,0.0,0.0
274,60280,0.086667,"[0.0,0.1)",1932,0.049614,1.021185,0.01226895,0.01252887,117.2721,33.8943,30.2317,1.4673
274,60280,0.086667,"[0.1,0.3)",2865,0.193307,1.004636,0.00864741,0.0086875,185.1332,34.0248,31.9351,6.2801
274,60280,0.086667,"[0.3,0.5)",1602,0.387092,0.982295,0.00542976,0.00533362,365.7734,33.6596,32.6088,12.4874
274,60280,0.086667,"[0.5,0.7)",563,0.5751,0.960633,0.00579371,0.00556563,299.315,33.5716,21.8537,12.4671
274,60280,0.086667,"[0.7,1.0)",51,0.747297,0.940594,0.00506618,0.00476522,302.0663,33.574,17.9457,13.4317
274,60280,0.086667,boundary(r=t),7012,0.0,1.0,0.01256198,0.01256198,111.6983,0.0,0.0,0.0
275,60500,0.083333,"[0.0,0.1)",1902,0.049122,1.020442,0.01258132,0.01283851,114.4733,33.8114,30.2977,1.4556
275,60500,0.083333,"[0.1,0.3)",2951,0.193327,1.004457,0.00905499,0.00909535,180.7507,33.9465,31.199,6.1388
275,60500,0.083333,"[0.3,0.5)",1552,0.385812,0.983105,0.00558721,0.00549282,369.2871,33.7217,32.5019,12.4224
275,60500,0.083333,"[0.5,0.7)",547,0.576389,0.961976,0.00562251,0.00540872,358.0863,33.8457,23.1992,13.2026
275,60500,0.083333,"[0.7,1.0)",61,0.747935,0.942949,0.00428823,0.00404358,506.697,33.4856,22.5239,16.9216
275,60500,0.083333,boundary(r=t),7012,0.0,1.0,0.01254917,0.01254917,110.9523,0.0,0.0,0.0
276,60720,0.08,"[0.0,0.1)",1853,0.049549,1.019604,0.01229164,0.01253261,117.2728,33.8442,31.0888,1.5186
276,60720,0.08,"[0.1,0.3)",2974,0.193875,1.004224,0.00872241,0.00875925,185.2217,33.8731,32.0076,6.2955
276,60720,0.08,"[0.3,0.5)",1598,0.38634,0.983717,0.00552779,0.00543778,373.2029,33.7756,32.9541,12.6158
276,60720,0.08,"[0.5,0.7)",535,0.577845,0.963331,0.00542652,0.00522754,349.7387,33.3814,22.6201,13.0349
276,60720,0.08,"[0.7,1.0)",53,0.745107,0.945432,0.00618821,0.00585053,242.5119,32.736,16.7588,12.519
276,60720,0.08,boundary(r=t),7012,0.0,1.0,0.01265687,0.01265687,109.9878,0.0,0.0,0.0
277,60940,0.076667,"[0.0,0.1)",1752,0.049971,1.018766,0.0123955,0.01262812,116.4396,33.9021,30.9286,1.512
277,60940,0.076667,"[0.1,0.3)",3026,0.192076,1.004234,0.00847344,0.00850932,183.0061,33.8457,31.644,6.1705
277,60940,0.076667,"[0.3,0.5)",1603,0.385922,0.984412,0.00541859,0.00533413,390.7871,33.787,34.0866,13.0278
277,60940,0.076667,"[0.5,0.7)",562,0.577509,0.964846,0.00591779,0.00570976,303.8229,33.6681,21.8577,12.5089
277,60940,0.076667,"[0.7,1.0)",70,0.745746,0.947611,0.00596579,0.00565325,235.9448,34.1171,17.6437,13.1279
277,60940,0.076667,boundary(r=t),7012,0.0,1.0,0.01273863,0.01273863,110.9479,0.0,0.0,0.0
278,61160,0.073333,"[0.0,0.1)",1834,0.050071,1.017945,0.01202318,0.01223893,117.8004,33.8993,30.4034,1.508
278,61160,0.073333,"[0.1,0.3)",2921,0.191989,1.004065,0.00890243,0.00893862,181.2577,33.9678,31.6147,6.1583
278,61160,0.073333,"[0.3,0.5)",1613,0.386102,0.985065,0.0056348,0.00555065,373.6046,33.7371,33.2778,12.6688
278,61160,0.073333,"[0.5,0.7)",585,0.573721,0.966682,0.00577784,0.00558533,307.8124,33.7024,21.8346,12.3966
278,61160,0.073333,"[0.7,1.0)",60,0.741747,0.950271,0.00527883,0.00501632,310.5055,33.3247,18.0108,13.4071
278,61160,0.073333,boundary(r=t),7012,0.0,1.0,0.01269667,0.01269667,111.0604,0.0,0.0,0.0
279,61380,0.07,"[0.0,0.1)",1849,0.049146,1.017237,0.01229934,0.01251135,114.9268,33.837,30.1331,1.4399
279,61380,0.07,"[0.1,0.3)",3010,0.192816,1.003805,0.00887094,0.00890469,186.8745,33.9717,31.6891,6.2148
279,61380,0.07,"[0.3,0.5)",1606,0.386218,0.985721,0.00563257,0.00555214,393.356,33.7556,33.7122,12.8899
279,61380,0.07,"[0.5,0.7)",501,0.574857,0.968085,0.00563914,0.00545917,317.1007,33.6136,22.4713,12.7525
279,61380,0.07,"[0.7,1.0)",47,0.747862,0.951955,0.00519353,0.00494401,371.744,32.925,18.7665,14.0087
279,61380,0.07,boundary(r=t),7012,0.0,1.0,0.01280623,0.01280623,111.1131,0.0,0.0,0.0
280,61600,0.066667,"[0.0,0.1)",1800,0.049044,1.016448,0.01188281,0.01207826,119.7665,33.6915,30.744,1.4484
280,61600,0.066667,"[0.1,0.3)",2934,0.192437,1.003662,0.00850977,0.00854093,182.0521,33.9545,31.8577,6.2146
280,61600,0.066667,"[0.3,0.5)",1655,0.386129,0.986386,0.00572396,0.00564603,370.3893,33.8662,32.8522,12.5069
280,61600,0.066667,"[0.5,0.7)",560,0.572381,0.969794,0.00575134,0.00557762,349.0301,33.7933,23.4684,13.2736
280,61600,0.066667,"[0.7,1.0)",64,0.746772,0.954214,0.00602263,0.00574688,277.5962,33.2343,17.1608,12.905
280,61600,0.066667,boundary(r=t),7012,0.0,1.0,0.012694,0.012694,111.3908,0.0,0.0,0.0
281,61820,0.063333,"[0.0,0.1)",1843,0.049607,1.015599,0.01223464,0.01242549,118.2658,33.7907,30.898,1.5128
281,61820,0.063333,"[0.1,0.3)",2902,0.191925,1.003527,0.00847644,0.00850633,184.8381,33.8155,32.3278,6.2974
281,61820,0.063333,"[0.3,0.5)",1649,0.387376,0.98695,0.00540235,0.00533184,372.8009,33.7703,33.1146,12.7174
281,61820,0.063333,"[0.5,0.7)",557,0.574813,0.971022,0.00549349,0.0053343,343.9102,33.5363,22.2818,12.7174
281,61820,0.063333,"[0.7,1.0)",62,0.749188,0.956221,0.00465015,0.00444657,522.662,33.3498,21.0863,15.8925
281,61820,0.063333,boundary(r=t),7012,0.0,1.0,0.0124779,0.0124779,111.5692,0.0,0.0,0.0
282,62040,0.06,"[0.0,0.1)",1847,0.049018,1.014841,0.01222982,0.01241133,118.9294,33.6446,30.7488,1.4802
282,62040,0.06,"[0.1,0.3)",2889,0.192824,1.003271,0.008688,0.00871641,187.091,33.964,32.4566,6.3742
282,62040,0.06,"[0.3,0.5)",1655,0.385567,0.987761,0.00575474,0.00568431,354.2249,33.7777,31.7686,12.1537
282,62040,0.06,"[0.5,0.7)",566,0.577846,0.972276,0.00564689,0.00549034,305.0374,33.6844,22.1608,12.6667
282,62040,0.06,"[0.7,1.0)",56,0.744931,0.958908,0.00613819,0.00588596,240.752,32.4997,16.8644,12.573
282,62040,0.06,boundary(r=t),7012,0.0,1.0,0.01288227,0.01288227,109.4493,0.0,0.0,0.0
283,62260,0.056667,"[0.0,0.1)",1886,0.050085,1.013962,0.01256286,0.01273826,114.449,33.9571,30.8104,1.5244
283,62260,0.056667,"[0.1,0.3)",2905,0.19249,1.003126,0.00863069,0.00865766,187.0663,33.9251,32.3857,6.347
283,62260,0.056667,"[0.3,0.5)",1602,0.38653,0.988354,0.00584901,0.00578089,363.0157,33.7423,32.2692,12.3357
283,62260,0.056667,"[0.5,0.7)",544,0.573522,0.974121,0.00538655,0.00524715,348.4906,33.6611,23.0823,13.1537
283,62260,0.056667,"[0.7,1.0)",76,0.743389,0.9612,0.00556502,0.0053491,397.0101,33.2799,19.7152,14.7512
283,62260,0.056667,boundary(r=t),7012,0.0,1.0,0.01274056,0.01274056,109.8653,0.0,0.0,0.0
284,62480,0.053333,"[0.0,0.1)",1877,0.048413,1.013271,0.01226982,0.01243265,115.4966,33.8436,29.9615,1.4325
284,62480,0.053333,"[0.1,0.3)",2947,0.191576,1.003009,0.00868911,0.00871526,185.9425,33.9539,31.8677,6.2345
284,62480,0.053333,"[0.3,0.5)",1572,0.385314,0.989098,0.00552575,0.00546551,346.9872,33.814,32.3851,12.3033
284,62480,0.053333,"[0.5,0.7)",558,0.573564,0.975587,0.00576505,0.00562431,325.5396,33.4681,22.4113,12.7515
284,62480,0.053333,"[0.7,1.0)",59,0.745041,0.963178,0.00563092,0.00542358,288.3495,33.3637,18.4305,13.7482
284,62480,0.053333,boundary(r=t),7012,0.0,1.0,0.01303086,0.01303086,109.4341,0.0,0.0,0.0
285,62700,0.05,"[0.0,0.1)",1842,0.049358,1.012419,0.0123132,0.01246612,116.3599,33.8553,30.9475,1.5099
285,62700,0.05,"[0.1,0.3)",2919,0.193443,1.0027,0.00877748,0.00880117,184.3362,33.9564,32.1562,6.3108
285,62700,0.05,"[0.3,0.5)",1627,0.386908,0.98966,0.00573534,0.00567603,364.7219,33.7805,32.0819,12.2996
285,62700,0.05,"[0.5,0.7)",558,0.572941,0.977134,0.00557234,0.00544492,349.7273,33.741,22.9434,13.0855
285,62700,0.05,"[0.7,1.0)",67,0.742565,0.965809,0.00565468,0.00546134,318.307,33.6241,18.6277,13.7892
285,62700,0.05,boundary(r=t),7012,0.0,1.0,0.01281582,0.01281582,109.6735,0.0,0.0,0.0
286,62920,0.046667,"[0.0,0.1)",1865,0.04872,1.011652,0.01259382,0.01274057,115.8421,33.8373,30.8429,1.469
286,62920,0.046667,"[0.1,0.3)",2906,0.191724,1.002634,0.00879552,0.00881868,181.6158,33.8923,31.7279,6.1657
286,62920,0.046667,"[0.3,0.5)",1649,0.385089,0.99044,0.00558385,0.00553047,348.2082,33.6099,32.2396,12.2733
286,62920,0.046667,"[0.5,0.7)",543,0.574781,0.978463,0.00568847,0.00556596,298.4243,33.6267,21.8279,12.3944
286,62920,0.046667,"[0.7,1.0)",50,0.748561,0.967401,0.00593895,0.00574535,283.1215,33.0572,17.4917,13.0606
286,62920,0.046667,boundary(r=t),7012,0.0,1.0,0.01315422,0.01315422,108.6434,0.0,0.0,0.0
287,63140,0.043333,"[0.0,0.1)",1889,0.048789,1.01085,0.01264862,0.01278586,116.8222,33.8166,30.7611,1.4829
287,63140,0.043333,"[0.1,0.3)",2937,0.192366,1.002414,0.00876549,0.00878665,184.5017,33.9399,32.3638,6.3244
287,63140,0.043333,"[0.3,0.5)",1602,0.387365,0.99097,0.00567022,0.00561902,367.0356,33.7299,32.819,12.574
287,63140,0.043333,"[0.5,0.7)",519,0.576417,0.979859,0.00574212,0.00562647,285.0259,33.4924,21.9257,12.5179
287,63140,0.043333,"[0.7,1.0)",66,0.748581,0.969618,0.00469975,0.00455696,468.1435,32.6088,20.4724,15.3949
287,63140,0.043333,boundary(r=t),7012,0.0,1.0,0.01300932,0.01300932,110.3166,0.0,0.0,0.0
288,63360,0.04,"[0.0,0.1)",1855,0.050283,1.009968,0.01274478,0.01287182,116.9013,34.008,31.0119,1.543
288,63360,0.04,"[0.1,0.3)",2967,0.19352,1.002175,0.00881019,0.00882934,186.8176,33.9341,32.0982,6.3347
288,63360,0.04,"[0.3,0.5)",1592,0.385931,0.991713,0.00551422,0.00546852,365.8605,33.7398,32.9557,12.5968
288,63360,0.04,"[0.5,0.7)",533,0.576155,0.981362,0.00577059,0.00566303,298.3174,33.6541,21.5048,12.2876
288,63360,0.04,"[0.7,1.0)",66,0.738728,0.972449,0.00504608,0.00490705,361.3187,33.2922,19.2556,14.3274
288,63360,0.04,boundary(r=t),7012,0.0,1.0,0.01300632,0.01300632,108.9905,0.0,0.0,0.0
289,63580,0.036667,"[0.0,0.1)",1839,0.049355,1.009206,0.01219961,0.01231191,118.8935,33.8409,31.5971,1.5342
289,63580,0.036667,"[0.1,0.3)",2959,0.192198,1.002066,0.0086781,0.00869603,186.9272,34.0054,33.08,6.4444
289,63580,0.036667,"[0.3,0.5)",1620,0.387109,0.992315,0.0055719,0.00552907,370.5029,33.8466,32.8911,12.6186
289,63580,0.036667,"[0.5,0.7)",537,0.577164,0.982814,0.00580761,0.00570779,315.3609,33.5022,21.837,12.4539
289,63580,0.036667,"[0.7,1.0)",58,0.745043,0.974311,0.00507968,0.00494918,340.7116,33.4435,18.7287,14.044
289,63580,0.036667,boundary(r=t),7012,0.0,1.0,0.01315388,0.01315388,109.2687,0.0,0.0,0.0
290,63800,0.033333,"[0.0,0.1)",1895,0.049176,1.008429,0.0122074,0.0123103,116.6955,33.8348,30.7759,1.4863
290,63800,0.033333,"[0.1,0.3)",2916,0.192957,1.001851,0.0088116,0.00882792,182.5779,33.9355,31.8626,6.2333
290,63800,0.033333,"[0.3,0.5)",1571,0.383442,0.993149,0.00558274,0.0055445,380.6303,33.8732,33.9487,12.8794
290,63800,0.033333,"[0.5,0.7)",563,0.576678,0.984333,0.00538003,0.00529575,369.2786,33.6577,23.2242,13.2979
290,63800,0.033333,"[0.7,1.0)",68,0.753393,0.976229,0.00476662,0.00465331,432.8951,33.4401,21.0644,15.9162
290,63800,0.033333,boundary(r=t),7012,0.0,1.0,0.01301946,0.01301946,110.1118,0.0,0.0,0.0
291,64020,0.03,"[0.0,0.1)",1868,0.048929,1.007632,0.01266315,0.0127598,114.3617,33.9914,30.2832,1.4747
291,64020,0.03,"[0.1,0.3)",2961,0.190179,1.00179,0.0091147,0.00913102,183.262,34.0067,31.903,6.1717
291,64020,0.03,"[0.3,0.5)",1630,0.387729,0.993624,0.00564669,0.00561069,381.1526,33.6368,33.2161,12.7583
291,64020,0.03,"[0.5,0.7)",492,0.57533,0.98587,0.0057802,0.00569852,320.739,33.6975,21.9574,12.5355
291,64020,0.03,"[0.7,1.0)",62,0.745502,0.978872,0.00642595,0.00629018,311.5023,33.5217,19.0288,14.1913
291,64020,0.03,boundary(r=t),7012,0.0,1.0,0.01288283,0.01288283,109.8041,0.0,0.0,0.0
292,64240,0.026667,"[0.0,0.1)",1905,0.049399,1.006808,0.01268123,0.01276756,114.9806,33.9286,30.685,1.4742
292,64240,0.026667,"[0.1,0.3)",2879,0.192627,1.001509,0.0089656,0.00897913,183.7628,33.9897,32.2667,6.2869
292,64240,0.026667,"[0.3,0.5)",1637,0.384866,0.994395,0.00570584,0.00567386,350.4522,33.7134,31.8938,12.1621
292,64240,0.026667,"[0.5,0.7)",532,0.57456,0.98738,0.00590793,0.00583338,282.7363,33.514,21.2115,12.1137
292,64240,0.026667,"[0.7,1.0)",60,0.744015,0.981163,0.00527386,0.00517452,381.9223,33.0039,19.789,14.7606
292,64240,0.026667,boundary(r=t),7012,0.0,1.0,0.01287067,0.01287067,109.8295,0.0,0.0,0.0
293,64460,0.023333,"[0.0,0.1)",1858,0.049734,1.005993,0.0124377,0.01251224,116.5019,33.8187,30.5824,1.4953
293,64460,0.023333,"[0.1,0.3)",2979,0.193228,1.001314,0.00885576,0.00886739,186.3583,33.9577,31.9497,6.262
293,64460,0.023333,"[0.3,0.5)",1546,0.387051,0.994989,0.0057846,0.00575561,358.8539,33.7289,32.8172,12.5817
293,64460,0.023333,"[0.5,0.7)",566,0.576076,0.988818,0.00576485,0.00570039,314.7945,33.6118,22.4151,12.7986
293,64460,0.023333,"[0.7,1.0)",64,0.747257,0.983261,0.00672978,0.00661713,286.3668,33.048,17.373,13.1553
293,64460,0.023333,boundary(r=t),7012,0.0,1.0,0.01313728,0.01313728,108.8994,0.0,0.0,0.0
294,64680,0.02,"[0.0,0.1)",1902,0.048928,1.005213,0.01263334,0.0126992,114.431,33.9559,30.7225,1.4797
294,64680,0.02,"[0.1,0.3)",2923,0.192578,1.001157,0.00877782,0.00878798,186.5903,33.9837,32.303,6.3129
294,64680,0.02,"[0.3,0.5)",1622,0.385755,0.995681,0.00567501,0.0056505,365.1413,33.7961,32.7193,12.4807
294,64680,0.02,"[0.5,0.7)",508,0.574193,0.990374,0.00567235,0.00561775,317.8879,33.5442,22.6044,12.7998
294,64680,0.02,"[0.7,1.0)",58,0.746389,0.985546,0.00498868,0.00491658,333.0505,32.4755,19.3198,14.4652
294,64680,0.02,boundary(r=t),7012,0.0,1.0,0.01294782,0.01294782,110.2597,0.0,0.0,0.0
295,64900,0.016667,"[0.0,0.1)",1845,0.048824,1.004421,0.01268828,0.01274438,116.2627,33.87,30.3612,1.4747
295,64900,0.016667,"[0.1,0.3)",3009,0.193353,1.000964,0.00882636,0.00883487,185.7217,33.9229,31.9796,6.2463
295,64900,0.016667,"[0.3,0.5)",1581,0.386769,0.996329,0.00564726,0.00562652,377.6711,33.7098,33.5893,12.7954
295,64900,0.016667,"[0.5,0.7)",524,0.576158,0.991832,0.00600576,0.00595671,297.914,33.7037,21.4232,12.2712
295,64900,0.016667,"[0.7,1.0)",54,0.754485,0.987441,0.00489956,0.00483803,274.2597,32.7278,17.5336,13.3039
295,64900,0.016667,boundary(r=t),7012,0.0,1.0,0.01295403,0.01295403,110.326,0.0,0.0,0.0
296,65120,0.013333,"[0.0,0.1)",1809,0.048616,1.003627,0.0126747,0.01272068,115.7373,33.8445,30.651,1.4747
296,65120,0.013333,"[0.1,0.3)",3001,0.194514,1.000762,0.00896148,0.00896831,188.4108,33.9068,32.1391,6.3819
296,65120,0.013333,"[0.3,0.5)",1643,0.387765,0.996975,0.00565145,0.00563436,349.5399,33.7344,32.0779,12.3348
296,65120,0.013333,"[0.5,0.7)",512,0.57444,0.993312,0.00576619,0.00572762,297.5633,33.6929,22.1033,12.5801
296,65120,0.013333,"[0.7,1.0)",48,0.754268,0.989848,0.00620812,0.0061451,650.0346,33.0298,20.3591,15.2812
296,65120,0.013333,boundary(r=t),7012,0.0,1.0,0.01313982,0.01313982,109.7715,0.0,0.0,0.0
297,65340,0.01,"[0.0,0.1)",1892,0.049503,1.002814,0.01283361,0.01286972,114.8228,33.9674,30.3174,1.5005
297,65340,0.01,"[0.1,0.3)",2898,0.193834,1.000608,0.00885917,0.00886456,183.7974,33.871,31.6311,6.2593
297,65340,0.01,"[0.3,0.5)",1646,0.38678,0.997666,0.00572862,0.00571524,346.3823,33.713,32.0999,12.2579
297,65340,0.01,"[0.5,0.7)",522,0.576698,0.994791,0.00603781,0.00600636,283.7949,33.6085,20.7085,11.8673
297,65340,0.01,"[0.7,1.0)",55,0.741309,0.992229,0.00517805,0.00513782,370.627,33.3536,19.4777,14.5226
297,65340,0.01,boundary(r=t),7012,0.0,1.0,0.01288503,0.01288503,110.0391,0.0,0.0,0.0
298,65560,0.006667,"[0.0,0.1)",1847,0.050131,1.001992,0.01255782,0.01258283,115.6552,33.8297,30.5745,1.5313
298,65560,0.006667,"[0.1,0.3)",2938,0.192001,1.000452,0.00898098,0.00898503,180.1344,33.892,31.5184,6.1451
298,65560,0.006667,"[0.3,0.5)",1624,0.386289,0.99833,0.00602652,0.00601646,371.0106,33.7886,32.2693,12.413
298,65560,0.006667,"[0.5,0.7)",536,0.570672,0.996337,0.00605155,0.00602939,286.2435,33.6614,21.3109,12.0189
298,65560,0.006667,"[0.7,1.0)",68,0.749274,0.99431,0.00502474,0.00499615,322.002,34.0506,19.2465,14.4762
298,65560,0.006667,boundary(r=t),7012,0.0,1.0,0.0131334,0.0131334,108.9247,0.0,0.0,0.0
299,65780,0.003333,"[0.0,0.1)",1879,0.048825,1.001207,0.01245946,0.01247451,117.0419,33.8601,30.2913,1.4638
299,65780,0.003333,"[0.1,0.3)",2939,0.191539,1.000274,0.00912216,0.00912467,175.3276,33.9073,31.1541,6.0596
299,65780,0.003333,"[0.3,0.5)",1612,0.385853,0.999,0.00613841,0.00613227,377.2669,33.8235,33.1794,12.6841
299,65780,0.003333,"[0.5,0.7)",528,0.579451,0.997722,0.00603535,0.00602161,326.4962,33.7478,21.6335,12.4482
299,65780,0.003333,"[0.7,1.0)",55,0.746807,0.996656,0.00458964,0.00457429,358.8211,33.2673,20.6212,15.4389
299,65780,0.003333,boundary(r=t),7012,0.0,1.0,0.01313236,0.01313236,109.2775,0.0,0.0,0.0
300,66000,0.0,"[0.0,0.1)",1887,0.050228,1.000399,0.01279905,0.01280416,114.1924,33.8754,30.5579,1.5304
300,66000,0.0,"[0.1,0.3)",2963,0.191651,1.000094,0.00881744,0.00881827,183.7049,33.9173,32.4039,6.307
300,66000,0.0,"[0.3,0.5)",1564,0.384879,0.999674,0.00572838,0.00572651,381.8124,33.9354,34.0642,12.9493
300,66000,0.0,"[0.5,0.7)",554,0.580382,0.999248,0.00573973,0.00573541,306.0768,33.7248,22.2266,12.7317
300,66000,0.0,"[0.7,1.0)",45,0.746354,0.998835,0.0052436,0.0052375,354.4396,32.9525,19.8251,14.855
300,66000,0.0,boundary(r=t),7012,0.0,1.0,0.0131469,0.0131469,109.3497,0.0,0.0,0.0
