epoch,global_step,schedule_s,beta_mean_train,train_loss_weighted,train_mse,train_u_abs,train_dudt_abs,w_mean,w_median,w_p01,w_p10,w_p25,w_p75,w_p90,w_p99,w_min,w_max,w_std,w_saturation_frac,w_near_lower_frac,delta2_mean,val_imf_mse_fixed,selection_metric,diag_hr_abs_err,diag_morph_corr,diag_amp_ratio,diag_beats_ratio,lr,epoch_time_s,elapsed_s,peak_mem_MiB,is_best,best_epoch,no_improve,event
0,220,0.996667,1.0014575068119718,1.0016173849051648,0.3024172133681449,0.7592264781833034,0.5732174466649832,0.004045952526609074,0.003868978885690343,0.0015915370387533173,0.002342876354602843,0.0030582200922336512,0.0048949221956056796,0.005877953602678397,0.007347709208128932,0.0014819496376069516,0.0076233991306666705,0.001472542224820989,0.0,0.0,309.67522583007815,0.22644914516390266,0.22644914516390266,26.053444321832202,0.4869021043275368,1.0479421615600586,1.0260999254287846,0.001,144.97751417011023,144.97751417011023,16904.0166015625,1,0,0,best
1,440,0.993333,1.0024160243112568,1.0021882084282963,0.20636480965397574,0.8079733524810184,0.5285202413120053,0.005467847701881758,0.005184327013028616,0.002314298289605755,0.003345426704882729,0.004184685642725196,0.006488135862375863,0.007809926738793199,0.01010698287282139,0.002153264489474664,0.01055721837540411,0.0019362208563093604,0.0,0.0,211.31756480823864,0.20974240016610513,0.20974240016610513,nan,nan,nan,nan,0.001,143.74405440711416,288.7215685772244,16904.0166015625,1,1,0,best
2,660,0.99,1.0006459348565626,1.0007152355530045,0.19375391504303976,0.8167440949515863,0.535850366069512,0.0058829796500504015,0.005555995348417623,0.0024182481015238657,0.0034919677307532933,0.0044402083551341835,0.007045497521969744,0.008500706364231354,0.01094102466436611,0.002240305752572815,0.011384757103356109,0.0021477004968222567,0.0,0.0,198.40400987104937,0.1937888899997575,0.1937888899997575,nan,nan,nan,nan,0.001,144.09509860607795,432.81666718330234,16904.0166015625,1,2,0,best
3,880,0.986667,0.9994510429866764,0.9993535060774196,0.18690215135839852,0.8208694482391531,0.5203740321777084,0.0061634364368563345,0.005786171842324124,0.002421733534852551,0.0035993517831560563,0.0045971591253129935,0.0073817938523875045,0.009036716719327325,0.011830809811892157,0.002228029833349865,0.012365490850061178,0.0023499547247245738,0.0,0.0,191.38780274824663,0.18575758913862928,0.18575758913862928,nan,nan,nan,nan,0.001,143.8364736919757,576.653140875278,16904.0166015625,1,3,0,best
4,1100,0.983333,0.9996431638276658,0.9996533992615613,0.18346783549270845,0.8240149721503258,0.5146276379173452,0.006319851222956045,0.005909644394308668,0.0024592211001700807,0.003657146850971251,0.004679313680919056,0.0075903967827219854,0.009345518569038673,0.01227311072871089,0.002251999681241366,0.012870549548163333,0.0024523434888000005,0.0,0.0,187.87106364857067,0.19065445071954204,0.19065445071954204,19.874396896355407,0.5564473755992467,0.9828552007675171,0.9560029828486204,0.001,144.3500386029482,721.0031794782262,16904.0166015625,0,3,1,
5,1320,0.98,1.0000514980057649,1.0000180291858587,0.18422625630416653,0.8234646799889478,0.5177247611636465,0.006390746677590703,0.005964050271590663,0.00237523027687778,0.003637499606967057,0.00470310269209387,0.0076721043484708805,0.009495387025262144,0.012769883634014562,0.0021631698847076304,0.013421152966012331,0.0025661780340173706,0.0,0.0,188.64768714904784,0.20332351651711342,0.20332351651711342,nan,nan,nan,nan,0.001,143.83236297313124,864.8355424513575,16904.0166015625,0,3,2,
6,1540,0.976667,0.9992058673589268,0.9990432927554304,0.18044021996584805,0.8253284778107296,0.49947271326726134,0.006551685924006795,0.006086331885308027,0.0024348066372278316,0.0037034432393160057,0.004779063426593149,0.00786114457719536,0.00976500497199595,0.013316951899535277,0.0022343945602187887,0.013979544016447935,0.0026908487287900327,0.0,0.0,184.77078642411666,0.18814319323593542,0.18814319323593542,nan,nan,nan,nan,0.001,144.0616782810539,1008.8972207324114,16904.0166015625,0,3,3,
7,1760,0.973333,0.9987378412335771,0.998774077269164,0.17876855277202347,0.8269762725992637,0.5015457659959793,0.006611134302379055,0.0060949672235768625,0.0024842325603293084,0.0036949941200542856,0.004779791067333215,0.007938192876860161,0.00996040630429475,0.013557684933766722,0.002299055935344024,0.014313681470230221,0.0027591174219692635,0.0,0.0,183.05899772644042,0.19071134815534377,0.19071134815534377,nan,nan,nan,nan,0.001,144.04532304406166,1152.942543776473,16904.0166015625,0,3,4,
8,1980,0.97,0.9978194587051461,0.9976782285354354,0.17903579443015835,0.8279926179484888,0.5097868391735987,0.006695567474658178,0.0062013964994217866,0.0023492261408881113,0.003675277055431665,0.004826447509483181,0.008077613103457473,0.010110039979388767,0.013895291636105289,0.0021336788783876477,0.014653111530721866,0.002845288572081534,0.0,0.0,183.33265314969148,0.18717240215098827,0.18717240215098827,nan,nan,nan,nan,0.001,144.1162505641114,1297.0587943405844,16904.0166015625,0,3,5,
9,2200,0.966667,0.9987168905403728,0.9986323230645874,0.1765849010849541,0.8296087405898355,0.5006029037589377,0.006808990158606321,0.006261947983875871,0.0024118098356253046,0.003730946775546975,0.004887425333303823,0.008173632578373972,0.01028543650384315,0.014419844604774633,0.0021943464964517094,0.015300534904765134,0.002941947639655237,0.0,0.0,180.82293930053712,0.1968999849739431,0.1968999849739431,16.992009145257605,0.5594314405668425,0.9645403027534485,0.9239373601789709,0.001,144.71242635603994,1441.7712206966244,16904.0166015625,0,3,6,
10,2420,0.963333,0.9984492420607113,0.9980741319331256,0.18171340697868305,0.8296719972382892,0.5060292646966197,0.0068319942706941885,0.006286546335005286,0.002293692721815949,0.0036726136414059014,0.004866619629848918,0.008245253837032413,0.010460763650057329,0.014558575048365377,0.00205715491548207,0.015348358037458225,0.003015746934529902,0.0,0.00014204545454545454,186.07452930103648,0.2030718892345009,0.2030718892345009,nan,nan,nan,nan,0.001,143.91110996087082,1585.6823306574952,16904.0166015625,0,3,7,
11,2640,0.96,1.0018978767894666,1.0017324388027191,0.17753156015480107,0.8305070343342694,0.5052024886012078,0.006940931661731818,0.006328339511740276,0.0023467139490424994,0.0037206547234249726,0.004927112842084501,0.008312612569848584,0.010703164475588974,0.015122403422455218,0.002126292014939033,0.015979080185802144,0.003131852773896588,0.0,0.0,181.79231752915817,0.18806804970703908,0.18806804970703908,nan,nan,nan,nan,0.001,143.88451213994995,1729.5668427974451,16904.0166015625,0,3,8,
12,2860,0.956667,0.9978161949774671,0.9979155583815141,0.1788697943768718,0.8304758272387764,0.514115808294578,0.00690363568296148,0.006317549170291221,0.002360040532155174,0.00370292594995011,0.004885383743517609,0.008292079562405972,0.010538702949204228,0.014984278368170966,0.0021347877893276744,0.015865508136762813,0.0030920465979513458,0.0,0.0,183.16266961531207,0.1970338015253042,0.1970338015253042,nan,nan,nan,nan,0.001,144.06311489106156,1873.6299576885067,16904.0166015625,0,3,9,
13,3080,0.953333,0.9995077492707412,0.9996084102175452,0.17574893320825966,0.8313905989581888,0.5104046287861738,0.007048467844089663,0.006429826162374494,0.0023177960846541366,0.003723587676755745,0.004985040002925829,0.008462211364795538,0.010822966133921662,0.01562947438479486,0.0020773812956494195,0.01655502471945841,0.003241311816435138,0.0,0.0,179.96690757057883,0.19077347446756748,0.19077347446756748,nan,nan,nan,nan,0.001,143.85887899505906,2017.4888366835658,16904.0166015625,0,3,10,
14,3300,0.95,1.0009163438866513,1.0008672607215967,0.17572567127645017,0.8321318473328244,0.5217768255959857,0.007035505292217501,0.006421674779531631,0.0023321486944703133,0.0037103578506503254,0.004957444317617707,0.008466712844727392,0.010811698108657517,0.015510751838287847,0.0021129052904804916,0.016502505856227468,0.0032176816089883107,0.0,0.0,179.94308790727095,0.1971555099345803,0.1971555099345803,17.55822459421285,0.5374014740572509,0.8372326493263245,0.9269202087994034,0.001,144.4347117249854,2161.923548408551,16904.0166015625,0,3,11,
15,3520,0.946667,1.0006073125402586,1.0005718231201173,0.17887508967383342,0.8318046130917289,0.5176671476526694,0.007095855168617246,0.006443605434403501,0.002207533780628265,0.0036889759156937627,0.004907667857002128,0.008593524575487456,0.011045117835006254,0.015972500245764173,0.0019515847749227593,0.016980455350130798,0.0033627877763303168,0.0,0.0,183.16809189536355,0.1865358874580562,0.1865358874580562,nan,nan,nan,nan,0.001,143.90893058804795,2305.832478996599,16904.0166015625,0,3,12,
16,3740,0.943333,1.0015344682206868,1.001318645748225,0.1738530015403574,0.8328476323322817,0.5153460506011139,0.00715439439306713,0.00650428101441569,0.002347094290334181,0.003768004414583133,0.005027842130617831,0.008573622521097687,0.011127016460523009,0.01594470975370231,0.002120760181853918,0.0169425015528263,0.003319885896053165,0.0,0.0,178.02547413219105,0.18325349254406836,0.18325349254406836,nan,nan,nan,nan,0.001,143.92915495601483,2449.761633952614,16904.0166015625,1,16,0,best
17,3960,0.94,0.9987826990918309,0.9986429103396156,0.17669140401888977,0.8338867900046435,0.5185883748260411,0.007171728126493028,0.006546856112651188,0.002222185455717739,0.0037326639274727893,0.0049969779401594265,0.0086083314540288,0.01118630556262691,0.016060579678213054,0.001964468961457235,0.017069634367627175,0.0033646270431662824,0.0,0.0,180.93199736855246,0.21153342787087437,0.21153342787087437,nan,nan,nan,nan,0.001,144.02357975090854,2593.7852137035225,16904.0166015625,0,16,1,
18,4180,0.936667,0.9981310863158155,0.9980857758359476,0.17882252741943705,0.834182558818297,0.5201442065564069,0.00718279328006743,0.006491178085773506,0.0021742222679842433,0.0036656234328719703,0.004984625705136833,0.008682203873864968,0.011181906375780024,0.016466388931836596,0.0019197391586203594,0.017527694333429364,0.0034608883169395003,0.0,0.0,183.11426818154075,0.17929114286880857,0.17929114286880857,nan,nan,nan,nan,0.001,143.7211159169674,2737.50632962049,16904.0166015625,1,18,0,best
19,4400,0.933333,1.000278322463155,1.0002169348976828,0.17703683935105802,0.8346064178781076,0.5196628519757227,0.007304305872160264,0.006596961405805566,0.002212508621133483,0.0036828261030181736,0.005025912854629992,0.008829107919750227,0.011457874367690898,0.016767699881033465,0.00198096114304049,0.017891912642781706,0.0035413447315063838,0.0,0.0,181.2857237035578,0.2041742609670529,0.2041742609670529,18.097582854602017,0.5734458206647067,1.0439107418060303,0.9739000745712155,0.001,144.58881447999738,2882.0951441004872,16904.0166015625,0,18,1,
20,4620,0.93,1.0000270586078965,0.9998015914450992,0.17776820954274047,0.8347263647751375,0.5271421293643388,0.0073123503486964515,0.00659105922518806,0.002154014826109315,0.0036732884412313898,0.005060519663807513,0.008773953902577474,0.011483216283588924,0.016938654765148053,0.0019070822178036905,0.017994275636209006,0.0035832680862354625,0.0,0.0,182.03464730002662,0.1917790354902269,0.1917790354902269,nan,nan,nan,nan,0.001,143.79567569796927,3025.8908197984565,16904.0166015625,0,18,2,
21,4840,0.926667,0.9975875098775894,0.9976708987897093,0.17684369178658182,0.8348057887770913,0.5298410824076696,0.007295607468536631,0.006613650667184795,0.0021702622754012487,0.003693284159420397,0.005027933610306883,0.008805201756132936,0.011443274688314308,0.016830845528536222,0.001926089370516076,0.017966147654012523,0.0035468354540750045,0.0,0.0,181.0879404588179,0.19115576329192263,0.19115576329192263,nan,nan,nan,nan,0.001,144.07112110382877,3169.9619409022853,16904.0166015625,0,18,3,
22,5060,0.923333,0.9990710962334635,0.9991185941479422,0.17550662867724895,0.8345061655748974,0.5301944968375293,0.007328304430385205,0.006590471480211074,0.002239131820070642,0.003737737818631682,0.005050572251837531,0.008825539162551814,0.011438472787002949,0.016936960310505872,0.0019953471896191,0.018018055387603288,0.0035733152278804815,0.0,0.0,179.7187879042192,0.18411444700845936,0.18411444700845936,nan,nan,nan,nan,0.001,143.91194252390414,3313.8738834261894,16904.0166015625,0,18,4,
23,5280,0.92,1.0000878510008098,1.0001027355139906,0.17638163122941147,0.8364992415363138,0.5223054180091078,0.007390410594896159,0.006682552285069092,0.002177139651824043,0.0037166583645475014,0.005092066951328888,0.008888650287620046,0.01165653455960141,0.017048983299173415,0.0019204588727006922,0.018124541236003013,0.003619170480735854,0.0,0.0,180.61479027488014,0.18711234927902065,0.18711234927902065,nan,nan,nan,nan,0.001,143.9272213121876,3457.801104738377,16904.0166015625,0,18,5,
24,5500,0.916667,1.0011676548553763,1.0009252359921281,0.1766926014626568,0.835420622067018,0.5200380115346475,0.007468651458409361,0.006678166414018381,0.0021312947977011475,0.0037089705797949467,0.005112375602634116,0.009042091443288056,0.011770390446128492,0.017718887674114243,0.001874731446878286,0.01899737289217724,0.0037678955956256355,0.0,0.0,180.93322400179775,0.1726651715640074,0.1726651715640074,17.513150176377422,0.5596311710712747,0.8477356433868408,0.9239373601789709,0.001,144.38638168107718,3602.187486419454,16904.0166015625,1,24,0,best
25,5720,0.913333,0.9993361324275545,0.999074962735176,0.17594905370338396,0.8364062471823259,0.5199609990824353,0.007506488426588476,0.006711085145996714,0.0021994859664118847,0.003738281815524467,0.005111679150087928,0.009054763568565249,0.011896431137045676,0.017761535667390985,0.0019677375002257495,0.018950027612630618,0.003774788670919158,0.0,7.102272727272727e-05,180.17183061079547,0.18623507842355655,0.18623507842355655,nan,nan,nan,nan,0.001,143.9764799841214,3746.1639664035756,16904.0166015625,0,24,1,
26,5940,0.91,1.0013752640787181,1.0013286177407612,0.17346914082088255,0.8371910339052027,0.5254477253014391,0.007517801721537994,0.0067313456410457466,0.0022283960369928867,0.0037908809817798267,0.005122309272304516,0.009077133753717962,0.01186006171840497,0.01780340388120914,0.0019908742586597908,0.018995962768200446,0.0037675665458664297,0.0,0.0,177.63240033929998,0.18933857287997485,0.18933857287997485,nan,nan,nan,nan,0.001,143.88904477888718,3890.053011182463,16904.0166015625,0,24,2,
27,6160,0.906667,1.003193691271041,1.003111352568323,0.1749571846290068,0.836951156096025,0.5241868679496375,0.007530849224845456,0.006721775477159429,0.0021694544097540943,0.003730141572040421,0.005146677286194807,0.009032659135250882,0.011910688172263855,0.018166184998964045,0.0019308170236234383,0.019508991382000122,0.003843303761889481,0.0,0.0,179.1561567479914,0.18371109081437165,0.18371109081437165,nan,nan,nan,nan,0.001,143.9401695060078,4033.9931806884706,16904.0166015625,0,24,3,
28,6380,0.903333,0.9995357228574557,0.9993212958628481,0.1747429933398962,0.8371829549019987,0.5228267871520736,0.0075055421848612075,0.006728411482816393,0.0021848226825981823,0.003791393611357886,0.005156943036920645,0.009019725778224793,0.01179370615335012,0.017715456410819157,0.0019436826534563972,0.01893170292658562,0.0037428041351218284,0.0,0.0,178.93682511069557,0.19932318053098774,0.19932318053098774,nan,nan,nan,nan,0.001,143.95443213009275,4177.947612818563,16904.0166015625,0,24,4,
29,6600,0.9,1.0014237183101629,1.0011600917035883,0.17515902034938335,0.8372476389462298,0.5274838846515525,0.00757809253515337,0.006786735085982152,0.0021808668746829923,0.0037829933733023193,0.005162145807513629,0.009128556490494785,0.0120633027092977,0.017885561245070264,0.0019147596870011925,0.019060839266008274,0.0038159730071625248,0.0,0.0,179.3628377047452,0.17955031236230168,0.17955031236230168,19.52971428795278,0.5221970848299737,0.9309231042861938,0.8769574944071589,0.001,144.52506592916325,4322.472678747727,16904.0166015625,0,24,5,
30,6820,0.896667,0.9992222727567025,0.999121901799332,0.1784734187478369,0.8369709605520422,0.5364632401276719,0.007565896278670566,0.006801051197742874,0.0020636245150605892,0.0036582838878861036,0.005094806402286684,0.009135916045951572,0.011986268392171371,0.01839419107841836,0.001783889499578932,0.019752444460226053,0.003919355943269858,0.0,0.0,182.75678130063145,0.18959956985398482,0.18959956985398482,nan,nan,nan,nan,0.001,143.83449808391742,4466.307176831644,16904.0166015625,0,24,6,
31,7040,0.893333,1.000758396058528,1.0008498833938078,0.17693615555763245,0.8369858809492805,0.5294293985448101,0.007625772984994745,0.006807740128980103,0.0020993586432186103,0.003734731737693602,0.005123063183220273,0.009195382904727012,0.012121683426878669,0.01846541474911977,0.0018266286725106924,0.019826559749939902,0.0039557059597097,0.0,0.0,181.18262375918303,0.1957306331987011,0.1957306331987011,nan,nan,nan,nan,0.001,143.83077479992062,4610.137951631565,16904.0166015625,0,24,7,
32,7260,0.89,0.999416495374232,0.9993025082078847,0.17666090604933826,0.837312319197438,0.526398258859461,0.007608053511516615,0.006801184231881053,0.0021036837076032744,0.0037659946834372186,0.005136773891387169,0.00911251447502185,0.012190530478784984,0.018272833187471738,0.0018429348523899204,0.019561115447008476,0.0039087628781668505,0.0,0.00014204545454545454,180.90076814131302,0.18144241367507097,0.18144241367507097,nan,nan,nan,nan,0.001,143.8813797950279,4754.0193314265925,16904.0166015625,0,24,8,
33,7480,0.886667,0.9996605614594827,0.9995745163072239,0.17989378346299584,0.8379199763590639,0.5316919669508934,0.007716982831797478,0.006856632560745559,0.0020092770088839724,0.0036436313948467036,0.005144224635494704,0.00926303214139559,0.012291077791120519,0.019290282202630557,0.0017579286690637343,0.02066644877195358,0.004143814112864096,0.0,0.00014204545454545454,184.2112331910567,0.19469157577377838,0.19469157577377838,nan,nan,nan,nan,0.001,143.85717588290572,4897.876507309498,16904.0166015625,0,24,9,
34,7700,0.883333,0.9993998992144383,0.9991257560524074,0.17783116527240383,0.8386824843558398,0.5293820808556947,0.007692845885387876,0.006820871892639182,0.002027028645269721,0.0036973868099845607,0.005149552997582677,0.00927102690118111,0.012397780927660113,0.01891368470070037,0.0017722767765173393,0.020305043892850254,0.004074473191708834,0.0,0.0,182.09911304820668,0.18205724776311588,0.18205724776311588,17.91066236536611,0.5814280480233058,0.7992302775382996,0.8687546607009694,0.001,144.56387011497281,5042.440377424471,16904.0166015625,0,24,10,
35,7920,0.88,0.9996784333487578,0.9996917408975687,0.17761542033404112,0.8354000239209696,0.5503545081073588,0.007567523847418753,0.006733641264409842,0.002068169398989994,0.0037171754250514577,0.0051372351971539585,0.0091263687830757,0.012044764174656435,0.018210590912283144,0.0018044478038725421,0.019511329414407638,0.003890064765106548,0.0,0.0,181.87819021398371,0.1888236090669344,0.1888236090669344,nan,nan,nan,nan,0.001,143.97386652301066,5186.414243947482,16904.0166015625,0,24,11,
36,8140,0.876667,0.9990551752761719,0.9989509405060248,0.17521947532553564,0.837921969186176,0.5319074437699535,0.00773171242326498,0.006841710737948729,0.0021080501062732022,0.003697118007271043,0.005165452258238061,0.009292706615418535,0.012410539589737627,0.01926830943927846,0.0018609968337014752,0.020733360571532765,0.004120318909091029,0.0,0.0,179.42474259463225,0.187043481036217,0.187043481036217,nan,nan,nan,nan,0.001,143.96437645098194,5330.378620398464,16904.0166015625,0,24,12,
37,8360,0.873333,0.9981999640312716,0.9982838913798332,0.17522533288733524,0.8377850590781732,0.5324501882899891,0.0077363599684428085,0.006875290090895512,0.0021006848973973485,0.003737465721893717,0.005184735273624855,0.009260504540394654,0.012468606593425979,0.019116636844013223,0.00183843716037121,0.020480474217964166,0.0041118367315820335,0.0,0.0,179.43074063387783,0.18661295934180894,0.18661295934180894,nan,nan,nan,nan,0.001,143.80922923306935,5474.187849631533,16904.0166015625,0,24,13,
38,8580,0.87,1.0013633363610792,1.0012921547347848,0.17531845142895525,0.8386840542609041,0.5208335633982312,0.007814923087558285,0.006886376943227581,0.00204945696049518,0.0037579328242414206,0.0052230333840601485,0.009349322076675229,0.012607389116998423,0.019610045856626873,0.0017740309374361955,0.02110470557500693,0.004216709807620976,0.0,0.0,179.52609419389205,0.20441230751119494,0.20441230751119494,nan,nan,nan,nan,0.001,144.11875391495414,5618.306603546487,16904.0166015625,0,24,14,
39,8800,0.866667,0.9987431012416483,0.9986865200779654,0.1733813084831292,0.8392858682708306,0.5270992054180665,0.007797120442740958,0.006864748703612184,0.0021296209045844577,0.003799385878532617,0.005255002037368037,0.009354323990092698,0.01253496179653501,0.019233372803269463,0.001867925454644137,0.02054508355954154,0.004122640388298102,0.0,0.0,177.54245981736616,0.18944699309805818,0.18944699309805818,20.199669430019377,0.5007529816532056,0.8891099691390991,0.8590604026845637,0.001,144.44227815489285,5762.74888170138,16904.0166015625,0,24,15,
40,9020,0.863333,1.0008041680809576,1.0006430754607374,0.17554882016371598,0.8387434424324469,0.5319985949180343,0.007831583139274947,0.006886264180171896,0.002120093479144006,0.003722344537329098,0.005192480265924876,0.009440508355725219,0.012624303342520514,0.019787408760748804,0.0018630170681882936,0.021365516239099883,0.004257296382936395,0.0,7.102272727272727e-05,179.7619915008545,0.18247267024494399,0.18247267024494399,nan,nan,nan,nan,0.001,143.84849984105676,5906.597381542437,16904.0166015625,0,24,16,
41,9240,0.86,0.9997410975176001,0.9997802101752975,0.17610893002287908,0.8388458357615904,0.534390953047709,0.007761228288820182,0.006895383266435766,0.0020605915774384895,0.003790908187511377,0.005182069213002582,0.009363662208091806,0.012463006692599844,0.01909625030503693,0.001797862646245366,0.020413855090737343,0.004102461172839288,0.0,0.0,180.33554347645153,0.20328718168244334,0.20328718168244334,nan,nan,nan,nan,0.001,143.90391982300207,6050.501301365439,16904.0166015625,0,24,17,
42,9460,0.856667,1.001025484200219,1.001023749329827,0.17618638249960814,0.8392719373106956,0.5247153450142253,0.007857611011290415,0.006927153930618343,0.002060431182193993,0.0037337733506733043,0.005212381326551126,0.00943319701737809,0.012673647034997968,0.019680310394191606,0.0017973582660322956,0.021072269455445082,0.0042445967725308785,0.0,7.102272727272727e-05,180.41485526344994,0.18847881297718413,0.18847881297718413,nan,nan,nan,nan,0.001,144.07675302308053,6194.578054388519,16904.0166015625,0,24,18,
43,9680,0.853333,0.9983235300266118,0.9981796412305398,0.17805020270699803,0.8393622349609028,0.5325924878093329,0.007803086613685908,0.006909396598877554,0.0020009579848027153,0.003687454571958039,0.005188868056178432,0.009400663430675525,0.012705690796825696,0.01931656941305846,0.00174517209445846,0.020659997119483624,0.004192408949231983,0.0,0.0,182.32340823086824,0.19251831682855106,0.19251831682855106,nan,nan,nan,nan,0.001,143.90624624909833,6338.484300637618,16904.0166015625,0,24,19,
44,9900,0.85,1.0008478349325054,1.0007873300801624,0.17576872283084827,0.8388532614166087,0.5462914966724136,0.007842144825157117,0.0068896168535998595,0.002081632513363729,0.003739262878397395,0.005210174064532939,0.009419987987811592,0.012770683337426321,0.019529790721241048,0.0018253444382439325,0.02087481149302965,0.004215091130092994,0.0,7.102272727272727e-05,179.98717181465844,0.18807446018230273,0.18807446018230273,17.496481860454562,0.5847003861284832,0.8137471675872803,0.8881431767337807,0.001,144.30842973780818,6482.792730375426,16904.0166015625,0,24,20,historical_early_stop(patience=20)
45,10120,0.846667,0.9998682369403795,0.9997110206972469,0.17498084169558503,0.8388904724608768,0.5265304114330899,0.007850153409791264,0.006929538321723654,0.002080539004898376,0.0037394266461805354,0.005219211957988922,0.009405651528769257,0.012749405861408873,0.019656020476990804,0.001810106205580682,0.021091394539160483,0.0042334920970130375,0.0,0.0,179.18038167086516,0.1794394100666257,0.1794394100666257,nan,nan,nan,nan,0.001,144.08130498998798,6626.874035365414,16904.0166015625,0,24,21,
46,10340,0.843333,1.0002422550001557,0.9997903004288673,0.17531022431159562,0.8392881912263956,0.5315579054030505,0.007846516246949747,0.006936727338258854,0.0020866712275495625,0.0038024719973856753,0.005243274390125986,0.00947260961719704,0.012613584507595409,0.01948169215836308,0.0018317190764223182,0.02094729265663773,0.004187395942228085,0.0,0.0,179.51766922690652,0.1948273500524771,0.1948273500524771,nan,nan,nan,nan,0.001,144.20519485208206,6771.079230217496,16904.0166015625,0,24,22,
47,10560,0.84,0.9990600889255897,0.9990088565783067,0.17801254151219673,0.8401406503536485,0.5458033864471046,0.007979321947575294,0.0069701219220984385,0.0019985350053254728,0.003720208731035448,0.005244657408911735,0.009567505206955089,0.01295724217356606,0.020773514844900504,0.0017231339426540548,0.022398212973282417,0.004475167436017231,0.0,7.102272727272727e-05,182.28484278592197,0.18154650520793533,0.18154650520793533,nan,nan,nan,nan,0.001,143.9760458720848,6915.055276089581,16904.0166015625,0,24,23,
48,10780,0.836667,1.0007738485966293,1.0005603326992556,0.17531039887531238,0.8402914643287659,0.5313659806143154,0.007916398728478023,0.00695070521694354,0.0020769891257672994,0.0037073584037981082,0.005222624600124122,0.009526755813170563,0.012742898052304306,0.020169820469296114,0.0018170350961637185,0.021713624143211003,0.004346064297715202,0.0,0.0,179.51784863905473,0.18884244116038007,0.18884244116038007,nan,nan,nan,nan,0.001,143.7806747148279,7058.835950804409,16904.0166015625,0,24,24,
49,11000,0.833333,1.000268095310837,1.000232479382645,0.17771694770252164,0.8404334196990186,0.5368373537605459,0.007991137419065292,0.006978607923850756,0.0020215987038020764,0.003715675464693711,0.0052599166996184395,0.009629688061646779,0.012955547627908263,0.020749905675818973,0.0017480665360959722,0.02243958657861433,0.004473015017257157,0.0,0.0,181.98215460343795,0.1943438462600125,0.1943438462600125,16.696082317197693,0.6338945672351565,0.9525713920593262,0.9403430275913497,0.001,144.4289684901014,7203.26491929451,16904.0166015625,0,24,25,
50,11220,0.83,1.000618728526904,1.0006400842558254,0.1783981355753812,0.8403879501602867,0.5410677762871439,0.007907186458098956,0.0069433807204900815,0.0019732361193746327,0.0037110560896425424,0.00524433068190278,0.009498568914238024,0.012905532072975553,0.019825741403143516,0.0017058091102543668,0.021215842973271556,0.0042957805197643625,0.0,7.102272727272727e-05,182.6796912800182,0.18594643084956522,0.18594643084956522,nan,nan,nan,nan,0.001,144.01943238684908,7347.284351681359,16904.0166015625,0,24,26,
51,11440,0.826667,0.9988277228655196,0.9986700095913627,0.17409069583835926,0.8398049576715989,0.5351204762404616,0.007984235194850375,0.007000815842977979,0.002073644862883322,0.00382366741435941,0.005274034006288275,0.009599057571242818,0.012919716388833795,0.0202410426244817,0.0017983209772038126,0.021662026944316248,0.00436198941050944,0.0,0.0,178.2688724864613,0.19879727962959615,0.19879727962959615,nan,nan,nan,nan,0.001,143.92204283108003,7491.206394512439,16904.0166015625,0,24,27,
52,11660,0.823333,1.0002710261214567,0.9998676077886062,0.17525789483704352,0.8401822600852359,0.5369342488321391,0.007989686844997446,0.007030165634668348,0.002030431546220577,0.003733411574715071,0.005245978655081919,0.009594671369995922,0.013025943530638786,0.020411689274690368,0.0017699212244968458,0.02192061660514975,0.004423155152471736,0.0,0.0,179.46408524946733,0.18593045247012172,0.18593045247012172,nan,nan,nan,nan,0.001,143.73360780999064,7634.94000232243,16904.0166015625,0,24,28,
53,11880,0.82,1.000054135816787,0.9998890869996765,0.17682930395345797,0.839483548023484,0.5334381238980727,0.007944592591163448,0.0069845371858470815,0.001995893956799674,0.003713079433443702,0.005239041050663218,0.009604312090033835,0.012867882511239838,0.02017934988464483,0.0017342006845865398,0.02172105786263604,0.0043726544811348005,0.0,0.0,181.07320693622935,0.18658284376236214,0.18658284376236214,nan,nan,nan,nan,0.001,143.83895138581283,7778.778953708243,16904.0166015625,0,24,29,
54,12100,0.816667,1.001658783415184,1.0014358891682191,0.1756145962598649,0.841046458076347,0.5326944642446257,0.008051446427337149,0.007022697460541332,0.0020276333989551693,0.003759478431046856,0.005269998344804414,0.009639988027894023,0.01304724332453175,0.020945665377869526,0.0017589110349283809,0.022554619222964076,0.004533119125566869,0.0,0.0,179.8293472810225,0.19567816210770692,0.19567816210770692,17.30397891478244,0.5422603155892171,0.8472038507461548,0.9455630126771066,0.001,144.2691189639736,7923.048072672216,16904.0166015625,0,24,30,
55,12320,0.813333,1.0010048977877937,1.0008784952488812,0.17812710495835002,0.8401807138865645,0.5514716946265914,0.008075302875262093,0.007048886251339519,0.00198024044253874,0.0037531081423036418,0.0052869275418660515,0.009684660304761068,0.01316423735115677,0.020989370305853135,0.0017169633250556547,0.0226381936957213,0.00455643540057777,0.0,0.0,182.40215655240146,0.19431044549164944,0.19431044549164944,nan,nan,nan,nan,0.001,144.03152540209703,8067.079598074313,16904.0166015625,0,24,31,
56,12540,0.81,1.000365655487382,1.0003969474272294,0.17461742150851273,0.8409220096739856,0.5349754919382659,0.008092716517223214,0.00709696075857871,0.0020739191355294844,0.0037232140825257044,0.005271537056383254,0.009771937707608397,0.01316006608222696,0.02075474232816222,0.0018165126349644694,0.022319422378628093,0.004501521511172706,0.0,0.0,178.8082407171076,0.2058182345006605,0.2058182345006605,nan,nan,nan,nan,0.001,143.9256695411168,8211.00526761543,16904.0166015625,0,24,32,
57,12760,0.806667,0.9998430357164022,0.9995426079088992,0.17897661804136905,0.841513372415846,0.5346258773722432,0.008082315446385605,0.007052446103824133,0.0019483256911123382,0.0037394090283090586,0.005244072623000565,0.00970655126518316,0.01326039093123241,0.021164714682593264,0.0016785959276438172,0.02283675097013739,0.004596370798588561,0.0,0.0,183.27205696105958,0.18934113028517716,0.18934113028517716,nan,nan,nan,nan,0.001,144.1846988799516,8355.189966495382,16904.0166015625,0,24,33,
58,12980,0.803333,1.000206598795628,1.0000814093784853,0.17691172281788153,0.8410621919415214,0.5371298217637972,0.008080741027581759,0.007067657353102484,0.002005707520617183,0.0037411843122258275,0.0052471243871629915,0.009725096467247401,0.01320906274274669,0.02112751871728423,0.0017500089303708096,0.022827672511762515,0.004583997338671576,0.0,0.0,181.15760390541772,0.1937693204849326,0.1937693204849326,nan,nan,nan,nan,0.001,143.92991735995747,8499.11988385534,16904.0166015625,0,24,34,
59,13200,0.8,0.9999230676468521,0.9998745089227503,0.17524522189050912,0.8411973717537793,0.5314114823260091,0.008138548001773995,0.0070688462202352555,0.002048439939707433,0.0037886865736006504,0.005283209211616353,0.009740299469029361,0.01332920168695802,0.021294891868125308,0.0017837776429256668,0.02285749890460548,0.004620631835000081,0.0,0.0,179.45110799616035,0.18764773195495815,0.18764773195495815,19.61560962920884,0.5529093753449887,0.8653057813644409,0.9164802386278896,0.001,144.70146576408297,8643.821349619422,16904.0166015625,0,24,35,
60,13420,0.796667,1.0005762506454572,1.0004336672750387,0.17612911721860822,0.8410705478353934,0.5232544980943203,0.008084065067073837,0.007054095200940289,0.002010696641148322,0.0036671870335174554,0.005282218913568861,0.009719606394752521,0.013230717146176506,0.021119667816145177,0.0017611656309037987,0.022824584878981112,0.004578340107532726,0.0,7.102272727272727e-05,180.35621604919433,0.18281209952701097,0.18281209952701097,nan,nan,nan,nan,0.001,143.79650784702972,8787.617857466452,16904.0166015625,0,24,36,
61,13640,0.793333,0.9991659194842015,0.9991857272657481,0.17394819000566547,0.8414452930743044,0.5255484778095375,0.008101773250382393,0.007071748986543918,0.002055563429497521,0.0037709852212256837,0.00529931051265025,0.009713616367133165,0.013143291821787981,0.021272399890321224,0.001801160797235339,0.02303762781984088,0.004588093371024694,0.0,0.0,178.12294583754107,0.1982214766085991,0.1982214766085991,nan,nan,nan,nan,0.001,143.95685375109315,8931.574711217545,16904.0166015625,0,24,37,
62,13860,0.79,1.0000662149220774,0.999963562596928,0.17601205755702473,0.8411170669577338,0.5219423784451052,0.008143575083125722,0.007103410652118989,0.001956265596328938,0.003750014463598332,0.005297548163004897,0.009799417219421064,0.013319296658631753,0.021186842786317522,0.001676579160894934,0.02271931914570318,0.0046212070547467605,0.0,7.102272727272727e-05,180.23634726784445,0.1899624943739803,0.1899624943739803,nan,nan,nan,nan,0.001,143.92325231409632,9075.497963531641,16904.0166015625,0,24,38,
63,14080,0.786667,0.9987653404270598,0.9986239158294418,0.1745503463528373,0.8415276203643192,0.5188567936420441,0.00821663755500181,0.007132550014648587,0.0019733798985808707,0.0037546918470814654,0.005334206326039169,0.009894555576399646,0.013472698087042028,0.021581180103715847,0.0016941744138669244,0.023227506641044535,0.004701182941525159,0.0,0.0,178.7395546653054,0.1983295128236926,0.1983295128236926,nan,nan,nan,nan,0.001,144.14122786512598,9219.639191396767,16904.0166015625,0,24,39,
64,14300,0.783333,0.999250190676209,0.9993154554204507,0.17732243602248757,0.8411997751756148,0.536285413666205,0.008084428971844979,0.007028321077285165,0.00196056654650337,0.00373580673370849,0.005278545202666216,0.009772181052672253,0.013296314369125123,0.02088793344499374,0.001689826647948807,0.022543723847378384,0.004552215490151536,0.0,7.102272727272727e-05,181.57817424427378,0.18012460616642031,0.18012460616642031,17.30075915705735,0.5372864726114689,0.8804966807365417,0.8985831469052945,0.001,144.51850425894372,9364.157695655711,16904.0166015625,0,24,40,
65,14520,0.78,1.0007289582884664,1.0007812819697641,0.17495696578513492,0.8411145995963704,0.5291775633665649,0.008177861368114298,0.007129987807605754,0.002026286440179154,0.0037114195136713204,0.005289716435469348,0.009846367474264381,0.013339722342789174,0.021607357796958902,0.0017545698349832408,0.023402613994072785,0.004684710380917585,0.0,0.0,179.1559325131503,0.1867540746163099,0.1867540746163099,nan,nan,nan,nan,0.001,143.8665697129909,9508.024265368702,16904.0166015625,0,24,41,
66,14740,0.776667,0.9997149947563988,0.9996135990728031,0.17597599993036553,0.8408308638767763,0.524512708390301,0.008125527278223837,0.007101316535210406,0.001989769572669915,0.0037220889268527652,0.005279846236490729,0.009788554753388532,0.013330667184411803,0.02116520647594536,0.0017230705153699754,0.02282656665298749,0.004599586764181202,0.0,7.102272727272727e-05,180.1994238246571,0.17508914582036061,0.17508914582036061,nan,nan,nan,nan,0.001,143.86239830008708,9651.886663668789,16904.0166015625,0,24,42,
67,14960,0.773333,0.9989576051881481,0.9987708938392725,0.17588272831318053,0.8421356252648614,0.5273046338422732,0.008194450586399232,0.0071391023240390825,0.001955561631356514,0.0036868867993524127,0.005231522755506872,0.009880594880616461,0.013528247880326076,0.02160224457356063,0.001698642010772098,0.023250022168609906,0.0047419728615998545,0.0,0.0,180.10391429554332,0.19587955758087566,0.19587955758087566,nan,nan,nan,nan,0.001,143.98403298598714,9795.870696654776,16904.0166015625,0,24,43,
68,15180,0.77,1.0002753505131106,1.000189674984325,0.1733852744102478,0.8413604641502553,0.5266288781030611,0.00824383544862609,0.0071670659584924575,0.0020570002459862737,0.003826578164113347,0.005341913662745025,0.009852163775146685,0.013521096656437625,0.02182853992562741,0.0017918819154643148,0.023530803629281845,0.004732728751101108,0.0,0.0,177.54652115214955,0.1973781269257781,0.1973781269257781,nan,nan,nan,nan,0.001,144.08243988477625,9939.953136539552,16904.0166015625,0,24,44,
69,15400,0.766667,1.0001346424120163,1.000055136734789,0.17307000102644618,0.841968135535717,0.5301671381701123,0.008192894244778225,0.007166592007375915,0.002041314706994771,0.0037884193517542866,0.00535037928070365,0.009887996249281886,0.013357964543287049,0.0211397232149135,0.0017893584797341398,0.022714378839274022,0.004591161174043505,0.0,7.102272727272727e-05,177.22368146722968,0.1807395229816015,0.1807395229816015,15.273856110187815,0.5093512431501936,0.9216040372848511,0.964951528709918,0.001,144.31230629305355,10084.265442832606,16904.0166015625,0,24,45,
70,15620,0.763333,0.9999429325579511,0.9998828107660467,0.17661677224730904,0.8414836744015867,0.5230495395985517,0.008273478085175156,0.007139665723397312,0.002003004092297157,0.003734324609236368,0.005306108960014006,0.009939112777779386,0.013786908209493215,0.021953806829300117,0.0017235180425400772,0.0236701256447387,0.004822879678844897,0.0,0.00014204545454545454,180.85557504133746,0.18129012279317874,0.18129012279317874,nan,nan,nan,nan,0.001,143.81329531106167,10228.078738143668,16904.0166015625,0,24,46,
71,15840,0.76,0.9994561859578369,0.999433625692671,0.17454270700162108,0.8420642893422734,0.5217958954247561,0.008241429065608166,0.007127726011359217,0.0020232511527534702,0.0037049916001375425,0.005257475889414887,0.009882994279773398,0.013600486963564022,0.021890581225637685,0.0017675192661789135,0.02360635023902763,0.004779095635008575,0.0,7.102272727272727e-05,178.73173216039484,0.1840714793602889,0.1840714793602889,nan,nan,nan,nan,0.001,143.96125195594504,10372.039990099613,16904.0166015625,0,24,47,
72,16060,0.756667,1.0003787044240564,1.0004291034557602,0.17238003994253548,0.8414838843724944,0.5229371930387887,0.008238199798771264,0.007188812758646567,0.001999104014116297,0.0037868079644712534,0.005328302979151803,0.00996688922168687,0.013525107346305793,0.02143002179112624,0.001737189847633338,0.02309735849372704,0.004675976004959508,0.0,0.0,176.51716240969571,0.18666991626697235,0.18666991626697235,nan,nan,nan,nan,0.001,144.01068640197627,10516.050676501589,16904.0166015625,0,24,48,
73,16280,0.753333,1.000239255759602,1.0000904180786827,0.172921139086512,0.8415035341273654,0.5236470447345214,0.008335990166630258,0.007190731577363543,0.0020248802300391784,0.0037887740142071957,0.005346568825718185,0.009971949075010013,0.013729670372876254,0.022454868168146774,0.0017415239123114259,0.02419701682361351,0.004901600423776968,0.0,0.0,177.07124656330456,0.1887490418694327,0.1887490418694327,nan,nan,nan,nan,0.001,144.01582130906172,10660.06649781065,16904.0166015625,0,24,49,
74,16500,0.75,0.9985080107469494,0.9984629971059886,0.1736537020992149,0.8422278538346291,0.5114805814894763,0.0082612755285068,0.0071195536938665266,0.002009954552274642,0.0037471115438331088,0.005311940705657683,0.009952266224321316,0.013611321686767042,0.022075469330461187,0.0017574336385884884,0.023865773863243785,0.004814285337289965,0.0,0.0,177.8213908628984,0.1913088874744826,0.1913088874744826,18.355328068533957,0.5346451891805036,0.8121681809425354,0.9038031319910514,0.001,144.37687941407785,10804.443377224728,16904.0166015625,0,24,50,
75,16720,0.746667,0.9996784687856879,0.999656195803122,0.17419484134086155,0.8420749751004306,0.5198691445318135,0.008323958809275857,0.007205394416285509,0.002017783843753436,0.0037687826036496767,0.00535055980911817,0.0099428730529987,0.013810179046016524,0.022249823645688595,0.0017637933363485816,0.02405675097834319,0.004847643871537664,0.0,0.00014204545454545454,178.37551755038174,0.21880255676937727,0.21880255676937727,nan,nan,nan,nan,0.001,143.90660380595364,10948.349981030682,16904.0166015625,0,24,51,
76,16940,0.743333,0.9989196545442307,0.9989075137810274,0.17323186592283574,0.8425425467166033,0.519451932338151,0.00830182672203095,0.007175621319435198,0.0020580874928617216,0.003762830287186344,0.0053450633962215345,0.009955725614616478,0.013572899984534492,0.02243016909977252,0.0018040814752649484,0.024287604250606488,0.004868773872625421,0.0,0.00014204545454545454,177.38943073966286,0.1863229116927223,0.1863229116927223,nan,nan,nan,nan,0.001,144.13097959500737,11092.48096062569,16904.0166015625,0,24,52,
77,17160,0.74,1.0004477447963793,1.0004082950678739,0.17194744121621955,0.8416190738027746,0.5241560712456703,0.008305982394482601,0.007183265679685229,0.002043736142646098,0.003750816741376184,0.005335648951057175,0.00998864738503471,0.013791001236743547,0.021947846102358944,0.001782104467664877,0.02359641268002716,0.004801142966078425,0.0,0.0,176.0741792158647,0.17557667046093656,0.17557667046093656,nan,nan,nan,nan,0.001,144.04279461991973,11236.52375524561,16904.0166015625,0,24,53,
78,17380,0.736667,0.9993336978697288,0.9992585029114377,0.17502103026278995,0.8426967955448411,0.5321683466434479,0.00842100630979985,0.007239151723809879,0.0019759643063893733,0.0038131902456040156,0.0053920103506904776,0.010067803266627545,0.013920047764920375,0.022845530992543155,0.0016877362724533834,0.024710923331705006,0.0049879692468411205,0.0,0.0,179.22153524918988,0.18859115667035103,0.18859115667035103,nan,nan,nan,nan,0.001,143.89088422898203,11380.414639474591,16904.0166015625,0,24,54,
79,17600,0.733333,0.9989772793372291,0.9987092206423933,0.17392764812843367,0.8422648880969394,0.5207654263485562,0.008319686305582184,0.007200598961208016,0.001958164437779818,0.003851176758921197,0.005387632694857364,0.009979423123877496,0.013712933697653088,0.022025433910841292,0.0016779474169280465,0.023810238513926215,0.004789315261454745,0.0,0.0,178.10191249847412,0.19270983915759546,0.19270983915759546,17.078427625101416,0.5294592480127497,0.9659098386764526,0.947054436987323,0.001,144.45459691202268,11524.869236386614,16904.0166015625,0,24,55,
80,17820,0.73,0.999937510436108,0.9998414894396609,0.16984856465662068,0.8424620789560404,0.5368331844156439,0.008392351076260886,0.0072306294671513815,0.002072090860879557,0.0038024751567387613,0.005355714982777665,0.00994195503669537,0.013970047821798785,0.022745335770940237,0.0018043613214765422,0.024517336729067293,0.004968198547563092,0.0,0.0,173.9249304337935,0.19417067302784544,0.19417067302784544,nan,nan,nan,nan,0.001,144.0168819250539,11668.886118311668,16904.0166015625,0,24,56,
81,18040,0.726667,0.9997395476610622,0.9996400405060161,0.17394838465208357,0.8426196426153183,0.5303408658639951,0.008401885750407184,0.0072179903995923025,0.0020163858511792073,0.0038047050062397663,0.0053786949836649,0.010011983145324683,0.01389497860800475,0.022948677380653947,0.0017417663120795623,0.02492693790911951,0.004986822891408916,0.0,7.102272727272727e-05,178.12314532886853,0.19650426554097528,0.19650426554097528,nan,nan,nan,nan,0.001,143.88468397012912,11812.770802281797,16904.0166015625,0,24,57,
82,18260,0.723333,1.0012427560289248,1.0011074128476056,0.17100924712351778,0.8420800779353489,0.5270774646238847,0.008413058959624985,0.007207085289569063,0.0020367206540620165,0.003805583547694947,0.005375175378602845,0.010110658177555623,0.01406430557624183,0.022510010236874222,0.0017649801516447703,0.02421547937926582,0.004944085403324359,0.0,0.0,175.1134691585194,0.19860618253700454,0.19860618253700454,nan,nan,nan,nan,0.001,143.85310502909124,11956.623907310888,16904.0166015625,0,24,58,
83,18480,0.72,1.0001150525783895,0.9998723414811221,0.17356479616666382,0.8428924198855053,0.5294229642911391,0.008402611710004169,0.007239841275044124,0.0019709064207166773,0.0037857475642919204,0.005368270271521231,0.010040310106705874,0.013854635930196806,0.022784676498056135,0.0016892226821007418,0.024552606427195398,0.004984456546265971,0.0,0.0,177.7303508758545,0.19084211380923352,0.19084211380923352,nan,nan,nan,nan,0.001,144.06755960709415,12100.691466917982,16904.0166015625,0,24,59,
84,18700,0.716667,1.0001723156703088,0.9999587202614004,0.17029448446225037,0.8422225361520593,0.5230432377620177,0.008497539582789282,0.007270047732163221,0.002050596393845891,0.003848769795149565,0.005414582298941571,0.010157792500897565,0.014112912615845826,0.023139263429170984,0.0017660883378002009,0.025113019660453904,0.00505131715379486,0.0,7.102272727272727e-05,174.38155139576304,0.20241474730780334,0.20241474730780334,15.498883345419323,0.5554670822993244,0.9160920977592468,0.9246830723340791,0.001,144.6571843950078,12245.34865131299,16904.0166015625,0,24,60,
85,18920,0.713333,1.0008081508660371,1.0007044639099727,0.1759964150630615,0.8424712093038993,0.52681368264285,0.008467861844904043,0.007258898234629834,0.001945812912295382,0.0037766587565949356,0.005377170123392716,0.010184365936385636,0.014109898301434111,0.02290286067238247,0.0016600354673838328,0.024692815453322095,0.005034594768552448,0.0,0.0,180.22032952742143,0.18334073451315536,0.18334073451315536,nan,nan,nan,nan,0.001,144.07404210488312,12389.422693417873,16904.0166015625,0,24,61,
86,19140,0.71,1.0002370372176985,1.0001423371109095,0.1748709587888284,0.842449586499821,0.5352144421501593,0.008487740079660647,0.007264867650387301,0.0019270844535309482,0.003764566950584677,0.005412183127852834,0.010160197755745188,0.014123314536515285,0.02307237242983485,0.0016467348660543476,0.02489867058836601,0.005070479624290866,0.0,0.00014204545454545454,179.06786204251375,0.1987128359035883,0.1987128359035883,nan,nan,nan,nan,0.001,144.01947480998933,12533.442168227863,16904.0166015625,0,24,62,
87,19360,0.706667,1.0005865774556553,1.0004333907907659,0.17521429200741379,0.8427358409220522,0.5486567959189415,0.008425396217287264,0.007232016333463517,0.0019500123288625302,0.003703083167519336,0.00532134019409899,0.010152864023323424,0.014114824540659108,0.022771282743831927,0.001691835003922196,0.024575891574336723,0.005017305344914679,0.0,0.0,179.41943459944292,0.19017699128963797,0.19017699128963797,nan,nan,nan,nan,0.001,143.90681106387638,12677.348979291739,16904.0166015625,0,24,63,
88,19580,0.703333,1.000231942853515,0.9998696713285012,0.17281498624519867,0.8426742655309764,0.5310536798428406,0.008421059406828135,0.00723912239879031,0.001968202611566415,0.0038141692980637096,0.005351979394485666,0.010102249343286861,0.014022627678191797,0.022667428089136427,0.0017053733314076618,0.02439889101184566,0.004971300445983864,0.0,7.102272727272727e-05,176.9625460537997,0.17936324018731412,0.17936324018731412,nan,nan,nan,nan,0.001,144.0492382128723,12821.398217504611,16904.0166015625,0,24,64,
89,19800,0.7,0.999096393177884,0.999154024774378,0.17272025280716743,0.8429382038387385,0.5300523466684601,0.008516561654819683,0.007305366193494675,0.0019505219523456286,0.003775811052235605,0.005390472336545248,0.010170599100687964,0.01439940930471163,0.02306204939218746,0.0016794514068764826,0.024877543810924347,0.005083717305784706,0.0,0.0,176.86553864912554,0.19839270206071127,0.19839270206071127,16.139363885066455,0.5752316282645299,0.8900421261787415,0.9798657718120806,0.001,144.5710540979635,12965.969271602575,16904.0166015625,0,24,65,
90,20020,0.696667,0.9991812214492937,0.9992212062532252,0.17177577613090927,0.8427448301152749,0.5312561171976002,0.00843216281447729,0.007240170732521536,0.0020290792412362697,0.0037658300454495473,0.005360477933638983,0.010107874674510887,0.014086438950405202,0.022779947165823117,0.0017708329560760334,0.024583643753166226,0.004987814502303742,0.0,7.102272727272727e-05,175.89839435924182,0.19409781506830195,0.19409781506830195,nan,nan,nan,nan,0.001,143.9315917280037,13109.900863330578,16904.0166015625,0,24,66,
91,20240,0.693333,0.9984620789189002,0.99833192974329,0.17429159317504275,0.8426005031574856,0.5420970810407942,0.008459017000330443,0.007275115173648704,0.0019377533453569578,0.003711578490170227,0.0053496037504043095,0.01009446461790834,0.01401252736845477,0.023353246654468505,0.001672486085160265,0.025312510501085357,0.0051130117128857155,0.0,0.0,178.4745907870206,0.1892756384514951,0.1892756384514951,nan,nan,nan,nan,0.001,144.17224503285252,13254.073108363431,16904.0166015625,0,24,67,
92,20460,0.69,1.0006249967903103,1.0005546194585886,0.17733337418599562,0.8433116872202266,0.5463379801674323,0.008470502688380127,0.0072941412090916525,0.001918774418498453,0.0037453238161767577,0.005395477414342828,0.010154949120161209,0.014295707962645048,0.022681102524934844,0.001650890498289796,0.02447911990086802,0.005010150848168202,0.0,7.102272727272727e-05,181.58937539187346,0.20855449627883976,0.20855449627883976,nan,nan,nan,nan,0.001,143.8834860760253,13397.956594439456,16904.0166015625,0,24,68,
93,20680,0.686667,0.9993147797084887,0.9992440531199629,0.17559846725992181,0.8434467062354087,0.5455190034752543,0.008485032679428432,0.007255835978271947,0.0019136716415232512,0.003733873898322186,0.005365618096601048,0.01021020926259966,0.014209781851704148,0.023238437284122813,0.0016572118982863188,0.0251826505176723,0.005106591458157213,0.0,0.0,179.81283057819712,0.20456265814595787,0.20456265814595787,nan,nan,nan,nan,0.001,143.9837038659025,13541.940298305359,16904.0166015625,0,24,69,
94,20900,0.683333,0.9992524460127794,0.9991934642195701,0.1752253313294866,0.8435236754742536,0.5372685336931186,0.008558643923606724,0.007322220722298053,0.0019524954514054116,0.0037641500368904833,0.005431632321878252,0.010326268331317062,0.014221843310885808,0.023494679370725698,0.0016677322161905812,0.025495331264524298,0.005138962314231321,0.0,7.102272727272727e-05,179.43073905598033,0.19802964467532227,0.19802964467532227,18.821214343211345,0.5299559774415822,0.9712705016136169,0.9850857568978374,0.001,144.4692506119609,13686.40954891732,16904.0166015625,0,24,70,
95,21120,0.68,1.0005180067244859,1.000481481443752,0.1721031549132683,0.84361035796729,0.5500655661929738,0.008628504106309266,0.007377104555383663,0.001944422006106999,0.0037143508152274246,0.00540474918406372,0.01034049408997155,0.014590881314043971,0.02386598966550082,0.0016780781209738713,0.025773142005147583,0.0052725287768143145,0.0,0.0,176.23363037109374,0.20102850143212223,0.20102850143212223,nan,nan,nan,nan,0.001,143.8839626479894,13830.293511565309,16904.0166015625,0,24,71,
96,21340,0.676667,1.0001834235864782,1.000153777816079,0.1744273359633305,0.8433749089186842,0.5421616825190457,0.008502954822456972,0.007279945970301262,0.0019516930104476738,0.003768338679219596,0.00537136126394299,0.010231777272102508,0.014113446936773305,0.02344668549908833,0.0016758264998729415,0.0253851622173732,0.005120675402312455,0.0,0.0,178.61359228654342,0.20219764721297406,0.20219764721297406,nan,nan,nan,nan,0.001,143.98035379406065,13974.27386535937,16904.0166015625,0,24,72,
97,21560,0.673333,0.9984463563269526,0.9982610050927508,0.1734019737521356,0.8433464563705705,0.549199216067791,0.008492496515497227,0.007268827084705911,0.0019286876885003452,0.0037291774867546997,0.005408516102364626,0.010187952010892332,0.014320975057357414,0.023123562522232532,0.0016506930670981423,0.024914589418436994,0.005092499489282173,0.0,7.102272727272727e-05,177.56362138227982,0.21428952181825428,0.21428952181825428,nan,nan,nan,nan,0.001,144.05912874592468,14118.332994105294,16904.0166015625,0,24,73,
98,21780,0.67,1.0005571703704452,1.0004438921809196,0.1705608941275965,0.8431942389769987,0.5401055780324069,0.008665735851338303,0.0073207786296155646,0.002009664685729976,0.0038106985691807828,0.005423106640492651,0.010405620830980214,0.014574691524136473,0.02425498821433972,0.0017352254342933354,0.026326189406046814,0.005338207827563482,0.0,0.0,174.65435569069604,0.20320867772595372,0.20320867772595372,nan,nan,nan,nan,0.001,143.93320819502696,14262.266202300321,16904.0166015625,0,24,74,
99,22000,0.666667,0.9992379813639612,0.9990855406631123,0.1777598333629695,0.8444225463000211,0.5448374566029418,0.008481763666284017,0.007244937391740016,0.001917787989276059,0.0036923117133979264,0.005346271669788455,0.010196757334580813,0.014261062872934748,0.023192858264188876,0.0016417808562519812,0.02504208899865096,0.005122809176629579,0.0,0.00014204545454545454,182.02606984918768,0.1945135650759403,0.1945135650759403,18.73252258152848,0.5307658385124993,0.9007135629653931,0.9485458612975392,0.001,144.38672531908378,14406.652927619405,16904.0166015625,0,24,75,
100,22220,0.663333,1.000322157266743,1.0001905360005119,0.17530790140683,0.843567871641029,0.5491562993689016,0.008618753397075291,0.007342726195400411,0.0018992533362920353,0.003695532780627466,0.005410521388561888,0.010342610546980392,0.014446886053139513,0.023892208078706807,0.0016354452660876137,0.025855352155948905,0.005277527071831917,0.0,0.0,179.51529039903122,0.1866704540180617,0.1866704540180617,nan,nan,nan,nan,0.001,143.85347737697884,14550.506404996384,16904.0166015625,0,24,76,
101,22440,0.66,0.999674026542481,0.9995765795761888,0.17328071316534824,0.8427482591433959,0.5482865872708234,0.008542999773370948,0.007320079603232443,0.0020052405293178957,0.0037402882862476294,0.005414603528862989,0.010315864421003922,0.014290292175825347,0.023101610131561756,0.0017442216658806005,0.0249806288164109,0.005089685364774513,0.0,7.102272727272727e-05,177.43945012526078,0.18966168163889388,0.18966168163889388,nan,nan,nan,nan,0.001,143.9565080148168,14694.4629130112,16904.0166015625,0,24,77,
102,22660,0.656667,1.0006905799574624,1.0006206745451147,0.17215361312370409,0.8439233559099111,0.5324074300175363,0.008643882096194747,0.0073802325694652445,0.0019815592230191794,0.003795014220998961,0.005432124602587216,0.01032486872070215,0.014412400863048706,0.024185326960022478,0.0016935296627211343,0.026223631810650908,0.005292802410919896,0.0,0.0,176.2852987462824,0.1794989504526138,0.1794989504526138,nan,nan,nan,nan,0.001,143.6378695841413,14838.100782595342,16904.0166015625,0,24,78,
103,22880,0.653333,0.9986935556613774,0.9987463147802786,0.17211099233139646,0.843325939368118,0.5454122090881521,0.0086435670922087,0.007336096174549311,0.0019900851158044216,0.0037620760331099684,0.005483039904555137,0.010320693253412503,0.014464255729266866,0.023938623362813483,0.0017245435619108983,0.025891218313269994,0.005264340444806625,0.0,0.0,176.24165597395464,0.2034210399119307,0.2034210399119307,nan,nan,nan,nan,0.001,143.9702623509802,14982.071044946322,16904.0166015625,0,24,79,
104,23100,0.65,0.9998165440993863,0.9998530944639986,0.17757590883834795,0.8439687881957401,0.5586540462618524,0.008589096350426024,0.007305358154487542,0.0018735035926511045,0.003689575603295287,0.00537823610462841,0.010355285177303648,0.014384054659273136,0.023936449831605634,0.0016107199283148723,0.026081532519310714,0.005291354553562335,0.0,7.102272727272727e-05,181.8377304944125,0.17766911688628817,0.17766911688628817,16.117020735455522,0.5672304355997847,0.9003050327301025,0.9202087994034303,0.001,144.4539755929727,15126.525020539295,16904.0166015625,0,24,80,
105,23320,0.646667,1.0005713963291367,1.0005098902366378,0.1721666341816837,0.8433665761893446,0.5546130048280412,0.008639915611340919,0.007318101040172306,0.001958788349888478,0.0037771698291180654,0.005431522933279418,0.01036367413524369,0.01458775898526338,0.024059303585355254,0.0016790846635889136,0.026141835122623226,0.005297711326486685,0.0,0.0,176.29863340204412,0.19117345855753312,0.19117345855753312,nan,nan,nan,nan,0.001,144.03238062513992,15270.557401164435,16904.0166015625,0,24,81,
106,23540,0.643333,0.9990720807284049,0.9989784877408635,0.1744324910200455,0.8439281364733523,0.5396754755215212,0.008699221902696246,0.007380240002054382,0.0019776024377444463,0.0038226660442887807,0.005438423793318428,0.010414554168131541,0.014468647027388214,0.024318828649649567,0.001679702446414343,0.02633053529160944,0.0053578834102319724,0.0,0.0002130681818181818,178.6188705444336,0.19007653983311512,0.19007653983311512,nan,nan,nan,nan,0.001,143.8392322550062,15414.396633419441,16904.0166015625,0,24,82,
107,23760,0.64,0.9991614302633021,0.9991033318367871,0.17741585075855254,0.8440050016749989,0.5489483297548511,0.008627230409448119,0.00735072906721722,0.0019196880076461555,0.003774363329549405,0.0053755499332592905,0.010372846511150287,0.014551236990585246,0.023883316068994728,0.0016466987623888682,0.025853219884447755,0.00527683781481094,0.0,7.102272727272727e-05,181.67383114207874,0.20538703169077502,0.20538703169077502,nan,nan,nan,nan,0.001,143.86807041591965,15558.26470383536,16904.0166015625,0,24,83,
108,23980,0.636667,0.9988164332841686,0.9986892715096474,0.17649533916264773,0.8439391285181046,0.542853339558298,0.008607045277445154,0.0073099529698745095,0.001861232372704597,0.003760751981595108,0.00541667153804817,0.010229894010858102,0.01437761520289562,0.024333399172279644,0.001575221173846909,0.026362772997130048,0.005348937029272995,0.0,7.102272727272727e-05,180.73122707713733,0.19433902681473345,0.19433902681473345,nan,nan,nan,nan,0.001,143.7593706420157,15702.024074477376,16904.0166015625,0,24,84,
109,24200,0.633333,1.0000603867011624,1.000015951693058,0.17174228314648976,0.8442172930999235,0.5440475828945637,0.00875822196460583,0.007381781891242347,0.0019315469145526137,0.003754578732663173,0.005420889622870494,0.010455251531675458,0.01500442754053934,0.024833946776661005,0.001653060607747069,0.026868353303606537,0.005498011344091289,0.0,0.0,175.86409827145664,0.1866012564625601,0.1866012564625601,15.728476230804914,0.5470559269043123,0.8661904335021973,0.9269202087994034,0.001,144.29402475012466,15846.318099227501,16904.0166015625,0,24,85,
110,24420,0.63,1.000488706764708,1.0003199436447836,0.17334284008565273,0.8437048026106574,0.5369926258921623,0.008658491293053058,0.00737819564211267,0.0019253533281285357,0.003767973095157438,0.005419052729319611,0.01026226189410822,0.014590793378143148,0.02425345705864443,0.0016346786663730612,0.02632739059415392,0.005353450720113786,0.0,0.00014204545454545454,177.5030685078014,0.1872520682992369,0.1872520682992369,nan,nan,nan,nan,0.001,143.8236483929213,15990.141747620422,16904.0166015625,0,24,86,
111,24640,0.626667,0.9999948039413313,0.9999752363020723,0.17507365642284806,0.8436290613629601,0.5500181838192723,0.008750301471445709,0.007459912116808648,0.0018782007761976936,0.0037540961953874846,0.0054638201783580535,0.010412793038201265,0.014638767558657988,0.024982822066257623,0.0015894375657312181,0.027163658928210762,0.0055000918123617095,0.0,0.0,179.27542421167547,0.18307997129205367,0.18307997129205367,nan,nan,nan,nan,0.001,143.82152054086328,16133.963268161286,16904.0166015625,0,24,87,
112,24860,0.623333,1.001155929440518,1.0009288262237201,0.1725769499486143,0.8444849419322881,0.5477660984478213,0.008736820599402893,0.007443457649258727,0.0020232291310094295,0.0037933570906964384,0.005462188821878623,0.01047278200382028,0.0146242420358414,0.02421748827169226,0.0017612817737575493,0.02609649958850985,0.005340284937781028,0.0,7.102272727272727e-05,176.7187967300415,0.20868920695092646,0.20868920695092646,nan,nan,nan,nan,0.001,143.86218391405419,16277.82545207534,16904.0166015625,0,24,88,
113,25080,0.62,1.001306439993865,1.0013253156434405,0.17315934286876158,0.8443267804655161,0.5385882800952955,0.008796872612385249,0.007443453712304207,0.001998092881331104,0.00380533961036814,0.005484275063711472,0.01053280497012152,0.014906773584979502,0.024516046538271687,0.0017237222961160694,0.02642727983395823,0.005432442230151289,0.0,7.102272727272727e-05,177.3151661612771,0.19699605617089203,0.19699605617089203,nan,nan,nan,nan,0.001,143.72255425108597,16421.548006326426,16904.0166015625,0,24,89,
114,25300,0.616667,1.0000789043300515,1.0000364443117922,0.17107469109310344,0.8446319932287389,0.5376277227293361,0.008728249092713337,0.007404322432227094,0.0019691634715524164,0.0038172560654030265,0.00551895926209082,0.01044622467068786,0.01465074517764151,0.02438377717467533,0.0016863231630519625,0.026401623006148095,0.005349469621432945,0.0,0.0,175.18048369667747,0.19768429875116925,0.19768429875116925,17.308530620427476,0.5335407513755133,0.9259998798370361,0.9724086502609992,0.001,144.37491674907506,16565.9229230755,16904.0166015625,0,24,90,
115,25520,0.613333,0.9988510176912798,0.9987920375032858,0.1770619578828866,0.8446962408044122,0.540599013255401,0.008726643497886306,0.00739621708846905,0.0018956290682663993,0.003774270475365814,0.005452266642400487,0.010430676994887604,0.014703298677605661,0.02458255745428191,0.0015982122084923587,0.026664070986126633,0.0054251433350145815,0.0,0.0,181.31144511482933,0.2051432889570819,0.2051432889570819,nan,nan,nan,nan,0.001,143.6172079180833,16709.540130993584,16904.0166015625,0,24,91,
116,25740,0.61,1.0001220764223155,1.0000901860269633,0.16967133109203794,0.8446659269658002,0.5347450897097588,0.008800700620155442,0.007414031252053312,0.0020274130834216273,0.0037966800448802217,0.005448997755725445,0.01058438623387536,0.01491797367237847,0.024561257590539752,0.0017480167845695344,0.026536083327267656,0.005444152865410698,0.0,0.0,173.7434432810003,0.17972848559610355,0.17972848559610355,nan,nan,nan,nan,0.001,143.88285402511247,16853.422985018697,16904.0166015625,0,24,92,
117,25960,0.606667,0.9998554268296053,0.9997823532332074,0.17081282047385518,0.8446622985330495,0.5412849492647431,0.008782270296730779,0.007389699812682176,0.0019858735544072592,0.00377964671431321,0.005441660212289373,0.010626295514785769,0.015043989772146398,0.024221112568524075,0.0017201263842831725,0.026072490930726583,0.005409497629575939,0.0,7.102272727272727e-05,174.91232771439985,0.18359854719893898,0.18359854719893898,nan,nan,nan,nan,0.001,143.8198871561326,16997.24287217483,16904.0166015625,0,24,93,
118,26180,0.603333,1.0004349564093935,1.0002332684668627,0.17414555085653607,0.8447079380804842,0.5411388995295221,0.008699995625383136,0.007442069662184539,0.00190136686280973,0.0037511362032753163,0.00546958118211478,0.010414037825963037,0.014770695241168141,0.024062658641064032,0.0016364297630471728,0.025943532969209957,0.005330458909421312,0.0,7.102272727272727e-05,178.3250437303023,0.1786400011380777,0.1786400011380777,nan,nan,nan,nan,0.001,143.84137258911505,17141.084244763944,16904.0166015625,0,24,94,
119,26400,0.6,0.9992026208745048,0.9991932778195901,0.17507985567843373,0.8442109447988597,0.5413942009210586,0.008738382636908104,0.007379648038609461,0.0019388612829061458,0.003753614374727476,0.005472025499065322,0.010404051167213104,0.01481094672344625,0.02455880172889341,0.001668080712509188,0.02653061111711643,0.005425284544154155,0.0,0.0,179.28177165985107,0.2077528565354599,0.2077528565354599,17.400923082713767,0.5241523740166153,0.8250889778137207,0.9530201342281879,0.001,144.3338944038842,17285.41813916783,16904.0166015625,0,24,95,
120,26620,0.596667,1.0005774030924386,1.000324612584981,0.17780653412707828,0.8449486391110854,0.5494690328159115,0.008815656627782366,0.007511301077267324,0.0018716496192527385,0.003717979124154557,0.005455488540147516,0.010563985794909638,0.015031419074247506,0.024815494736487215,0.0015913038138189056,0.026880791630934587,0.005511074658716098,0.0,0.0002840909090909091,182.07389143163508,0.18731088985900612,0.18731088985900612,nan,nan,nan,nan,0.001,143.87072132597677,17429.288860493805,16904.0166015625,0,24,96,
121,26840,0.593333,1.0001238202994396,1.0000854148106142,0.1757728573781523,0.844889891824939,0.5522629435089501,0.0087097493624738,0.007432079191361977,0.0019040758249254644,0.0037327478306410328,0.005439894209848717,0.01045815650458363,0.014620004797523673,0.02429064234549349,0.0016288775479386625,0.026330791873095387,0.005373839899601245,0.0,7.102272727272727e-05,179.99140545238149,0.21390306097673537,0.21390306097673537,nan,nan,nan,nan,0.001,143.94822102901526,17573.23708152282,16904.0166015625,0,24,97,
122,27060,0.59,0.9998968565382556,0.9998417202721942,0.17389404600994154,0.8451204280961644,0.5409884898500009,0.00885485195110298,0.007451393436217172,0.0019135704667529684,0.003771153034705838,0.0054769960893529725,0.01049423491455276,0.015039193659851497,0.02574585550676354,0.0016449311931534215,0.028005264712158928,0.005696061280534856,0.0,0.0,178.06750346097078,0.19336427727452324,0.19336427727452324,nan,nan,nan,nan,0.001,143.80890707694925,17717.04598859977,16904.0166015625,0,24,98,
123,27280,0.586667,1.0004311709034688,1.0004432102495975,0.1736057945103808,0.8446635170416399,0.5396478361026807,0.008968428281051192,0.007533008662391115,0.0019631734387406717,0.0037959041928512637,0.005489471042528749,0.010805432691069488,0.015408813045360148,0.025229861125857993,0.0016865885314514756,0.027242304086261854,0.005641937314596197,0.0,0.00014204545454545454,177.77233333587645,0.18707835751196172,0.18707835751196172,nan,nan,nan,nan,0.001,143.88010924193077,17860.9260978417,16904.0166015625,0,24,99,
124,27500,0.583333,0.9997567238460098,0.9996591764417562,0.1750683557242155,0.8448856080120261,0.5370251839133826,0.008821291382297534,0.00747505607591434,0.0018992183043751124,0.003710388679279607,0.005428536088650369,0.010604985924014314,0.015049260710789398,0.024586218248375438,0.001628100689611694,0.026565098064020277,0.00548830570557832,0.0,0.0,179.26999646967107,0.20255723486100277,0.20255723486100277,16.027161343736037,0.5137270656637094,0.75606769323349,0.9582401193139448,0.001,144.1983006738592,18005.12439851556,16904.0166015625,0,24,100,
125,27720,0.58,1.0008861662858168,1.0008292796936902,0.17394994775002653,0.8451257201758298,0.538568595729091,0.008844645510808649,0.007462492256044326,0.0018895502396679314,0.0037550701582486825,0.005464113123228096,0.01066481873752888,0.015001151071522724,0.025103263381275942,0.0016316236412669903,0.02723697010554712,0.005585243122715672,0.0,0.0,178.12474595850165,0.19124912367647828,0.19124912367647828,nan,nan,nan,nan,0.001,144.06623383192345,18149.190632347483,16904.0166015625,0,24,101,
126,27940,0.576667,0.9990109258197706,0.998863645304333,0.1699609678069299,0.8445174130526456,0.5329032818024809,0.008880748915147375,0.007466606444425204,0.0019604901752080135,0.0038079615007683802,0.005515049037587067,0.01063420903255147,0.015120660668154332,0.024884743116457355,0.001669195756006626,0.02692703398113901,0.005533885834103619,0.0,0.0,174.04003146778453,0.20874080763657096,0.20874080763657096,nan,nan,nan,nan,0.001,143.8597984991502,18293.050430846633,16904.0166015625,0,24,102,
127,28160,0.573333,0.9995659775777396,0.9995068844069134,0.1746286983009089,0.8446534686467865,0.5397858967835253,0.008780934739942578,0.0074279832812449475,0.0018579597170173656,0.003760351002512669,0.005458747888174416,0.010485959086905826,0.014832959239455787,0.024958973259411075,0.0015699343604203685,0.027115347623740408,0.005519525525265966,0.0,7.102272727272727e-05,178.81978732022372,0.19443180852929487,0.19443180852929487,nan,nan,nan,nan,0.001,144.16388208884746,18437.21431293548,16904.0166015625,0,24,103,
128,28380,0.57,0.9993720284083981,0.9992395716634663,0.17187264466827565,0.8455933329733936,0.5393192039294676,0.008825164296748964,0.007478311160494658,0.0019559494031868366,0.003780747285715982,0.0055125846680973405,0.010589833560780706,0.014955051241188564,0.024664493375034496,0.0016921015341970567,0.026702553040178663,0.005450255892091346,0.0,7.102272727272727e-05,175.99758763746783,0.18890394715577444,0.18890394715577444,nan,nan,nan,nan,0.001,143.68331775511615,18580.897630690597,16904.0166015625,0,24,104,
129,28600,0.566667,1.0005853895717438,1.0005549235777422,0.1728840244087306,0.8455548656257716,0.5319419505243952,0.008835608112117784,0.007509839178105308,0.001942656487120654,0.0038247846813068134,0.00552193154422143,0.010543793348849497,0.01490697318434038,0.024941869954239915,0.0016474525045354809,0.027054175366224214,0.005512473004637286,0.0,7.102272727272727e-05,177.0332418788563,0.19865775383699266,0.19865775383699266,14.690129870143569,0.5223073293121256,0.6674622893333435,0.9507829977628636,0.001,144.28623280022293,18725.18386349082,16904.0166015625,0,24,105,
130,28820,0.563333,0.9995979401951227,0.9994098466905681,0.17177734126082875,0.8452322346242991,0.5378387595442209,0.008832950128073043,0.007486067127055404,0.0019508946793145945,0.003808552781067027,0.005526797908929769,0.010516854326918044,0.014963061284189198,0.024904548965225166,0.0016753650179949049,0.02698527788955041,0.005497944191500375,0.0,0.00014204545454545454,175.89999738173051,0.18465951342007209,0.18465951342007209,nan,nan,nan,nan,0.001,144.1936033309903,18869.37746682181,16904.0166015625,0,24,106,
131,29040,0.56,0.9993575382341285,0.9992752892049876,0.17237987086515535,0.8452978831800547,0.5360135281627828,0.008834804464343258,0.007482459465973079,0.001908341401510618,0.003714110141366043,0.005457161213482984,0.01059217023218728,0.015102845064195042,0.024847302304326812,0.0016306355009543371,0.026820329343900086,0.005526706716574898,0.0,0.0,176.51698818206788,0.17594445589353402,0.17594445589353402,nan,nan,nan,nan,0.001,144.00711597991176,19013.384582801722,16904.0166015625,0,24,107,
132,29260,0.556667,0.9992930294440928,0.9991079031066461,0.17425946789709004,0.8453077860853889,0.5489857714284551,0.008900568705179137,0.007491510854610665,0.0018943426680132027,0.0037478722280039536,0.005444100868507204,0.01071537912780927,0.015083258480510928,0.025549107470380313,0.0016148077169914773,0.02768176188480786,0.005673181584676389,0.0,0.0,178.4416949012063,0.2094927376266289,0.2094927376266289,nan,nan,nan,nan,0.001,143.98109916597605,19157.365681967698,16904.0166015625,0,24,108,
133,29480,0.553333,1.000200423672965,1.0002156604420056,0.16902176471935076,0.8448057780211622,0.5362818545238538,0.008880806932310489,0.007475951068441976,0.0020415769674317825,0.0038216232117106717,0.005494461126032878,0.01054437332045795,0.015059524071826176,0.025406210774301805,0.001785724881748055,0.0276667389891703,0.005603206286799501,0.0,0.0,173.07828693389894,0.18686154041403064,0.18686154041403064,nan,nan,nan,nan,0.001,144.037150003016,19301.402831970714,16904.0166015625,0,24,109,
134,29700,0.55,0.9994998757551362,0.999459776959636,0.1716025759042664,0.845457635955377,0.5439585525203835,0.008915983852718704,0.007530368482482366,0.0019283212003673809,0.003740828137961216,0.005531091747318648,0.010694445506669582,0.015227840028025887,0.025174203826199202,0.0016457937484533017,0.02722338284577497,0.005611303039635955,0.0,0.0,175.72103564522484,0.17443839519241022,0.17443839519241022,17.643757946285035,0.5163335552327487,0.7217738628387451,0.9545115585384042,0.001,144.44950599619187,19445.852337966906,16904.0166015625,0,24,110,
135,29920,0.546667,0.9997904913028987,0.9996705357323993,0.17036570358005437,0.8454454271630807,0.5418453412977132,0.00899492382410575,0.0075461303085004065,0.0020001843719827856,0.0037705911885661243,0.005486565643646331,0.010768888664262538,0.015292581983587959,0.025850003212690355,0.0017285769937602296,0.027966413922099906,0.005745113586520099,0.0,7.102272727272727e-05,174.4544805353338,0.1997187583864552,0.1997187583864552,nan,nan,nan,nan,0.001,144.2072434190195,19590.059581385925,16904.0166015625,0,24,111,
136,30140,0.543333,1.0011003272680052,1.001070530035279,0.1742761587893421,0.8450953833081506,0.5394377837804231,0.008916349957739426,0.007530941349581223,0.0019070698122628858,0.003844250993411565,0.0055167076680597595,0.010638170656536453,0.015243756540373646,0.02522950406101617,0.001609435276755407,0.027218449795195325,0.005600932699268345,0.0,0.0002130681818181818,178.4587868083607,0.19288609371702561,0.19288609371702561,nan,nan,nan,nan,0.001,144.07268925011158,19734.132270636037,16904.0166015625,0,24,112,
137,30360,0.54,0.9995755813931007,0.9995470255613327,0.17111716322939505,0.8457173030484807,0.5355827815153382,0.008853762633886866,0.007438585144171322,0.0019515319937041071,0.0037857222264971245,0.005501673298633911,0.010589941692623225,0.01516619138207964,0.024945304286666213,0.0016699328064946298,0.026934516057372092,0.005529425452484495,0.0,7.102272727272727e-05,175.22397488680753,0.20005015493802902,0.20005015493802902,nan,nan,nan,nan,0.001,144.12832568213344,19878.26059631817,16904.0166015625,0,24,113,
138,30580,0.536667,0.9992639403408372,0.9991945388642225,0.1733882587741722,0.8451251048933376,0.5378021439368075,0.008854432084428316,0.0075129954038526525,0.0019506609747292135,0.003743639636774209,0.005496187875872817,0.010683375108055771,0.014902741296894171,0.02504849139897322,0.0016981686680496337,0.027249050385911355,0.005535779842069711,0.0,7.102272727272727e-05,177.5495766206221,0.18705361078235558,0.18705361078235558,nan,nan,nan,nan,0.001,143.89036501408555,20022.150961332256,16904.0166015625,0,24,114,
139,30800,0.533333,0.9986275631365852,0.9985558293082497,0.17249498733065344,0.8453738620335406,0.5354631205174056,0.00897605905139988,0.007569685550829904,0.001908458516514987,0.0037804219556908884,0.005496201993876391,0.010700821459547363,0.015161502807909115,0.025917952744798228,0.0016456123617403632,0.028129848852668973,0.005740719428815117,0.0,0.0,176.6348665410822,0.18146587598321187,0.18146587598321187,12.960584696777543,0.48888398927873145,0.8154003620147705,0.9388516032811335,0.001,144.42410967010073,20166.575071002357,16904.0166015625,0,24,115,
140,31020,0.53,1.0013733089377506,1.0013207816264846,0.17073617838323116,0.8450936603275212,0.5359206589785489,0.009016506655395709,0.007568434784612195,0.001964966186642414,0.0037786716214296494,0.005505607879868793,0.010748297261836176,0.01551865070042285,0.025786573812365533,0.0016958348015825985,0.027876142124560747,0.0057525448167738925,0.0,0.0,174.83384657773104,0.1955977752145996,0.1955977752145996,nan,nan,nan,nan,0.001,143.89504915405996,20310.470120156417,16904.0166015625,0,24,116,
141,31240,0.526667,0.9996241673250134,0.9995653566989031,0.1701805395328186,0.8459229463880712,0.5344075923616236,0.008976248419970613,0.007526636485603045,0.001959238511137135,0.0037591234532142566,0.005510699109237811,0.010753886655650356,0.015403364852748134,0.02554517550690269,0.0017052771595031531,0.0276116393760524,0.005697472926906564,0.0,0.0,174.26487359133634,0.20021548386330523,0.20021548386330523,nan,nan,nan,nan,0.001,143.8459213981405,20454.316041554557,16904.0166015625,0,24,117,
142,31460,0.523333,0.999299623564327,0.9993229801004583,0.17473509369248694,0.8452225164933638,0.544105410982262,0.008911757281219417,0.0074312609059482134,0.0018218674224706112,0.0036993752664949914,0.00543092960671691,0.010697350078474053,0.015285148630342024,0.02581446630541574,0.0015383490409393826,0.028087970953096043,0.005760219634447078,0.0,7.102272727272727e-05,178.9287358717485,0.19867229718586493,0.19867229718586493,nan,nan,nan,nan,0.001,144.0099893771112,20598.32603093167,16904.0166015625,0,24,118,
143,31680,0.52,1.000012494572746,0.9999985696239905,0.17205829302018338,0.8451253061944788,0.5435752943835476,0.008989920783576301,0.007550606478682973,0.0018997085699414707,0.003742625757480379,0.005537081728901037,0.010739823048722676,0.015336783670566298,0.0260012286440046,0.0016335231957947888,0.028118247305974363,0.005777178371896629,0.0,0.0,176.18769182725387,0.18813070900257345,0.18813070900257345,nan,nan,nan,nan,0.001,143.97271559899673,20742.298746530665,16904.0166015625,0,24,119,
144,31900,0.516667,0.9994994921944951,0.9995069205760956,0.17071981445293535,0.8456744322722608,0.53506578552452,0.009022437018045986,0.007559008080385287,0.00196773149608899,0.0038151423597644844,0.005531353026162833,0.010745531375604597,0.015347390784882009,0.02616818287113512,0.0016896471218305206,0.028377776851200246,0.005794845934195275,0.0,7.102272727272727e-05,174.8170899998058,0.17323530930449327,0.17323530930449327,17.842589439328858,0.5394713216236843,0.7866842150688171,0.9217002237136466,0.001,144.5179851159919,20886.816731646657,16904.0166015625,0,24,120,
145,32120,0.513333,0.9990612607882072,0.9989339808171446,0.1707665014165369,0.8453498049215837,0.5451307365840131,0.008994687139056623,0.0075351122692650695,0.0020115514613941988,0.0037947334828045726,0.005549332537603649,0.010740441058508375,0.01544188020581549,0.0255281999156895,0.0017599769929058145,0.02753384889907796,0.005669910298787396,0.0,7.102272727272727e-05,174.86489758925003,0.20048628510803537,0.20048628510803537,nan,nan,nan,nan,0.001,144.13070519687608,21030.947436843533,16904.0166015625,0,24,121,
146,32340,0.51,0.9984538495404846,0.998220138929107,0.17404919185421683,0.8450773405757818,0.5402215653522449,0.008933388600549238,0.007504536949140443,0.0019379647180109963,0.0037041079935575412,0.005433360920076005,0.010730167687870561,0.015424700479277156,0.025446363201957534,0.0016840688475151017,0.027538030037910423,0.005688156991858374,0.0,0.0,178.22637334303423,0.19680481907029684,0.19680481907029684,nan,nan,nan,nan,0.001,143.95262154494412,21174.900058388477,16904.0166015625,0,24,122,
147,32560,0.506667,0.999421846622215,0.999385131624612,0.17334934854033318,0.8457086848941716,0.5372230973433364,0.009039866449099711,0.007608967039480128,0.0018695650246544657,0.0037708601827034726,0.005503698203458704,0.010806260935284875,0.015608436468226666,0.026000218849036503,0.0015841166745634507,0.02826888608661565,0.005801985932471739,0.0,7.102272727272727e-05,177.50973245447332,0.18918421862697993,0.18918421862697993,nan,nan,nan,nan,0.001,143.76017723814584,21318.660235626623,16904.0166015625,0,24,123,
148,32780,0.503333,1.0008666031996047,1.000795112821189,0.16732820009982044,0.8455111820589413,0.5369024793532762,0.009099170856643468,0.007668002874759788,0.001967397298259047,0.003836131386130794,0.005627275056163357,0.01086683837506412,0.015537680279124867,0.025908719788474793,0.0016994103742366529,0.028078384250825778,0.005757900953441012,0.0,0.0,171.3440770409324,0.19599443618916337,0.19599443618916337,nan,nan,nan,nan,0.001,143.92487182095647,21462.58510744758,16904.0166015625,0,24,124,
149,33000,0.5,1.0001193149214724,1.0001183500344104,0.1705303699455478,0.8464357770302079,0.5354450426995754,0.009103448124898767,0.007596285416829315,0.0019557249764065175,0.003870012221953154,0.005549368004060604,0.010908369336869906,0.015663424079221756,0.026174913039854305,0.0016719723433363304,0.028254720924252814,0.005826186379735273,0.0,7.102272727272727e-05,174.62309904965488,0.18348106942991838,0.18348106942991838,15.99055030560334,0.44645877055278493,0.650583028793335,0.9530201342281879,0.001,144.31641276204027,21606.90152020962,16904.0166015625,0,24,125,
150,33220,0.496667,0.9993687906134916,0.9992750426585024,0.17169085691936992,0.8452484674074433,0.5455975803461942,0.008958929654380138,0.007546483602544124,0.0019286022072430404,0.0037524235622682185,0.0055001986112487924,0.010793432758443735,0.015366007755933837,0.025382012797688897,0.001660282820499891,0.027534623113884167,0.005655313498044217,0.0,0.00014204545454545454,175.8114367051558,0.20629470165288627,0.20629470165288627,nan,nan,nan,nan,0.001,144.02483942406252,21750.926359633682,16904.0166015625,0,24,126,
151,33440,0.493333,1.0000971388708215,1.0000044860623098,0.16944253200834447,0.8460606545209884,0.5401337744837458,0.00911196493967013,0.007609126735901968,0.0019277248598055766,0.0037956130122025074,0.005546213882255622,0.010913383901457895,0.01572244126476686,0.026022128837013787,0.0016508314412931214,0.028072109153832903,0.005825840587600727,0.0,7.102272727272727e-05,173.5091533314098,0.19783328660655927,0.19783328660655927,nan,nan,nan,nan,0.001,143.94761529192328,21894.873974925606,16904.0166015625,0,24,127,
152,33660,0.49,0.999196257026429,0.9990534327246926,0.17031380109150301,0.8460363844578916,0.539905780215155,0.009099155187141151,0.007587471676313065,0.0019167274456942157,0.0038036203702424905,0.005526864260900766,0.010857906540728766,0.01562436809339984,0.02659529290924018,0.001636827968650323,0.029012803902680222,0.005910699106541208,0.0,7.102272727272727e-05,174.40133358348498,0.18759037562498573,0.18759037562498573,nan,nan,nan,nan,0.001,143.95005608792417,22038.82403101353,16904.0166015625,0,24,128,
153,33880,0.486667,0.9997296160880417,0.9996691432866183,0.16934691173109143,0.8460426058281552,0.5402904782782901,0.00907107773766091,0.007590163817671551,0.0019745479785673193,0.003810296452403153,0.005571277486689558,0.010815078276209533,0.015567227198996328,0.02601208816578781,0.001711716296036188,0.028203011223707688,0.005793657009384002,0.0,0.0,173.41123733520507,0.194936436562281,0.194936436562281,nan,nan,nan,nan,0.001,144.03780224686489,22182.861833260395,16904.0166015625,0,24,129,
154,34100,0.483333,1.0001264653064668,1.0000263289971785,0.17048436415127732,0.8462389295751398,0.540341493351893,0.00915792142464356,0.007628093245015903,0.0019252222829064438,0.003835887093604966,0.0055912702630104665,0.010904934188478033,0.015766120691445062,0.02676904051860964,0.0016650700294286998,0.0291110041805289,0.005947836911284619,0.0,7.102272727272727e-05,174.57598977522417,0.17358084072076463,0.17358084072076463,16.49825592509478,0.5185825705790006,0.770707905292511,0.8918717375093214,0.001,144.50356719386764,22327.365400454262,16904.0166015625,0,24,130,
155,34320,0.48,1.0000761648245444,1.000042806972157,0.17108168969438833,0.8457498428496447,0.5412250239740718,0.009184404118621552,0.00764793999789452,0.001958616049391408,0.003842899930367077,0.005565795757469128,0.01104414695344696,0.015823174005543644,0.026421013051135974,0.001683064227687613,0.028461548434147103,0.005918628252005544,0.0,0.0002130681818181818,175.18765035109087,0.20000149481077567,0.20000149481077567,nan,nan,nan,nan,0.001,143.88747295900248,22471.252873413265,16904.0166015625,0,24,131,
156,34540,0.476667,1.0004967066856072,1.0004938263784755,0.1744707451794635,0.8463418634100394,0.5426051512360572,0.00910439511591738,0.007629058773587035,0.0018714790049919182,0.003760153469788334,0.005540663704530082,0.010947439763483337,0.01548973423301835,0.02653401057362895,0.0015919869376044848,0.02877234917515042,0.005919560286301103,0.0,7.102272727272727e-05,178.65804256092417,0.2060537378803541,0.2060537378803541,nan,nan,nan,nan,0.001,143.984001748031,22615.236875161296,16904.0166015625,0,24,132,
157,34760,0.473333,0.999689951572983,0.9996417400511828,0.17150539398532022,0.8463237029584971,0.5386428990147331,0.00909450827060606,0.007634259503207762,0.0019185132937061347,0.003806417635694908,0.005518948487323624,0.010907634599557655,0.015587628783065487,0.026254584428600288,0.0016478870664782747,0.028497336512770165,0.0058554351107556035,0.0,0.00014204545454545454,175.62152262600986,0.18919169917129552,0.18919169917129552,nan,nan,nan,nan,0.001,143.9545923229307,22759.191467484226,16904.0166015625,0,24,133,
158,34980,0.47,1.000391159893983,1.0004130245609717,0.17003969079391523,0.846008119799874,0.5323169792240317,0.009153107651086016,0.007675474689511413,0.001938218688684918,0.0038340126307130876,0.005635770602913742,0.011006289695135571,0.015672591889531098,0.02621252194089307,0.0016539055359813077,0.028477221598256042,0.005840574588563124,0.0,0.0,174.1206438411366,0.1909147871742198,0.1909147871742198,nan,nan,nan,nan,0.001,143.8935599171091,22903.085027401336,16904.0166015625,0,24,134,
159,35200,0.466667,1.0000037850986037,0.999900605190884,0.16862163765525276,0.846159493516792,0.5310509523207491,0.009150229873855345,0.007666966750879179,0.0019435829223022499,0.0038691279401642862,0.005584063216916878,0.010929154721088708,0.015655270517295733,0.02652569487055933,0.001651410941006113,0.028899825309318575,0.00588314710396596,0.0,7.102272727272727e-05,172.66855695897883,0.19509494929820642,0.19509494929820642,15.23757028913594,0.5314860340450233,0.8384674787521362,0.9619686800894854,0.001,144.30071537103504,23047.38574277237,16904.0166015625,0,24,135,
160,35420,0.463333,0.9994509164456082,0.9992483458735726,0.1725407128984278,0.8459812087091533,0.5309026020494374,0.009189487650821155,0.007646801272957501,0.0019261081021713009,0.003777324292406609,0.005542048551565544,0.010999915540345353,0.015909845483574,0.027036311650987375,0.0016604640962131353,0.02943276288834485,0.006037794162032448,0.0,0.00014204545454545454,176.681689453125,0.1944358756454459,0.1944358756454459,nan,nan,nan,nan,0.001,143.9246969500091,23191.31043972238,16904.0166015625,0,24,136,
161,35640,0.46,1.0011829405276271,1.0010719002647834,0.16981971887024966,0.845770693638108,0.5464794876900586,0.00914899188792333,0.007657578705005687,0.0019272581404286692,0.003850974707165733,0.005546983373245563,0.011060731190214442,0.015709681267088108,0.02629301565572281,0.0016302756505452139,0.02855054463725537,0.005864470700246536,0.0,7.102272727272727e-05,173.89539240056817,0.19326483684564774,0.19326483684564774,nan,nan,nan,nan,0.001,143.90590059780516,23335.216340320185,16904.0166015625,0,24,137,
162,35860,0.456667,1.0002276536272436,1.0001234738664193,0.17047593016177415,0.8466799784790385,0.5427333323792978,0.00914945725499737,0.007674299518112093,0.0019402933996885126,0.0037794924015708436,0.005568199680948799,0.010977816624058919,0.015620170427824964,0.026460899408398703,0.0016507091232514622,0.028781564228914,0.005901097667678682,0.0,7.102272727272727e-05,174.56735168803823,0.19350327561410996,0.19350327561410996,nan,nan,nan,nan,0.001,144.09008779306896,23479.306428113254,16904.0166015625,0,24,138,
163,36080,0.453333,1.0012125512733547,1.0011456076394427,0.17066573431207374,0.8464181554588405,0.5408747008578344,0.009217736274215647,0.007704785588959402,0.0019009823560984594,0.0038297651743050666,0.005622650476553562,0.011124298245307397,0.015962028012356976,0.026264120102860035,0.001611021337455234,0.02837066921744157,0.005900564578636973,0.0,7.102272727272727e-05,174.76171229969373,0.1845762833136041,0.1845762833136041,nan,nan,nan,nan,0.001,143.8192072340753,23623.12563534733,16904.0166015625,0,24,139,
164,36300,0.45,0.9990097993055618,0.9989190942861818,0.17306126718494025,0.8465675046498126,0.5289100777696479,0.009191723889671266,0.00763292842629281,0.0019029000565999675,0.003791081635757688,0.005557737889995968,0.011002879424697973,0.016021385401572018,0.026720487705262547,0.0016181150815431135,0.028922340402972292,0.006010147794255648,0.0,7.102272727272727e-05,177.21473784013227,0.19019154420041806,0.19019154420041806,16.64424541309115,0.5157617638144186,0.8797160387039185,0.9604772557792692,0.001,144.361741686007,23767.487377033336,16904.0166015625,0,24,140,
165,36520,0.446667,0.9995701137870754,0.9994324308904734,0.17255221564661372,0.8461854220791296,0.5339818995107304,0.009176277135371823,0.007663047531704333,0.0018591705968984487,0.003766338546252386,0.005551718504549089,0.011061886981637641,0.015853173840282994,0.026663999119773508,0.0015528906627382225,0.028972800173373385,0.005964585510082543,0.0,0.0,176.69346897818826,0.18518794503863356,0.18518794503863356,nan,nan,nan,nan,0.001,143.8992864571046,23911.38666349044,16904.0166015625,0,24,141,
166,36740,0.443333,1.0000739418021096,1.0000487579540773,0.17125989640639586,0.8461514594880017,0.5358186750926754,0.009270387989553538,0.0076981713000515645,0.0018976630039105658,0.0038249147045214408,0.005617087222741578,0.011147946714084934,0.016038470213640143,0.02673423507420177,0.0016269002882505778,0.02886777390641245,0.006006060835947706,0.0,0.00014204545454545454,175.3701328277588,0.20330710028924845,0.20330710028924845,nan,nan,nan,nan,0.001,144.02423371211626,24055.410897202557,16904.0166015625,0,24,142,
167,36960,0.44,1.000407983474688,1.0002707894552838,0.17191076061942362,0.8463541509075598,0.533669176088138,0.009160250535404141,0.007679995202290063,0.0019180992716759317,0.0037674294504210014,0.0055816819684960965,0.01096168438988653,0.015773763454688543,0.026609602947296068,0.0016416782826995174,0.028875237529758704,0.005932983159701424,0.0,0.00014204545454545454,176.03661929043855,0.19348270148302368,0.19348270148302368,nan,nan,nan,nan,0.001,144.06673383689485,24199.47763103945,16904.0166015625,0,24,143,
168,37180,0.436667,1.0001782791218072,1.0000857624140653,0.16961507516151125,0.8467136388475245,0.5292861225252802,0.009208349806298925,0.007669043192766945,0.0019005607294027207,0.003842450379108248,0.005586395151807334,0.010929944508031688,0.015843911490149118,0.027224048123356295,0.0016355680525521165,0.029581237836232916,0.006048830436140468,0.0,7.102272727272727e-05,173.68583703474565,0.18562789460616128,0.18562789460616128,nan,nan,nan,nan,0.001,143.99457885301672,24343.47220989247,16904.0166015625,0,24,144,
169,37400,0.433333,0.9992944801858454,0.9991992162032561,0.17064975181763822,0.8465186524120244,0.5340487609532747,0.009247255273459648,0.007637052294078537,0.001909964074862232,0.003727087139189032,0.005504918006904932,0.011023706320503895,0.015978502304377883,0.0279898220800202,0.0016398665211785225,0.030617588860067456,0.006245102375131947,0.0,0.0,174.74534447409889,0.19680603040887865,0.19680603040887865,15.38153525852552,0.5152670935133009,0.784412145614624,0.9724086502609992,0.001,144.4761839429848,24487.948393835453,16904.0166015625,0,24,145,
170,37620,0.43,1.0015428899904046,1.0014943500811404,0.16514410964128645,0.8461070159619505,0.534483544731682,0.009314185776747762,0.007785074497488412,0.0020082959571895613,0.003862658907415938,0.0056088586919941005,0.011187450507317077,0.016235839658078146,0.02633255998477001,0.0017247979572692367,0.028310079578394917,0.00594545675558038,0.0,7.102272727272727e-05,169.1075682553378,0.19432914856521563,0.19432914856521563,nan,nan,nan,nan,0.001,143.85223757103086,24631.800631406484,16904.0166015625,0,24,146,
171,37840,0.426667,1.0000054286389797,1.0000122013417156,0.1674643019044941,0.847018206932328,0.5313111001117663,0.009371759899129922,0.007710044742138549,0.0019318558341844684,0.0038265931242759425,0.005625480229818178,0.011131662521934645,0.016203042123974724,0.028017302852293306,0.0016378674778521104,0.030509792278859426,0.006303438864944672,0.0,0.0,171.4834457917647,0.18150267735532066,0.18150267735532066,nan,nan,nan,nan,0.001,143.90143154095858,24775.702062947443,16904.0166015625,0,24,147,
172,38060,0.423333,0.9992875421508841,0.9990922136740251,0.17049142569303513,0.8468647921627218,0.5339376193555918,0.009275765669405122,0.007754796090408821,0.001856706050106864,0.003769483626026406,0.005600278060459955,0.011140201971019533,0.01585772331296043,0.02723269347440113,0.0015615425314205243,0.02958420940717174,0.006076251971535385,0.0,7.102272727272727e-05,174.58322074196556,0.1985555678411699,0.1985555678411699,nan,nan,nan,nan,0.001,144.0365812650416,24919.738644212484,16904.0166015625,0,24,148,
173,38280,0.42,0.9999079512843781,0.9998599552295425,0.17335636493834583,0.8458232084458525,0.5354009261862798,0.00933403747833588,0.0076998657451688565,0.0018535221095424442,0.0037884375297422097,0.0055556708221874114,0.011168326769786125,0.0162919645070691,0.027573872429572724,0.0015602699037117417,0.02978335779202594,0.006205169189276851,0.0,0.00014204545454545454,177.51691781824286,0.19138583288446503,0.19138583288446503,nan,nan,nan,nan,0.001,143.9165815571323,25063.655225769617,16904.0166015625,0,24,149,
174,38500,0.416667,1.0001028055210592,1.0000996215776963,0.16870301890779626,0.8466385688294064,0.5308921375735239,0.00932682972422547,0.0077307444266890265,0.0019215851233060344,0.0037871004309801555,0.005574569356924092,0.011064411866986616,0.016230489309369163,0.028025370954789897,0.0016682893609620143,0.03061392905444584,0.006269686368018897,0.0,0.0,172.75189156965777,0.19912640056898118,0.19912640056898118,15.849337724568194,0.5241658310522718,0.7133978605270386,0.930648769574944,0.001,144.24556855903938,25207.900794328656,16904.0166015625,0,24,150,
175,38720,0.413333,0.9998547491831768,0.9998039626262405,0.17136915786699816,0.8465915310111913,0.5389019269834865,0.009346499271817844,0.007703092368319631,0.0018567472694650694,0.0037833135440120133,0.005571756252108819,0.011186477601189505,0.016413545070893387,0.027700727367350325,0.001586198155895214,0.03010092059742998,0.006226371013855731,0.0,0.0,175.4820179679177,0.18951032442146967,0.18951032442146967,nan,nan,nan,nan,0.001,143.84395095705986,25351.744745285716,16904.0166015625,0,24,151,
176,38940,0.41,1.0003144617504303,1.0001396213065494,0.17182915866036308,0.8467729003591971,0.5363495463674719,0.00930864422433925,0.00768495976861397,0.0018984474459020103,0.0037628366008654913,0.005559058549327098,0.011116590318058363,0.016254255537536334,0.027539839824153617,0.0016187497482943317,0.029863632472485982,0.006172089396700771,0.0,7.102272727272727e-05,175.95305839885364,0.18184496177925302,0.18184496177925302,nan,nan,nan,nan,0.001,143.92455805209465,25495.66930333781,16904.0166015625,0,24,152,
177,39160,0.406667,1.0004217912504505,1.0003943280740217,0.16689860978248444,0.8467239950190891,0.5285934652794492,0.00935266156236387,0.007712409829466858,0.0019371887708654288,0.0038958128263898704,0.005640986062776805,0.011125271962108937,0.016182394526814196,0.027809714020060546,0.0016542201745985286,0.030233921660957012,0.006204872201091017,0.0,0.0,170.90417629588734,0.18853000626066793,0.18853000626066793,nan,nan,nan,nan,0.001,143.89183106599376,25639.561134403804,16904.0166015625,0,24,153,
178,39380,0.403333,0.9999887398815372,0.9998926161365076,0.17079292236065322,0.8466081151908095,0.5330865916880694,0.009289862568998202,0.007687710571653125,0.0019276524357502984,0.003825149561850015,0.0055855006640988655,0.011105525006794117,0.01602308677763424,0.027568354828029194,0.0016279800562188028,0.03008160145783966,0.006149395216065882,0.0,0.00014204545454545454,174.89195303483442,0.20492906279525958,0.20492906279525958,nan,nan,nan,nan,0.001,143.9718009319622,25783.532935335767,16904.0166015625,0,24,154,
179,39600,0.4,1.0003095151080086,1.0001628397540612,0.17049264611507003,0.8466132670640946,0.5368767428804527,0.009360369573220272,0.007802780766294084,0.0018716132945635101,0.0037270100525347515,0.005624535560756075,0.011265504216267304,0.016392119175923817,0.027379423887892204,0.0016106383772487541,0.02965612899596718,0.006155644342387942,0.0,0.0,174.58446904962713,0.2136050033062749,0.2136050033062749,15.333592740144116,0.5025519124271492,0.7297272086143494,0.9552572706935123,0.001,144.52595441392623,25928.058889749693,16904.0166015625,0,24,155,
180,39820,0.396667,1.0002816551638627,1.0001803715120663,0.17374470591206442,0.8468407762321559,0.5319871705364098,0.00934464381796054,0.007713269365062429,0.0018668321549326224,0.0038269135799385945,0.005648738361725753,0.011220985422418877,0.01623199463991279,0.027415380025790498,0.0015759697285830042,0.029695914474061943,0.00616325002735142,0.0,0.0002130681818181818,177.91457869789818,0.19600868809418168,0.19600868809418168,nan,nan,nan,nan,0.001,143.92812962387688,26071.98701937357,16904.0166015625,0,24,156,
181,40040,0.393333,1.0002282191246137,1.0000923756848683,0.17114928832108325,0.8462998067790811,0.5355121813714504,0.009403265576640313,0.00773820727640255,0.001923013197202553,0.003816697587767108,0.005613838624082167,0.011214201349172403,0.01642544163094664,0.027996439789421856,0.0016524391120666141,0.03029075228524479,0.006277220464438539,0.0,0.00014204545454545454,175.25687089399858,0.1947402479316443,0.1947402479316443,nan,nan,nan,nan,0.001,143.84596969303675,26215.832989066606,16904.0166015625,0,24,157,
182,40260,0.39,0.9990305944021307,0.9989824526689269,0.1691434158520265,0.8466469186273489,0.5237050147219138,0.009398227376567031,0.007731048797722906,0.0019385682258871383,0.0038126785149374467,0.005609285030831498,0.011246116827665405,0.016516512412239205,0.027757033235816794,0.0016714185964122987,0.030187406441704794,0.006259741920935498,0.0,0.0,173.20285741632634,0.21970141008265717,0.21970141008265717,nan,nan,nan,nan,0.001,144.19864403107204,26360.03163309768,16904.0166015625,0,24,158,
183,40480,0.386667,0.9995035764025121,0.9994290858507157,0.17232830033383587,0.8471387590874325,0.53614827753468,0.009425588556438345,0.0077487681685438885,0.0018602523338565582,0.0037858943195632575,0.005648085282882675,0.011137328457764604,0.016335976477289064,0.0287739247337661,0.0015739644494467276,0.03139839406252246,0.006414612346667458,0.0,0.0002130681818181818,176.46417980194093,0.2093993015653206,0.2093993015653206,nan,nan,nan,nan,0.001,143.93974581197836,26503.971378909657,16904.0166015625,0,24,159,
184,40700,0.383333,1.000013669150837,0.9999714324420149,0.16697240805422717,0.8472688796845349,0.5334429281001741,0.009375486918725074,0.007743103130170229,0.0019482061021831628,0.0038372260280249808,0.005610204717165537,0.011175250452519818,0.016278310579417105,0.027727685168131507,0.0016765671906713662,0.030038276968777856,0.006226051191333681,0.0,7.102272727272727e-05,170.9797457781705,0.19676120767648192,0.19676120767648192,14.131257528451417,0.5415769621103568,0.8484612703323364,0.9366144668158091,0.001,144.42151404591277,26648.39289295557,16904.0166015625,0,24,160,
185,40920,0.38,1.0000606244408732,0.9999406733296134,0.16855759759518232,0.8473144815726714,0.5319346549158747,0.009451273699629713,0.007807849202601408,0.002000831801607009,0.0038988041926958515,0.00566605743475851,0.011223513406532054,0.01657231762920591,0.02789408898997036,0.0017116334075663788,0.03009235134390606,0.00625264079214751,0.0,0.00014204545454545454,172.60297979875045,0.19152285973850233,0.19152285973850233,nan,nan,nan,nan,0.001,143.90764545090497,26792.300538406475,16904.0166015625,0,24,161,
186,41140,0.376667,0.9996792448680331,0.999558327821168,0.17003873310644518,0.8466952296820554,0.5286368945782834,0.009480738861020655,0.007738967901307412,0.001868798344499241,0.0038400437936864117,0.005635814420053397,0.011232355565086685,0.01654699201991951,0.029108822043053807,0.0015733743047431662,0.031696330129422925,0.006508710792563347,0.0,0.0,174.11966237154874,0.18602000934316404,0.18602000934316404,nan,nan,nan,nan,0.001,143.93555535608903,26936.236093762564,16904.0166015625,0,24,162,
187,41360,0.373333,1.0003302740887792,1.0002573265270753,0.1693497284738855,0.8472074211998419,0.5400105120783503,0.009519165015610105,0.007768359659662979,0.0018933312402540734,0.0037977294496324083,0.00557806266693991,0.011361393825659021,0.016805889834226533,0.028880850759080864,0.0016334046403161748,0.03141435394275256,0.006523265069435266,0.0,7.102272727272727e-05,173.41412164514716,0.19477278924819696,0.19477278924819696,nan,nan,nan,nan,0.001,144.07203972293064,27080.308133485494,16904.0166015625,0,24,163,
188,41580,0.37,1.0000754752300323,0.9999479904770852,0.1715024190700867,0.8471487859433348,0.5318025001070716,0.009447283128445798,0.007757487390402027,0.0018927628798172174,0.0037903454146792433,0.005586486952167681,0.011242980435913937,0.016364947687411174,0.02850224698936059,0.0016160605016425093,0.030992256181145258,0.006410772909029303,0.0,0.00014204545454545454,175.61847721446645,0.19978599596824612,0.19978599596824612,nan,nan,nan,nan,0.001,144.2476636939682,27224.555797179462,16904.0166015625,0,24,164,
189,41800,0.366667,1.0009901863024284,1.000905367461118,0.16400394224646417,0.8470422991297462,0.5319689416749911,0.009572751783046195,0.007834338044366715,0.001986368165737738,0.003903953835833818,0.005692956456914544,0.011360400517217137,0.016877375773831523,0.028866655273701657,0.0016941379841723988,0.03144383855502714,0.00646614270940931,0.0,0.0,167.94003682570025,0.195580231042284,0.195580231042284,16.24407902815294,0.5040381652346715,0.7939460277557373,0.930648769574944,0.001,144.53842239105143,27369.094219570514,16904.0166015625,0,24,165,
190,42020,0.363333,1.0006588778897678,1.000522530078888,0.1669858091595498,0.8471590253439817,0.5337808394973929,0.009581077852371065,0.007826498496896503,0.0019057839452050922,0.003841321309234693,0.005661350455325605,0.011373721056787129,0.016794950343583796,0.029422541752203622,0.0016161020021337952,0.03210740821563046,0.0066004046429456635,0.0,0.0,170.99346804185348,0.20261113417592594,0.20261113417592594,nan,nan,nan,nan,0.001,143.96644275216386,27513.060662322678,16904.0166015625,0,24,166,
191,42240,0.36,1.0006573443260713,1.000603366981853,0.16836768012832512,0.8469896691766652,0.5254791692576625,0.009495173120574857,0.007735669789624146,0.0019180350053251128,0.0038227672543143854,0.00562386999478225,0.011348032542843034,0.01674189839131114,0.02847474193708463,0.0016355170559108957,0.030908893814987758,0.006429220128021287,0.0,0.00014204545454545454,172.40850493691184,0.18503770590730992,0.18503770590730992,nan,nan,nan,nan,0.001,143.93924265285023,27656.999904975528,16904.0166015625,0,24,167,
192,42460,0.356667,0.9990365746895653,0.9989670802246441,0.16477432687851515,0.8471156519922343,0.5183255751701918,0.009479669407433406,0.007815225396982648,0.0019995531032856724,0.003871598044960675,0.005664227044061673,0.011322134426286951,0.016415416343476284,0.02834930592851544,0.0017280394571571379,0.030829993042756212,0.006341349957404997,0.0,0.0,168.72891051552511,0.2064914782700367,0.2064914782700367,nan,nan,nan,nan,0.001,143.97674504388124,27800.97665001941,16904.0166015625,0,24,168,
193,42680,0.353333,0.9998140825225986,0.9996987865729765,0.1678125738081607,0.8468770382079212,0.5275209803472866,0.009535706252790987,0.007788789283949882,0.0019029167408999373,0.0038336910542883826,0.005662363452773372,0.011287066846323962,0.01656761777333238,0.02938331593759358,0.0016094606671355326,0.03209096399686215,0.006583242875058204,0.0,0.0,171.8400752847845,0.18882124109982548,0.18882124109982548,nan,nan,nan,nan,0.001,144.03122351691127,27945.00787353632,16904.0166015625,0,24,169,
194,42900,0.35,1.0001862592197497,1.0001167388124899,0.16383254350247708,0.8473054390061986,0.5312824432822791,0.009500257202043113,0.007765499104491689,0.0020051394152687863,0.0038770502599866385,0.005654679743086242,0.011302420204843988,0.016682696384801105,0.028617508813146165,0.001722565413464591,0.031242808329195463,0.00641104501767338,0.0,0.0,167.76452461589466,0.19824890753008906,0.19824890753008906,15.393588360620747,0.4905151199699184,0.7974573373794556,0.9194630872483222,0.001,144.4711240059696,28089.47899754229,16904.0166015625,0,24,170,
195,43120,0.346667,1.0004716325457927,1.0003529184243896,0.1683823242106221,0.8470583326437257,0.5305227810686285,0.009519172348717058,0.0077400954789482055,0.001970764815235849,0.0037789221765706315,0.005615988503929905,0.01131169562524354,0.01679549515247345,0.02898270689924671,0.0017048210936826019,0.03161145639817484,0.0065248389410870996,0.0,7.102272727272727e-05,172.42349971424449,0.1951415435988275,0.1951415435988275,nan,nan,nan,nan,0.001,143.98163054604083,28233.46062808833,16904.0166015625,0,24,171,
196,43340,0.343333,1.000793771075768,1.000696960227056,0.16507035945965484,0.8467041423374956,0.53270615440878,0.009584477040070025,0.007773523081348024,0.001984891989327893,0.003895840300934982,0.0056702621170023285,0.011340436191213402,0.016784498978152193,0.0293293472527611,0.0017084016435381438,0.03197025916835462,0.006583332686833191,0.0,0.0,169.03204838145862,0.19346861068116522,0.19346861068116522,nan,nan,nan,nan,0.001,143.92525196098723,28377.385880049318,16904.0166015625,0,24,172,
197,43560,0.34,0.9995231844298117,0.9993857929652388,0.16582183138552037,0.8481173745610497,0.5266923366622491,0.009619964695196938,0.00784497474934059,0.001958050129376881,0.003795614588571797,0.00563119889702648,0.011373126701536503,0.017150642684745518,0.029309939499944447,0.0016843293961011857,0.03181259249210019,0.006608241573716937,0.0,7.102272727272727e-05,169.8015552520752,0.19473392663607547,0.19473392663607547,nan,nan,nan,nan,0.001,143.9785815360956,28521.364461585414,16904.0166015625,0,24,173,
198,43780,0.336667,1.0005422290202426,1.000434225391258,0.16503740657459606,0.8474565789103508,0.5282144690779123,0.009625835064798593,0.00788619766456329,0.001978958569088718,0.0038713353474370458,0.005679883535909043,0.0114945761711252,0.017120569021525707,0.02860832265154882,0.0016862249611718156,0.03104364442935383,0.006494962390173565,0.0,0.0,168.9983042977073,0.17995258853346716,0.17995258853346716,nan,nan,nan,nan,0.001,144.02535989298485,28665.3898214784,16904.0166015625,0,24,174,
199,44000,0.333333,1.0007128221298949,1.0006480085578833,0.16618686174465852,0.8468343851241198,0.5299434318461201,0.00956877339631319,0.007839115697424858,0.0018928476443596247,0.003833056140204214,0.005727872279451483,0.011387204465625638,0.016702858297238974,0.02913107741624117,0.001617461160375652,0.031837719778360966,0.00652092101782645,0.0,7.102272727272727e-05,170.17534712011164,0.1878963423321381,0.1878963423321381,17.01219883824114,0.5047206530796766,0.7763837575912476,0.9231916480238628,0.001,144.27834085398354,28809.668162332382,16904.0166015625,0,24,175,
200,44220,0.33,1.0001769986402473,1.000102113051848,0.173314700207927,0.8479847036979415,0.5223178693516688,0.009715891484467483,0.007891579811588268,0.0018494405554189473,0.003855439584797502,0.005694737544135106,0.011572346106086942,0.017064414533193815,0.02998266510284421,0.0015620627080765684,0.03263368182603947,0.006754976876651529,0.0,0.0002130681818181818,177.4742530822754,0.19493410658259291,0.19493410658259291,nan,nan,nan,nan,0.001,143.8468148119282,28953.51497714431,16904.0166015625,0,24,176,
201,44440,0.326667,0.9998346846847708,0.999776676568118,0.1658636302941225,0.8471234225414016,0.5274234615266323,0.009706573183013295,0.007893515758174048,0.0019294757739606377,0.0038682824273233896,0.005684539407957346,0.011568142298016358,0.017183494286357678,0.0295320686863058,0.0016365173246661222,0.032152124727144835,0.006697837796210396,0.0,7.102272727272727e-05,169.8443576812744,0.2031684130789246,0.2031684130789246,nan,nan,nan,nan,0.001,144.0631482230965,29097.578125367407,16904.0166015625,0,24,177,
202,44660,0.323333,0.9998705495734421,0.9996605159206824,0.16735499929636716,0.8478885931047526,0.5208321380344304,0.009687475116119127,0.00790193619375879,0.0019181140218940775,0.003826105849690397,0.005727347418327223,0.011549508800222114,0.016991836711002344,0.02971875045702539,0.001643590253992112,0.0323867885671048,0.006674281401898373,0.0,7.102272727272727e-05,171.37151912342418,0.18351422292266822,0.18351422292266822,nan,nan,nan,nan,0.001,143.99679159605876,29241.574916963466,16904.0166015625,0,24,178,
203,44880,0.32,1.000271025171041,1.0001383828845891,0.1661800378933549,0.8471709076653827,0.5235771046443419,0.009695159656588327,0.007850694878619504,0.001961985471544639,0.00386301324761007,0.005688806416847827,0.011523882913487878,0.01694244152273644,0.030013728596862743,0.001667383773127023,0.03274220521773465,0.006751599664990367,0.0,7.102272727272727e-05,170.16835909756747,0.1911262925022556,0.1911262925022556,nan,nan,nan,nan,0.001,144.16717948182486,29385.74209644529,16904.0166015625,0,24,179,
204,45100,0.316667,1.0001637480796606,1.0000990049405531,0.16738854104822332,0.8476417530666698,0.526504524526271,0.009708507597150112,0.007873900106642396,0.00188748670268317,0.0038624551763694562,0.005744803216393021,0.011545225814916193,0.017042195377871393,0.030050517730838194,0.0016034345838058719,0.032894665805030275,0.006746317164189267,0.0,7.102272727272727e-05,171.40586584264582,0.18985568858999313,0.18985568858999313,17.04301070451644,0.4815327451734927,0.7727360725402832,0.9463087248322147,0.001,144.33021884295158,29530.072315288242,16904.0166015625,0,24,180,
205,45320,0.313333,1.0001953411210913,1.000063481655988,0.16804822845892473,0.8479188168590719,0.5321371396156874,0.009626035811379552,0.007850220111537387,0.0019152184461828173,0.003838906115428968,0.005664155088280412,0.011429753440262919,0.016923018005168572,0.029594355351714924,0.0016504490675949702,0.0323027744571763,0.006650912353705445,0.0,0.0,172.08138665285978,0.1863335123274123,0.1863335123274123,nan,nan,nan,nan,0.001,143.9496240450535,29674.021939333295,16904.0166015625,0,24,181,
206,45540,0.31,1.0006226331063446,1.0005390299992127,0.16550481470132417,0.847672537240115,0.525074442814697,0.009770450527271764,0.00792097649642859,0.0019300398404911076,0.0038573141855357046,0.00573100053906356,0.011572859753769907,0.01727775689002804,0.030303314431909135,0.0016350676948191408,0.03304047200998122,0.006819207936165516,0.0,0.0,169.47692992470482,0.19409972520513835,0.19409972520513835,nan,nan,nan,nan,0.001,143.92703446396627,29817.94897379726,16904.0166015625,0,24,182,
207,45760,0.306667,0.999510152057526,0.9994176028804346,0.16736386232078077,0.847659683227539,0.5243583232164383,0.009709027458236298,0.007898993146690455,0.0018874149465277284,0.003794849928023971,0.005664632160915062,0.011467221741225908,0.017193696046756073,0.030121421769515357,0.0016203121142098098,0.03273819228634238,0.006794091699306261,0.0,0.0,171.38059440959583,0.18996381349565178,0.18996381349565178,nan,nan,nan,nan,0.001,143.78480337490328,29961.733777172165,16904.0166015625,0,24,183,
208,45980,0.303333,1.0009111474206616,1.00076164142652,0.16351939455013384,0.8477586094628681,0.5198944873430512,0.009792485675478186,0.00793711603301662,0.0019436971508680885,0.003922324765484188,0.005741828019646081,0.011633086888204244,0.017164686004715886,0.030214170838536863,0.001641611388748226,0.03287712268700654,0.006782627472950315,0.0,0.0,167.44385929107665,0.1886437662690219,0.1886437662690219,nan,nan,nan,nan,0.001,144.0477464320138,30105.78152360418,16904.0166015625,0,24,184,
209,46200,0.3,1.0002583437737136,1.0002243344079365,0.16658741735260596,0.847343296083537,0.5307311198250814,0.009681312438227575,0.007805189522067932,0.0019372601923268204,0.0037984078530412676,0.005651022401765328,0.011518631018274886,0.017048379666679964,0.030359265153211627,0.0016557577380477927,0.03326934752774171,0.006816197207874872,0.0,0.0,170.58551604531027,0.19233355598209656,0.19233355598209656,17.69873772562333,0.4969331591449845,0.7825349569320679,0.930648769574944,0.001,144.36734348721802,30250.148867091397,16904.0166015625,0,24,185,
210,46420,0.296667,1.0004605071148187,1.000362028452483,0.16839432133869692,0.8480867421085184,0.5340257721868429,0.009730297564105555,0.007920367064335469,0.0018601826206577244,0.003780221945966001,0.0056750729267316105,0.011675869209945879,0.017160774092189968,0.029942166098308833,0.0015693973959225167,0.03268457838461142,0.00676270169629292,0.0,0.0,172.43578515486283,0.18836192997826295,0.18836192997826295,nan,nan,nan,nan,0.001,143.92805928108282,30394.07692637248,16904.0166015625,0,24,186,
211,46640,0.293333,1.0003625480352067,1.0002721381458368,0.1671575091271238,0.8475032032890754,0.5261834186586467,0.009611300508153032,0.007788872942116789,0.0019239406488354275,0.003861511798194525,0.005669459289955822,0.011471303105777637,0.016803490112281657,0.02953033716714179,0.0016333969352589602,0.0322037775662135,0.0066243681056551975,0.0,0.0,171.1692890514027,0.18336787476648175,0.18336787476648175,nan,nan,nan,nan,0.001,143.92882055207156,30538.00574692455,16904.0166015625,0,24,187,
212,46860,0.29,1.0000361595175533,0.9999513417482376,0.16550602235577322,0.8478640843521464,0.5263114540414376,0.009804573103743181,0.007883428904989904,0.001930669996396649,0.003920980786312033,0.0057539736550428315,0.011592963418330658,0.017446657268076458,0.030774885214949872,0.0016422866930456209,0.03374171767341481,0.006928479511142623,0.0,0.0,169.47816661487926,0.19027293859680441,0.19027293859680441,nan,nan,nan,nan,0.001,144.06240468891338,30682.068151613465,16904.0166015625,0,24,188,
213,47080,0.286667,1.0011561314717512,1.0010455065152861,0.16607703937386925,0.847946067831733,0.5208188188346949,0.009776273968798871,0.007870760752650146,0.001988166008331146,0.0038994948683962736,0.0057498946362598375,0.01159014281689782,0.01732065896080299,0.030392491436478767,0.0016915425432009878,0.03319562438833104,0.0068445881537627425,0.0,0.0,170.0628880067305,0.1911585164132053,0.1911585164132053,nan,nan,nan,nan,0.001,143.82569499011151,30825.893846603576,16904.0166015625,0,24,189,
214,47300,0.283333,0.9999159172618579,0.9998331357132305,0.16329223437404092,0.8473185000094501,0.52027881748297,0.009799079653087326,0.007908913765144958,0.001978750935020137,0.0038592464052437042,0.0057126140835779635,0.011630442131056705,0.017292312151667745,0.030730726796371694,0.0017013423836364052,0.03368174306709658,0.006915297380923717,0.0,0.0,167.21124744415283,0.17426758912695814,0.17426758912695814,15.839495640603882,0.5044720850551989,0.7106657028198242,0.9463087248322147,0.001,144.37030647299252,30970.26415307657,16904.0166015625,0,24,190,
215,47520,0.28,0.9996695470972865,0.9995171746069734,0.16496988228437576,0.8477850110693411,0.5203645828772675,0.009836039347150787,0.007869076946834948,0.0019738867949689104,0.0038579111638351936,0.00567832698897374,0.011705323122441769,0.01753356115553867,0.030564898684282193,0.0016995272223456679,0.033232174572450195,0.006914004462305457,0.0,7.102272727272727e-05,168.92915966727517,0.19222601399708383,0.19222601399708383,nan,nan,nan,nan,0.001,144.0549584547989,31114.319111531368,16904.0166015625,0,24,191,
216,47740,0.276667,1.0002500653810003,1.0001144250685519,0.16404522946951064,0.8477379117499698,0.5187058359384537,0.009857642200817777,0.007931969431228935,0.0019969102618977723,0.003933271873128516,0.005753978787371042,0.011622078409841792,0.017353343417529355,0.03147246408149262,0.001705870768868904,0.03472225644879721,0.0070333888600792056,0.0,0.0,167.9823141444813,0.1866601494928965,0.1866601494928965,nan,nan,nan,nan,0.001,143.98865164606832,31258.307763177436,16904.0166015625,0,24,192,
217,47960,0.273333,1.0000831594771296,0.9999585814096711,0.16609822425313972,0.8478979110717774,0.5178628680380908,0.009833757075565783,0.007915821419605477,0.001956440460410456,0.0038627971490231257,0.005689336539944634,0.011646313421343538,0.01729978834363547,0.031220560290173373,0.0016839143281190032,0.03425964434334839,0.007043088689467616,0.0,0.0,170.08458161787553,0.18046607822509175,0.18046607822509175,nan,nan,nan,nan,0.001,143.88139280118048,31402.189155978616,16904.0166015625,0,24,193,
218,48180,0.27,1.0002021837071569,1.000097651102326,0.16435444883324885,0.8473106189207598,0.5232486357065764,0.009891226285518232,0.007917472755070775,0.001976644795848353,0.003872840391175652,0.005713642775398595,0.011719040316529572,0.017595713621598074,0.03139967590528117,0.0016880760441298744,0.034344240917231546,0.007074271626135504,0.0,0.0,168.29895551854915,0.1773735277262491,0.1773735277262491,nan,nan,nan,nan,0.001,144.16509857401252,31546.35425455263,16904.0166015625,0,24,194,
219,48400,0.266667,0.9999253369681113,0.9998581131750887,0.16726662050932645,0.8477509745142676,0.5221962294117971,0.009827019732487811,0.00792813282142478,0.0019045634017278313,0.0038239142786055296,0.005660769673043185,0.011700434574264694,0.017339387830262155,0.031050082404081795,0.0016297161413107956,0.03396273042625663,0.0070077767230527985,0.0,0.0,171.2810193495317,0.21413595931955295,0.21413595931955295,17.301672340362387,0.44405599198212276,0.7144155502319336,0.9395973154362416,0.001,144.34163399483077,31690.69588854746,16904.0166015625,0,24,195,
220,48620,0.263333,0.9995155921014947,0.9994335968386043,0.16681999554010954,0.848336063054475,0.5212785805490884,0.009825603853360834,0.007969902137252079,0.0019011504061464538,0.003910678750517863,0.005740094189108772,0.011655767012218182,0.017350209967910566,0.030390482645651157,0.0016174656209510762,0.03295043870933693,0.006852294952841476,0.0,7.102272727272727e-05,170.82367531169544,0.19184975337095486,0.19184975337095486,nan,nan,nan,nan,0.001,144.11567298718728,31834.811561534647,16904.0166015625,0,24,196,
221,48840,0.26,1.0001484328087478,1.0000430058349263,0.16815525259483943,0.8479686750607057,0.5192949448796835,0.009862177200954069,0.007997252507431602,0.0018941742366388843,0.0038275176937035706,0.005763326680012555,0.011669743998738175,0.017350062943825666,0.03134295793715865,0.0016198756933259904,0.03470902742648667,0.007021136001937768,0.0,7.102272727272727e-05,172.19097811959006,0.1938877972592225,0.1938877972592225,nan,nan,nan,nan,0.001,143.99111318588257,31978.80267472053,16904.0166015625,0,24,197,
222,49060,0.256667,1.000005884702765,0.9998942589217966,0.1652854822068052,0.8482200503349304,0.5292033871466463,0.009894788843071597,0.007892902292819186,0.0019463574523384028,0.003840748815987767,0.0056690029990436,0.011594405239024623,0.017536109920845113,0.032020507048053495,0.0016551133009918638,0.035162153507752175,0.0072045191588007255,0.0,0.0,169.2523348201405,0.18079000990590777,0.18079000990590777,nan,nan,nan,nan,0.001,143.86984330997802,32122.672518030507,16904.0166015625,0,24,198,
223,49280,0.253333,1.0000782304852862,1.0000043627890673,0.1637986214154146,0.8472531227902933,0.5218717461282557,0.009943799587728624,0.00795784241054207,0.001916307593968337,0.003858563427241858,0.00572033501018516,0.0116671374512159,0.01758891638707031,0.032592217037877576,0.0016158948517675691,0.036058180819434876,0.007300313140413808,0.0,0.0,167.7297882947055,0.18137072877518695,0.18137072877518695,nan,nan,nan,nan,0.001,143.91994147584774,32266.592459506355,16904.0166015625,0,24,199,
224,49500,0.25,0.9998130429035439,0.9997136637568473,0.16620499488304963,0.848464486002922,0.5205373692918908,0.00997213757046583,0.00798772431761873,0.0019263688589655264,0.003881848989774219,0.005707757344300097,0.011725640993311325,0.017621459818275814,0.0322477804031223,0.001645783959644508,0.03549923972565342,0.007251379867507653,0.0,0.0,170.19391458684748,0.1901576991491909,0.1901576991491909,14.170789369638616,0.5008693748962182,0.7999889254570007,0.9604772557792692,0.001,144.40355616807938,32410.996015674435,16904.0166015625,0,24,200,
225,49720,0.246667,1.000192889591556,1.0000834355300123,0.16492563658817247,0.8482856678691777,0.517213903435252,0.009927215197504584,0.007937228909312663,0.0019508997101431967,0.003908460095937533,0.005718104134377262,0.011566948814486916,0.017658105602657254,0.0320741084319624,0.0016568096164767418,0.03506701559421014,0.00719811223150993,0.0,0.0,168.8838520570235,0.2078713616216267,0.2078713616216267,nan,nan,nan,nan,0.001,144.06413945020176,32555.060155124636,16904.0166015625,0,24,201,
226,49940,0.243333,1.0002628024455356,1.0001681157133795,0.1666141737252474,0.8486520064148035,0.5187078653411432,0.010047145827080715,0.008011308765377511,0.001913104789094756,0.003810232188499702,0.00570149094353176,0.011820287452164022,0.017942947443490002,0.032469365032474426,0.001630917604184519,0.03547156231731854,0.007364084226058118,0.0,0.0,170.6129139466719,0.1978304302986879,0.1978304302986879,nan,nan,nan,nan,0.001,143.89566340087913,32698.955818525515,16904.0166015625,0,24,202,
227,50160,0.24,1.0000336830056609,0.9999227556315335,0.16584327950734984,0.8477799664844167,0.5212918527424335,0.009971523894505067,0.007936712257056073,0.0019112807895660146,0.003851620743940161,0.005712944730608301,0.011735058321871541,0.017680010538209567,0.032212272826158864,0.0016217601752115032,0.03537446692458947,0.007262217498977076,0.0,0.0,169.82351838892157,0.20191749672806442,0.20191749672806442,nan,nan,nan,nan,0.001,144.01733766286634,32842.97315618838,16904.0166015625,0,24,203,
228,50380,0.236667,0.999760533655423,0.9996686672622507,0.16466139304366978,0.8483512283726172,0.516433198750019,0.009930943890305405,0.007934978172521699,0.001965685022713098,0.0038362307333789595,0.005747113641436127,0.011698866900141266,0.01748477666511793,0.03197514282708818,0.0016668285594112768,0.03498681828125634,0.007183904176980087,0.0,0.0,168.613266546076,0.19839645706110565,0.19839645706110565,nan,nan,nan,nan,0.001,144.02668819203973,32986.99984438042,16904.0166015625,0,24,204,
229,50600,0.233333,1.0002695134669066,1.0001575915650889,0.16352975605563683,0.847560344230045,0.5198601367798719,0.010023554668507793,0.007966451571238311,0.0019622548898703164,0.003908962013983083,0.0057713576380840756,0.011730363457040354,0.0176994013981047,0.03267618316141042,0.0016631752292265776,0.035865196829069065,0.007352699135662988,0.0,0.0,167.45446985418147,0.18596847446933454,0.18596847446933454,17.80055836638048,0.5040484263404522,0.6815248131752014,0.935868754660701,0.001,144.40812937007286,33131.407973750494,16904.0166015625,0,24,205,
230,50820,0.23,0.999643434696154,0.999496525796977,0.16422529852187093,0.8483548909425735,0.5223504809493368,0.009992082045540552,0.007945664602712814,0.001924730880008693,0.0039037302845496345,0.005727599352725189,0.011718449103434316,0.017837082628499378,0.03227059058633379,0.0016348531831846974,0.03538536538623951,0.0072921632085291834,0.0,0.0,168.16670527024704,0.18797628893611654,0.18797628893611654,nan,nan,nan,nan,0.001,143.89543562708423,33275.30340937758,16904.0166015625,0,24,206,
231,51040,0.226667,1.000046868802203,0.9998742703687061,0.1674478133632378,0.8475612232630904,0.5220458778468046,0.009971163705499334,0.007994319971608505,0.0019131544714830605,0.003840648000319065,0.005678249261109158,0.011779956305822865,0.01765605003403669,0.032288554416630755,0.0016259459409907735,0.035367935512807556,0.007272827947004275,0.0,0.0,171.46656020771374,0.21310726272734418,0.21310726272734418,nan,nan,nan,nan,0.001,143.70657418109477,33419.00998355867,16904.0166015625,0,24,207,
232,51260,0.223333,1.0005990536989546,1.0004965824159708,0.16356682105159218,0.8479692488908768,0.5191406778991222,0.010006343519357457,0.00793345686132935,0.001961423160537379,0.003888909892835231,0.005739115407711572,0.01181538845200769,0.01764015701641752,0.03277050743345171,0.0016819306942621056,0.03602426346518438,0.007354068797378039,0.0,0.0,167.49242527701637,0.18229557812595978,0.18229557812595978,nan,nan,nan,nan,0.001,143.6875762809068,33562.69755983958,16904.0166015625,0,24,208,
233,51480,0.22,0.999955360873142,0.999839882959019,0.16746236885135823,0.8481089041991667,0.5212914055721326,0.010062944654121317,0.007975060218648815,0.0018635601599023422,0.00392594349978026,0.0057786184807562015,0.011729596319227395,0.017898976654660972,0.032967861352319064,0.0015633650522597071,0.036238304227167235,0.007433588559400629,0.0,7.102272727272727e-05,171.4814654263583,0.19593666022878953,0.19593666022878953,nan,nan,nan,nan,0.001,143.825598414056,33706.523158253636,16904.0166015625,0,24,209,
234,51700,0.216667,1.000136972288336,1.0000542169267481,0.16385985987091606,0.8488125704906203,0.5172333392229947,0.010151016479358076,0.007976557746190917,0.0019274412240933585,0.0038362161367496645,0.0057410309091210365,0.011923654565841636,0.018138646821237423,0.03345929607113993,0.0016606366621007593,0.0368034054948525,0.0075902612255462866,0.0,0.0,167.7924972187389,0.18955348589013732,0.18955348589013732,14.409959048259282,0.4590334222064958,0.7330433130264282,0.9202087994034303,0.001,144.42277403804474,33850.94593229168,16904.0166015625,0,24,210,
235,51920,0.213333,1.0003381921381505,1.0002769084139305,0.16232107327404346,0.8466539166190408,0.5293790154159069,0.010032855692869899,0.008051853886255149,0.002031173568684608,0.004008003038258969,0.005822542628315701,0.011865419646809724,0.017723412466743454,0.0322347772709856,0.0017490658765299569,0.03555229434489526,0.007218800423751501,0.0,0.00014204545454545454,166.21677872050893,0.19973394333176597,0.19973394333176597,nan,nan,nan,nan,0.001,144.00557992607355,33994.951512217754,16904.0166015625,0,24,211,
236,52140,0.21,0.9996100267679653,0.9995179047638719,0.16527766165408223,0.8482594055208292,0.5160713352262973,0.010050690181511031,0.007973981324837289,0.0019868337622690226,0.00390817912411876,0.005747403854779391,0.011898537759076466,0.01777103252454915,0.03241316252176396,0.0016951194233280893,0.03542447966862131,0.0072960824361705985,0.0,0.00014204545454545454,169.24432601928712,0.19927894895374249,0.19927894895374249,nan,nan,nan,nan,0.001,143.84323480189778,34138.79474701965,16904.0166015625,0,24,212,
237,52360,0.206667,1.000283737932088,1.000208013437011,0.16078043143180284,0.8487164850939404,0.5113756740635091,0.010163366532122547,0.008026756253093481,0.0019683907051909377,0.003921399836756543,0.005731940990186889,0.011928767194463449,0.018193864257244223,0.033682172163389625,0.0016825319016458128,0.03705906099428169,0.0075972485610029915,0.0,0.0,164.63916202891957,0.19274322815390943,0.19274322815390943,nan,nan,nan,nan,0.001,144.03658705507405,34282.831334074726,16904.0166015625,0,24,213,
238,52580,0.203333,1.0001980986844978,1.0001095950603485,0.1640664219856262,0.8484090088443322,0.5241464465856552,0.010118577628269452,0.007985676510725171,0.001920188234759156,0.0038646523279815236,0.005733812970257449,0.011874706027182666,0.017908330509354444,0.03385735911486501,0.0016512498299231413,0.03738248829983852,0.007606553588464687,0.0,0.0,168.0040167201649,0.2008364199011016,0.2008364199011016,nan,nan,nan,nan,0.001,143.86279383697547,34426.6941279117,16904.0166015625,0,24,214,
239,52800,0.2,1.0000853446187081,0.9999759083444422,0.16675727941434493,0.8484397026625546,0.5123600911687721,0.01020804206650196,0.00804467108312317,0.0018852486433223186,0.0037937348560345445,0.005797093143601987,0.012054676922376861,0.018209867486306888,0.033837969010611146,0.001595746168525445,0.037314994861795146,0.007656913643851029,0.0,7.102272727272727e-05,170.75945446707985,0.18696800722953866,0.18696800722953866,15.086070574796626,0.4239887716165257,0.6274340152740479,0.8635346756152126,0.001,144.27411547582597,34570.96824338753,16904.0166015625,0,24,215,
240,53020,0.196667,0.9998989887280997,0.9998293590816585,0.16457839769057253,0.8491051802581007,0.5175154753029346,0.010222484522753142,0.00805732978994704,0.0019141472402473235,0.003862704164666039,0.00579774302684448,0.011928463356823406,0.01825047598262741,0.033972749566997994,0.0016371897305196563,0.037394846497442236,0.007666772420899096,0.0,0.0,168.5282795125788,0.19739337143291424,0.19739337143291424,nan,nan,nan,nan,0.001,143.61374032194726,34714.581983709475,16904.0166015625,0,24,216,
241,53240,0.193333,1.0005402467245392,1.000411993265152,0.1629175140099092,0.8487760522148826,0.5190820721740073,0.010156901400874961,0.008022311177443375,0.001985289470493709,0.003890991773699749,0.005745660379232669,0.011832808531736108,0.01824196719945493,0.03384304981128397,0.0017187657942155387,0.03713499293027615,0.007614647802388803,0.0,7.102272727272727e-05,166.82753481431442,0.19030382016477704,0.19030382016477704,nan,nan,nan,nan,0.001,143.89946006890386,34858.48144377838,16904.0166015625,0,24,217,
242,53460,0.19,0.9999974653769734,0.999896545030854,0.16181161882863804,0.8481901663270863,0.5220490702851253,0.010197333944961428,0.00807426985332065,0.0019681396941781384,0.003923701928843829,0.005786305079130794,0.011848956697874448,0.018139694739048452,0.03411865217230198,0.0016902301570966797,0.0376584418266165,0.007669519729361954,0.0,0.0,165.6950981313532,0.19391745308646313,0.19391745308646313,nan,nan,nan,nan,0.001,143.9575599078089,35002.43900368619,16904.0166015625,0,24,218,
243,53680,0.186667,1.0001551804890123,1.0000447380271824,0.1675457117063078,0.848508524488319,0.5259220728142695,0.010196710078426721,0.008002530554817481,0.0018595035560958256,0.0037736670831112528,0.0056902381554457615,0.011920453531836921,0.018314187112264336,0.03448144356847148,0.0015865495865331138,0.03804171223362739,0.007817326180785048,0.0,0.0,171.56680908203126,0.19093753026582624,0.19093753026582624,nan,nan,nan,nan,0.001,143.92807561391965,35146.36707930011,16904.0166015625,0,24,219,
244,53900,0.183333,1.0002530329862869,1.000173325159333,0.16149445311589675,0.8487554426897655,0.5154493327845227,0.010236352451399646,0.00798653379950503,0.0019645067253970245,0.003910534062147648,0.0058007114349906755,0.01207956623243676,0.01833274317905307,0.033521853167225016,0.0016733310828633628,0.036778247864408926,0.007623354135483334,0.0,0.0,165.37032019875267,0.1839548360711173,0.1839548360711173,16.722512357749775,0.5242315356464006,0.7156977653503418,0.912751677852349,0.001,144.5024977759458,35290.86957707605,16904.0166015625,0,24,220,
245,54120,0.18,0.9998534468420546,0.9997411677783186,0.1633573682809418,0.8487440004944802,0.516829103095965,0.010259221879426728,0.008048810908274556,0.001940120516585673,0.003879063798575027,0.0057721419482153246,0.012001353195360439,0.018423419632017612,0.03453639258249578,0.0016575421556560535,0.038201140114952896,0.007805549615295604,0.0,0.0,167.2779455531727,0.18875450921548773,0.18875450921548773,nan,nan,nan,nan,0.001,143.94618358602747,35434.81576066208,16904.0166015625,0,24,221,
246,54340,0.176667,0.9997260684576013,0.9996293711391362,0.16321585781194947,0.8485324629328468,0.5210935915058309,0.010240271875888787,0.007997020390096374,0.0019658103130165147,0.003870020585864867,0.00572159108123742,0.012056211915544488,0.018574578878046435,0.034163461462594566,0.0016893279729463923,0.0377680496270345,0.007741441950201988,0.0,0.0,167.13303893696178,0.18994127060463742,0.18994127060463742,nan,nan,nan,nan,0.001,144.1118030990474,35578.92756376113,16904.0166015625,0,24,222,
247,54560,0.173333,0.999983029104854,0.9998446291143244,0.16616555467586624,0.8494740521365945,0.5246922423216429,0.010247764944903214,0.008077154053502124,0.0019160156094585544,0.003875298667910763,0.005775140076664022,0.012115468762137673,0.01820778499188071,0.03392928517000242,0.0016412482818189099,0.037342846152287994,0.007684626976366748,0.0,0.0,170.15352774533358,0.1917970484117693,0.1917970484117693,nan,nan,nan,nan,0.001,143.72103869495913,35722.64860245609,16904.0166015625,0,24,223,
248,54780,0.17,0.9999782652138034,0.9998722010038116,0.16416711089285937,0.8483937831087546,0.5221143690699881,0.010299361598762598,0.008074802962470462,0.001959924076337219,0.003882223050459288,0.005792549382683567,0.011944851664487612,0.01826443583704531,0.035106590650552376,0.001670366510965819,0.03855382465884428,0.007877998926613311,0.0,7.102272727272727e-05,168.10712115547875,0.19335105737373168,0.19335105737373168,nan,nan,nan,nan,0.001,144.03212434588932,35866.68072680198,16904.0166015625,0,24,224,
249,55000,0.166667,1.0000184724162542,0.9999394618652083,0.16339986828917807,0.8489333618770946,0.517476970363747,0.010258460474539209,0.008037861378397793,0.0019540079119244845,0.0038827094426696104,0.005759064134062184,0.012112677124836905,0.018547649613835596,0.033618571564809165,0.0016878918329894077,0.03692267138129947,0.007656449965857477,0.0,0.0,167.3214651107788,0.17484384822757185,0.17484384822757185,15.362025148966293,0.4862623934292639,0.6606343984603882,0.9008202833706189,0.001,144.30472915899009,36010.98545596097,16904.0166015625,0,24,225,
250,55220,0.163333,1.0000092243279304,0.9998869386586275,0.16268418837677348,0.8485734721476381,0.5184371951628816,0.010358266635078259,0.008168458163907582,0.002022306359867798,0.003910592096508481,0.005791927767727016,0.012255900014530528,0.01841683121482757,0.03453270815397528,0.001745129509064017,0.038024543746459215,0.00780079826945439,0.0,7.102272727272727e-05,166.5886087070812,0.18350170442223496,0.18350170442223496,nan,nan,nan,nan,0.001,144.14825645904057,36155.13371242001,16904.0166015625,0,24,226,
251,55440,0.16,1.0001309152887732,1.0000228684056889,0.15994747250594876,0.8484323796900836,0.5145478405058383,0.010327976998153396,0.008090587819672444,0.002043648306888909,0.003960676221256356,0.005794947031377391,0.012077642829072746,0.018518881550566718,0.03452438788319176,0.0017620379663970777,0.03797299657016993,0.007786133766322481,0.0,0.00014204545454545454,163.78621271306818,0.19268279033857147,0.19268279033857147,nan,nan,nan,nan,0.001,143.92464393400587,36299.05835635401,16904.0166015625,0,24,227,
252,55660,0.156667,0.9997804292513732,0.999657340483232,0.15962781213562596,0.8492006866769357,0.5107065517794002,0.01037978343771432,0.00809841615211388,0.0020308856391321487,0.003991807210100391,0.005786628408928994,0.012095705758441579,0.018615772304209795,0.03497557012491267,0.001731278528743794,0.03834812858946283,0.00792243236951022,0.0,7.102272727272727e-05,163.458879886974,0.18477424209448323,0.18477424209448323,nan,nan,nan,nan,0.001,143.93434592499398,36442.99270227901,16904.0166015625,0,24,228,
253,55880,0.153333,0.999982262255119,0.9998555746945468,0.16519566168161956,0.8484906752001156,0.5221642861312086,0.010317263326776975,0.008005493943875825,0.001911639069360469,0.0038825126171683553,0.005729089899052104,0.012112514331767505,0.018669068701141937,0.03495135883885351,0.0016257117066164606,0.038379092095419766,0.00793117634285326,0.0,0.0,169.1603576660156,0.17783962805598158,0.17783962805598158,nan,nan,nan,nan,0.001,143.97229491802864,36586.964997197036,16904.0166015625,0,24,229,
254,56100,0.15,0.9997107635054882,0.9995893204754049,0.16710677009753205,0.8480791326273571,0.5222960762679577,0.010287270015528933,0.008101401728874242,0.0018744645113739269,0.0038591798598645254,0.005779545399127528,0.011978710355999117,0.01838786264204166,0.034968802144496956,0.00158978906542457,0.03876521694685586,0.007922505601097576,0.0,0.0,171.11733238913797,0.1877700340819638,0.1877700340819638,14.121450033051358,0.4663622998498067,0.6266708374023438,0.9120059656972409,0.001,144.69812809000723,36731.66312528704,16904.0166015625,0,24,230,
255,56320,0.146667,0.999774694035428,0.9997007686983456,0.16386226864362305,0.8482327463951977,0.5172226458110593,0.010230281561697748,0.008074942473533818,0.0019042471932400739,0.0038967536346965724,0.005762149834349244,0.011989479052664882,0.018377508110874755,0.03404577332760461,0.0016107797662202343,0.03756273419130594,0.007702751477270133,0.0,0.0,167.79496321244673,0.19915350737045234,0.19915350737045234,nan,nan,nan,nan,0.001,143.99276538402773,36875.65589067107,16904.0166015625,0,24,231,
256,56540,0.143333,1.0002040674311696,1.0000779742544348,0.16021732630377467,0.8489360080523924,0.5211867911571806,0.01037737451684238,0.008106639034072445,0.002022086364774044,0.0038958875605286185,0.005808853604619137,0.011975531521337953,0.01845987386027859,0.03587201380340213,0.0017585487719770753,0.039908889439803634,0.008042735809100454,0.0,0.0,164.06254199634898,0.18473974018992576,0.18473974018992576,nan,nan,nan,nan,0.001,143.74212325108238,37019.39801392215,16904.0166015625,0,24,232,
257,56760,0.14,0.9999797107961563,0.9999027799476277,0.16179450802843678,0.8486666310917247,0.5162164011462168,0.010424550665034489,0.008203754646026275,0.001979962069162866,0.003950914723893881,0.005839064822066575,0.012124085159633648,0.01857451397756284,0.035032657976262274,0.0016910608524664315,0.038541500788944014,0.007898900697579269,0.0,7.102272727272727e-05,165.67757648121227,0.18164169060265617,0.18164169060265617,nan,nan,nan,nan,0.001,143.75657592900097,37163.154589851154,16904.0166015625,0,24,233,
258,56980,0.136667,0.9997100931908384,0.9995971587571231,0.16249546210535548,0.8491220696405931,0.5082564981823617,0.0104040395045145,0.008119956838940694,0.001940991348634601,0.003903339660080912,0.005781380203552544,0.012031234212389047,0.018585128396410834,0.03614870981863615,0.001669048866510407,0.04011422485663471,0.008142228054665876,0.0,7.102272727272727e-05,166.3953534039584,0.17795459515885323,0.17795459515885323,nan,nan,nan,nan,0.001,143.93255858309567,37307.08714843425,16904.0166015625,0,24,234,
259,57200,0.133333,0.9997109495154274,0.9995612319220196,0.16265656389296054,0.8491675699299032,0.519053421237252,0.010409733863674444,0.008115727442782373,0.0019754253387377087,0.003849280515251766,0.0057605394056405535,0.012185316477817568,0.018609004478308964,0.03566426092716442,0.0016991307765816931,0.0393860066246072,0.008076939612775195,0.0,0.0,166.560321894559,0.20019243722641553,0.20019243722641553,15.269244724601899,0.47148753096257373,0.7726161479949951,0.9381058911260254,0.001,144.4580668148119,37451.54521524906,16904.0166015625,0,24,235,
260,57420,0.13,1.0002439641192182,1.0001529311591928,0.15969300547784024,0.8485581022771922,0.5192196611653674,0.010469155189242553,0.008144897599281236,0.0020195540639344305,0.003938056239117445,0.005820795831757344,0.01224793452473188,0.019014794792217963,0.035111750395629894,0.0017330673152173403,0.03856718053787269,0.007986551874042066,0.0,0.0,163.5256371931596,0.19320149388029237,0.19320149388029237,nan,nan,nan,nan,0.001,144.0975401699543,37595.642755419016,16904.0166015625,0,24,236,
261,57640,0.126667,0.9999386074874287,0.9998296357013963,0.16282193589616906,0.849084914678877,0.5179155669429085,0.01040892046135427,0.008079063318754461,0.0019410221668791068,0.003858646310717714,0.005772319693774493,0.012054442586800591,0.018579654732126406,0.036502059125764805,0.0016690260780954057,0.040559438908133995,0.00822916475272822,0.0,0.0,166.72966268712824,0.18934394263067042,0.18934394263067042,nan,nan,nan,nan,0.001,143.81040515494533,37739.45316057396,16904.0166015625,0,24,237,
262,57860,0.123333,1.0002071633425824,1.0001296245238998,0.16151886804198676,0.8489897625012831,0.523077025196769,0.010439444964074276,0.008132256906140934,0.00197056058955654,0.00393759708782785,0.005829172312091528,0.012161404427818276,0.018733111472631042,0.03553209180986001,0.0016930603834308302,0.03913966788571666,0.00807968516072089,0.0,0.0,165.39532125646417,0.18575358479905454,0.18575358479905454,nan,nan,nan,nan,0.001,144.05627253605053,37883.50943311001,16904.0166015625,0,24,238,
263,58080,0.12,1.0000475312419796,0.9999423146247863,0.16634659362448886,0.8486313669518991,0.5192004674537616,0.010499889809976924,0.008141784905456006,0.0018666296991961479,0.003792959992477501,0.005775013669203459,0.012349424388428981,0.018972509921613066,0.035699025461111554,0.0015922975289537466,0.039262075480920346,0.00815436081188223,0.0,0.00014204545454545454,170.33891155936502,0.18421405685405146,0.18421405685405146,nan,nan,nan,nan,0.001,143.9174806070514,38027.42691371706,16904.0166015625,0,24,239,
264,58300,0.116667,0.9999620568236349,0.9998568681153384,0.1607851563190872,0.8487918922846968,0.5183207159015265,0.010505407423161986,0.008169185190292244,0.00197039879077982,0.0038904611648335544,0.005809735016241162,0.012218653173609213,0.018872433409772137,0.0361155774613673,0.001676924314332692,0.04001929018731144,0.008141292214647614,0.0,0.0,164.64399982799182,0.19622732897863043,0.19622732897863043,15.471297388774959,0.49032691528301925,0.6967196464538574,0.9082774049217002,0.001,144.41383072687313,38171.840744443936,16904.0166015625,0,24,240,
265,58520,0.113333,1.0000416196560262,0.9999328606507994,0.15922024244950575,0.8490031254562465,0.5208796694874763,0.010534785817038607,0.008178224328863011,0.002007830013297445,0.003977326439450157,0.005876266805518588,0.012317686379802498,0.018866376837038182,0.03625267825555056,0.0017245078554465594,0.039961519551632754,0.008159837200814351,0.0,7.102272727272727e-05,163.0415278521451,0.18427826611738518,0.18427826611738518,nan,nan,nan,nan,0.001,144.00001961388625,38315.84076405782,16904.0166015625,0,24,241,
266,58740,0.11,0.9998570660252234,0.9997671770778569,0.1613723197105256,0.8491972447796301,0.5215900660238483,0.010502740840258247,0.008117483815559271,0.001983172095722032,0.0039030227400044994,0.005783713986800814,0.012152977848679504,0.018799736348658124,0.03655468738553199,0.0017089932043084198,0.04028814554172145,0.008262778468832204,0.0,7.102272727272727e-05,165.24525567835028,0.18544680857578016,0.18544680857578016,nan,nan,nan,nan,0.001,143.7801056529861,38459.62086971081,16904.0166015625,0,24,242,
267,58960,0.106667,0.9999892536491359,0.9998891856182706,0.1644094569100575,0.8494499839164994,0.5140473724088885,0.010544487022244456,0.008125967270991004,0.001972928489042467,0.0038882014357527208,0.00580380783225833,0.0122471795396202,0.018839914817363024,0.03729919339953498,0.0016989531212526674,0.041508517247116704,0.008414679394230585,0.0,0.00014204545454545454,168.3552843614058,0.19514459370578632,0.19514459370578632,nan,nan,nan,nan,0.001,144.0069718658924,38603.6278415767,16904.0166015625,0,24,243,
268,59180,0.103333,0.9999998249877287,0.9998911640860818,0.16120047428729858,0.8488265191966837,0.5198271863162518,0.010553944366984069,0.008113170905165713,0.0019544275883659297,0.0038540548565585845,0.005819218228994445,0.012328325787728482,0.019033366155979985,0.036816278286278245,0.0016734050629152494,0.040689581395550206,0.008329999282299964,0.0,0.0,165.0692861557007,0.1978854299905841,0.1978854299905841,nan,nan,nan,nan,0.001,143.98262755409814,38747.6104691308,16904.0166015625,0,24,244,
269,59400,0.1,1.000125681892343,1.0000080605799502,0.16328048170967535,0.8490805754607375,0.517008403417739,0.010583869232372804,0.00820673473962498,0.0019275222803778226,0.003898149625059556,0.005830400024900552,0.012292056981558826,0.01888809945138002,0.03735326680947434,0.0016484163744363203,0.04182221480772238,0.00843812891874801,0.0,0.00014204545454545454,167.19921295859598,0.20241819375468817,0.20241819375468817,14.363561569536925,0.4740089046981492,0.7506030201911926,0.959731543624161,0.001,144.5035267099738,38892.11399584077,16904.0166015625,0,24,245,
270,59620,0.096667,1.0001329334287274,1.0000308681618084,0.16063629595393483,0.848780013078993,0.5188092911107973,0.010676561859013004,0.008174729427661408,0.0020369816894923462,0.003938447987523184,0.005839761840285395,0.01227129024495794,0.01914354002272541,0.03833217700858685,0.0017399154418109735,0.042653025358661334,0.008622228844218295,0.0,7.102272727272727e-05,164.49156766371294,0.18992339391475438,0.18992339391475438,nan,nan,nan,nan,0.001,143.94330182299018,39036.05729766376,16904.0166015625,0,24,246,
271,59840,0.093333,0.9999666361982568,0.9998432393778455,0.16032574964179233,0.8499659939245744,0.513051205467094,0.010733868085398253,0.008210768975021149,0.00197493342176048,0.003968602351696146,0.005840999446809292,0.012383293248289687,0.01932140845085748,0.0385581926506182,0.0016610614824788751,0.042967673687433657,0.008719363738253544,0.0,0.0,164.17356799732556,0.18900660913895445,0.18900660913895445,nan,nan,nan,nan,0.001,144.02248995914124,39180.079787622904,16904.0166015625,0,24,247,
272,60060,0.09,0.9999160614535043,0.999835655093193,0.16066949548707768,0.8491455286741256,0.5222172308374535,0.010582464585207741,0.008137213949918409,0.0019599332129556306,0.003927747543308545,0.005794436937536705,0.012236141843128611,0.019170290877280588,0.0372768067648973,0.0016904038234563565,0.04137146236078644,0.008440550932110371,0.0,0.0,164.52556402033025,0.1975013857376354,0.1975013857376354,nan,nan,nan,nan,0.001,143.84454254596494,39323.92433016887,16904.0166015625,0,24,248,
273,60280,0.086667,1.0000419229744235,0.9999291346831756,0.16089140989563683,0.8492695525288582,0.5129650048234246,0.010602141996125945,0.00818363301328976,0.0019199069880414753,0.003924789000831714,0.005825356953904372,0.012139135766351087,0.018752973759546876,0.03822842429773035,0.001621812233828347,0.0427148426099765,0.008616145006486808,0.0,0.0,164.75280359441584,0.19020135022838172,0.19020135022838172,nan,nan,nan,nan,0.001,143.98588132089935,39467.91021148977,16904.0166015625,0,24,249,
274,60500,0.083333,1.00010828846951,0.9999992160634561,0.16228821121833542,0.8491981892423196,0.5191083467819474,0.010743469732220878,0.008145714315204796,0.001997335017751373,0.003959837596366097,0.005863812973257154,0.012553130517798392,0.019340133789757435,0.03834297828672623,0.0017146254826002406,0.042674109877341174,0.008679326075997034,0.0,7.102272727272727e-05,166.18312823555686,0.18560751548792861,0.18560751548792861,15.404506113446404,0.5228849742830994,0.7150185108184814,0.9492915734526473,0.001,144.50442285719328,39612.41463434696,16904.0166015625,0,24,250,
275,60720,0.08,1.0000246771375791,0.9999167813496156,0.16269567165185106,0.8491680846972899,0.5219415571879257,0.010652248988944022,0.00822166543009437,0.0019028280617600433,0.0038963899640789765,0.00581039033237506,0.01240379165392369,0.018859228934161365,0.03785008998714726,0.0016282530489248033,0.042156082036143,0.008540749855720522,0.0,0.00014204545454545454,166.60036751140248,0.18941886513061643,0.18941886513061643,nan,nan,nan,nan,0.001,143.67799361399375,39756.092627960956,16904.0166015625,0,24,251,
276,60940,0.076667,0.9998139191868637,0.9997185346755114,0.16348183344710956,0.8489881026473912,0.5226043441078879,0.010621882821644911,0.008134107516062531,0.00193010222296421,0.0038481871121224353,0.005794225538424639,0.012223689186132767,0.019133834454061634,0.0383407148363238,0.0016436767402575987,0.04285939886150035,0.008653326986611566,0.0,7.102272727272727e-05,167.40539691231467,0.2018307614890376,0.2018307614890376,nan,nan,nan,nan,0.001,144.01126490393654,39900.10389286489,16904.0166015625,0,24,252,
277,61160,0.073333,0.999882883390153,0.9997894232923334,0.16180187355388295,0.8499000336636197,0.5145334448326718,0.010674694735048847,0.00818937745961276,0.0019291020994635553,0.003928616938223555,0.005855233470951631,0.012455517728812992,0.01926998667080294,0.03722517908212136,0.0016389000498086468,0.04102513202339072,0.00843535069566728,0.0,7.102272727272727e-05,165.68511836312035,0.19316887856188547,0.19316887856188547,nan,nan,nan,nan,0.001,143.77239714819007,40043.87629001308,16904.0166015625,0,24,253,
278,61380,0.07,1.0001583836616308,1.0000579647042536,0.16442661275240508,0.8497699915008111,0.5159234870563854,0.01078271128618243,0.0082141672747887,0.001899883571274007,0.003918119848293083,0.005860161225163293,0.01235760462639684,0.01932352382732047,0.039526356815953144,0.0016048422984485198,0.04413509847257625,0.008927869037936695,0.0,0.0,168.37285248149524,0.20996224701694427,0.20996224701694427,nan,nan,nan,nan,0.001,144.08875607093796,40187.96504608402,16904.0166015625,0,24,254,
279,61600,0.066667,0.9998582526871718,0.9997560174627738,0.16395263841206378,0.8491145082495429,0.5184044646268541,0.010582266123542055,0.008109985715286299,0.0019155166955897585,0.003922799645277502,0.005752535805698823,0.012151170420375737,0.01887380057226189,0.03809194784526798,0.0016224339382295678,0.04217680665368045,0.00859749248960394,0.0,7.102272727272727e-05,167.8875021501021,0.19025179996730796,0.19025179996730796,15.122795580928212,0.43884846401440836,0.7493489980697632,0.9410887397464579,0.001,144.27583281416446,40332.240878898185,16904.0166015625,0,24,255,
280,61820,0.063333,0.9999063505127109,0.9998092020099814,0.16518573146313428,0.8486167253418402,0.5232323303141377,0.010480743264567785,0.008139032751999118,0.0019415340022533201,0.003840584805849093,0.005774880981665443,0.012280352720567449,0.018952277649871327,0.03609701686073095,0.0016749145576134405,0.039818053554997526,0.008183479111175984,0.0,0.00014204545454545454,169.15018962513318,0.18831415289632522,0.18831415289632522,nan,nan,nan,nan,0.001,144.1574243910145,40476.3983032892,16904.0166015625,0,24,256,
281,62040,0.06,0.9999069988320248,0.9998071461915969,0.15988901257514954,0.8494489018212665,0.5240057995373553,0.010796005168760364,0.008242113806772977,0.0019806107377834535,0.003913134986809878,0.005821515483231368,0.012499125306071206,0.019338434756818144,0.039216151384806094,0.00170683483229368,0.04378866552883251,0.008867244390156967,0.0,0.0,163.72634830474854,0.19480079212361842,0.19480079212361842,nan,nan,nan,nan,0.001,143.91700187022798,40620.31530515943,16904.0166015625,0,24,257,
282,62260,0.056667,0.9999796926024834,0.9998705198818987,0.162214150482958,0.84969958988103,0.5202756870199333,0.010765205132140016,0.008250988069498404,0.001917262205295794,0.0039511583713729955,0.00587825713605112,0.012392065072940155,0.01930183502633802,0.03877087493681095,0.0016163357039410832,0.04313241176053204,0.008730592527850108,0.0,0.0,166.1072898691351,0.19837643525618354,0.19837643525618354,nan,nan,nan,nan,0.001,144.02835970791057,40764.34366486734,16904.0166015625,0,24,258,
283,62480,0.053333,1.000058539500269,0.9999474421143532,0.1583495130423795,0.8494558208368042,0.5089157944375818,0.010850481539753012,0.008259250951761549,0.0019768614614969755,0.003940275084195574,0.005842345291536979,0.012516598160039973,0.01957932273984294,0.039421161918223584,0.0017100115563318302,0.0440234455534003,0.008908396665620702,0.0,0.0,162.1499017195268,0.19713758183667926,0.19713758183667926,nan,nan,nan,nan,0.001,143.85763535485603,40908.201300222194,16904.0166015625,0,24,259,
284,62700,0.05,0.9999224538140525,0.9998175377195532,0.16208962024274198,0.8503856843168085,0.5224251169372689,0.010773975122720002,0.008219491433225234,0.00198430021270972,0.003940602341423404,0.005863657751416957,0.012521427910012956,0.019480239784091035,0.038372760494662955,0.0016977901300130973,0.04274050908120857,0.008666762322272089,0.0,7.102272727272727e-05,165.97977138866077,0.19957975369312403,0.19957975369312403,17.187660164084086,0.501106515787942,0.7186387181282043,0.8948545861297539,0.001,144.48994774883613,41052.69124797103,16904.0166015625,0,24,260,
285,62920,0.046667,1.0000271672268393,0.9999255200678652,0.15709173701364887,0.8489715115590529,0.5122300165620717,0.010985011052848263,0.008300756234463982,0.0020088015564727934,0.003941743560558693,0.005871543615781279,0.012595072263767096,0.01978346876884726,0.040366173279471694,0.0017314774963531157,0.044969219612804326,0.009181701294569806,0.0,0.0,160.86193903142757,0.19161595316532964,0.19161595316532964,nan,nan,nan,nan,0.001,143.8481958869379,41196.53944385797,16904.0166015625,0,24,261,
286,63140,0.043333,1.000040251871991,0.9999212434346025,0.16032523832876575,0.8497471957044168,0.5174397103488445,0.010928453928367658,0.008309268455063416,0.001969542091087946,0.003860926815435629,0.005825707150771367,0.012569299664094367,0.019714223803021014,0.04064369788393378,0.0017058733772666362,0.04559149406003681,0.009190246637444943,0.0,0.0,164.17304423939098,0.19873790054274912,0.19873790054274912,nan,nan,nan,nan,0.001,143.76156780309975,41340.30101166107,16904.0166015625,0,24,262,
287,63360,0.04,0.9999969839235101,0.9998836930502545,0.16009650166061792,0.8496211792935024,0.5219426032494415,0.010923185360363939,0.008243542518043382,0.0019339407249142162,0.003897588349222629,0.005856823883633214,0.012621458624066276,0.02002687530634417,0.03994674423116852,0.0016400483041996432,0.044425987541167576,0.009076613126936453,0.0,0.0,163.93881818597967,0.18693577781958615,0.18693577781958615,nan,nan,nan,nan,0.001,144.28666858398356,41484.58768024505,16904.0166015625,0,24,263,
288,63580,0.036667,0.9999925162906256,0.9998856136744673,0.16244778831235387,0.8499006343158808,0.5257390713149851,0.010893003425603225,0.008218602480536158,0.0019245589271039618,0.0038156311816154895,0.005816585416588085,0.012554708766666325,0.01975885318507525,0.04027200674807484,0.0016663753816332741,0.04481607039924711,0.00914380287285894,0.0,0.0,166.34653533588755,0.20391020602377824,0.20391020602377824,nan,nan,nan,nan,0.001,144.23472942505032,41628.8224096701,16904.0166015625,0,24,264,
289,63800,0.033333,1.0000139515600879,0.9999076183546673,0.16469985012981025,0.8495081986893307,0.5239235586740754,0.010843037854118104,0.008159239507618953,0.0018878084599484944,0.003908379666443745,0.005830814584094862,0.012395770938813009,0.019590509625744414,0.040270772584798664,0.0016071502170317135,0.04492901046548716,0.009079356718575581,0.0,7.102272727272727e-05,168.65264701843262,0.19669992612900458,0.19669992612900458,15.363195866540451,0.4775976390741574,0.7496834993362427,0.9254287844891872,0.001,144.40214534197003,41773.22455501207,16904.0166015625,0,24,265,
290,64020,0.03,1.0000641931162337,0.9999544619159265,0.16166451510719276,0.8501746119423346,0.5174715517596765,0.010941186434039,0.008288017379924316,0.0019897005712581715,0.0039198278732576666,0.005870863229078664,0.01261806047140536,0.020029040787961673,0.03956552802119404,0.0016848614570500848,0.04380171793005006,0.00898914115439931,0.0,7.102272727272727e-05,165.54446412866767,0.17783260553791974,0.17783260553791974,nan,nan,nan,nan,0.001,143.89494385104626,41917.11949886312,16904.0166015625,0,24,266,
291,64240,0.026667,1.0000212959656682,0.9999125809832052,0.15766221948645331,0.8501297549767928,0.5232014667581428,0.010907963389234448,0.008230951808350668,0.002009929096146317,0.003952279682165351,0.005895032491323284,0.012560696036300875,0.019891473894346166,0.03953550248830156,0.001734619979255182,0.04414231377145784,0.008966951173285699,0.0,7.102272727272727e-05,161.44611311825838,0.1990058456393573,0.1990058456393573,nan,nan,nan,nan,0.001,144.06567171006463,42061.18517057318,16904.0166015625,0,24,267,
292,64460,0.023333,0.9999915351900261,0.9998796052553437,0.15919102653861045,0.8502795507962053,0.517922042445703,0.010984658012801612,0.008308738130356439,0.002002379110688873,0.003934919573789971,0.005891709819711237,0.012429573556238955,0.01964506011202254,0.041769492509774866,0.0017171912649328906,0.04711617023514753,0.009416662814857608,0.0,0.0,163.01161150498822,0.19021034684068433,0.19021034684068433,nan,nan,nan,nan,0.001,143.85907498304732,42205.04424555623,16904.0166015625,0,24,268,
293,64680,0.02,1.0000391810249902,0.9999288300221617,0.160779852589423,0.8498855058442463,0.5204384325580164,0.010883136722259223,0.008219396398106421,0.0019719648487146265,0.003912837245099416,0.005877248895227571,0.012420123174193907,0.019678709387186577,0.040264241291548715,0.0016785992380060964,0.04479187058962204,0.009112463154385544,0.0,0.0,164.6385696064342,0.1860416432946367,0.1860416432946367,nan,nan,nan,nan,0.001,144.22208810294978,42349.26633365918,16904.0166015625,0,24,269,
294,64900,0.016667,1.0000208299904043,0.9999113440513611,0.16114889970895918,0.849252418496392,0.5155309697443788,0.010915815189946443,0.008207033097278327,0.0019834155613022053,0.0039013810514006765,0.005826263954672455,0.012492065320045433,0.01976131535219875,0.0406473544659093,0.0017023150566852895,0.045378935006870465,0.009185075387887825,0.0,7.102272727272727e-05,165.0164735620672,0.19831504333833483,0.19831504333833483,15.57827366305617,0.48043848269928935,0.7359585762023926,0.9321401938851603,0.001,144.29929303214885,42493.56562669133,16904.0166015625,0,24,270,
295,65120,0.013333,0.9999978874973393,0.9998882186683742,0.16051492227072064,0.8497504978017374,0.520220845328136,0.010999958564273335,0.008223869396500627,0.0019582326738269663,0.003834010348443619,0.005828660514883019,0.012529061372730542,0.020014274382794444,0.04158557150936262,0.001689709304181716,0.046645414261994034,0.009421253323406828,0.0,7.102272727272727e-05,164.36727972897617,0.18481584911248677,0.18481584911248677,nan,nan,nan,nan,0.001,143.8769138478674,42637.442540539196,16904.0166015625,0,24,271,
296,65340,0.01,1.0000074697246855,0.999899131601507,0.15736977701837365,0.8494333628903735,0.5208701571280306,0.010912877938244492,0.0082008769037202,0.0020192606435474854,0.003955498014957729,0.0058424110265067695,0.012650001241656189,0.02002381085291166,0.039519876715811815,0.0017589521831475642,0.044091619208285755,0.008973809811074963,0.0,0.0,161.1466510252519,0.1951669648579535,0.1951669648579535,nan,nan,nan,nan,0.001,143.9946402600035,42781.4371807992,16904.0166015625,0,24,272,
297,65560,0.006667,0.9999963373692541,0.9998863075267185,0.15914611156013878,0.8494539042765444,0.5153906125913966,0.011039630668661133,0.008241544325243343,0.0019677578352539885,0.003994923081270165,0.005912797666810961,0.012786450590515001,0.020052899422378024,0.04086353177501058,0.0016855521090540359,0.04573523268442262,0.00927123468295163,0.0,0.0,162.96561837629838,0.19159322015275795,0.19159322015275795,nan,nan,nan,nan,0.001,143.85271965293214,42925.28990045213,16904.0166015625,0,24,273,
298,65780,0.003333,1.0000055360359592,0.99989488246766,0.16059541356834497,0.8496327886527235,0.5119678888808598,0.0110781010070985,0.008304825303441083,0.001967768000362081,0.003936115971935743,0.0058765629571015865,0.012572965182533319,0.020183991198427974,0.04162721202116121,0.001664637691101234,0.04645457109648057,0.009414309666449712,0.0,7.102272727272727e-05,164.44970410086893,0.19355388340942897,0.19355388340942897,nan,nan,nan,nan,0.001,143.83603855688125,43069.12593900901,16904.0166015625,0,24,274,
299,66000,0.0,1.0000037029555284,0.9998932559381831,0.16078456853601067,0.8501195734197443,0.5230927278372375,0.011043340926566584,0.008258719584608281,0.0019173066100682428,0.00389641610249369,0.0058504469375210725,0.01265577011403035,0.020081664448265323,0.041774718624285674,0.0016413558945879976,0.04674515717408874,0.009455181983172556,0.0,0.0,164.64339729655873,0.19694602771914976,0.19694602771914976,16.660707492558913,0.4251594353539836,0.7225474715232849,0.889634601043997,0.001,144.20640597702004,43213.33234498603,16904.0166015625,0,24,275,
