beat_count_max,beat_count_mean,beat_count_min,beat_count_sd,cond_timing_sd_ms,frac_unstable_beats,gt_detection_prob,nfe,seed_pair_f1,subject,window
11,9.125,6,0.9069623173877128,54.06313061114804,0.0,0.90625,1,0.4210526315789474,an0,72
10,8.0625,3,1.2684127749837335,38.03389720281078,0.0,0.90625,1,0.625,an0,214
13,9.5625,5,1.522678031330581,69.79503623433669,1.0,0.625,1,0.19999999999999998,an0,248
13,9.53125,4,1.883448707095063,76.64493074529207,0.7692307692307693,0.40625,1,0.1818181818181818,an0,329
13,8.65625,5,1.894122913884742,79.0815147512111,0.6428571428571429,0.34375,1,0.13333333333333333,an0,340
10,8.90625,6,0.777065405973841,18.45317218700831,0.0,0.96875,1,0.8888888888888888,an0,389
11,9.65625,7,0.9370294518041506,44.9305393152772,0.2,0.90625,1,0.5,an0,401
10,9.0,7,0.508000508000762,47.3220866278369,0.2222222222222222,0.90625,1,0.4444444444444444,an0,446
10,8.21875,7,0.6082431071696208,24.219235089034267,0.0,1.0,1,0.823529411764706,an0,525
12,9.9375,7,1.2164862143392416,64.73528306816098,0.8,0.75,1,0.2222222222222222,an0,692
10,8.5625,5,1.2164862143392416,54.65325383646048,0.625,0.75,1,0.3,an0,1028
12,9.71875,6,1.2243332616097102,88.85954673669119,1.0,0.453125,1,0.10526315789473685,an0,1145
11,9.34375,8,0.6530017536902797,49.56432962271107,0.3,0.875,1,0.4210526315789474,an0,1186
11,9.40625,4,1.3879521930969312,47.678592328780866,0.1,0.890625,1,0.4000000000000001,an0,1402
10,8.90625,5,0.9283830897266078,25.234275921005377,0.0,0.96875,1,0.823529411764706,an0,1656
13,9.59375,7,1.4336818156017384,75.32034463101944,0.75,0.34375,1,0.19999999999999998,an0,1755
12,9.90625,6,1.1175830776653122,82.43156434713455,1.0,0.40625,1,0.10526315789473685,an0,1875
11,9.21875,6,1.2110878873837942,43.5061128156063,0.4444444444444444,0.90625,1,0.4210526315789474,an0,1964
10,8.875,7,0.6090712125322324,40.29067550205764,0.2222222222222222,0.96875,1,0.5555555555555556,an0,1967
13,9.71875,5,1.8532338779688906,nan,0.9090909090909091,0.375,1,0.11111111111111112,an0,1985
12,9.96875,4,1.4915758066879383,75.0812798470931,0.7857142857142857,0.375,1,0.15384615384615383,an0,2011
11,8.65625,3,1.9610625000321276,68.67981399852775,0.8,0.640625,1,0.2105263157894737,an0,2160
13,9.84375,6,1.6482517620095973,81.14874142287277,1.0,0.359375,1,0.10526315789473685,an0,2214
13,10.0,7,1.6655910507645917,64.01667739165696,0.9230769230769231,0.34375,1,0.17391304347826086,an0,2219
13,9.75,8,1.1071614388213236,70.1180165115052,0.5454545454545454,0.59375,1,0.2105263157894737,an0,2434
12,9.875,7,1.0998533626601497,51.93840633894794,0.7,0.703125,1,0.28571428571428564,an0,2536
11,9.4375,6,1.2164862143392416,61.85642584765335,0.7,0.609375,1,0.2105263157894737,an0,2546
12,9.625,4,1.6214290789499601,44.234616294103006,0.4,0.8125,1,0.39999999999999997,an0,2562
12,10.0,7,1.2181424250644648,49.93860210744426,0.4,0.828125,1,0.380952380952381,an0,2635
12,8.9375,5,1.9827888472813302,nan,0.21428571428571427,0.15625,1,0.1904761904761905,an0,2901
12,10.59375,6,1.738730998133687,35.263175107374956,0.36363636363636365,0.78125,1,0.45454545454545453,an0,2937
12,9.3125,5,1.4013242584852925,64.950059422829,0.3,0.796875,1,0.3,an0,3012
13,9.78125,6,1.8619167196649107,80.41397897600676,1.0,0.59375,1,0.125,an0,3017
12,9.96875,5,1.959005261070839,77.7763215186013,0.8,0.34375,1,0.13333333333333333,an0,3093
11,9.75,8,0.8032193289024988,29.78050014313914,0.2727272727272727,0.78125,1,0.5358851674641147,an0,3134
12,8.90625,5,1.784509962553197,nan,0.8,0.34375,1,0.11111111111111112,an0,3195
11,9.71875,8,0.8884337432408971,65.62215386580749,0.5,0.765625,1,0.28571428571428564,an0,3207
12,9.59375,5,1.7012210984485383,75.20976728067359,1.0,0.53125,1,0.13333333333333333,an0,3213
12,9.46875,4,1.4587748947484622,53.0756865627754,0.4,0.796875,1,0.33333333333333326,an0,3215
12,9.4375,5,1.3663584756098845,70.74885083410442,0.9,0.59375,1,0.19999999999999998,an0,3236
12,8.875,4,1.699145895499721,87.30002397731081,0.9,0.328125,1,0.1111111111111111,an0,3407
12,9.625,4,1.791557260975724,74.75998931204829,1.0,0.328125,1,0.10526315789473685,an0,3446
11,9.46875,7,1.015504800579495,60.161333526844885,0.4,0.859375,1,0.3,an0,3556
12,9.28125,3,1.8532338779688906,60.786700530008176,0.8,0.65625,1,0.2105263157894737,an0,3572
12,9.71875,7,1.4861592629454992,90.44559888964716,0.9,0.4375,1,0.1111111111111111,an0,3721
12,9.21875,7,1.184152752788036,82.92543400047218,0.6,0.265625,1,0.11764705882352941,an0,3845
13,10.25,9,1.1639753904947558,78.92743686609691,0.7,0.390625,1,0.1904761904761905,an0,3989
12,9.75,6,1.6263951827039393,53.79121829455145,0.9,0.375,1,0.11764705882352942,an0,4062
11,9.71875,7,0.8513509188911317,31.08668998170725,0.0,0.890625,1,0.631578947368421,an0,4248
13,9.65625,2,2.041652951457115,72.74207147637198,0.9090909090909091,0.375,1,0.10526315789473685,an0,4296
13,9.96875,7,1.307160799151623,79.52005256826952,0.9,0.5,1,0.11111111111111112,an0,4354
11,9.5625,5,1.189673308368798,37.35473238911693,0.3,0.921875,1,0.5555555555555556,an0,4415
12,8.84375,5,1.370410228197523,33.72499386758086,0.2222222222222222,0.875,1,0.5555555555555556,an0,4430
10,8.84375,3,1.1390254748064526,28.349294242821585,0.0,0.96875,1,0.7368421052631577,an0,4537
11,9.03125,7,0.594836654184399,21.860129478025648,0.0,0.96875,1,0.8888888888888888,an0,4543
10,9.09375,8,0.5303300858899106,37.66691008632629,0.0,0.9375,1,0.631578947368421,an0,4548
12,9.875,7,1.1845783243211963,72.8194121977105,0.9,0.53125,1,0.1904761904761905,an0,4742
13,9.8125,6,1.533233984626255,94.88649204666825,1.0,0.375,1,0.10526315789473685,an0,4756
10,8.53125,5,1.0771639884736754,32.425481125646535,0.1111111111111111,0.875,1,0.5555555555555556,an0,4814
10,8.78125,5,1.0075321174741456,39.47233733171512,0.1111111111111111,0.875,1,0.47058823529411764,an0,4819
10,8.4375,7,0.8007053342260588,28.19713334328911,0.0,0.96875,1,0.7058823529411765,an0,4899
10,8.3125,7,0.6927039119836262,21.437503763290565,0.0,0.96875,1,0.823529411764706,an0,4923
11,8.125,4,1.0701220913160239,43.06781927029466,0.0,0.921875,1,0.5,an0,4984
11,8.25,7,0.762000762001143,22.435706882900455,0.0,0.953125,1,0.7777777777777777,an0,5001
13,10.0625,6,1.3663584756098845,71.50178197616232,0.875,0.375,1,0.17391304347826086,an0,5043
12,9.5625,7,1.2164862143392416,72.12831309454678,1.0,0.515625,1,0.11764705882352941,an0,5047
12,9.0,5,1.545023227719748,82.04387946576642,0.7692307692307693,0.3125,1,0.2222222222222222,an0,5108
12,9.40625,5,1.6036123536083031,74.29580703753997,0.9,0.34375,1,0.1111111111111111,an0,5192
12,8.96875,5,1.5551034609290626,71.37749863371067,0.8,0.34375,1,0.12916666666666668,an0,5212
12,9.125,4,1.6800537625806178,81.34485839377419,0.8888888888888888,0.40625,1,0.1111111111111111,an0,5233
12,9.34375,4,1.5782672205158537,72.0541669753778,1.0,0.34375,1,0.10526315789473685,an0,5429
14,10.21875,5,1.4308665319512035,79.63017207505122,0.7777777777777778,0.53125,1,0.18181818181818182,an0,5603
11,8.6875,7,0.9651174088696285,41.39264026090632,0.1111111111111111,0.9375,1,0.5555555555555556,an0,5701
11,9.0625,3,1.522678031330581,80.81302041981209,0.9,0.40625,1,0.1904761904761905,an0,5728
14,10.0625,5,1.79493013611906,78.29841863735889,0.9230769230769231,0.5625,1,0.125,an0,5872
10,8.3125,7,0.6444552588389371,25.81126865945663,0.0,0.96875,1,0.7777777777777778,an0,6136
11,8.4375,6,0.981687158630159,24.989416847138312,0.0,0.9375,1,0.75,an0,6138
11,9.59375,6,1.073414058942533,55.227369949084625,0.9,0.71875,1,0.28571428571428564,an0,6273
13,9.5,6,1.4142135623730951,62.14400128510669,0.7777777777777778,0.6875,1,0.2222222222222222,an0,6413
13,10.03125,6,1.8401327967506638,78.2729713267525,1.0,0.53125,1,0.15384615384615383,an0,6432
12,10.03125,6,1.575710285308123,73.38853692409913,1.0,0.53125,1,0.11764705882352941,an0,6433
11,8.1875,5,1.0906494070196242,31.17457798101561,0.125,0.890625,1,0.6666666666666666,an0,6575
11,8.4375,6,1.4577379737113252,50.04406153199454,0.375,0.828125,1,0.36931818181818177,an0,6640
12,8.0,7,1.4142135623730951,25.06096083178975,0.0,0.9375,1,0.75,an0,6647
11,9.53125,5,1.190943648622196,46.21831993736709,0.2,0.875,1,0.4444444444444445,an0,6773
11,7.9375,6,1.1053389496206072,32.972201036194484,0.0,0.90625,1,0.6250000000000001,an0,6853
10,8.34375,6,0.8273305303514508,32.93308934079859,0.0,0.953125,1,0.7058823529411765,an0,7058
10,9.71875,7,0.7288689868556626,23.520189805201156,0.0,0.96875,1,0.8000000000000002,an0,7217
10,8.75,5,1.0472698761772856,35.28826503822884,0.0,0.875,1,0.631578947368421,an0,7262
14,10.125,5,2.1812988140392484,60.74689742591798,1.0,0.5625,1,0.19999999999999998,an0,7544
13,10.15625,5,1.4392958627902608,82.79355390215487,1.0,0.40625,1,0.10526315789473685,an0,7561
11,8.6875,5,1.20315445607008,51.8260311040697,0.2222222222222222,0.8125,1,0.35294117647058826,an0,7594
12,9.25,6,1.3912166872805047,55.79392911545736,0.9090909090909091,0.34375,1,0.1904761904761905,an0,7620
13,9.9375,5,1.6251550794487475,73.10643374687298,1.0,0.40625,1,0.1111111111111111,an0,7708
13,9.40625,2,2.212273316253318,88.20656701477998,0.7333333333333333,0.375,1,0.10818713450292397,an0,7730
12,9.78125,6,1.4532360996377438,75.9923599614259,1.0,0.453125,1,0.125,an0,7790
12,10.09375,4,1.6335075066229565,66.2318913884365,0.9230769230769231,0.53125,1,0.1904761904761905,an0,7830
12,9.65625,6,1.5985754747233853,68.7562133865936,0.8181818181818182,0.4375,1,0.2105263157894737,an0,7840
12,9.75,5,1.524001524002286,79.08950525391212,1.0,0.4375,1,0.125,an0,7914
11,8.875,5,1.3136995286643378,75.93714178578988,0.9,0.484375,1,0.125,an0,7977
13,9.28125,4,2.275172804496964,79.83132306946669,1.0,0.390625,1,0.1111111111111111,an0,7987
12,9.40625,4,1.583368703623039,52.83673831254359,0.4,0.78125,1,0.3157894736842105,an0,8005
13,9.5625,6,1.4577379737113252,75.94534982426684,0.9,0.65625,1,0.17391304347826086,an0,8093
13,8.8125,5,1.6350495701275216,81.93653961956733,0.5555555555555556,0.34375,1,0.13333333333333333,an0,8145
14,10.53125,9,1.2696043325738624,90.54630203658236,0.8181818181818182,0.46875,1,0.10818713450292397,an0,8259
12,9.5625,5,1.758619326484237,84.98002273300656,1.0,0.5,1,0.125,an0,8339
14,10.6875,8,1.4687607240514464,nan,0.75,0.296875,1,0.17391304347826086,an0,8409
13,9.71875,5,1.708316941961751,81.95888011383445,0.9,0.421875,1,0.11764705882352941,an0,8546
12,9.84375,7,1.393750452046795,85.30121110277734,0.8,0.4375,1,0.11111111111111112,an0,8592
12,9.28125,4,1.954884288300758,72.99912890650623,0.9,0.546875,1,0.125,an0,8679
11,8.90625,5,1.2790968335811872,23.772255931331635,0.0,0.90625,1,0.7999999999999999,an0,8887
12,9.90625,6,1.0883362561504661,41.762365354906215,0.4,0.84375,1,0.4000000000000001,an0,8932
10,9.71875,6,0.8884337432408971,23.336115477561002,0.0,0.96875,1,0.9,an0,8959
11,10.1875,4,1.674042817504591,22.14302003020961,0.0,0.90625,1,0.8181818181818182,an0,8982
13,9.4375,5,1.7401798201483698,69.85574319934278,0.6,0.703125,1,0.22222222222222224,an0,9086
12,10.25,8,1.1071614388213236,79.96937880989955,1.0,0.40625,1,0.1111111111111111,an0,9154
11,9.6875,6,1.1198358174592007,40.47109733405502,0.2,0.859375,1,0.47619047619047616,an0,9198
11,8.90625,6,0.9283830897266078,43.2810793830483,0.0,0.875,1,0.47058823529411764,an0,9238
11,9.625,7,0.8327955253822958,19.8941074994895,0.0,0.9375,1,0.9,an0,9563
12,9.53125,3,1.6061248696082735,27.83011114255379,0.3,0.875,1,0.631578947368421,an0,9578
13,10.375,5,1.7367006167610077,55.34620045040919,1.0,0.515625,1,0.23529411764705882,an0,9617
12,9.90625,3,1.973360895985945,60.21287009205749,1.0,0.34375,1,0.13333333333333333,an0,9713
11,9.84375,7,0.7666169923131275,35.35398163716083,0.2,0.84375,1,0.5,an0,9728
12,9.9375,2,2.16924990752341,66.81964330071631,0.9166666666666666,0.46875,1,0.1904761904761905,an0,9757
10,9.28125,7,1.0544643954588142,34.559775187294264,0.1,0.828125,1,0.5263157894736842,an0,9875
11,8.90625,7,0.6890561567076912,18.505604587384898,0.0,0.9375,1,0.8888888888888888,an0,9982
10,8.8125,6,0.7803018439949604,19.668326990133487,0.0,0.9375,1,0.8888888888888888,an0,10095
12,10.03125,7,1.2822453843966262,71.29655632620504,1.0,0.40625,1,0.17028985507246375,an0,10130
11,8.6875,6,1.1198358174592007,27.115972139778002,0.125,0.828125,1,0.5555555555555556,an0,10166
11,9.09375,6,0.9625026183458311,29.709632438241048,0.1111111111111111,0.84375,1,0.631578947368421,an0,10249
10,9.0,8,0.3592106040535498,15.774960917138776,0.0,1.0,1,1.0,an0,10292
12,9.125,7,0.7931155389125321,37.23719157988203,0.0,0.875,1,0.5,an0,10623
10,8.84375,5,0.8838834764831844,24.885827762594676,0.0,0.90625,1,0.7368421052631577,an0,10790
10,8.90625,4,1.1175830776653122,24.266637500392065,0.0,0.90625,1,0.811764705882353,an0,10833
11,9.03125,7,1.1495967034769894,47.930747108216465,0.5555555555555556,0.75,1,0.35294117647058826,an0,10982
11,9.03125,6,0.89746506805953,18.243537665233852,0.0,0.9375,1,0.8888888888888888,an0,11027
12,9.59375,4,1.9651705171028602,69.10171707161909,0.9,0.34375,1,0.10526315789473685,an0,11261
13,10.125,7,1.2889105176778741,90.3857346318032,0.9230769230769231,0.40625,1,0.11111111111111112,an0,11392
11,9.6875,6,1.0606601717798212,30.900282716301376,0.0,0.890625,1,0.6666666666666666,an0,11450
10,8.3125,4,1.1198358174592007,32.97345419129889,0.0,0.9375,1,0.6666666666666665,an0,11583
10,8.75,4,1.1071614388213236,35.256983234400124,0.1111111111111111,0.90625,1,0.5555555555555556,an0,11599
12,8.21875,5,1.2632363710059404,45.16158002661895,0.0,0.875,1,0.4615384615384615,an0,11637
11,7.9375,6,1.1622419935679933,59.44634328564476,0.7777777777777778,0.71875,1,0.30769230769230765,an0,11644
10,8.34375,5,1.0957211500695228,38.64797416577039,0.125,0.9375,1,0.5298245614035088,an0,11659
11,8.96875,3,1.4915758066879383,nan,1.0,0.40625,1,0.3157894736842105,an0,11797
9,8.3125,7,0.5922891621605981,29.240393305946753,0.0,0.875,1,0.625,an0,11850
10,7.96875,4,1.2568361455552564,30.70462582765732,0.125,0.9375,1,0.6666666666666666,an0,12064
10,8.09375,5,1.0582814736256865,22.21747446414834,0.0,0.90625,1,0.75,an0,12097
11,9.6875,7,0.8590129369261278,43.73576910830188,0.1,0.859375,1,0.47058823529411764,an0,12333
10,7.75,7,0.9503819266229829,25.257642665755764,0.0,1.0,1,0.75,an0,12437
13,9.53125,5,1.7224209331541875,86.41080031953184,1.0,0.375,1,0.11764705882352941,an0,12764
13,10.21875,5,1.4752665150143482,51.12646415953872,0.2727272727272727,0.8125,1,0.39999999999999997,an0,12972
11,9.25,5,1.1913667943625412,57.107236817356,0.1111111111111111,0.84375,1,0.4210526315789474,an0,13044
13,9.625,4,2.136472824314004,67.92376553309111,0.9285714285714286,0.453125,1,0.11764705882352941,an0,13088
13,10.15625,6,1.4834435744947219,80.7350001625928,0.9333333333333333,0.46875,1,0.1111111111111111,an0,13096
12,10.15625,4,1.8855883825445832,52.07109123515598,1.0,0.609375,1,0.28571428571428564,an0,13175
12,10.3125,6,1.3781123134153823,76.07378045386592,0.9166666666666666,0.359375,1,0.2105263157894737,an0,13176
11,9.21875,4,1.5394673356129889,61.26485054103688,0.7272727272727273,0.53125,1,0.23529411764705882,an0,13231
13,9.875,5,1.896516330946925,75.74693634140993,0.9375,0.421875,1,0.11111111111111112,an0,13273
13,9.90625,5,1.855408397787572,78.66214766824132,1.0,0.40625,1,0.11111111111111112,an0,13311
12,9.78125,6,1.0696509831746295,70.42808595205716,1.0,0.5625,1,0.2,an0,13342
11,9.28125,6,1.1976960409267507,66.81423196813488,1.0,0.5625,1,0.2105263157894737,an0,13519
10,8.96875,8,0.4003526671130294,43.407626411031146,0.0,0.9375,1,0.631578947368421,an0,13708
13,10.46875,5,1.6652884086160473,70.39383150087824,0.8181818181818182,0.4375,1,0.18181818181818182,an0,13972
12,9.65625,7,1.2341740087487534,42.993553644436716,0.2727272727272727,0.8125,1,0.4444444444444444,an0,14051
11,9.46875,6,1.0771639884736754,30.723689469144162,0.2,0.890625,1,0.6,an0,14178
11,10.21875,8,0.7924797748513126,25.21518253841683,0.0,0.9375,1,0.7368421052631577,an0,14216
12,9.5625,7,1.0453429750487975,49.57228080596611,0.6,0.71875,1,0.3333333333333333,an0,14217
12,9.8125,7,1.3060035073805594,88.4261031608588,0.9090909090909091,0.46875,1,0.10526315789473685,an0,14354
13,9.40625,4,1.864081110653926,83.92051282861435,0.8333333333333334,0.359375,1,0.1111111111111111,an0,14577
13,9.71875,7,1.3255400603576277,60.754563117372044,1.0,0.65625,1,0.20000000000000004,an0,14581
11,9.21875,5,1.4532360996377438,nan,0.5454545454545454,0.28125,1,0.11764705882352941,an0,14704
11,9.71875,8,0.6342063874918668,13.98436962566047,0.0,0.9375,1,0.9473684210526316,an0,14898
12,9.84375,8,0.9873187869663852,66.77375473143813,0.9090909090909091,0.40625,1,0.1904761904761905,an0,14961
10,9.75,7,0.672021505032247,18.881152124474887,0.0,0.96875,1,0.9,an0,15130
10,9.5,4,1.2443420336765103,24.658183604404304,0.0,0.9375,1,0.8000000000000002,an0,15321
11,8.875,3,1.237844119635477,16.716858822355846,0.0,0.9375,1,0.888888888888889,an0,15515
10,8.59375,3,1.6036123536083031,28.10068393295793,0.0,0.84375,1,0.5882352941176471,an0,15574
10,9.4375,9,0.5040161287741853,33.87547825348739,0.0,0.90625,1,0.5555555555555556,an0,15588
12,10.15625,5,1.4392958627902608,22.40923822623929,0.09090909090909091,0.90625,1,0.761904761904762,an0,15682
10,8.75,5,0.9837387536759294,20.93886034138041,0.1111111111111111,0.90625,1,0.7777777777777778,an0,15911
12,8.1875,5,1.281065584682558,33.95251033564207,0.1111111111111111,0.84375,1,0.5555555555555556,an0,16048
11,8.5625,6,1.0757592967370206,29.72824285345967,0.0,0.9375,1,0.7777777777777777,an0,16088
11,9.09375,4,1.3995246888993098,36.45627594093796,0.2222222222222222,0.84375,1,0.47058823529411764,an0,16140
11,8.875,4,1.3380293646423316,18.75,0.0,0.90625,1,0.7368421052631577,an0,16270
11,9.875,6,0.7931155389125321,17.821593193388864,0.0,0.96875,1,0.9,an0,16290
11,8.90625,6,0.777065405973841,22.52409573740356,0.0,0.9375,1,0.7777777777777778,an0,16369
10,8.40625,6,1.042929342239073,26.79668434400599,0.3333333333333333,0.9375,1,0.625,an0,16508
11,9.25,9,0.508000508000762,17.206285787448877,0.0,1.0,1,0.8888888888888888,an0,16510
10,9.0625,7,0.6690146823211658,23.740714416295347,0.0,0.96875,1,0.7777777777777778,an0,16532
13,10.1875,7,1.3060035073805594,81.26465197345291,0.9,0.59375,1,0.11764705882352941,an0,16649
12,9.21875,5,1.6211181923439102,84.41513053268815,1.0,0.46875,1,0.1111111111111111,an0,16793
12,9.375,4,1.75517667523538,71.02726254008623,1.0,0.5625,1,0.1904761904761905,an0,16899
12,9.25,3,1.684847078348464,84.34826868006435,0.8333333333333334,0.3125,1,0.10526315789473685,an0,16911
13,9.6875,5,1.8216883342374386,79.0135022949994,0.7692307692307693,0.40625,1,0.13333333333333333,an0,16920
11,8.8125,7,1.1198358174592007,59.589911677940265,0.2222222222222222,0.8125,1,0.3157894736842105,an0,17032
11,8.875,7,1.0395408415691625,56.33851491550503,0.375,0.8125,1,0.2761904761904762,an0,17170
11,8.90625,7,1.0273478224959143,65.4876198041534,0.3333333333333333,0.8125,1,0.25,an0,17272
12,9.28125,6,1.3496564676409923,83.4959351139656,0.9,0.609375,1,0.125,an0,17329
12,9.15625,4,1.8855883825445832,75.35663448165991,1.0,0.4375,1,0.11764705882352941,an0,17581
13,9.875,4,1.9468750809040527,79.2699009224873,0.9,0.3125,1,0.1111111111111111,an0,18019
12,9.875,8,0.9755064854862865,77.49442208501345,0.7777777777777778,0.4375,1,0.11111111111111112,an0,18037
14,9.59375,5,1.829143550690393,75.24913411203468,1.0,0.5625,1,0.12500000000000003,an0,18288
10,8.75,7,0.8032193289024988,70.72222012609339,0.1111111111111111,0.875,1,0.25,an0,18317
13,9.6875,4,2.116562947251373,93.9920855921337,0.9090909090909091,0.46875,1,0.1111111111111111,an0,18391
12,9.84375,6,1.526314874714321,86.44892017030121,0.875,0.4375,1,0.10526315789473685,an0,18398
12,9.3125,6,1.1198358174592007,65.63726719502338,0.1111111111111111,0.875,1,0.3,an0,18542
10,8.78125,7,0.8321900759926455,63.53364020343868,0.1111111111111111,0.84375,1,0.3333333333333333,an0,18572
11,9.625,6,1.211503997304124,75.80635205630833,0.7777777777777778,0.65625,1,0.1904761904761905,an0,18587
12,8.875,5,1.497309414874216,56.76621192950309,0.8,0.28125,1,0.15384615384615385,an0,18691
12,10.25,4,1.684847078348464,79.25933003333088,1.0,0.421875,1,0.10526315789473685,an0,18727
13,10.6875,5,1.8567661794532155,76.56446510112984,0.75,0.703125,1,0.2222222222222222,an0,18750
13,9.96875,6,1.5342198816210442,65.72492729591208,1.0,0.46875,1,0.17391304347826086,an0,19081
13,9.6875,4,2.161801817182647,79.48946966575122,1.0,0.375,1,0.11111111111111112,an0,19234
11,8.75,5,1.6064386578049976,69.05407860573618,0.8888888888888888,0.5625,1,0.20000000000000004,an0,19253
11,9.28125,7,0.9583041136265399,63.532801078017,0.1111111111111111,0.84375,1,0.25,an0,19267
13,9.46875,7,1.2439369084716734,66.5154032441974,0.6363636363636364,0.28125,1,0.13333333333333333,an0,19325
12,9.3125,3,1.7308864035330234,nan,0.8888888888888888,0.4375,1,0.10526315789473685,an0,19340
13,9.78125,5,1.679753726188801,75.8549161688389,0.8333333333333334,0.421875,1,0.11111111111111112,an0,19437
10,8.875,7,0.6599120175960898,52.44237049008814,0.1111111111111111,0.96875,1,0.4210526315789474,an0,19473
13,10.21875,7,1.3850439611050431,80.79560438229298,0.9,0.546875,1,0.16666666666666666,an0,19485
12,9.375,5,1.51870063307527,72.8057020191676,0.5,0.734375,1,0.2222222222222222,an0,19595
11,9.78125,8,0.75067174218571,67.71502653207509,0.1,0.90625,1,0.3,an0,19622
11,9.625,7,1.0080322575483707,76.11544492586842,0.9,0.65625,1,0.1904761904761905,an0,19623
11,9.6875,7,0.9651174088696285,59.95871869307222,0.1,0.90625,1,0.33333333333333326,an0,19688
12,9.75,5,1.3678332288460768,80.72288432183991,0.9090909090909091,0.4375,1,0.10526315789473685,an0,19748
12,9.375,6,1.6607421582319852,71.80033735278104,0.36363636363636365,0.78125,1,0.22222222222222224,an0,19938
11,9.78125,8,0.9413228509270448,60.583047974518735,0.1,0.78125,1,0.3,an0,20033
11,9.90625,7,1.0883362561504661,71.74527562680638,0.36363636363636365,0.8125,1,0.2222222222222222,an0,20077
11,9.53125,8,0.9498514315067824,63.237587256137175,0.6,0.625,1,0.22222222222222224,an0,20133
12,9.375,6,1.1845783243211963,70.05064313273168,0.7,0.671875,1,0.2105263157894737,an0,20317
13,9.5625,4,1.865432579772697,88.85161285166512,0.9090909090909091,0.4375,1,0.10526315789473685,an0,20324
14,10.0625,5,2.046830752415123,87.69373659172734,1.0,0.40625,1,0.1111111111111111,an0,20326
12,10.03125,7,1.1773226871497122,63.86769160061823,0.3,0.828125,1,0.3,an0,20398
12,9.46875,4,1.8136467451323128,60.039066909360955,1.0,0.6875,1,0.2727272727272727,an0,20425
12,9.78125,6,1.2110878873837942,59.46210715657494,0.5454545454545454,0.75,1,0.2727272727272727,an0,20471
13,9.8125,6,1.3781123134153823,55.98949584228569,0.7272727272727273,0.34375,1,0.2105263157894737,an0,20538
11,9.84375,9,0.5148989879014481,45.3478060763109,0.0,0.921875,1,0.5,an0,20540
12,9.8125,5,1.4241579289010096,62.24571243288769,0.2,0.828125,1,0.3,an0,20660
11,10.0,7,0.7184212081070996,50.536140085532594,0.0,0.953125,1,0.4210526315789474,an0,20719
10,9.375,7,0.9069623173877128,58.60660266116783,0.1,0.875,1,0.33333333333333326,an0,20753
13,10.1875,7,1.20315445607008,65.38171384144076,0.6363636363636364,0.71875,1,0.2727272727272727,an0,20853
12,9.46875,7,1.2439369084716734,70.75796745157706,0.6,0.71875,1,0.2105263157894737,an0,20886
11,9.28125,5,1.528954418190165,75.14070027177547,0.5,0.6875,1,0.2,an0,20931
11,9.78125,6,1.0390558679754394,56.91622341794711,0.45454545454545453,0.5625,1,0.3157894736842105,an0,20972
11,9.625,6,1.0395408415691625,49.398368324462695,0.1,0.90625,1,0.4210526315789474,an0,21012
11,9.3125,6,1.1482806221027917,49.50010443679756,0.1111111111111111,0.90625,1,0.4210526315789474,an0,21026
11,9.125,8,0.7513428837969107,50.5014164540537,0.0,0.96875,1,0.4444444444444444,an0,21076
12,9.125,8,0.8327955253822958,43.74800696990991,0.0,0.875,1,0.47058823529411764,an0,21096
11,9.15625,5,1.0809009085913235,70.30222640263365,0.1111111111111111,0.8125,1,0.2222222222222222,an0,21256
14,9.25,3,2.155263624321299,69.0213347408032,0.8888888888888888,0.3125,1,0.10526315789473685,an0,21465
12,9.09375,2,1.8024960292560621,80.3336517707326,0.8888888888888888,0.59375,1,0.125,an0,21473
12,8.5625,4,1.8997028630135648,68.77545336828759,0.875,0.546875,1,0.11764705882352942,an0,21607
10,8.09375,6,0.8929608234732722,57.27525346718133,0.25,0.84375,1,0.30769230769230765,an0,21703
10,8.78125,6,0.7063936122898273,49.00790427391831,0.0,0.96875,1,0.47058823529411764,an0,21853
11,8.53125,2,1.5023503092198247,45.93882125603678,0.2222222222222222,0.875,1,0.4444444444444445,an0,21918
11,9.71875,7,0.8125775397243737,37.92007119920852,0.0,0.90625,1,0.6,k2s,280
11,9.59375,2,1.8813065981197834,66.33910832306037,0.9090909090909091,0.5,1,0.18614718614718617,k2s,348
12,9.96875,7,1.2822453843966262,81.36669584263359,0.9,0.515625,1,0.1904761904761905,k2s,480
11,8.9375,5,1.1622419935679933,61.04535505068251,0.4444444444444444,0.8125,1,0.3157894736842105,k2s,605
10,8.34375,5,0.970845158910856,36.247632679426566,0.0,0.90625,1,0.5555555555555556,k2s,635
10,8.46875,6,0.8793096632421185,45.705647064347474,0.0,0.890625,1,0.42857142857142855,k2s,638
12,8.5625,6,1.189673308368798,58.358997912120884,0.0,0.84375,1,0.3431372549019608,k2s,750
10,8.75,5,0.9503819266229829,33.28740955712121,0.0,0.9375,1,0.6491228070175438,k2s,1067
10,8.90625,6,0.777065405973841,61.29762601990407,0.1111111111111111,0.84375,1,0.3333333333333333,k2s,1299
11,9.59375,6,1.2144127745938669,31.405847948961853,0.0,0.90625,1,0.6666666666666665,k2s,1503
12,9.46875,5,1.5654407809654372,58.83646891020399,0.4444444444444444,0.71875,1,0.2222222222222222,k2s,1510
12,9.34375,4,1.894122913884742,58.53673766380273,0.9,0.671875,1,0.2105263157894737,k2s,1534
10,8.78125,7,0.9413228509270448,50.277573469422634,0.625,0.75,1,0.35294117647058826,k2s,1862
10,8.84375,4,1.1390254748064526,51.20619029031263,0.0,0.90625,1,0.4444444444444445,k2s,1973
12,9.75,7,1.0776318121606494,62.1498600972792,1.0,0.53125,1,0.3157894736842105,k2s,2118
12,9.40625,7,1.24069114453559,68.66539352373358,0.9,0.578125,1,0.1818181818181818,k2s,2402
11,9.15625,6,0.7666169923131275,31.97933631876823,0.0,0.96875,1,0.6666666666666666,k2s,2566
12,9.25,7,0.8798826901281197,30.40948211491604,0.0,0.96875,1,0.7368421052631577,k2s,2633
13,10.03125,6,1.0620848334989004,57.89351389073982,0.3,0.84375,1,0.3,k2s,2663
10,9.25,8,0.5679618342470648,58.222784012145965,0.2222222222222222,0.9375,1,0.4210526315789474,k2s,2742
11,8.875,5,0.9069623173877128,31.005190768047537,0.0,0.9375,1,0.7058823529411765,k2s,2754
11,8.8125,4,2.070335799473275,81.49957341352085,1.0,0.40625,1,0.10526315789473685,k2s,2979
11,8.09375,5,1.2276222756258959,36.38175689342623,0.1111111111111111,0.875,1,0.5263157894736842,k2s,3130
11,9.4375,7,0.9482581654734625,52.3341463075191,0.5,0.75,1,0.3157894736842105,k2s,3176
12,9.21875,3,1.7177324700632743,62.53344439196438,0.6666666666666666,0.59375,1,0.23529411764705882,k2s,3201
13,10.78125,7,1.313315798693054,42.56101931433991,0.25,0.796875,1,0.45454545454545453,k2s,3556
11,9.6875,6,1.281065584682558,77.48587427983708,1.0,0.5,1,0.18181818181818182,k2s,3574
11,9.3125,5,1.891193512897558,72.05921942529008,1.0,0.546875,1,0.13333333333333333,k2s,3610
12,9.8125,6,1.281065584682558,58.4607333698576,0.7,0.6875,1,0.2222222222222222,k2s,3787
10,9.28125,8,0.5811209967839966,33.4805100461655,0.0,0.9375,1,0.631578947368421,k2s,3972
10,8.96875,7,0.5378796483685103,41.62311692843521,0.0,0.9375,1,0.6666666666666666,k2s,4016
11,9.03125,3,1.8748655865799915,74.77506336199853,0.9090909090909091,0.5625,1,0.13333333333333333,k2s,4053
10,8.125,6,0.8327955253822958,48.75933398827827,1.0,0.671875,1,0.375,k2s,4216
11,9.1875,5,1.0906494070196242,55.660978532990235,0.3,0.828125,1,0.33333333333333326,k2s,4258
11,9.6875,7,0.7803018439949604,25.843126284535142,0.0,0.96875,1,0.7368421052631577,k2s,4358
12,10.28125,7,1.0544643954588142,43.82890087166576,0.2727272727272727,0.84375,1,0.47619047619047616,k2s,4492
12,10.5,5,1.684847078348464,34.847587027826904,0.08333333333333333,0.84375,1,0.5714285714285714,k2s,4597
14,9.9375,6,1.7401798201483698,79.744634252537,0.9230769230769231,0.5,1,0.125,k2s,4687
10,9.21875,9,0.42001344064515445,25.567247392938274,0.0,1.0,1,0.788888888888889,k2s,4791
10,9.09375,8,0.46554685152811626,26.501349576737177,0.0,1.0,1,0.7777777777777778,k2s,4802
11,9.0625,7,0.564400909900732,26.00288692524217,0.0,0.96875,1,0.7777777777777778,k2s,5153
12,10.15625,6,1.272776365831545,73.00515100431132,1.0,0.5,1,0.18181818181818182,k2s,5244
11,9.875,5,1.6412033350858064,24.614210834394022,0.09090909090909091,0.90625,1,0.7272727272727273,k2s,5261
12,8.9375,4,1.7401798201483698,74.51855951080306,0.7692307692307693,0.5,1,0.13333333333333333,k2s,5379
11,9.125,7,0.6599120175960898,29.900001120168607,0.0,0.96875,1,0.75,k2s,5561
11,9.71875,7,0.7718588789618592,28.100481614477374,0.0,0.9375,1,0.7368421052631577,k2s,5640
10,8.625,7,0.8327955253822958,27.83011114255379,0.1111111111111111,0.96875,1,0.7368421052631577,k2s,5720
11,9.75,7,0.8798826901281197,45.37856443325524,0.5,0.78125,1,0.4000000000000001,k2s,5990
11,9.03125,3,1.5960510744515868,46.570189521660026,0.2,0.8125,1,0.4210526315789474,k2s,6062
13,10.125,4,1.791557260975724,50.44507405303364,0.5454545454545454,0.75,1,0.3157894736842105,k2s,6133
12,9.65625,4,1.536845848252297,47.66640038784671,0.2,0.859375,1,0.4210526315789474,k2s,6138
11,9.0625,8,0.6690146823211658,48.44999447912972,0.5555555555555556,0.75,1,0.3333333333333333,k2s,6180
10,9.09375,8,0.46554685152811626,30.159919027175892,0.0,1.0,1,0.7777777777777778,k2s,6294
12,8.46875,5,1.2696043325738624,38.435106723615604,0.1111111111111111,0.875,1,0.5,k2s,6313
10,8.90625,5,0.777065405973841,35.751673116765296,0.0,0.90625,1,0.631578947368421,k2s,6340
11,8.6875,5,1.2556324713967086,44.23015408947231,0.1111111111111111,0.84375,1,0.4000000000000001,k2s,6346
12,9.5,7,1.1071614388213236,37.774781750325474,0.0,0.9375,1,0.6,k2s,6651
11,8.625,7,1.0080322575483707,56.17358481171236,0.0,0.96875,1,0.39999999999999997,k2s,6674
12,9.3125,6,1.3545026464923717,nan,0.75,0.265625,1,0.1111111111111111,k2s,6885
13,9.875,6,1.3619246343602935,88.76508948866439,1.0,0.421875,1,0.10526315789473685,k2s,6966
11,9.59375,5,1.1030566037007086,58.69138515189006,0.0,0.90625,1,0.4444444444444444,k2s,7022
11,8.1875,6,0.9979818344716921,50.675356340663626,0.0,0.859375,1,0.375,k2s,7139
11,9.0625,8,0.5040161287741853,17.77026468125423,0.0,1.0,1,0.9411764705882353,k2s,7221
10,9.875,8,0.421211769587116,23.125886336774677,0.0,0.96875,1,0.9,k2s,7276
10,9.0625,8,0.5040161287741853,36.14270873768955,0.0,0.96875,1,0.7058823529411765,k2s,7378
10,8.84375,6,0.7666169923131275,35.51973417637994,0.0,0.96875,1,0.6666666666666666,k2s,7459
10,8.96875,7,0.47412908273673127,33.00930308474383,0.0,0.96875,1,0.7777777777777778,k2s,7509
11,9.1875,5,1.1760376338064324,51.61508261615226,0.1,0.890625,1,0.4210526315789474,k2s,7578
11,9.0625,8,0.6690146823211658,57.84768073714508,0.0,0.96875,1,0.35294117647058826,k2s,7627
12,10.03125,7,0.9994958406536122,73.8713506736411,0.3,0.796875,1,0.2105263157894737,k2s,7665
12,9.5625,6,1.4127872245796547,71.20132279817099,0.3,0.78125,1,0.23529411764705882,k2s,7703
10,9.0625,8,0.5040161287741853,31.559423498591915,0.0,0.96875,1,0.7777777777777778,k2s,7852
10,9.09375,8,0.46554685152811626,18.79180607196734,0.0,1.0,1,0.8888888888888888,k2s,8050
11,8.96875,5,0.9994958406536122,16.965101536356595,0.0,0.9375,1,0.8888888888888888,k2s,8194
10,9.78125,7,0.6082431071696208,15.951222112578332,0.0,0.96875,1,0.9473684210526316,k2s,8370
11,8.625,5,1.0998533626601497,46.360782414192116,0.25,0.84375,1,0.375,k2s,8454
11,9.15625,8,0.7233156184342819,23.473076839300614,0.0,1.0,1,0.8888888888888888,k2s,8458
12,9.125,8,0.7071067811865476,23.740714416295347,0.0,0.96875,1,0.8421052631578948,k2s,8498
12,9.84375,8,0.7233156184342819,29.755222990200032,0.0,0.9375,1,0.7000000000000001,k2s,8783
10,8.8125,5,0.895778630487862,37.68962473280943,0.7777777777777778,0.75,1,0.35294117647058826,k2s,8961
12,9.59375,6,0.9791166196315481,56.989366665177045,0.3,0.8125,1,0.35294117647058826,k2s,9046
11,10.0,7,0.8032193289024988,29.431698504322284,0.0,0.96875,1,0.8000000000000002,k2s,9051
11,8.6875,5,1.0297979758028961,40.2745592341758,0.3333333333333333,0.84375,1,0.4210526315789474,k2s,9120
13,9.15625,3,2.3432728008823127,62.83700233506328,1.0,0.4375,1,0.11764705882352941,k2s,9254
11,9.34375,4,1.310241913147241,41.480487083785135,0.1,0.875,1,0.5,k2s,9534
12,10.78125,8,0.9749896608219378,48.05591549466738,0.09090909090909091,0.90625,1,0.5217391304347826,k2s,9670
11,8.25,7,0.762000762001143,22.45022703841977,0.0,0.984375,1,0.823529411764706,k2s,10076
11,9.59375,6,0.9108441671187193,44.59721099172066,0.1,0.890625,1,0.5,k2s,10131
11,9.28125,4,1.5499089463370046,79.89689858997579,0.9,0.375,1,0.11764705882352941,k2s,10178
12,9.1875,3,1.7308864035330234,64.52838124273501,1.0,0.546875,1,0.20000000000000004,k2s,10200
13,9.53125,7,1.0771639884736754,48.833705038301744,0.3333333333333333,0.84375,1,0.4000000000000001,k2s,10216
13,9.4375,5,1.79493013611906,77.60703294483045,0.9,0.421875,1,0.12500000000000003,k2s,10239
12,9.46875,5,1.544696963704344,53.278693411409634,0.7,0.625,1,0.23529411764705882,k2s,10302
12,9.59375,6,1.4779972281610048,74.01736338582876,1.0,0.5,1,0.1904761904761905,k2s,10310
12,10.21875,2,2.4194690833241266,50.70931690513188,0.5,0.734375,1,0.3333333333333333,k2s,10315
10,9.1875,8,0.5350610456580119,37.80577942056286,0.3333333333333333,0.9375,1,0.5263157894736842,k2s,10342
13,9.5,4,1.778001778002667,75.58745153522405,1.0,0.4375,1,0.1111111111111111,k2s,10878
11,9.75,7,0.842423539174232,35.02562923827061,0.0,0.9375,1,0.6282894736842106,k2s,11065
11,9.5,3,1.3678332288460768,25.579572972919443,0.0,0.84375,1,0.6666666666666666,k2s,11155
12,10.34375,6,1.4504587705830492,71.89737607423984,1.0,0.453125,1,0.2727272727272727,k2s,11332
11,9.9375,9,0.3535533905932738,12.788854433215832,0.0,1.0,1,0.9473684210526316,k2s,11370
13,9.8125,7,1.0906494070196242,73.10377295703351,0.9,0.609375,1,0.1904761904761905,k2s,11404
12,10.0,7,1.0472698761772856,46.62118435458147,0.18181818181818182,0.84375,1,0.47619047619047616,k2s,11483
10,8.9375,7,0.564400909900732,20.76276817672165,0.0,0.96875,1,0.8888888888888888,k2s,11590
11,9.625,6,1.0701220913160239,20.251969085082926,0.0,0.953125,1,0.9,k2s,11629
11,9.625,5,0.9755064854862865,27.117116334238553,0.0,0.9375,1,0.761904761904762,k2s,11672
11,9.34375,8,0.745280852019624,49.72299924071948,0.3333333333333333,0.875,1,0.4000000000000001,k2s,11713
10,9.0,6,0.8032193289024988,42.62169044831044,0.0,0.9375,1,0.47058823529411764,k2s,11720
10,8.96875,5,0.9666828882584055,46.03070619136302,0.0,0.96875,1,0.4444444444444444,k2s,11726
11,10.09375,9,0.3901509219974802,33.96118585443188,0.0,0.984375,1,0.761904761904762,k2s,11737
12,9.34375,6,1.2600403219354632,41.02368472399004,0.2222222222222222,0.875,1,0.375,k2s,11773
11,9.15625,7,0.7666169923131275,26.90425256632014,0.0,0.96875,1,0.7559523809523809,k2s,11968
10,9.1875,7,0.5922891621605981,30.65403951992117,0.1111111111111111,0.96875,1,0.6666666666666666,k2s,12012
11,8.8125,4,1.3781123134153823,54.730111127414105,0.5,0.78125,1,0.3157894736842105,k2s,12050
10,9.78125,7,0.75067174218571,21.947180342030997,0.0,0.96875,1,0.9,k2s,12248
12,10.0625,9,0.4353345024601864,19.800595802045965,0.0,1.0,1,0.9,k2s,12258
11,9.25,6,1.016001016001524,52.30734870406142,0.1111111111111111,0.90625,1,0.39999999999999997,k2s,12488
11,9.09375,5,1.1738927521491846,50.35730487523012,0.2,0.953125,1,0.5,k2s,12521
11,9.46875,8,0.6712710620231424,41.98083058633726,0.1111111111111111,1.0,1,0.5882352941176471,k2s,12524
10,8.3125,7,0.5922891621605981,38.74013186226746,0.0,0.9375,1,0.5882352941176471,k2s,12661
10,8.96875,4,0.9666828882584055,22.808200957453366,0.0,0.9375,1,0.8888888888888888,k2s,12682
13,9.09375,8,0.7343803620257232,20.307745743950207,0.0,1.0,1,0.9411764705882353,k2s,12856
11,9.90625,9,0.46554685152811626,31.737106240233558,0.1,0.96875,1,0.7,k2s,12865
11,8.90625,6,0.7343803620257232,27.34375,0.0,0.96875,1,0.7777777777777778,k2s,13016
11,9.21875,8,0.6591477880199651,43.138792082733524,0.1111111111111111,0.84375,1,0.4444444444444444,k2s,13053
10,9.0,7,0.672021505032247,17.61230363876628,0.0,0.96875,1,0.8750000000000001,k2s,13062
10,9.09375,8,0.5303300858899106,18.191343759958162,0.0,1.0,1,0.9411764705882353,k2s,13498
10,9.0,7,0.5679618342470648,17.01994634563806,0.0,1.0,1,0.9411764705882353,k2s,13517
10,8.125,5,0.9755064854862865,20.970161753158855,0.0,0.890625,1,0.7999999999999999,k2s,13628
11,8.90625,3,1.6917136759186888,61.96849183496766,0.8888888888888888,0.59375,1,0.2222222222222222,k2s,13833
12,9.96875,6,1.4697898686766473,86.04284157505799,1.0,0.3125,1,0.10526315789473685,k2s,13860
10,8.53125,6,1.1067060978854206,62.39894656565812,0.6666666666666666,0.6875,1,0.26666666666666666,k2s,13875
12,9.65625,7,1.382129609719912,nan,0.7,0.296875,1,0.11111111111111112,k2s,13938
12,9.0,3,1.9344083032987032,74.45727499039866,1.0,0.53125,1,0.11764705882352941,k2s,14112
12,9.78125,7,1.3615544958470411,76.441074002563,0.9166666666666666,0.359375,1,0.11764705882352941,k2s,14170
10,8.3125,4,1.1198358174592007,53.11716926938314,0.0,0.921875,1,0.375,k2s,14244
12,9.34375,6,1.4052751997729036,73.16117091922786,0.9090909090909091,0.40625,1,0.1111111111111111,k2s,14275
13,9.78125,5,1.679753726188801,88.64424586811927,1.0,0.40625,1,0.1111111111111111,k2s,14288
13,9.4375,5,1.865432579772697,94.55780998430467,0.8888888888888888,0.40625,1,0.11111111111111112,k2s,14312
12,9.78125,7,1.4308665319512035,75.43104652318664,0.875,0.484375,1,0.1111111111111111,k2s,14456
13,9.90625,6,1.4888699980077986,66.47607347991183,0.8888888888888888,0.625,1,0.18181818181818182,k2s,14570
12,9.40625,6,1.6433517087676872,nan,0.8888888888888888,0.34375,1,0.11111111111111112,k2s,14587
13,9.875,6,1.5397947077242096,83.55474732787474,1.0,0.46875,1,0.11111111111111112,k2s,14623
13,9.28125,7,1.5499089463370046,77.07057116360821,0.7,0.34375,1,0.11764705882352941,k2s,14661
12,9.8125,4,1.7494238682971437,82.47275587019357,1.0,0.4375,1,0.10526315789473685,k2s,14797
12,9.34375,4,2.1039038215475965,80.85966398630262,1.0,0.40625,1,0.10526315789473685,k2s,14850
12,8.71875,2,1.9383127847725978,70.13856817627851,0.8888888888888888,0.4375,1,0.125,k2s,14913
14,9.3125,4,1.6546610607029015,nan,0.625,0.28125,1,0.1111111111111111,k2s,14919
12,9.8125,6,1.533233984626255,86.97677258170557,1.0,0.40625,1,0.10526315789473685,k2s,14998
13,9.9375,7,1.3425421240462847,69.45878540407749,1.0,0.40625,1,0.10526315789473685,k2s,15165
11,9.875,6,1.0080322575483707,55.05354791922828,0.36363636363636365,0.8125,1,0.37499999999999994,k2s,15204
11,9.6875,8,0.895778630487862,52.470813896292455,0.3333333333333333,0.90625,1,0.3333333333333333,k2s,15310
13,9.6875,6,1.5120483863225558,nan,0.8888888888888888,0.40625,1,0.10526315789473685,k2s,15371
10,8.34375,6,0.970845158910856,44.0410818747074,0.125,0.875,1,0.4444444444444445,k2s,15385
12,9.53125,7,1.4587748947484622,87.14890994299184,0.9090909090909091,0.34375,1,0.11764705882352941,k2s,15437
12,10.1875,6,1.533233984626255,65.85917661932918,0.9090909090909091,0.65625,1,0.20000000000000004,k2s,15488
12,9.90625,7,0.9625026183458311,89.6340004010639,0.7272727272727273,0.375,1,0.10526315789473685,k2s,15920
12,9.75,7,1.1639753904947558,76.3800306655288,0.875,0.453125,1,0.10526315789473685,k2s,16034
10,8.46875,5,1.1635422833577171,41.39653302721769,0.0,0.875,1,0.5263157894736842,k2s,16256
11,9.25,8,0.5679618342470648,26.89428125734847,0.0,1.0,1,0.7777777777777778,k2s,16259
12,9.1875,5,1.5747503642410816,52.0857964616853,0.7777777777777778,0.4375,1,0.2105263157894737,k2s,16339
12,10.0625,6,1.4127872245796547,90.01283813087201,1.0,0.375,1,0.10526315789473685,k2s,16369
14,9.875,4,2.0438736151823846,97.92808844862718,0.6363636363636364,0.25,1,0.10526315789473685,k2s,16532
12,8.78125,5,1.5808200199528948,70.84622733248464,0.8888888888888888,0.5,1,0.125,k2s,16551
12,10.1875,8,0.9651174088696285,47.05590093176413,0.9,0.578125,1,0.2727272727272727,k2s,16589
13,10.0,6,1.4591203713417602,84.68934892127228,1.0,0.5,1,0.1111111111111111,k2s,16730
12,10.0625,7,1.3425421240462847,76.57087644765025,0.9333333333333333,0.40625,1,0.1111111111111111,k2s,16804
13,10.0,6,1.8139246347754256,79.30819004638964,1.0,0.46875,1,0.12916666666666665,k2s,17377
11,9.65625,8,0.7006621292426463,28.109651213738285,0.0,0.96875,1,0.7777777777777777,k2s,17454
11,9.71875,7,0.8884337432408971,44.732322074173396,0.4,0.796875,1,0.4000000000000001,k2s,17663
11,9.375,8,0.7513428837969107,50.75118800904667,0.9,0.640625,1,0.3157894736842105,k2s,17711
13,9.375,4,1.896516330946925,68.22505631905548,1.0,0.578125,1,0.16025641025641024,k2s,17721
13,9.875,6,1.5811388300841898,76.59341635918562,0.8888888888888888,0.4375,1,0.11111111111111112,k2s,17803
12,9.6875,7,1.3060035073805594,75.6198953486551,0.8181818181818182,0.375,1,0.1111111111111111,k2s,17812
12,8.84375,4,1.9528205407861032,88.08030746974515,0.8,0.296875,1,0.11111111111111112,k2s,17983
10,9.09375,7,0.8175247850637608,53.51342322868849,0.4444444444444444,0.78125,1,0.3157894736842105,k2s,18051
12,9.125,3,1.9468750809040527,82.45902221042428,0.75,0.4375,1,0.11764705882352941,k2s,18142
12,9.71875,4,1.650696334004766,63.65188761837558,1.0,0.46875,1,0.13333333333333333,k2s,18227
13,9.9375,3,1.8480591388386793,82.80120543424519,1.0,0.359375,1,0.1111111111111111,k2s,18319
11,8.96875,7,0.7822372794046079,47.61541184328814,0.0,0.90625,1,0.4444444444444444,k2s,18460
11,8.5,5,1.1071614388213236,59.00358103264796,1.0,0.40625,1,0.25,k2s,18496
12,9.84375,7,1.370410228197523,75.43575191883218,0.9,0.5625,1,0.17786561264822132,k2s,18525
11,9.71875,6,1.084624953761705,56.934515027923474,0.4,0.84375,1,0.4000000000000001,k2s,18542
12,9.4375,6,1.3663584756098845,63.849493439650715,0.7,0.671875,1,0.2105263157894737,k2s,18609
13,9.53125,5,1.6845478956987914,78.66929168379653,1.0,0.484375,1,0.10526315789473685,k2s,18781
12,9.375,4,1.8272136375966974,68.7308027720201,1.0,0.546875,1,0.13333333333333333,k2s,18783
13,9.25,2,2.341766633920198,94.11423182602167,1.0,0.375,1,0.1111111111111111,k2s,18885
12,9.96875,6,1.6359741105294363,55.59558585684118,0.9,0.546875,1,0.1904761904761905,k2s,18923
11,8.96875,6,0.89746506805953,44.30879537179011,1.0,0.46875,1,0.5,k2s,18982
12,9.34375,5,1.7525902489301832,55.903424017812284,0.7777777777777778,0.34375,1,0.19999999999999998,k2s,19026
12,9.375,7,1.128801819801464,73.34309257073454,0.75,0.640625,1,0.2105263157894737,k2s,19092
10,9.03125,4,1.2044105772989864,43.782913272565175,1.0,0.5,1,0.275,k2s,19142
11,9.1875,7,0.7378040652569471,33.99784215923674,0.0,0.9375,1,0.631578947368421,k2s,19733
13,10.1875,2,2.116562947251373,78.11318436169891,0.8888888888888888,0.375,1,0.16666666666666669,k2s,19834
14,10.5,8,1.3678332288460768,77.28609971792368,1.0,0.46875,1,0.10526315789473685,k2s,19847
13,9.5,4,2.047815515884371,102.8640682674341,1.0,0.421875,1,0.10526315789473685,k2s,19942
13,9.40625,7,1.521022046032249,nan,0.625,0.265625,1,0.125,k2s,19979
13,9.6875,7,1.3545026464923717,66.31992722870787,0.7777777777777778,0.3125,1,0.15000000000000002,k2s,19992
13,9.0,5,1.684847078348464,68.78965975682345,0.5,0.234375,1,0.16666666666666666,k2s,20195
11,9.0625,7,0.759350316537635,44.41459501109967,0.3333333333333333,0.78125,1,0.4210526315789474,k2s,20325
11,8.71875,6,1.0544643954588142,54.70981687503624,0.2222222222222222,0.8125,1,0.3333333333333333,k2s,20450
14,9.53125,4,2.1248814008649837,75.90999546066348,0.8333333333333334,0.296875,1,0.13333333333333333,k2s,20627
13,9.6875,5,1.6350495701275216,81.66173096242804,1.0,0.40625,1,0.10526315789473685,k2s,20632
11,9.0625,4,1.3182955760399302,48.53018955204135,0.8888888888888888,0.59375,1,0.25,k2s,20855
11,9.375,6,1.0080322575483707,52.71813336433038,0.1111111111111111,0.90625,1,0.3333333333333333,k2s,20901
13,9.71875,4,2.019811153740417,82.67837976811737,1.0,0.46875,1,0.10526315789473685,k2s,20907
11,8.9375,6,0.981687158630159,50.89467949240304,0.0,0.875,1,0.4,k2s,20930
11,9.09375,6,1.1175830776653122,60.67572897430632,0.2222222222222222,0.875,1,0.3157894736842105,k2s,20941
10,8.59375,6,0.9108441671187193,47.074894297033985,0.4444444444444444,0.8125,1,0.3333333333333333,k2s,21024
11,9.625,7,0.8327955253822958,49.28251041723776,0.2222222222222222,0.8125,1,0.3529411764705882,k2s,21081
13,9.1875,6,1.4466312368685639,64.86920860445068,0.8888888888888888,0.53125,1,0.18181818181818185,k2s,21124
11,8.46875,6,1.2696043325738624,57.05540323133567,0.8888888888888888,0.53125,1,0.2105263157894737,k2s,21399
12,9.03125,5,1.5960510744515868,82.22122558197744,1.0,0.453125,1,0.1111111111111111,k2s,21479
12,9.53125,3,1.848877165793755,75.26982399420257,0.9,0.34375,1,0.1111111111111111,k2s,21548
13,10.0625,7,1.3663584756098845,78.14355248465401,1.0,0.46875,1,0.10526315789473685,k2s,21627
11,9.1875,5,1.3781123134153823,65.2616046914611,0.6666666666666666,0.65625,1,0.2222222222222222,k2s,21683
12,8.34375,6,1.2341740087487534,43.960366711494075,0.25,0.859375,1,0.39999999999999997,k2s,21801
11,8.1875,3,1.4466312368685639,nan,0.75,0.25,1,0.2105263157894737,k2s,21886
12,9.1875,3,1.712148245013622,58.53517905926316,0.6363636363636364,0.65625,1,0.2105263157894737,k2s,21965
12,8.84375,7,1.1103435969220548,49.83144809181468,0.1111111111111111,0.84375,1,0.35294117647058826,k2s,22019
12,9.28125,6,1.300976680260121,58.28739130238643,0.1111111111111111,0.8125,1,0.27922077922077926,k2s,22264
12,9.40625,4,1.8813065981197834,74.26883273288414,0.8,0.671875,1,0.1904761904761905,k2s,22360
10,8.90625,6,0.6890561567076912,43.853703093056865,0.0,0.9375,1,0.5555555555555556,k2s,22570
10,8.96875,6,0.646797320799606,48.188488990513754,0.0,0.96875,1,0.5263157894736842,k2s,22596
10,8.625,7,0.7071067811865476,35.89365399092252,0.0,0.90625,1,0.5555555555555556,k2s,22641
11,9.15625,7,0.9540871333712221,50.48405180515158,0.2222222222222222,0.9375,1,0.4444444444444444,k2s,22704
12,9.46875,5,1.3194420863966856,66.22487634404374,0.9,0.5625,1,0.19999999999999998,k2s,22746
11,9.0625,5,0.981687158630159,47.56120670764835,0.0,0.9375,1,0.4444444444444444,k2s,22871
13,9.65625,5,1.8770150462558812,77.60695457049975,0.9,0.453125,1,0.10526315789473685,k2s,22959
12,9.25,5,1.7413380098407456,89.04203335571633,1.0,0.34375,1,0.11111111111111112,k2s,23162
12,9.71875,5,1.6893284598210292,79.02516497007642,0.9090909090909091,0.4375,1,0.11111111111111112,k2s,23239
13,9.78125,7,1.4969727517075382,87.42736728378026,1.0,0.46875,1,0.1111111111111111,k2s,23319
12,9.96875,5,1.5342198816210442,67.88623085378904,1.0,0.515625,1,0.1818181818181818,k2s,23630
13,10.25,5,1.524001524002286,71.09658690963273,1.0,0.4375,1,0.10526315789473685,k2s,23742
12,9.21875,4,1.6211181923439102,nan,0.8,0.328125,1,0.1111111111111111,k2s,23785
12,9.5625,4,1.758619326484237,75.57956560270995,1.0,0.390625,1,0.10526315789473685,k2s,23951
13,10.09375,6,1.4888699980077986,82.55299689374989,0.5,0.765625,1,0.23529411764705885,k2s,23964
13,9.96875,6,1.786768122219737,79.26302936139138,1.0,0.359375,1,0.1818181818181818,k2s,24112
11,9.0625,5,1.0140146973548327,59.474015980170954,0.1111111111111111,0.90625,1,0.3333333333333333,k2s,24130
12,9.84375,5,1.5884538028759185,81.27793052081293,0.9,0.34375,1,0.1111111111111111,k2s,24414
10,8.75,6,0.9503819266229829,51.788881201912766,0.0,0.875,1,0.35294117647058826,k2s,24535
11,8.75,4,1.524001524002286,72.11333972671521,1.0,0.71875,1,0.20000000000000004,k2s,24660
10,8.375,6,0.9755064854862865,58.88754586058104,0.5,0.5,1,0.22222222222222224,k2s,24990
11,8.59375,7,0.9108441671187193,38.37140938690294,0.0,0.9375,1,0.5555555555555556,k2s,25093
12,9.46875,7,1.294763024774256,60.47097536708017,0.4444444444444444,0.78125,1,0.3078947368421052,k2s,25126
11,8.375,6,1.2636353087613479,54.7470586835377,0.5555555555555556,0.59375,1,0.2222222222222222,k2s,25146
12,8.21875,6,1.156590512196614,55.492734975287945,0.625,0.71875,1,0.2857142857142857,k2s,25251
12,9.46875,6,1.4587748947484622,62.4559034978074,1.0,0.609375,1,0.2105263157894737,k2s,25532
10,9.3125,7,0.9310937030562325,66.17527103929811,0.6666666666666666,0.75,1,0.2583333333333333,k2s,25718
12,9.40625,6,1.073414058942533,68.67241236536847,0.7777777777777778,0.6875,1,0.2105263157894737,k2s,25726
11,8.65625,4,1.334634781503914,57.50969665046735,0.1111111111111111,0.875,1,0.3157894736842105,k2s,26134
10,8.15625,6,1.0506334494776426,62.24908138016764,0.25,0.796875,1,0.25,k2s,26340
10,8.59375,7,1.042929342239073,33.97827962503863,0.1111111111111111,0.875,1,0.5263157894736842,k2s,26460
12,8.6875,6,1.281065584682558,59.7774571738892,0.4444444444444444,0.78125,1,0.29285714285714287,k2s,26542
12,8.84375,6,1.526314874714321,67.08749825321406,1.0,0.625,1,0.11764705882352942,k2s,26738
12,8.8125,7,0.9979818344716921,35.29403283440155,0.0,0.90625,1,0.5882352941176471,k2s,26991
11,8.8125,6,0.9979818344716921,47.91949719900612,0.0,0.90625,4,0.47058823529411764,an0,72
9,7.71875,4,1.0544643954588142,32.73346859994446,0.0,0.90625,4,0.7058823529411765,an0,214
11,9.1875,4,1.8216883342374386,69.61554939864848,0.9,0.65625,4,0.20000000000000004,an0,248
12,8.28125,3,2.098146263237023,82.46747201202663,0.5384615384615384,0.3125,4,0.14285714285714285,an0,329
12,8.15625,3,1.8158686715338377,69.36227922355114,0.7142857142857143,0.328125,4,0.16025641025641024,an0,340
10,9.0,5,0.8032193289024988,17.125974806483878,0.0,0.96875,4,0.9473684210526316,an0,389
11,9.53125,6,0.8793096632421185,41.84895816797472,0.2,0.9375,4,0.5263157894736842,an0,401
10,8.59375,5,1.042929342239073,43.71762855642599,0.3333333333333333,0.90625,4,0.4,an0,446
9,8.15625,7,0.447889315243931,18.91971430454658,0.0,1.0,4,0.875,an0,525
12,9.8125,6,1.281065584682558,60.0669270594712,0.5,0.765625,4,0.263768115942029,an0,692
10,8.40625,6,1.1030566037007086,51.15287432806453,0.375,0.796875,4,0.3157894736842105,an0,1028
12,9.0,5,1.6064386578049976,85.73110197699842,1.0,0.421875,4,0.1111111111111111,an0,1145
11,9.09375,6,1.0273478224959143,39.512168758937065,0.4,0.890625,4,0.4444444444444445,an0,1186
11,9.21875,2,1.5394673356129889,44.229391117040976,0.1,0.875,4,0.4210526315789474,an0,1402
10,8.875,4,1.0395408415691625,23.70363941890335,0.0,0.9375,4,0.8888888888888888,an0,1656
12,8.96875,5,1.4252192813739224,62.00297191853265,0.6666666666666666,0.296875,4,0.2105263157894737,an0,1755
12,8.78125,3,1.8091947059039741,nan,1.0,0.375,4,0.10526315789473685,an0,1875
10,8.9375,3,1.4354385639823608,39.24507718376827,0.4444444444444444,0.78125,4,0.4210526315789474,an0,1964
11,8.9375,8,0.6189220598177385,34.152788800434365,0.1111111111111111,1.0,4,0.5555555555555556,an0,1967
13,9.03125,4,2.0237999231723127,84.0980090713079,0.8181818181818182,0.375,4,0.1111111111111111,an0,1985
12,9.09375,3,1.6136389451055309,79.47009465131464,0.5714285714285714,0.328125,4,0.11764705882352941,an0,2011
11,8.625,1,2.6730434508856344,67.41704789745995,0.9,0.65625,4,0.20000000000000004,an0,2160
12,9.125,5,1.7180258738522556,84.7926527266452,1.0,0.390625,4,0.1111111111111111,an0,2214
12,9.375,3,1.7734602590198012,60.80729425482214,0.7692307692307693,0.28125,4,0.14285714285714288,an0,2219
11,9.28125,4,1.8002575980550224,56.334622626062725,0.5454545454545454,0.65625,4,0.2105263157894737,an0,2434
12,9.34375,5,2.193970844044225,53.12379691584712,0.6,0.71875,4,0.28571428571428564,an0,2536
12,9.09375,4,1.5935226751223317,61.33380672088826,0.6,0.65625,4,0.23529411764705882,an0,2546
12,9.53125,3,1.8313466753078977,41.28347195821115,0.5,0.796875,4,0.4000000000000001,an0,2562
11,9.875,5,1.1845783243211963,47.408549789043214,0.3,0.828125,4,0.4000000000000001,an0,2635
11,8.15625,2,2.273399827173731,nan,0.2857142857142857,0.140625,4,0.1904761904761905,an0,2901
12,10.21875,4,2.5994338713675527,33.05288461538461,0.2727272727272727,0.8125,4,0.4494949494949495,an0,2937
11,9.15625,2,1.7980163801327858,68.16063513127374,0.4,0.765625,4,0.23529411764705882,an0,3012
12,9.09375,2,2.3467118382138237,84.88177938637394,1.0,0.5625,4,0.11764705882352941,an0,3017
11,9.15625,3,1.779985048867981,67.37828238276197,0.7,0.25,4,0.11764705882352941,an0,3093
11,9.625,3,1.7367006167610077,28.474339352181815,0.2727272727272727,0.78125,4,0.5454545454545454,an0,3134
12,8.40625,2,2.2840170469958716,nan,0.7,0.328125,4,0.1111111111111111,an0,3195
11,8.84375,3,1.851056803645577,61.13157942730649,0.6,0.75,4,0.2857142857142857,an0,3207
12,9.3125,3,1.6546610607029015,69.88856562868372,1.0,0.46875,4,0.11764705882352941,an0,3213
11,9.21875,4,1.5394673356129889,50.36384889359856,0.6,0.75,4,0.3157894736842105,an0,3215
11,8.9375,4,1.8480591388386793,71.98416006467444,0.9,0.625,4,0.1904761904761905,an0,3236
12,8.125,3,2.0438736151823846,88.99580565395716,0.8,0.34375,4,0.10526315789473685,an0,3407
12,8.96875,0,2.9235900930633325,nan,0.8,0.40625,4,0.10000000000000002,an0,3446
11,9.5625,8,0.7156093726283553,63.76462770580647,0.4,0.890625,4,0.2222222222222222,an0,3556
13,8.90625,4,2.160635733804648,64.54896427287576,0.8,0.65625,4,0.20000000000000004,an0,3572
13,9.21875,4,1.89625054489966,71.00695660498963,1.0,0.390625,4,0.10526315789473685,an0,3721
11,8.84375,5,1.3466655355046884,84.9374978700423,0.6,0.265625,4,0.13333333333333333,an0,3845
12,9.4375,4,2.03100960115899,68.94081957619375,0.8,0.375,4,0.1380952380952381,an0,3989
12,8.96875,3,2.533445632768453,64.71183871837131,0.7,0.375,4,0.11111111111111112,an0,4062
11,9.59375,4,1.3879521930969312,30.156464488895434,0.0,0.921875,4,0.7,an0,4248
12,9.09375,3,2.130566712433345,78.55902362908645,0.8181818181818182,0.34375,4,0.10526315789473685,an0,4296
13,9.78125,6,1.4308665319512035,73.54601047437379,1.0,0.4375,4,0.11111111111111112,an0,4354
11,9.625,5,1.3854078239672525,35.63701834556194,0.2,0.921875,4,0.6,an0,4415
11,8.78125,3,1.6604386322935585,29.851520585223124,0.2222222222222222,0.90625,4,0.6,an0,4430
10,8.8125,4,0.9310937030562325,25.44988594324016,0.0,0.96875,4,0.7777777777777778,an0,4537
10,8.84375,4,1.0809009085913235,18.808337692149813,0.0,0.96875,4,0.8888888888888888,an0,4543
10,8.75,6,0.915810939779251,32.2954514945968,0.0,0.9375,4,0.6666666666666666,an0,4548
11,9.28125,5,1.3966405545843488,78.06202365406989,0.9,0.53125,4,0.18614718614718617,an0,4742
13,9.375,3,2.1515185934740413,nan,1.0,0.375,4,0.10526315789473685,an0,4756
10,8.3125,5,1.1198358174592007,27.193865351932185,0.1111111111111111,0.90625,4,0.6862745098039216,an0,4814
11,8.84375,3,1.393750452046795,38.28645446574874,0.1111111111111111,0.90625,4,0.5263157894736842,an0,4819
10,8.15625,6,0.7666169923131275,24.486504798753188,0.0,0.953125,4,0.75,an0,4899
10,8.03125,7,0.5378796483685103,20.426411616506474,0.0,1.0,4,0.875,an0,4923
10,8.125,6,0.8706690049203728,34.59784685116415,0.0,0.9375,4,0.625,an0,4984
9,7.90625,3,0.9625026183458311,19.98213017486019,0.0,0.953125,4,0.875,an0,5001
13,9.71875,5,1.650696334004766,77.63518325918668,0.875,0.421875,4,0.1904761904761905,an0,5043
13,9.53125,5,1.6845478956987914,63.69216689211544,1.0,0.453125,4,0.11764705882352941,an0,5047
11,8.15625,4,1.2471742253538984,84.38401664624487,0.6153846153846154,0.25,4,0.25,an0,5108
12,8.78125,3,2.3518609652783473,nan,1.0,0.359375,4,0.1111111111111111,an0,5192
12,8.6875,3,2.1914423001390455,66.19014527052184,0.8,0.375,4,0.125,an0,5212
11,8.3125,4,1.7308864035330234,73.47073715942967,0.8888888888888888,0.375,4,0.1111111111111111,an0,5233
12,8.875,2,2.379346616737596,nan,0.8888888888888888,0.34375,4,0.10526315789473685,an0,5429
12,9.78125,4,1.5602806819452752,72.30586909737559,0.8888888888888888,0.5,4,0.17391304347826086,an0,5603
9,8.25,5,1.0776318121606494,31.760988736856667,0.1111111111111111,0.9375,4,0.6250000000000001,an0,5701
11,9.03125,4,1.975403184652562,79.86202802096008,0.9,0.40625,4,0.1904761904761905,an0,5728
12,9.71875,4,1.904737303028527,72.09633080769322,0.9230769230769231,0.46875,4,0.13333333333333333,an0,5872
9,8.0625,7,0.4353345024601864,20.93785891652628,0.0,0.96875,4,0.875,an0,6136
9,7.84375,3,1.1943246168117698,21.921052902766977,0.0,0.9375,4,0.875,an0,6138
12,9.28125,3,1.670124102014288,61.12861767867449,0.7,0.75,4,0.2727272727272727,an0,6273
12,9.4375,6,1.1341473989656923,60.588926685972325,0.6666666666666666,0.75,4,0.23529411764705882,an0,6413
13,10.375,5,1.9959636689433842,67.42543373827692,1.0,0.5625,4,0.1818181818181818,an0,6432
13,9.59375,2,2.486860632695691,71.66191617613028,1.0,0.5,4,0.11764705882352941,an0,6433
10,7.90625,3,1.2276222756258959,19.904681064187514,0.125,0.90625,4,0.75,an0,6575
10,8.03125,4,1.307160799151623,48.46609136203063,0.5,0.796875,4,0.375,an0,6640
9,7.15625,2,1.2210353882483664,20.102110028208653,0.0,0.9375,4,0.8571428571428571,an0,6647
10,9.25,4,1.545023227719748,50.21840074489711,0.3,0.859375,4,0.5,an0,6773
9,7.46875,4,1.015504800579495,26.260796804071315,0.0,0.9375,4,0.7999999999999999,an0,6853
9,8.03125,6,0.5378796483685103,27.840807181167676,0.0,0.96875,4,0.75,an0,7058
10,9.84375,7,0.6278162356983543,22.846251970499672,0.0,0.96875,4,0.9,an0,7217
10,8.4375,2,1.7768674864817942,29.97202496616445,0.0,0.875,4,0.6666666666666666,an0,7262
14,8.875,1,2.9594027296278944,61.25420925971432,1.0,0.484375,4,0.19523809523809524,an0,7544
12,9.78125,5,1.6408961949436793,88.33725788551651,0.8571428571428571,0.390625,4,0.10526315789473685,an0,7561
11,8.5625,4,1.522678031330581,44.776504329704565,0.3333333333333333,0.84375,4,0.35294117647058826,an0,7594
11,8.96875,6,1.447676113304443,55.29887471191224,0.6363636363636364,0.4375,4,0.1904761904761905,an0,7620
12,9.34375,2,2.119180836869482,76.62039054321794,1.0,0.375,4,0.10526315789473685,an0,7708
13,8.90625,4,2.427787722558637,83.13570270225408,0.8,0.34375,4,0.10526315789473685,an0,7730
11,8.875,4,2.090685950097595,87.16418857153445,1.0,0.4375,4,0.1111111111111111,an0,7790
13,10.15625,3,2.141892063784547,66.23389053013409,0.9230769230769231,0.59375,4,0.18181818181818182,an0,7830
12,9.8125,2,2.3201432102628994,75.05028481638081,1.0,0.40625,4,0.2222222222222222,an0,7840
12,9.15625,3,1.9855831190309423,91.10630527782055,0.8,0.40625,4,0.10818713450292397,an0,7914
12,8.4375,3,1.6448845434529205,75.74220949295996,0.9,0.484375,4,0.125,an0,7977
11,8.125,2,2.40630891214016,62.19407550035413,0.6666666666666666,0.28125,4,0.10526315789473685,an0,7987
11,9.40625,5,1.3645127926444378,46.39586181641124,0.3,0.78125,4,0.3529411764705882,an0,8005
11,9.40625,6,1.187553054841979,77.72434700307358,0.9,0.640625,4,0.1380952380952381,an0,8093
11,8.71875,5,1.650696334004766,71.02809644354798,0.5555555555555556,0.34375,4,0.19999999999999998,an0,8145
13,10.0,5,1.9176598642195934,80.75244212927896,0.8181818181818182,0.375,4,0.11764705882352941,an0,8259
12,9.3125,4,1.7859216469465444,80.3953506481642,1.0,0.5,4,0.125,an0,8339
13,9.5,5,1.7413380098407456,nan,0.3333333333333333,0.21875,4,0.11764705882352942,an0,8409
12,8.59375,3,2.0613083067517755,70.32917754800856,0.7,0.296875,4,0.11764705882352941,an0,8546
13,9.5625,7,1.4577379737113252,88.23629939684687,0.8,0.390625,4,0.11764705882352941,an0,8592
12,8.65625,2,2.509457916016538,69.34807766804974,0.9,0.546875,4,0.11764705882352942,an0,8679
11,8.75,3,1.545023227719748,22.626103015728518,0.0,0.90625,4,0.8421052631578948,an0,8887
12,10.0625,5,1.2164862143392416,46.52252768978364,0.4,0.859375,4,0.39999999999999997,an0,8932
11,10.0,9,0.3592106040535498,19.755410622438994,0.0,1.0,4,0.9523809523809523,an0,8959
11,10.375,3,1.896516330946925,19.51457730101405,0.0,0.9375,4,0.9090909090909091,an0,8982
11,9.09375,5,1.5935226751223317,65.30455462913987,0.5,0.75,4,0.2222222222222222,an0,9086
12,9.96875,7,1.0920349456774014,76.32416296768268,1.0,0.40625,4,0.10526315789473685,an0,9154
11,9.59375,5,1.291644987677941,38.5251889047544,0.0,0.90625,4,0.6,an0,9198
10,8.65625,4,1.0957211500695228,44.49697145593169,0.0,0.90625,4,0.5555555555555556,an0,9238
10,9.8125,7,0.6444552588389371,17.81212843350221,0.0,0.96875,4,0.9236842105263159,an0,9563
11,9.53125,3,1.6652884086160473,25.34838943978794,0.2,0.890625,4,0.6,an0,9578
13,10.59375,5,1.864081110653926,60.387896122044815,1.0,0.625,4,0.24000000000000002,an0,9617
13,9.59375,2,2.674363053501802,71.02761089974314,1.0,0.3125,4,0.16666666666666666,an0,9713
11,9.75,7,0.7184212081070996,33.06318700308833,0.2,0.84375,4,0.5263157894736842,an0,9728
13,9.71875,1,2.9863601213171775,48.357525305433086,1.0,0.609375,4,0.2105263157894737,an0,9757
11,9.28125,5,1.419549565088143,34.83359473334144,0.1,0.828125,4,0.5,an0,9875
11,8.96875,6,0.646797320799606,14.55161293674602,0.0,1.0,4,1.0,an0,9982
10,8.75,6,0.762000762001143,13.182082742509579,0.0,0.96875,4,0.9411764705882353,an0,10095
12,9.4375,5,1.664380151985291,71.45457087066089,0.9285714285714286,0.375,4,0.125,an0,10130
9,8.125,5,1.0701220913160239,25.999769826278186,0.0,0.859375,4,0.6666666666666666,an0,10166
10,8.78125,5,0.9064064103067461,25.087169669876754,0.0,0.96875,4,0.7777777777777778,an0,10249
10,9.03125,9,0.1767766952966369,12.352647110032732,0.0,1.0,4,1.0,an0,10292
12,9.0,7,0.8798826901281197,37.884830518959106,0.0,0.90625,4,0.5263157894736842,an0,10623
10,8.875,6,0.7931155389125321,22.5550915678069,0.0,0.9375,4,0.8888888888888888,an0,10790
10,8.8125,4,1.2556324713967086,15.941598176808693,0.0,0.90625,4,0.8888888888888888,an0,10833
10,8.875,5,0.9418581497197699,39.836089949943634,0.3333333333333333,0.84375,4,0.4444444444444444,an0,10982
9,8.78125,6,0.75067174218571,13.27869664998121,0.0,0.96875,4,1.0,an0,11027
13,8.96875,2,2.645560797918632,nan,0.7,0.328125,4,0.10000000000000002,an0,11261
12,9.6875,7,1.3545026464923717,92.11225371931195,0.8461538461538461,0.375,4,0.1111111111111111,an0,11392
11,9.53125,3,1.4587748947484622,28.899135433221794,0.0,0.921875,4,0.7,an0,11450
10,7.78125,4,1.1283552117444966,25.87982063338241,0.0,0.921875,4,0.75,an0,11583
10,8.5,3,1.3678332288460768,30.143067555528056,0.1111111111111111,0.9375,4,0.6666666666666666,an0,11599
11,7.40625,2,1.7200782990430143,41.869362983092756,0.125,0.890625,4,0.5,an0,11637
9,7.75,6,0.8798826901281197,52.12030080795714,0.3333333333333333,0.8125,4,0.375,an0,11644
9,7.90625,2,1.3995246888993098,33.73593546401205,0.125,0.90625,4,0.5882352941176471,an0,11659
10,8.90625,2,1.5315894126796052,48.752116969552816,1.0,0.4375,4,0.3,an0,11797
9,8.15625,8,0.36890203262847354,24.41025946253663,0.0,0.96875,4,0.823529411764706,an0,11850
9,7.46875,4,0.9498514315067824,25.249675551408355,0.125,0.953125,4,0.7596153846153846,an0,12064
9,7.90625,4,0.856074122506811,20.804583914190246,0.0,0.953125,4,0.875,an0,12097
11,9.78125,7,0.75067174218571,39.83665263315156,0.2,0.890625,4,0.5,an0,12333
9,7.3125,7,0.5350610456580119,22.68143930742484,0.0,1.0,4,0.8571428571428571,an0,12437
12,9.0625,4,1.5849595497026252,82.22775124486462,0.9,0.375,4,0.11764705882352941,an0,12764
12,10.6875,9,0.7803018439949604,41.741689543634834,0.0,0.90625,4,0.5454545454545454,an0,12972
10,8.65625,5,1.5782672205158537,48.48694459641993,0.2222222222222222,0.84375,4,0.4444444444444444,an0,13044
13,9.03125,3,2.669835986263648,83.84427421041471,0.8571428571428571,0.390625,4,0.1111111111111111,an0,13088
12,9.875,4,1.896516330946925,90.21978879673429,0.9333333333333333,0.46875,4,0.10526315789473685,an0,13096
12,9.8125,3,2.4155076939134017,51.057416126788354,1.0,0.609375,4,0.28571428571428564,an0,13175
12,10.15625,4,2.096223562935607,75.78123606552863,1.0,0.390625,4,0.25,an0,13176
12,9.15625,4,1.8855883825445832,58.617858012499696,0.7272727272727273,0.5,4,0.2608695652173913,an0,13231
13,9.25,2,2.6273990573286756,84.02978423554279,0.875,0.390625,4,0.10526315789473685,an0,13273
13,9.59375,3,2.6501293334233647,83.07352942627759,0.7692307692307693,0.40625,4,0.11764705882352942,an0,13311
11,9.125,4,1.3854078239672525,62.82429213426363,0.9,0.5625,4,0.1904761904761905,an0,13342
11,9.5625,6,1.1053389496206072,68.38219992319074,1.0,0.59375,4,0.22222222222222224,an0,13519
11,9.03125,8,0.4003526671130294,32.557908991368265,0.0,0.96875,4,0.6666666666666666,an0,13708
12,9.28125,5,1.670124102014288,72.51625659326042,0.8181818181818182,0.40625,4,0.12500000000000003,an0,13972
11,9.59375,5,1.24069114453559,42.576591021745415,0.2727272727272727,0.8125,4,0.4444444444444445,an0,14051
11,9.4375,3,1.6448845434529205,30.68897504016204,0.0,0.90625,4,0.7,an0,14178
11,10.34375,8,0.745280852019624,23.742378117767647,0.0,0.984375,4,0.8421052631578948,an0,14216
12,9.28125,4,1.5077086866735787,52.57474872718253,0.5,0.765625,4,0.380952380952381,an0,14217
12,9.46875,6,1.343667945731793,78.56382351844385,1.0,0.40625,4,0.10526315789473685,an0,14354
11,8.6875,4,1.8740589036083013,88.35390988304081,0.8333333333333334,0.359375,4,0.1111111111111111,an0,14577
11,9.34375,4,1.5576942223435832,61.08652810743173,0.9,0.65625,4,0.20000000000000004,an0,14581
12,8.71875,3,1.9383127847725978,59.54429183237748,0.5454545454545454,0.25,4,0.125,an0,14704
10,9.84375,8,0.447889315243931,16.36461279049533,0.0,1.0,4,1.0,an0,14898
11,9.0625,3,1.6251550794487475,74.3442834563552,0.7272727272727273,0.34375,4,0.1380952380952381,an0,14961
10,9.84375,7,0.6278162356983543,17.37153861670108,0.0,0.96875,4,1.0,an0,15130
10,9.6875,5,1.1198358174592007,21.523366192254855,0.0,0.953125,4,0.9,an0,15321
10,8.84375,3,1.1103435969220548,11.482646925296892,0.0,0.96875,4,1.0,an0,15515
10,8.59375,2,1.738730998133687,23.029860208149255,0.0,0.90625,4,0.8421052631578948,an0,15574
10,9.09375,7,0.5303300858899106,36.35556122378737,0.0,0.90625,4,0.5555555555555556,an0,15588
12,10.09375,5,1.5103807466993215,17.98353802346241,0.09090909090909091,0.90625,4,0.9,an0,15682
9,8.625,4,0.9755064854862865,22.27437997952406,0.0,0.9375,4,0.8888888888888888,an0,15911
10,8.0,3,1.2181424250644648,26.629666291168014,0.0,0.90625,4,0.7058823529411765,an0,16048
9,8.03125,6,0.594836654184399,19.141483349263375,0.0,0.96875,4,0.875,an0,16088
11,8.5625,2,1.4577379737113252,35.59602573979964,0.1111111111111111,0.875,4,0.5555555555555556,an0,16140
10,9.125,5,1.0080322575483707,19.42505854059533,0.0,0.9375,4,0.8421052631578948,an0,16270
11,9.84375,6,0.8075999888159261,14.19718636887604,0.0,0.984375,4,1.0,an0,16290
11,8.90625,6,0.8929608234732722,23.519414424264166,0.0,0.90625,4,0.8421052631578948,an0,16369
10,8.03125,6,0.9666828882584055,24.97757226900118,0.3333333333333333,0.96875,4,0.7058823529411765,an0,16508
10,9.03125,9,0.1767766952966369,16.295358003872305,0.0,1.0,4,1.0,an0,16510
9,8.9375,7,0.3535533905932738,22.62537871720105,0.0,1.0,4,0.8750000000000001,an0,16532
12,9.9375,4,1.4577379737113252,82.06439075569747,1.0,0.53125,4,0.10526315789473685,an0,16649
13,8.9375,3,2.139301966349259,80.68173563583001,1.0,0.5,4,0.1111111111111111,an0,16793
11,8.90625,4,1.4448880970176292,69.22964400903186,1.0,0.59375,4,0.16025641025641024,an0,16899
13,8.96875,2,2.250224003186378,69.97867236679213,0.6666666666666666,0.34375,4,0.11111111111111112,an0,16911
13,9.34375,3,2.266294047487532,78.62545733448226,0.8461538461538461,0.375,4,0.12500000000000003,an0,16920
10,8.875,5,0.9755064854862865,50.6502048452724,0.2222222222222222,0.875,4,0.3333333333333333,an0,17032
11,8.625,6,0.9755064854862865,59.59665487309917,0.25,0.828125,4,0.3333333333333333,an0,17170
11,8.78125,7,0.75067174218571,61.4660350459165,0.3333333333333333,0.78125,4,0.3333333333333333,an0,17272
11,8.25,2,2.1849928028227223,76.62649481264542,0.8,0.578125,4,0.125,an0,17329
13,8.625,3,2.2106778992412144,69.07902820965056,0.875,0.453125,4,0.125,an0,17581
13,9.15625,3,2.329465880909738,104.98882581833556,0.8,0.328125,4,0.1111111111111111,an0,18019
12,9.34375,5,1.382129609719912,77.61788998153895,0.6666666666666666,0.375,4,0.125,an0,18037
12,9.09375,2,2.480366453154752,71.5631236911172,1.0,0.578125,4,0.125,an0,18288
10,8.59375,4,1.1030566037007086,59.762078916223196,0.1111111111111111,0.90625,4,0.3333333333333333,an0,18317
12,9.3125,3,2.161801817182647,93.21441249494278,0.9090909090909091,0.4375,4,0.1111111111111111,an0,18391
11,8.8125,5,1.6546610607029015,85.00439983590732,0.875,0.34375,4,0.11111111111111112,an0,18398
11,8.96875,4,1.0620848334989004,65.4931090323949,0.1111111111111111,0.875,4,0.3333333333333333,an0,18542
12,9.03125,7,0.8607714094664383,54.43081670553961,0.1111111111111111,0.9375,4,0.4210526315789474,an0,18572
11,8.84375,6,1.2471742253538984,65.00394320034232,0.7777777777777778,0.65625,4,0.2105263157894737,an0,18587
11,8.59375,4,1.7935255423237613,56.92412884983397,0.6,0.296875,4,0.19999999999999998,an0,18691
13,9.5625,0,2.313181024393228,78.74430143604374,0.9166666666666666,0.421875,4,0.10526315789473685,an0,18727
13,10.25,2,2.341766633920198,74.66287076474714,0.9166666666666666,0.734375,4,0.19999999999999998,an0,18750
12,9.5,5,1.5862310778250641,67.81797741056494,0.9166666666666666,0.484375,4,0.1380952380952381,an0,19081
12,8.71875,2,2.568222367520433,63.589142953514475,0.7777777777777778,0.34375,4,0.10526315789473685,an0,19234
10,8.5,3,1.8491497610279373,64.1868957272627,0.7777777777777778,0.625,4,0.2222222222222222,an0,19253
10,9.125,6,0.7513428837969107,61.193393413675516,0.1111111111111111,0.875,4,0.3157894736842105,an0,19267
12,9.09375,6,1.4223872482101938,56.317761733459065,0.7272727272727273,0.25,4,0.12916666666666665,an0,19325
12,8.6875,2,2.3201432102628994,nan,0.7777777777777778,0.375,4,0.10526315789473685,an0,19340
12,8.34375,3,2.4836156655556727,85.73751588924988,0.6666666666666666,0.34375,4,0.10526315789473685,an0,19437
9,8.90625,8,0.29614458108029906,50.394197086024384,0.0,1.0,4,0.5555555555555556,an0,19473
13,9.71875,4,1.8357449924810785,81.35827505714653,0.9,0.546875,4,0.1213235294117647,an0,19485
12,9.59375,3,1.6036123536083031,76.86299540787536,0.5,0.765625,4,0.20000000000000004,an0,19595
11,10.03125,10,0.1767766952966369,67.73365984292666,0.1,0.953125,4,0.3,an0,19622
11,9.40625,4,1.521022046032249,72.8758733776416,0.6,0.734375,4,0.20000000000000004,an0,19623
11,9.1875,4,1.9081742667424442,55.517686417303295,0.1,0.890625,4,0.33333333333333326,an0,19688
12,8.96875,5,1.8575803720726802,70.9108057716875,0.9090909090909091,0.4375,4,0.1111111111111111,an0,19748
11,9.34375,4,2.041652951457115,68.08151476630223,0.45454545454545453,0.8125,4,0.21637426900584794,an0,19938
11,10.0,7,1.2181424250644648,58.461412044134875,0.1,0.8125,4,0.3,an0,20033
11,10.21875,5,1.4532360996377438,72.23500195758632,0.18181818181818182,0.875,4,0.2727272727272727,an0,20077
11,9.15625,6,1.1943246168117698,69.08101243682576,0.7,0.703125,4,0.2105263157894737,an0,20133
12,9.15625,5,1.393750452046795,76.99475396851317,0.8,0.65625,4,0.2105263157894737,an0,20317
13,9.25,5,1.9176598642195934,87.94847070902364,0.9090909090909091,0.34375,4,0.10526315789473685,an0,20324
13,9.21875,3,2.1362368933515143,74.34383731045452,0.9,0.4375,4,0.11111111111111112,an0,20326
12,9.875,4,1.87943024997368,54.08064688160083,0.3,0.78125,4,0.3245614035087719,an0,20398
11,9.375,1,2.7911149350474913,60.05027467497296,0.8181818181818182,0.71875,4,0.28571428571428564,an0,20425
12,9.25,5,1.6655910507645917,65.35288138617872,0.8181818181818182,0.6875,4,0.2222222222222222,an0,20471
12,9.28125,3,1.6893284598210292,39.68134794837494,0.36363636363636365,0.3125,4,0.23529411764705882,an0,20538
10,9.8125,6,0.7378040652569471,44.23448238380159,0.0,0.9375,4,0.5263157894736842,an0,20540
11,9.78125,6,1.313315798693054,59.50943331421975,0.2,0.859375,4,0.3,an0,20660
11,9.9375,4,1.1341473989656923,47.592128705334716,0.0,0.96875,4,0.5,an0,20719
10,9.1875,4,1.3304740847993173,57.07778515335569,0.1,0.875,4,0.4,an0,20753
12,10.34375,7,1.358589757444188,66.50011748109924,0.45454545454545453,0.78125,4,0.2727272727272727,an0,20853
12,9.375,6,1.2636353087613479,78.37621422911079,0.5,0.765625,4,0.20000000000000004,an0,20886
12,9.34375,3,1.696474047413749,74.20491037436676,0.5,0.671875,4,0.19999999999999998,an0,20931
11,9.59375,7,1.1030566037007086,51.96666620730436,0.5454545454545454,0.625,4,0.3529411764705882,an0,20972
11,9.78125,6,0.8321900759926455,47.07166951665806,0.0,0.953125,4,0.5,an0,21012
11,9.34375,1,1.9936896416184677,41.871885809804674,0.0,0.9375,4,0.513157894736842,an0,21026
11,9.0,8,0.508000508000762,46.74703296895051,0.0,0.96875,4,0.47058823529411764,an0,21076
11,9.0,7,0.6221710168382552,45.91094495509022,0.0,0.9375,4,0.4444444444444444,an0,21096
10,8.59375,3,1.6036123536083031,70.64813466194997,0.3333333333333333,0.8125,4,0.2222222222222222,an0,21256
12,8.65625,3,2.4836156655556727,66.93486491199633,0.8888888888888888,0.375,4,0.1111111111111111,an0,21465
11,8.46875,2,1.950754609987401,80.1444816771597,0.7777777777777778,0.625,4,0.13333333333333333,an0,21473
13,7.96875,4,2.292827174388184,68.77994277475662,0.875,0.5625,4,0.125,an0,21607
10,8.09375,6,0.9283830897266078,51.15605239489495,0.125,0.890625,4,0.375,an0,21703
10,8.75,6,0.8032193289024988,47.98052599047227,0.0,0.9375,4,0.4722222222222222,an0,21853
11,8.59375,0,1.738730998133687,40.64168994770709,0.1111111111111111,0.9375,4,0.5555555555555556,an0,21918
10,9.59375,5,1.073414058942533,38.33351938226931,0.0,0.90625,4,0.6666666666666665,k2s,280
11,9.03125,4,2.0237999231723127,61.298174847316524,0.8181818181818182,0.4375,4,0.13333333333333333,k2s,348
12,8.9375,2,2.03100960115899,70.37001920563917,0.9,0.546875,4,0.11764705882352941,k2s,480
11,8.6875,3,1.533233984626255,54.95029329836284,0.2222222222222222,0.8125,4,0.3333333333333333,k2s,605
9,7.9375,4,0.9482581654734625,33.563774795567966,0.0,0.90625,4,0.625,k2s,635
11,8.4375,5,1.0757592967370206,39.10079706035545,0.0,0.9375,4,0.5718954248366013,k2s,638
11,8.4375,4,1.2427207404359506,47.5821484864395,0.0,0.890625,4,0.39999999999999997,k2s,750
10,8.75,8,0.5679618342470648,31.619355487884803,0.0,0.984375,4,0.7058823529411765,k2s,1067
10,8.71875,4,0.9583041136265399,57.92658262548516,0.0,0.875,4,0.35294117647058826,k2s,1299
10,9.6875,6,0.9310937030562325,27.04939710345063,0.0,0.9375,4,0.7,k2s,1503
12,8.5625,3,2.139301966349259,60.1267347996963,0.6666666666666666,0.625,4,0.19999999999999998,k2s,1510
12,9.25,3,2.109884571066817,58.61896626750919,0.7,0.71875,4,0.20000000000000004,k2s,1534
10,8.40625,6,0.7975516971817058,45.27494493341353,0.125,0.8125,4,0.4444444444444444,k2s,1862
10,8.5,2,1.5026857675938214,41.88056754879147,0.1111111111111111,0.90625,4,0.5,k2s,1973
11,9.84375,5,1.370410228197523,51.105101642021594,1.0,0.5625,4,0.3157894736842105,k2s,2118
11,9.40625,5,1.1319231422671772,61.01915947598697,0.8,0.59375,4,0.2,k2s,2402
10,8.875,6,0.6599120175960898,30.34048124147176,0.0,0.96875,4,0.7777777777777778,k2s,2566
10,8.9375,8,0.3535533905932738,26.35467028709954,0.0,1.0,4,0.8421052631578948,k2s,2633
11,9.59375,5,1.073414058942533,55.35187119307405,0.4,0.875,4,0.3157894736842105,k2s,2663
10,9.0,7,0.6221710168382552,48.77236399420612,0.1111111111111111,0.9375,4,0.47058823529411764,k2s,2742
10,8.875,4,0.9418581497197699,28.40971909484264,0.0,0.96875,4,0.823529411764706,k2s,2754
11,7.9375,3,2.4618050026287097,nan,1.0,0.40625,4,0.10000000000000002,k2s,2979
11,8.125,5,1.0701220913160239,32.67853042318059,0.1111111111111111,0.90625,4,0.5882352941176471,k2s,3130
11,9.25,3,1.4591203713417602,52.32244162676176,0.4,0.78125,4,0.37797619047619047,k2s,3176
11,8.71875,1,1.9215983770238372,57.03727185281326,0.6666666666666666,0.5625,4,0.26666666666666666,k2s,3201
13,10.96875,5,1.7317597799590656,33.43432486728838,0.16666666666666666,0.859375,4,0.5263157894736842,k2s,3556
11,9.125,4,1.51870063307527,74.40000811533375,1.0,0.4375,4,0.125,k2s,3574
12,8.6875,3,2.0546956449918286,67.5256403804422,1.0,0.53125,4,0.13333333333333333,k2s,3610
11,9.375,5,1.3136995286643378,62.98638865858242,0.8,0.640625,4,0.2222222222222222,k2s,3787
10,9.25,5,0.9503819266229829,35.66472565785415,0.0,0.96875,4,0.6666666666666666,k2s,3972
10,8.78125,5,1.0075321174741456,35.578708032955504,0.0,0.921875,4,0.6666666666666666,k2s,4016
11,8.25,2,2.423007994608248,72.41503417439756,0.9090909090909091,0.53125,4,0.125,k2s,4053
10,8.25,7,0.5679618342470648,37.27456824312655,0.375,0.796875,4,0.47058823529411764,k2s,4216
11,8.84375,5,1.370410228197523,47.379336342833405,0.4,0.796875,4,0.375,k2s,4258
10,9.75,7,0.672021505032247,25.695360723176698,0.0,0.984375,4,0.8000000000000002,k2s,4358
12,10.625,8,0.8327955253822958,43.537599244916734,0.0,0.875,4,0.5454545454545454,k2s,4492
12,10.6875,3,2.2495519267106823,34.41411497794465,0.0,0.875,4,0.6086956521739131,k2s,4597
12,9.5,3,2.0160645150967413,73.21388606597034,0.8461538461538461,0.4375,4,0.11111111111111112,k2s,4687
10,9.03125,9,0.1767766952966369,20.391223650215917,0.0,1.0,4,0.8888888888888888,k2s,4791
9,8.96875,8,0.1767766952966369,21.462168921714756,0.0,1.0,4,0.8888888888888888,k2s,4802
9,8.875,5,0.7071067811865476,21.22029680949686,0.0,0.96875,4,0.8888888888888888,k2s,5153
12,9.5625,3,1.8997028630135648,78.56170668463197,1.0,0.46875,4,0.1818181818181818,k2s,5244
11,10.21875,7,1.184152752788036,23.202535560489736,0.09090909090909091,0.90625,4,0.761904761904762,k2s,5261
12,8.90625,4,2.130566712433345,80.58740367529941,0.8461538461538461,0.46875,4,0.13333333333333333,k2s,5379
10,8.96875,6,0.646797320799606,24.623128287349548,0.0,1.0,4,0.7777777777777778,k2s,5561
10,9.71875,6,0.8884337432408971,27.20229990398792,0.0,0.96875,4,0.8235294117647058,k2s,5640
10,8.5625,4,1.0757592967370206,25.880473633952104,0.1111111111111111,0.96875,4,0.7777777777777778,k2s,5720
11,9.625,4,1.4312187452567107,46.894613451571615,0.3,0.828125,4,0.4000000000000001,k2s,5990
11,9.15625,4,1.6086334613277278,48.67788461538461,0.2,0.828125,4,0.4000000000000001,k2s,6062
12,9.96875,3,1.9089665334432795,48.335562687762234,0.45454545454545453,0.78125,4,0.34782608695652173,k2s,6133
11,9.6875,3,1.7677669529663689,49.09547724032508,0.1,0.890625,4,0.47619047619047616,k2s,6138
11,9.0,8,0.508000508000762,48.29620677640139,0.5555555555555556,0.75,4,0.3333333333333333,k2s,6180
10,9.0625,8,0.3535533905932738,28.662358921400887,0.0,1.0,4,0.7777777777777778,k2s,6294
10,8.1875,4,1.4241579289010096,35.09988206544192,0.1111111111111111,0.875,4,0.5882352941176471,k2s,6313
12,8.90625,4,1.2010580013390881,28.694446224778794,0.0,0.9375,4,0.6666666666666666,k2s,6340
10,8.53125,4,1.3908543440819434,36.81344308587197,0.1111111111111111,0.875,4,0.5,k2s,6346
11,9.34375,4,1.2077538469567008,32.421613536428985,0.0,0.9375,4,0.631578947368421,k2s,6651
10,8.4375,7,0.6690146823211658,51.28699719763108,0.0,0.96875,4,0.47058823529411764,k2s,6674
11,8.71875,4,1.3966405545843488,nan,0.375,0.15625,4,0.15384615384615383,k2s,6885
11,8.9375,3,1.8128128206134921,87.50155008547627,1.0,0.390625,4,0.1111111111111111,k2s,6966
11,9.5625,2,1.664380151985291,48.12602923130534,0.0,0.9375,4,0.5,k2s,7022
10,8.21875,7,0.6082431071696208,46.817722370300416,0.0,0.90625,4,0.4444444444444444,k2s,7139
9,9.0,9,0.0,12.54179642484504,0.0,1.0,4,1.0,k2s,7221
10,10.0,10,0.0,18.492850803952066,0.0,1.0,4,1.0,k2s,7276
10,9.09375,8,0.3901509219974802,31.910589956043957,0.0,1.0,4,0.7777777777777778,k2s,7378
11,8.875,6,0.7071067811865476,34.719509442639016,0.0,0.96875,4,0.7777777777777778,k2s,7459
10,8.90625,4,0.9625026183458311,24.451875014851996,0.0,0.96875,4,0.8421052631578948,k2s,7509
11,9.3125,6,0.9651174088696285,46.41770455760047,0.1,0.921875,4,0.4733893557422969,k2s,7578
10,8.875,7,0.5535807194106618,52.652931901205356,0.0,0.9375,4,0.4444444444444444,k2s,7627
12,9.625,1,1.862187406112465,68.58188546158004,0.3,0.78125,4,0.2105263157894737,k2s,7665
11,9.5625,5,1.293594641599212,66.11610787767003,0.1,0.8125,4,0.22222222222222224,k2s,7703
10,9.03125,8,0.30946102990886926,28.349294242821585,0.0,1.0,4,0.8888888888888888,k2s,7852
10,9.03125,9,0.1767766952966369,11.67798900693496,0.0,1.0,4,1.0,k2s,8050
10,8.96875,6,0.594836654184399,16.07216054605153,0.0,1.0,4,1.0,k2s,8194
10,9.84375,6,0.7233156184342819,12.35883125865455,0.0,0.96875,4,1.0,k2s,8370
11,7.96875,3,1.6555746492849057,38.08588298690724,0.125,0.859375,4,0.5,k2s,8454
10,9.09375,9,0.29614458108029906,18.846327976997344,0.0,1.0,4,0.9473684210526316,k2s,8458
10,9.03125,9,0.1767766952966369,18.9110514951534,0.0,1.0,4,0.9473684210526316,k2s,8498
10,9.96875,9,0.1767766952966369,23.163888155609072,0.0,1.0,4,0.9,k2s,8783
10,8.75,4,1.016001016001524,34.9976529742271,0.3333333333333333,0.8125,4,0.47058823529411764,k2s,8961
10,9.40625,5,1.3879521930969312,57.06035975851371,0.1,0.84375,4,0.4,k2s,9046
11,10.03125,4,1.1773226871497122,24.223607248869385,0.0,0.96875,4,0.8785714285714286,k2s,9051
10,8.21875,3,1.7177324700632743,40.026889967107834,0.2222222222222222,0.875,4,0.47058823529411764,k2s,9120
12,8.6875,2,2.7759043861938624,nan,1.0,0.421875,4,0.11764705882352941,k2s,9254
11,9.5625,3,1.522678031330581,40.444860891604876,0.0,0.90625,4,0.6,k2s,9534
12,11.0625,5,1.293594641599212,46.06431498949473,0.09090909090909091,0.9375,4,0.5454545454545454,k2s,9670
9,8.0,7,0.254000254000381,20.44378933183895,0.0,1.0,4,0.9333333333333333,k2s,10076
10,9.46875,4,1.2696043325738624,47.34515343829877,0.1,0.90625,4,0.5,k2s,10131
12,9.3125,3,1.839310880772751,75.53205735558946,0.8,0.4375,4,0.11764705882352942,k2s,10178
11,8.9375,3,2.093576966851,57.13859098627718,1.0,0.578125,4,0.1904761904761905,k2s,10200
12,9.5,4,1.5862310778250641,44.93833577073268,0.0,0.875,4,0.5,k2s,10216
13,8.96875,4,1.959005261070839,82.9663593163243,0.9,0.5,4,0.13333333333333333,k2s,10239
11,9.46875,3,1.7224209331541875,57.956168749618506,0.8,0.6875,4,0.2727272727272727,k2s,10302
12,9.34375,3,2.073012067562093,73.04096455716581,0.9090909090909091,0.5,4,0.14285714285714285,k2s,10310
12,10.3125,1,2.7990493777986196,44.946115360093586,0.4166666666666667,0.796875,4,0.4000000000000001,k2s,10315
10,9.03125,7,0.47412908273673127,27.49916595581366,0.1111111111111111,0.9375,4,0.5555555555555556,k2s,10342
11,8.84375,1,2.230425606716524,96.42658433431019,1.0,0.375,4,0.10526315789473685,k2s,10878
11,10.0,9,0.254000254000381,33.387233184253255,0.0,1.0,4,0.7,k2s,11065
10,9.59375,3,1.41100227475183,26.89843374872931,0.0,0.90625,4,0.8000000000000002,k2s,11155
12,10.65625,5,1.8597498097428884,69.44270183623843,1.0,0.59375,4,0.26666666666666666,k2s,11332
10,10.0,10,0.0,13.441853210169109,0.0,1.0,4,1.0,k2s,11370
12,9.71875,5,1.528954418190165,69.89098743048302,0.9,0.671875,4,0.1904761904761905,k2s,11404
12,9.8125,3,1.8567661794532155,46.46181014937635,0.36363636363636365,0.8125,4,0.45454545454545453,k2s,11483
10,9.03125,9,0.1767766952966369,18.63162502767472,0.0,1.0,4,0.9473684210526316,k2s,11590
10,9.875,7,0.5535807194106618,17.38847669315504,0.0,1.0,4,1.0,k2s,11629
10,9.78125,5,0.9064064103067461,23.299144221728547,0.0,0.96875,4,0.9,k2s,11672
11,9.375,8,0.6090712125322324,48.07387961816907,0.4444444444444444,0.875,4,0.4210526315789474,k2s,11713
10,8.71875,6,0.7718588789618592,45.25559165880929,0.0,0.90625,4,0.5555555555555556,k2s,11720
10,9.09375,4,1.1738927521491846,44.79369585785057,0.0,0.9375,4,0.4444444444444444,k2s,11726
11,10.03125,10,0.1767766952966369,23.22672067135938,0.0,1.0,4,0.9,k2s,11737
11,9.03125,3,1.4697898686766473,30.106013856246395,0.2222222222222222,0.8125,4,0.4210526315789474,k2s,11773
9,8.9375,8,0.24593468841898236,23.14962982804557,0.0,1.0,4,0.8888888888888888,k2s,11968
10,9.1875,9,0.39655776945626603,24.66927690224853,0.0,1.0,4,0.8421052631578948,k2s,12012
11,8.21875,2,1.963117583121625,49.17009639395163,0.5,0.765625,4,0.3157894736842105,k2s,12050
10,9.9375,8,0.3535533905932738,17.383085312088717,0.0,1.0,4,1.0,k2s,12248
10,10.0,10,0.0,16.04726236227149,0.0,1.0,4,1.0,k2s,12258
12,8.96875,6,1.0620848334989004,49.60262865559833,0.0,0.90625,4,0.4444444444444444,k2s,12488
10,9.0,4,1.1071614388213236,45.28723527783852,0.1,0.96875,4,0.5555555555555556,k2s,12521
10,9.5,8,0.5679618342470648,37.402949315838626,0.0,1.0,4,0.6666666666666666,k2s,12524
11,8.125,5,0.8327955253822958,31.183394326815062,0.0,0.953125,4,0.75,k2s,12661
11,8.90625,4,0.9954533737723926,21.256182342701152,0.0,0.96875,4,0.9411764705882353,k2s,12682
9,9.0,9,0.0,16.61412380942293,0.0,1.0,4,1.0,k2s,12856
11,9.90625,9,0.3901509219974802,30.557693573309532,0.0,0.96875,4,0.8000000000000002,k2s,12865
10,8.84375,3,1.0809009085913235,21.438549761190405,0.0,0.96875,4,0.8888888888888888,k2s,13016
10,8.8125,5,0.7803018439949604,34.24157343876738,0.0,0.90625,4,0.6666666666666666,k2s,13053
9,8.84375,6,0.5741403110513958,14.629964993649187,0.0,0.96875,4,0.9411764705882353,k2s,13062
10,9.0625,9,0.24593468841898236,16.295358003872305,0.0,1.0,4,1.0,k2s,13498
9,9.0,9,0.0,14.216868517129559,0.0,1.0,4,1.0,k2s,13517
9,7.71875,3,1.3496564676409923,18.44842302967296,0.0,0.90625,4,0.9333333333333333,k2s,13628
11,8.625,2,1.5606036879899208,57.34694303099338,0.6666666666666666,0.59375,4,0.23529411764705882,k2s,13833
11,9.21875,3,1.7731760278682012,83.77830596384065,0.75,0.28125,4,0.10526315789473685,k2s,13860
10,8.59375,4,1.1030566037007086,69.1767790947799,0.5555555555555556,0.71875,4,0.3157894736842105,k2s,13875
12,9.03125,5,1.6749458344636392,nan,0.7,0.296875,4,0.11764705882352941,k2s,13938
10,8.4375,3,1.758619326484237,73.46009214872527,0.7777777777777778,0.4375,4,0.11764705882352941,k2s,14112
11,9.46875,6,1.3908543440819434,83.60083508758885,0.9166666666666666,0.40625,4,0.11764705882352941,k2s,14170
9,8.09375,5,0.7343803620257232,57.369541349192474,0.0,0.96875,4,0.39999999999999997,k2s,14244
12,8.8125,2,1.8567661794532155,65.70566285872286,0.8181818181818182,0.40625,4,0.11111111111111112,k2s,14275
13,9.1875,3,2.334005279591563,92.80931128100316,1.0,0.34375,4,0.10526315789473685,k2s,14288
12,8.65625,4,1.8247293215088625,84.19678072093717,1.0,0.40625,4,0.1111111111111111,k2s,14312
12,9.65625,5,1.5576942223435832,70.57649009826036,0.875,0.5,4,0.1111111111111111,k2s,14456
14,8.90625,2,2.145653896871835,64.10066240601762,0.8888888888888888,0.59375,4,0.17391304347826086,k2s,14570
12,9.40625,4,1.9486864889607216,nan,0.8888888888888888,0.34375,4,0.10526315789473685,k2s,14587
12,9.5,3,1.9344083032987032,89.40752048871195,1.0,0.4375,4,0.1111111111111111,k2s,14623
11,8.5,2,2.314052443156252,72.94572935613623,0.6,0.265625,4,0.1111111111111111,k2s,14661
13,9.40625,4,1.8813065981197834,77.74703000639161,1.0,0.40625,4,0.1111111111111111,k2s,14797
12,8.1875,2,2.7525647863812046,82.005727389544,0.8888888888888888,0.375,4,0.10526315789473685,k2s,14850
12,8.4375,1,2.2134121957708413,58.42597280440029,0.7777777777777778,0.5,4,0.14835164835164838,k2s,14913
11,8.75,3,2.079081683138325,nan,0.625,0.265625,4,0.1111111111111111,k2s,14919
12,9.5625,3,1.865432579772697,92.4181820713808,1.0,0.375,4,0.10526315789473685,k2s,14998
12,9.25,2,2.063507818286384,68.77525884548248,0.8181818181818182,0.3125,4,0.11111111111111112,k2s,15165
12,9.84375,6,1.4392958627902608,56.606940414802494,0.36363636363636365,0.84375,4,0.380952380952381,k2s,15204
11,9.1875,5,1.1198358174592007,45.78655221441841,0.3333333333333333,0.875,4,0.4365079365079365,k2s,15310
13,9.46875,6,1.544696963704344,86.7754226942436,0.7777777777777778,0.375,4,0.1111111111111111,k2s,15371
9,8.125,3,1.0998533626601497,42.965401793245356,0.0,0.890625,4,0.5,k2s,15385
11,8.8125,5,1.5120483863225558,88.40313275513313,0.9090909090909091,0.3125,4,0.11764705882352941,k2s,15437
12,10.15625,4,2.141892063784547,63.28105709847142,0.6363636363636364,0.75,4,0.2608695652173913,k2s,15488
12,9.34375,4,1.5576942223435832,90.46253651446207,0.7272727272727273,0.3125,4,0.1111111111111111,k2s,15920
13,9.09375,5,1.766340759145685,75.49713269545632,0.875,0.453125,4,0.11764705882352941,k2s,16034
9,8.21875,2,1.6211181923439102,35.98637818857014,0.1111111111111111,0.90625,4,0.5882352941176471,k2s,16256
10,9.0,6,0.6221710168382552,26.173303699530685,0.0,0.96875,4,0.8888888888888888,k2s,16259
11,9.1875,6,1.281065584682558,48.17756827830745,0.6666666666666666,0.46875,4,0.2105263157894737,k2s,16339
12,9.96875,4,1.5960510744515868,89.92803922755164,1.0,0.390625,4,0.10000000000000002,k2s,16369
13,9.71875,3,2.3587089825826606,nan,0.7272727272727273,0.28125,4,0.10818713450292397,k2s,16532
12,7.90625,2,2.2340383656855223,60.858121376690555,0.7777777777777778,0.5,4,0.13333333333333333,k2s,16551
12,10.0625,3,1.8305208143074754,44.04365731861967,0.9,0.609375,4,0.2727272727272727,k2s,16589
12,9.5,5,1.3912166872805047,76.91406450284029,1.0,0.453125,4,0.1111111111111111,k2s,16730
12,8.90625,6,1.352640786304403,68.84953691711961,0.6666666666666666,0.3125,4,0.11764705882352941,k2s,16804
13,9.5625,3,2.139301966349259,80.46823523017984,1.0,0.453125,4,0.11764705882352941,k2s,17377
10,9.96875,9,0.1767766952966369,27.171717416218083,0.0,1.0,4,0.8000000000000002,k2s,17454
11,9.3125,1,2.101266898955285,40.37690523266587,0.3,0.796875,4,0.4000000000000001,k2s,17663
10,9.375,6,0.9755064854862865,41.27195088082639,0.5,0.765625,4,0.4210526315789474,k2s,17711
11,9.0,3,2.1402441826320477,71.65526188437465,1.0,0.578125,4,0.13333333333333333,k2s,17721
11,9.125,3,1.791557260975724,77.36164696732186,0.7777777777777778,0.40625,4,0.1111111111111111,k2s,17803
12,9.8125,5,1.533233984626255,77.3713849462499,1.0,0.4375,4,0.10526315789473685,k2s,17812
11,7.96875,3,2.1625011653921904,nan,0.8,0.296875,4,0.1111111111111111,k2s,17983
10,8.625,5,1.3136995286643378,55.282385896899264,0.7777777777777778,0.75,4,0.2857142857142857,k2s,18051
12,8.90625,2,2.145653896871835,77.86414785273988,0.75,0.390625,4,0.1111111111111111,k2s,18142
12,9.0,5,1.4142135623730951,70.00784117322897,1.0,0.5,4,0.11764705882352941,k2s,18227
12,9.34375,3,2.17921819363823,70.47094503033662,1.0,0.359375,4,0.11111111111111112,k2s,18319
10,8.75,6,0.842423539174232,41.61806178405852,0.0,0.90625,4,0.47058823529411764,k2s,18460
10,7.90625,3,1.5731491941633426,56.86247997717937,1.0,0.5,4,0.2583333333333333,k2s,18496
12,9.375,6,1.4535828926505883,72.27956476555545,1.0,0.5625,4,0.15384615384615383,k2s,18525
11,9.3125,5,1.3781123134153823,37.81336087174303,0.4,0.90625,4,0.5,k2s,18542
11,9.3125,5,1.7494238682971437,60.66925915219658,0.8,0.71875,4,0.20000000000000004,k2s,18609
11,9.0625,4,1.5849595497026252,78.97251467876788,1.0,0.453125,4,0.11111111111111112,k2s,18781
12,9.3125,3,2.206113207401417,62.023013614153804,0.9,0.546875,4,0.16666666666666666,k2s,18783
12,8.75,2,2.3000701251581788,81.82171900645864,1.0,0.34375,4,0.1111111111111111,k2s,18885
12,9.0,4,1.7413380098407456,52.7731278922176,0.8,0.5,4,0.19999999999999998,k2s,18923
11,9.1875,8,0.5922891621605981,29.979812719668068,1.0,0.5,4,0.5263157894736842,k2s,18982
12,8.96875,4,1.959005261070839,59.61717528838754,0.6666666666666666,0.3125,4,0.1904761904761905,k2s,19026
12,8.8125,4,1.5747503642410816,72.35977819203151,0.625,0.609375,4,0.21637426900584794,k2s,19092
12,9.28125,5,1.300976680260121,50.17458375257106,1.0,0.59375,4,0.3,k2s,19142
10,9.0,5,0.842423539174232,29.334755602948565,0.0,0.9375,4,0.7368421052631577,k2s,19733
13,9.90625,2,2.2769444012649087,75.34405016997161,0.8888888888888888,0.4375,4,0.125,k2s,19834
13,9.71875,5,1.5499089463370046,75.23007708499334,1.0,0.34375,4,0.10526315789473685,k2s,19847
13,9.125,3,2.848315857802019,102.77572492319213,0.75,0.390625,4,0.09999999999999999,k2s,19942
11,8.625,5,1.6014106684521177,nan,0.375,0.203125,4,0.125,k2s,19979
12,8.71875,2,1.9215983770238372,67.93416826815874,0.6666666666666666,0.25,4,0.11764705882352941,k2s,19992
12,8.6875,2,2.3886492336235396,68.40009484186943,0.625,0.328125,4,0.14285714285714285,k2s,20195
10,8.6875,5,0.9310937030562325,38.277069480412464,0.4444444444444444,0.78125,4,0.47058823529411764,k2s,20325
11,8.53125,3,1.6458035590065752,50.88027037851934,0.1111111111111111,0.875,4,0.4444444444444444,k2s,20450
13,8.6875,4,2.292167589436801,nan,0.6666666666666666,0.3125,4,0.11764705882352941,k2s,20627
11,8.96875,2,2.1172772381589064,86.45436772755049,0.9090909090909091,0.375,4,0.10526315789473685,k2s,20632
12,9.21875,5,1.156590512196614,40.562242496000486,0.7777777777777778,0.5625,4,0.3,k2s,20855
11,9.40625,5,1.291644987677941,52.59191792214053,0.1111111111111111,0.9375,4,0.375,k2s,20901
12,8.875,2,2.365750239046461,78.86717569984475,1.0,0.421875,4,0.1111111111111111,k2s,20907
10,8.8125,3,1.2296734420949118,46.104783284022346,0.0,0.9375,4,0.4444444444444444,k2s,20930
11,8.71875,4,1.3255400603576277,53.11146496184058,0.2222222222222222,0.875,4,0.3333333333333333,k2s,20941
10,8.875,7,0.6599120175960898,47.504842025426925,0.3333333333333333,0.84375,4,0.4210526315789474,k2s,21024
11,9.78125,6,0.9413228509270448,48.04172990744609,0.2222222222222222,0.84375,4,0.3529411764705882,k2s,21081
11,8.5625,4,1.4577379737113252,58.798784853969444,1.0,0.5625,4,0.13333333333333333,k2s,21124
10,8.09375,4,1.3040724054705235,48.885425354971474,0.6666666666666666,0.59375,4,0.23529411764705882,k2s,21399
11,8.09375,4,1.5103807466993215,80.83795154927785,1.0,0.390625,4,0.11764705882352941,k2s,21479
12,9.03125,2,2.132458447955801,62.86313173055444,0.7,0.34375,4,0.11111111111111112,k2s,21548
13,9.40625,3,1.8813065981197834,87.67582664853215,1.0,0.46875,4,0.10818713450292397,k2s,21627
11,8.375,4,1.6800537625806178,63.02861981574584,0.6666666666666666,0.625,4,0.2222222222222222,k2s,21683
13,8.09375,4,1.5315894126796052,42.990486153485286,0.25,0.84375,4,0.39999999999999997,k2s,21801
11,7.6875,0,1.7859216469465444,nan,0.5,0.21875,4,0.25,k2s,21886
11,8.84375,4,2.2013100937923893,45.50068680800324,0.7272727272727273,0.65625,4,0.2105263157894737,k2s,21965
11,9.0625,8,0.564400909900732,48.938809498144344,0.0,0.9375,4,0.47058823529411764,k2s,22019
10,8.78125,6,0.9064064103067461,55.126365661468114,0.1111111111111111,0.8125,4,0.3333333333333333,k2s,22264
12,9.34375,4,2.025791362692933,70.02650167972122,0.9,0.71875,4,0.1904761904761905,k2s,22360
10,9.0625,3,1.2427207404359506,43.052734887223025,0.0,0.96875,4,0.6,k2s,22570
10,8.9375,6,0.6189220598177385,47.92020480596711,0.0,0.96875,4,0.5555555555555556,k2s,22596
10,9.0625,8,0.3535533905932738,35.352392849931974,0.0,0.96875,4,0.631578947368421,k2s,22641
10,8.90625,7,0.7343803620257232,49.86094613457656,0.1111111111111111,0.96875,4,0.47058823529411764,k2s,22704
10,9.0,4,1.5026857675938214,63.66717698000418,1.0,0.546875,4,0.20000000000000004,k2s,22746
10,9.125,4,1.1845783243211963,44.933846821805886,0.0,0.96875,4,0.5,k2s,22871
12,9.21875,2,2.4981848248988383,84.17308133939326,1.0,0.40625,4,0.10526315789473685,k2s,22959
11,8.09375,2,2.5062422069704278,nan,0.7,0.34375,4,0.1111111111111111,k2s,23162
12,9.09375,2,2.160635733804648,86.74347789917685,0.9090909090909091,0.40625,4,0.1111111111111111,k2s,23239
12,8.6875,3,2.292167589436801,90.90208282769704,0.9230769230769231,0.34375,4,0.1111111111111111,k2s,23319
12,9.875,1,2.365750239046461,63.539218080060905,0.8333333333333334,0.59375,4,0.1904761904761905,k2s,23630
12,9.625,4,1.862187406112465,92.17011885935091,1.0,0.4375,4,0.1111111111111111,k2s,23742
11,8.75,4,1.7038855027411945,nan,0.7,0.265625,4,0.1111111111111111,k2s,23785
12,8.9375,2,2.3546453742994244,nan,0.9,0.3125,4,0.10526315789473685,k2s,23951
11,9.78125,5,1.313315798693054,78.84746643362783,0.5,0.75,4,0.22222222222222224,k2s,23964
12,9.375,2,2.0438736151823846,nan,0.9,0.3125,4,0.13333333333333333,k2s,24112
10,8.84375,4,1.322494588073566,55.80566402326459,0.1111111111111111,0.875,4,0.3333333333333333,k2s,24130
13,9.03125,3,2.0710660337442244,91.86827135423965,0.9,0.328125,4,0.1111111111111111,k2s,24414
10,8.65625,4,1.310241913147241,42.232581772123766,0.1111111111111111,0.90625,4,0.4444444444444444,k2s,24535
11,8.53125,3,2.1847621115057283,67.3977242191451,1.0,0.6875,4,0.18181818181818182,k2s,24660
10,8.125,5,1.0395408415691625,49.31984361450938,0.625,0.5625,4,0.25,k2s,24990
10,8.6875,8,0.5922891621605981,31.931927326518895,0.0,0.984375,4,0.6666666666666666,k2s,25093
11,9.40625,8,0.7560241931612779,49.99389611180049,0.3333333333333333,0.875,4,0.3333333333333333,k2s,25126
10,8.21875,4,1.184152752788036,48.684840682777676,0.6666666666666666,0.625,4,0.2426470588235294,k2s,25146
10,8.0,4,1.0472698761772856,47.55224566937555,0.375,0.78125,4,0.36397058823529416,k2s,25251
11,9.09375,4,1.6917136759186888,70.65099509415425,1.0,0.578125,4,0.19999999999999998,k2s,25532
10,9.28125,6,0.9913944236406651,62.584337387763654,0.2222222222222222,0.84375,4,0.3,k2s,25718
11,9.125,5,1.3136995286643378,70.44399788661124,0.8888888888888888,0.65625,4,0.2105263157894737,k2s,25726
11,8.71875,3,1.5077086866735787,57.53724375433414,0.0,0.875,4,0.3333333333333333,k2s,26134
10,7.6875,3,1.3545026464923717,56.07249659690309,0.625,0.75,4,0.26666666666666666,k2s,26340
11,8.6875,5,1.0606601717798212,29.48050164493903,0.0,0.9375,4,0.6666666666666666,k2s,26460
11,8.5625,6,1.0140146973548327,56.539511668182676,0.4444444444444444,0.84375,4,0.35294117647058826,k2s,26542
12,8.71875,4,1.6893284598210292,62.92654409527581,0.875,0.65625,4,0.16025641025641024,k2s,26738
9,8.9375,8,0.24593468841898236,25.561940187713642,0.0,1.0,4,0.7777777777777778,k2s,26991
11,8.53125,5,1.413857112824302,48.300096330706786,0.0,0.90625,8,0.47058823529411764,an0,72
9,7.625,3,1.408499544814245,29.954612208060798,0.0,0.90625,8,0.7058823529411765,an0,214
11,8.65625,2,2.266294047487532,68.68865537560322,0.9,0.609375,8,0.20000000000000004,an0,248
11,7.65625,2,2.119180836869482,80.50553864825523,0.5384615384615384,0.28125,8,0.13333333333333333,an0,329
11,7.625,4,1.6607421582319852,71.34122604796238,0.6428571428571429,0.328125,8,0.15384615384615383,an0,340
10,9.03125,5,0.8224422717264602,16.894481615014485,0.0,0.96875,8,0.9473684210526316,an0,389
11,9.3125,6,1.1198358174592007,42.86901733225999,0.3,0.890625,8,0.5263157894736842,an0,401
10,8.4375,5,1.189673308368798,42.093799476888634,0.3333333333333333,0.84375,8,0.375,an0,446
9,8.0625,6,0.5040161287741853,19.109652633781828,0.0,1.0,8,0.875,an0,525
12,9.65625,6,1.1807426585867267,63.769140903024095,0.7,0.734375,8,0.22222222222222224,an0,692
10,7.96875,5,1.1495967034769894,50.8104476337848,0.625,0.734375,8,0.3157894736842105,an0,1028
13,8.40625,5,1.662865288513154,90.17803484670272,0.9,0.390625,8,0.11111111111111112,an0,1145
10,8.625,3,1.4312187452567107,39.28573992241315,0.4,0.859375,8,0.4444444444444444,an0,1186
11,9.0625,2,1.5644745588092157,45.52121736849616,0.1,0.84375,8,0.4210526315789474,an0,1402
10,8.75,4,1.2443420336765103,19.081630314294134,0.0,0.9375,8,0.8654970760233918,an0,1656
10,8.03125,3,1.5960510744515868,58.088170983161675,0.5833333333333334,0.28125,8,0.15384615384615383,an0,1755
12,8.34375,1,2.073012067562093,nan,1.0,0.34375,8,0.10526315789473685,an0,1875
12,8.59375,3,1.775448603011499,35.232512889493286,0.4444444444444444,0.78125,8,0.4210526315789474,an0,1964
10,8.71875,7,0.6831792378049423,34.41130196594531,0.1111111111111111,0.96875,8,0.5555555555555556,an0,1967
12,8.3125,4,2.038935522402837,84.0980090713079,0.8181818181818182,0.3125,8,0.11764705882352941,an0,1985
12,8.5625,2,1.7768674864817942,74.43456421512872,0.5714285714285714,0.328125,8,0.125,an0,2011
11,8.09375,1,2.6318076089111417,66.7318219941832,1.0,0.65625,8,0.2,an0,2160
12,8.46875,4,1.866242991473995,70.33667065300344,0.8571428571428571,0.375,8,0.1111111111111111,an0,2214
12,8.96875,2,1.942468914518574,61.54981043981374,0.6153846153846154,0.28125,8,0.11764705882352941,an0,2219
11,8.8125,1,2.0546956449918286,57.08922566912254,0.6363636363636364,0.625,8,0.19999999999999998,an0,2434
11,8.875,3,2.2106778992412144,49.617392887833205,0.7,0.703125,8,0.28571428571428564,an0,2536
11,8.71875,3,1.904737303028527,61.035146159336946,0.8,0.625,8,0.2105263157894737,an0,2546
11,9.15625,1,2.230425606716524,40.896299681377556,0.5,0.78125,8,0.4000000000000001,an0,2562
11,9.53125,4,1.5654407809654372,50.023348972625435,0.4,0.828125,8,0.39999999999999997,an0,2635
11,7.375,2,2.1515185934740413,nan,0.21428571428571427,0.125,8,0.14285714285714288,an0,2901
12,9.8125,3,2.82200454950366,33.44392807205896,0.5454545454545454,0.75,8,0.42857142857142855,an0,2937
11,8.78125,3,1.963117583121625,68.089277871816,0.5,0.671875,8,0.22222222222222224,an0,3012
11,8.40625,2,2.3398287089222523,83.98738732762116,1.0,0.46875,8,0.11764705882352941,an0,3017
11,8.5625,3,2.139301966349259,66.18604403791839,0.4,0.21875,8,0.11111111111111112,an0,3093
11,9.1875,2,1.9250052366916621,27.26438715273056,0.2727272727272727,0.8125,8,0.5263157894736842,an0,3134
12,7.875,2,2.1213203435596424,62.24772082220034,0.6,0.3125,8,0.11111111111111112,an0,3195
10,8.5,3,1.9344083032987032,59.2863376607617,0.6,0.75,8,0.25,an0,3207
12,9.0,3,2.063507818286384,65.87908309832517,1.0,0.421875,8,0.11764705882352941,an0,3213
11,8.6875,3,1.9582332392630961,49.74151937767884,0.7,0.71875,8,0.26666666666666666,an0,3215
12,8.375,4,1.9959636689433842,72.65750694917456,0.9,0.5625,8,0.13333333333333333,an0,3236
11,7.46875,2,2.422799966447778,81.80405233863718,0.7,0.28125,8,0.10526315789473685,an0,3407
12,8.40625,1,2.674363053501802,nan,0.8,0.3125,8,0.10526315789473685,an0,3446
11,9.25,8,0.842423539174232,65.48637806296479,0.4,0.859375,8,0.22222222222222224,an0,3556
13,8.40625,2,2.588552653261988,66.50595464512661,0.8,0.578125,8,0.17391304347826086,an0,3572
12,8.59375,4,1.8813065981197834,64.02072940333436,1.0,0.359375,8,0.1111111111111111,an0,3721
12,8.5,4,1.545023227719748,86.4262258248651,0.5,0.265625,8,0.125,an0,3845
11,8.78125,3,2.2963417611215817,82.2674475807086,0.7,0.34375,8,0.13333333333333333,an0,3989
11,8.15625,2,2.6409843594949165,66.39065372090352,0.7,0.3125,8,0.10526315789473685,an0,4062
11,9.5625,3,1.3897667476606375,30.30143206467534,0.0,0.90625,8,0.7,an0,4248
13,8.65625,2,2.308600679367091,78.12986036557815,0.8181818181818182,0.34375,8,0.10526315789473685,an0,4296
13,9.34375,7,1.310241913147241,67.22947957620471,1.0,0.46875,8,0.11111111111111112,an0,4354
11,9.3125,4,1.4466312368685639,36.21106770584633,0.2,0.890625,8,0.6,an0,4415
11,8.3125,3,1.941690317821712,30.949608535406355,0.3333333333333333,0.84375,8,0.5555555555555556,an0,4430
10,8.6875,4,1.0606601717798212,26.175730186691098,0.0,0.96875,8,0.7777777777777778,an0,4537
10,8.84375,4,1.0809009085913235,18.888737297696448,0.0,0.96875,8,0.8944444444444444,an0,4543
10,8.5625,5,1.1341473989656923,32.232809264095415,0.0,0.9375,8,0.6666666666666666,an0,4548
11,8.65625,5,1.6186289498891817,71.96054691634855,0.9,0.53125,8,0.13333333333333333,an0,4742
13,8.75,3,2.257603639602928,nan,1.0,0.34375,8,0.10526315789473685,an0,4756
10,8.21875,4,1.2632363710059404,28.00687805682549,0.1111111111111111,0.90625,8,0.6666666666666665,an0,4814
11,8.6875,3,1.674042817504591,35.70883573093093,0.1111111111111111,0.875,8,0.5263157894736842,an0,4819
10,8.1875,6,0.7803018439949604,24.65930702899777,0.0,0.953125,8,0.75,an0,4899
9,8.0,7,0.3592106040535498,20.695545657548003,0.0,1.0,8,0.875,an0,4923
9,7.84375,5,0.8838834764831844,34.79566242457034,0.0,0.90625,8,0.625,an0,4984
9,7.875,4,0.9418581497197699,18.913691691363113,0.0,0.9375,8,0.875,an0,5001
13,9.125,3,2.1812988140392484,68.67699852961903,0.875,0.40625,8,0.16025641025641024,an0,5043
13,9.09375,4,1.8379402040187236,68.16203379413021,1.0,0.5,8,0.125,an0,5047
11,7.4375,3,1.4577379737113252,70.48213233338554,0.5384615384615384,0.25,8,0.25,an0,5108
12,8.125,4,2.2965612442055834,nan,0.9,0.3125,8,0.11764705882352941,an0,5192
12,8.375,3,2.090685950097595,87.55451966610728,0.8,0.359375,8,0.125,an0,5212
10,7.78125,3,1.8091947059039741,74.67422374447743,0.8888888888888888,0.28125,8,0.1111111111111111,an0,5233
12,8.0,2,2.5016123832698445,nan,0.8888888888888888,0.3125,8,0.10000000000000002,an0,5429
12,9.03125,4,1.5960510744515868,67.55354514021221,0.8888888888888888,0.46875,8,0.125,an0,5603
9,8.09375,2,1.4888699980077986,29.958195893383028,0.2222222222222222,0.9375,8,0.6666666666666666,an0,5701
11,8.5,4,2.2718473369882592,77.99933261365526,0.9,0.40625,8,0.14285714285714288,an0,5728
12,8.8125,3,2.1914423001390455,63.00939871298468,0.8461538461538461,0.4375,8,0.12132352941176472,an0,5872
9,7.9375,6,0.4353345024601864,20.89053982332075,0.0,0.96875,8,0.875,an0,6136
9,7.8125,2,1.2296734420949118,21.905116632934224,0.0,0.9375,8,0.875,an0,6138
11,8.9375,1,1.865432579772697,58.26391219695108,0.7,0.71875,8,0.25,an0,6273
12,9.15625,6,1.272776365831545,62.80092515996973,0.6666666666666666,0.6875,8,0.22222222222222224,an0,6413
13,9.625,4,2.536825549967467,62.01388603462098,1.0,0.53125,8,0.17028985507246377,an0,6432
12,8.90625,3,2.248431352829589,70.66732873139935,1.0,0.4375,8,0.11111111111111112,an0,6433
10,7.46875,1,1.5859132913693408,19.339037405757843,0.125,0.890625,8,0.75,an0,6575
10,7.53125,4,1.544696963704344,46.53108486326782,0.375,0.8125,8,0.375,an0,6640
10,7.03125,1,1.5551034609290626,21.565189758824893,0.0,0.9375,8,0.8571428571428571,an0,6647
10,9.03125,3,1.7502879947357604,49.9601069426176,0.3,0.828125,8,0.4444444444444445,an0,6773
10,7.375,4,1.157026221578126,26.60331831067111,0.0,0.9375,8,0.7999999999999999,an0,6853
9,7.875,5,0.8327955253822958,29.037342526473076,0.0,0.9375,8,0.75,an0,7058
10,9.84375,7,0.5741403110513958,22.38233143838538,0.0,0.984375,8,0.8421052631578948,an0,7217
10,8.25,2,1.9838054014866837,28.86275657300348,0.0,0.875,8,0.6666666666666666,an0,7262
14,8.09375,0,3.3731326972931837,55.589037310401366,1.0,0.453125,8,0.15384615384615383,an0,7544
12,8.90625,3,2.053468741171324,88.61377488504105,0.9285714285714286,0.359375,8,0.10526315789473685,an0,7561
11,8.375,4,1.4535828926505883,47.150811338283106,0.4444444444444444,0.8125,8,0.3333333333333333,an0,7594
12,8.46875,1,2.0317539697385576,66.54369034628283,0.6363636363636364,0.4375,8,0.13333333333333333,an0,7620
11,8.78125,1,2.3242671408285847,76.74376716956682,1.0,0.40625,8,0.10526315789473685,an0,7708
12,7.96875,3,2.4819915910543524,88.75555108376822,0.8,0.28125,8,0.10526315789473685,an0,7730
11,8.1875,3,2.442070776496733,81.28379705736253,1.0,0.4375,8,0.1111111111111111,an0,7790
13,9.875,4,2.196037487193989,66.58391633605532,0.9230769230769231,0.59375,8,0.1818181818181818,an0,7830
12,9.34375,1,2.7192192309202383,67.16753383186894,1.0,0.40625,8,0.2105263157894737,an0,7840
12,8.4375,3,2.3409055319848813,82.72008958055379,0.9,0.34375,8,0.11111111111111112,an0,7914
11,7.84375,3,2.0337376206574485,72.99458082572028,0.9,0.40625,8,0.125,an0,7977
11,7.65625,2,2.535036743387082,63.495664588194835,0.75,0.28125,8,0.10526315789473685,an0,7987
11,9.0625,3,1.8480591388386793,42.20710887739403,0.5,0.765625,8,0.35294117647058826,an0,8005
11,8.6875,6,1.4466312368685639,81.25185190030277,1.0,0.609375,8,0.125,an0,8093
11,7.96875,3,2.0710660337442244,75.6887111042012,0.5555555555555556,0.3125,8,0.15384615384615385,an0,8145
13,9.28125,2,2.232232717085252,79.86742820941512,0.8181818181818182,0.34375,8,0.1111111111111111,an0,8259
11,8.84375,3,1.8158686715338377,86.84390916440947,0.9090909090909091,0.4375,8,0.11764705882352941,an0,8339
11,9.09375,4,1.855408397787572,nan,0.5,0.234375,8,0.11764705882352941,an0,8409
12,7.96875,2,2.389282184012326,65.75923757255862,0.5,0.234375,8,0.11764705882352941,an0,8546
12,8.84375,6,1.6677080080157918,88.19553944586006,0.8,0.34375,8,0.11764705882352941,an0,8592
12,8.21875,2,2.6968844031346557,68.83677579740842,0.9,0.46875,8,0.11111111111111112,an0,8679
10,8.65625,4,1.536845848252297,23.174367637507075,0.0,0.90625,8,0.8888888888888888,an0,8887
11,9.71875,3,1.650696334004766,42.97889619986021,0.4,0.84375,8,0.380952380952381,an0,8932
10,9.90625,9,0.29614458108029906,20.117838053068787,0.0,1.0,8,0.9473684210526316,an0,8959
11,10.3125,3,1.941690317821712,17.67709467414333,0.0,0.9375,8,0.9090909090909091,an0,8982
11,8.71875,3,2.0037766761148648,67.81836574236873,0.6,0.6875,8,0.2105263157894737,an0,9086
12,9.375,6,1.4535828926505883,71.8412597578158,1.0,0.421875,8,0.1111111111111111,an0,9154
11,9.46875,5,1.4364915817769797,37.68320491868272,0.0,0.890625,8,0.5714285714285713,an0,9198
10,8.59375,2,1.3879521930969312,46.733002517552364,0.0,0.90625,8,0.5555555555555556,an0,9238
10,9.75,7,0.762000762001143,17.51418539655573,0.0,0.96875,8,0.9473684210526316,an0,9563
11,9.34375,4,1.7525902489301832,29.11903029739255,0.2,0.890625,8,0.6,an0,9578
13,9.90625,3,2.427787722558637,64.70193968849512,1.0,0.5625,8,0.2,an0,9617
13,9.125,2,2.8708771279647216,61.19637754171725,0.9230769230769231,0.34375,8,0.13333333333333333,an0,9713
11,9.65625,7,0.8654432017665117,33.30130468629163,0.2,0.859375,8,0.5263157894736842,an0,9728
12,9.4375,1,2.9505330300286965,47.58124894912866,1.0,0.59375,8,0.19999999999999998,an0,9757
10,9.03125,4,1.6940955337345516,37.1554977136123,0.2,0.828125,8,0.47058823529411764,an0,9875
10,8.90625,7,0.46554685152811626,15.205997620334143,0.0,0.96875,8,1.0,an0,9982
10,8.65625,6,0.8273305303514508,13.170699892673383,0.0,0.96875,8,0.9411764705882353,an0,10095
12,8.84375,3,1.7247603854149636,72.01064982171305,0.7857142857142857,0.375,8,0.11764705882352941,an0,10130
9,7.78125,1,1.8791620472966135,27.156780372188333,0.25,0.875,8,0.6666666666666666,an0,10166
10,8.65625,3,1.382129609719912,24.284465055989095,0.0,0.9375,8,0.7777777777777778,an0,10249
10,9.03125,9,0.1767766952966369,12.749190809713777,0.0,1.0,8,1.0,an0,10292
11,8.78125,7,0.9064064103067461,38.94673534913892,0.0,0.875,8,0.5,an0,10623
10,8.90625,6,0.8175247850637608,20.51184236199502,0.0,0.9375,8,0.8888888888888888,an0,10790
10,8.71875,3,1.3733494492216536,16.642029649186725,0.0,0.9375,8,0.888888888888889,an0,10833
10,8.625,5,1.0701220913160239,43.04566978802862,0.2222222222222222,0.8125,8,0.4210526315789474,an0,10982
9,8.71875,5,0.9240295694193397,13.361634447884963,0.0,0.9375,8,1.0,an0,11027
13,8.53125,1,2.850968992035583,nan,0.8,0.296875,8,0.09999999999999999,an0,11261
11,8.96875,6,1.3792091001496052,92.10392607431275,0.9230769230769231,0.34375,8,0.11111111111111112,an0,11392
11,9.46875,2,1.6652884086160473,29.29406820250467,0.0,0.921875,8,0.7,an0,11450
10,7.5,1,1.5657627225176254,25.979157798238,0.0,0.90625,8,0.75,an0,11583
10,8.21875,3,1.5808200199528948,30.189246382302944,0.1111111111111111,0.90625,8,0.6666666666666666,an0,11599
10,7.09375,1,1.940391962398818,40.80239277782965,0.125,0.84375,8,0.5,an0,11637
9,7.625,6,0.9069623173877128,52.49120179887832,0.1111111111111111,0.84375,8,0.42857142857142855,an0,11644
9,7.8125,3,1.2296734420949118,34.14222682284667,0.125,0.90625,8,0.5882352941176471,an0,11659
10,8.6875,0,1.9081742667424442,51.56823385279195,1.0,0.46875,8,0.26666666666666666,an0,11797
9,8.09375,8,0.29614458108029906,23.134280939230703,0.0,0.96875,8,0.875,an0,11850
9,7.375,2,1.211503997304124,25.115781256655225,0.125,0.9375,8,0.7999999999999999,an0,12064
9,7.9375,3,1.0140146973548327,20.752867405114007,0.0,0.9375,8,0.875,an0,12097
11,9.6875,7,0.7803018439949604,40.54789316338372,0.1,0.859375,8,0.5,an0,12333
8,7.1875,7,0.39655776945626603,21.90201317578692,0.0,1.0,8,0.8571428571428571,an0,12437
10,8.375,3,1.6214290789499601,74.43168025860714,0.8,0.375,8,0.125,an0,12764
12,10.53125,8,0.8793096632421185,41.918660785982205,0.0,0.90625,8,0.5714285714285713,an0,12972
10,8.40625,3,1.6821525188799598,50.31226604038327,0.1111111111111111,0.8125,8,0.4444444444444444,an0,13044
13,8.40625,1,2.7923787408333536,nan,0.8571428571428571,0.359375,8,0.10818713450292397,an0,13088
12,8.96875,4,2.1921321922701416,90.06050242599262,0.8666666666666667,0.375,8,0.10526315789473685,an0,13096
12,9.78125,3,2.4981848248988383,53.58804792510689,1.0,0.59375,8,0.2727272727272727,an0,13175
12,9.84375,3,2.35699884352689,66.48959176622397,0.9166666666666666,0.375,8,0.23529411764705882,an0,13176
12,8.625,4,2.0280293947096655,56.64479474631572,0.7272727272727273,0.4375,8,0.23529411764705882,an0,13231
12,8.625,1,2.7562246268307646,77.20414379088189,0.875,0.359375,8,0.10526315789473685,an0,13273
13,9.125,2,2.648797657854987,85.03701107514983,0.7692307692307693,0.375,8,0.1111111111111111,an0,13311
10,8.75,2,1.5657627225176254,56.24717401235777,0.9,0.5,8,0.125,an0,13342
11,9.25,4,1.5657627225176254,64.3083747173776,1.0,0.5625,8,0.2105263157894737,an0,13519
10,8.96875,8,0.30946102990886926,32.93032182561387,0.0,0.96875,8,0.6666666666666666,an0,13708
12,8.8125,4,1.839310880772751,69.43901888527803,0.8181818181818182,0.40625,8,0.1213235294117647,an0,13972
11,9.28125,5,1.4861592629454992,41.905777823863396,0.36363636363636365,0.78125,8,0.4210526315789474,an0,14051
11,9.46875,3,1.6845478956987914,29.605366840461297,0.0,0.90625,8,0.7,an0,14178
11,10.25,7,0.8798826901281197,23.960869926585573,0.0,0.96875,8,0.8421052631578948,an0,14216
11,8.875,3,1.5606036879899208,47.211313346561894,0.5,0.75,8,0.35294117647058826,an0,14217
11,8.46875,5,1.6061248696082735,86.70955798850609,0.9090909090909091,0.375,8,0.10526315789473685,an0,14354
11,7.96875,4,1.8575803720726802,nan,0.8333333333333334,0.3125,8,0.11111111111111112,an0,14577
11,8.6875,4,2.038935522402837,60.43297486911109,1.0,0.640625,8,0.16666666666666666,an0,14581
12,8.15625,3,2.096223562935607,nan,0.5454545454545454,0.25,8,0.11764705882352941,an0,14704
10,9.71875,7,0.8125775397243737,13.761568432082285,0.0,0.96875,8,1.0,an0,14898
11,8.59375,2,1.9651705171028602,70.98274187792268,0.7272727272727273,0.3125,8,0.125,an0,14961
10,9.8125,5,0.895778630487862,18.697207677457264,0.0,0.96875,8,1.0,an0,15130
10,9.59375,3,1.4996639408493728,20.539291021271282,0.0,0.953125,8,0.9,an0,15321
10,8.875,3,1.128801819801464,11.360310150790973,0.0,0.96875,8,1.0,an0,15515
10,8.375,2,1.930234817739257,21.932254781301317,0.0,0.875,8,0.8421052631578948,an0,15574
10,8.96875,5,0.8224422717264602,36.681792867189415,0.1111111111111111,0.90625,8,0.5555555555555556,an0,15588
12,10.03125,5,1.8047316841051202,17.059647508860472,0.09090909090909091,0.90625,8,0.9,an0,15682
9,8.65625,4,1.0035220234817486,22.45631368469802,0.0,0.9375,8,0.8888888888888888,an0,15911
10,7.65625,1,1.5985754747233853,27.704582341919636,0.0,0.90625,8,0.7142857142857143,an0,16048
9,8.0625,6,0.564400909900732,18.82869320825659,0.0,0.96875,8,0.875,an0,16088
10,8.125,3,1.4312187452567107,38.32746658843201,0.1111111111111111,0.84375,8,0.5,an0,16140
10,9.0,4,1.270001270001905,19.426504375606616,0.0,0.9375,8,0.8421052631578948,an0,16270
11,9.90625,7,0.5880188169032162,14.304035320316,0.0,0.984375,8,1.0,an0,16290
11,8.8125,4,1.1198358174592007,20.06391696276898,0.0,0.9375,8,0.8888888888888888,an0,16369
10,7.75,3,1.2443420336765103,18.45317218700831,0.3333333333333333,0.9375,8,0.7142857142857143,an0,16508
9,8.96875,8,0.1767766952966369,16.194456984157227,0.0,1.0,8,1.0,an0,16510
10,8.96875,8,0.30946102990886926,22.31730534609925,0.0,1.0,8,0.823529411764706,an0,16532
12,9.28125,3,1.6111381470973425,85.5415238052367,1.0,0.546875,8,0.10526315789473685,an0,16649
13,8.46875,2,2.271625466062686,82.58162650748103,1.0,0.5,8,0.11111111111111112,an0,16793
11,8.53125,4,1.5236707586106526,71.69296218613755,1.0,0.53125,8,0.125,an0,16899
13,8.25,2,2.257603639602928,67.94629657862156,0.6666666666666666,0.328125,8,0.11764705882352941,an0,16911
12,8.40625,4,2.04559913141642,79.56807651410408,0.8461538461538461,0.3125,8,0.125,an0,16920
10,8.6875,4,1.0606601717798212,54.51499468092911,0.3333333333333333,0.84375,8,0.35294117647058826,an0,17032
10,8.46875,7,0.9152604071537377,55.57781641839918,0.375,0.84375,8,0.3333333333333333,an0,17170
10,8.375,4,1.128801819801464,61.78243462945012,0.4444444444444444,0.78125,8,0.26666666666666666,an0,17272
11,7.90625,2,2.0057879957440585,75.39006122944808,0.8,0.53125,8,0.125,an0,17329
12,7.75,0,2.4626238301925567,67.30865194760844,0.875,0.421875,8,0.11764705882352941,an0,17581
12,8.59375,3,2.2840170469958716,nan,0.8,0.328125,8,0.1111111111111111,an0,18019
10,8.53125,3,1.7957723650554305,74.35991811550754,0.7777777777777778,0.375,8,0.125,an0,18037
12,8.5,2,2.6273990573286756,74.47995304469366,1.0,0.53125,8,0.125,an0,18288
9,8.3125,4,1.4013242584852925,61.650586480325195,0.0,0.875,8,0.3333333333333333,an0,18317
11,8.59375,3,2.2840170469958716,99.05564390263586,0.9090909090909091,0.40625,8,0.1111111111111111,an0,18391
11,8.25,4,1.8665130505147656,92.97271897208229,0.8125,0.3125,8,0.11111111111111112,an0,18398
11,8.9375,4,1.0453429750487975,64.90947653310741,0.1111111111111111,0.875,8,0.3333333333333333,an0,18542
10,8.625,7,0.7071067811865476,55.94847258702804,0.1111111111111111,0.875,8,0.35294117647058826,an0,18572
11,8.4375,3,1.605183136974036,63.43899128481139,0.8888888888888888,0.65625,8,0.14285714285714285,an0,18587
11,8.15625,4,1.7980163801327858,57.13817032258296,0.6,0.296875,8,0.15384615384615383,an0,18691
12,9.1875,1,2.161801817182647,82.06696423487574,0.9166666666666666,0.40625,8,0.10526315789473685,an0,18727
12,9.15625,1,2.541391224278291,75.15332231931045,1.0,0.640625,8,0.18181818181818182,an0,18750
12,8.5625,3,1.9166082272530798,71.55518608695095,0.8333333333333334,0.421875,8,0.11764705882352941,an0,19081
12,8.09375,1,2.7633473740515178,63.79689305791289,0.7777777777777778,0.34375,8,0.10526315789473685,an0,19234
10,8.0625,2,2.0781117359508787,71.36093070462488,0.8888888888888888,0.59375,8,0.2105263157894737,an0,19253
10,8.84375,6,0.9540871333712221,62.27133187200917,0.2222222222222222,0.84375,8,0.3157894736842105,an0,19267
11,8.65625,6,1.310241913147241,64.49008862857038,0.5454545454545454,0.25,8,0.125,an0,19325
12,7.96875,2,2.389282184012326,nan,0.7777777777777778,0.375,8,0.10000000000000002,an0,19340
11,7.90625,2,2.467326815179381,nan,0.6666666666666666,0.34375,8,0.10526315789473685,an0,19437
9,8.78125,7,0.4908435793150795,50.93968545613967,0.0,0.96875,8,0.5555555555555556,an0,19473
13,9.25,3,1.967477507351859,79.87092076703897,0.8,0.515625,8,0.11764705882352941,an0,19485
11,9.3125,4,1.3781123134153823,75.38184709310278,0.7,0.703125,8,0.20000000000000004,an0,19595
10,9.84375,9,0.36890203262847354,70.02448194574018,0.1,0.9375,8,0.3157894736842105,an0,19622
11,9.03125,4,1.6940955337345516,69.94378957795654,1.0,0.671875,8,0.1904761904761905,an0,19623
11,8.9375,2,2.3270845667154343,55.21054943193356,0.2,0.84375,8,0.3157894736842105,an0,19688
12,8.25,3,2.063507818286384,69.091993810768,0.9090909090909091,0.40625,8,0.11764705882352941,an0,19748
11,9.0625,2,2.154327976947351,67.01047967398009,0.36363636363636365,0.78125,8,0.2105263157894737,an0,19938
11,9.625,4,1.75517667523538,56.58853875301641,0.5,0.765625,8,0.28571428571428564,an0,20033
11,9.8125,4,1.7859216469465444,72.47618444432767,0.18181818181818182,0.8125,8,0.2727272727272727,an0,20077
11,8.78125,5,1.4081416488499325,66.76567113143068,0.7,0.671875,8,0.2105263157894737,an0,20133
11,8.96875,5,1.575710285308123,74.25060993804613,0.8,0.609375,8,0.20000000000000004,an0,20317
12,8.75,4,1.9176598642195934,87.11545093369968,0.9090909090909091,0.34375,8,0.10526315789473685,an0,20324
13,8.3125,3,2.292167589436801,78.5418268852933,0.9,0.359375,8,0.11764705882352941,an0,20326
11,9.65625,4,2.025791362692933,57.52294853037981,0.5,0.765625,8,0.28571428571428564,an0,20398
11,9.03125,0,2.9235900930633325,51.01508661660784,0.9090909090909091,0.65625,8,0.2222222222222222,an0,20425
12,8.75,4,2.0,63.36796265570626,1.0,0.65625,8,0.2105263157894737,an0,20471
11,9.0625,5,1.5437177579237185,40.44669260195602,0.45454545454545453,0.3125,8,0.23529411764705882,an0,20538
11,9.75,5,1.0472698761772856,45.90855283978555,0.0,0.9375,8,0.5263157894736842,an0,20540
11,9.375,5,1.6412033350858064,61.498642084076636,0.2,0.84375,8,0.3,an0,20660
11,9.9375,4,1.1341473989656923,49.84472903126984,0.0,0.96875,8,0.5,an0,20719
10,9.15625,3,1.4834435744947219,57.32568325659206,0.1,0.875,8,0.3529411764705882,an0,20753
13,9.96875,6,1.447676113304443,66.077859940983,0.7272727272727273,0.75,8,0.22222222222222224,an0,20853
12,9.0,7,1.1359236684941296,74.3632617679175,0.7,0.703125,8,0.13333333333333333,an0,20886
11,8.90625,3,1.8727136598030418,76.12759809675416,0.6,0.640625,8,0.16666666666666666,an0,20931
11,9.40625,7,1.291644987677941,49.93083342092453,0.5454545454545454,0.53125,8,0.33333333333333326,an0,20972
10,9.625,6,0.8706690049203728,46.37180189065039,0.0,0.9375,8,0.5,an0,21012
11,9.15625,2,1.851056803645577,43.40138886666596,0.0,0.9375,8,0.5263157894736842,an0,21026
10,8.90625,7,0.46554685152811626,46.87436421281066,0.0,0.96875,8,0.47058823529411764,an0,21076
10,8.84375,6,0.7666169923131275,47.117449195105934,0.0,0.90625,8,0.4444444444444444,an0,21096
11,8.34375,3,1.894122913884742,70.52853993726457,0.3333333333333333,0.8125,8,0.2222222222222222,an0,21256
13,8.125,3,2.624327870940205,78.23338419892028,0.6666666666666666,0.375,8,0.10526315789473685,an0,21465
10,8.125,1,2.2252219896508767,78.52697693443963,1.0,0.625,8,0.13333333333333333,an0,21473
14,7.09375,2,2.6071783660229433,55.071951130423265,0.875,0.46875,8,0.11764705882352941,an0,21607
10,7.5625,4,1.1053389496206072,52.185955094771046,0.25,0.84375,8,0.375,an0,21703
10,8.75,4,0.9837387536759294,47.789495683050546,0.0,0.9375,8,0.4444444444444444,an0,21853
10,8.53125,0,1.6458035590065752,42.394176896319635,0.1111111111111111,0.9375,8,0.5555555555555556,an0,21918
11,9.40625,3,1.583368703623039,38.24304417125582,0.0,0.890625,8,0.6,k2s,280
11,8.5,3,2.5272706175226958,68.97226591975742,0.8181818181818182,0.4375,8,0.12500000000000003,k2s,348
12,8.53125,1,2.094299097473286,75.2622188365543,0.9,0.515625,8,0.11764705882352941,k2s,480
10,8.34375,3,1.5782672205158537,47.035143111294985,0.3333333333333333,0.78125,8,0.3333333333333333,k2s,605
10,7.875,3,1.211503997304124,36.46692102753974,0.0,0.921875,8,0.625,k2s,635
11,8.1875,5,1.1198358174592007,40.543062223038504,0.0,0.90625,8,0.5555555555555556,k2s,638
10,8.21875,3,1.33765261414503,51.331807640942785,0.0,0.859375,8,0.375,k2s,750
10,8.59375,7,0.6652370423996586,28.514590604657997,0.0,0.96875,8,0.7058823529411765,k2s,1067
9,8.5,4,0.9837387536759294,59.72802580005656,0.0,0.84375,8,0.35294117647058826,k2s,1299
10,9.3125,4,1.6932027297021959,26.769588112067034,0.0,0.90625,8,0.7,k2s,1503
11,7.9375,2,2.3409055319848813,59.296127815330124,0.8888888888888888,0.59375,8,0.16666666666666666,k2s,1510
11,8.84375,3,2.4111217440262385,57.47513484675625,0.9,0.65625,8,0.20000000000000004,k2s,1534
10,8.21875,6,0.8700899100741849,47.373286959986004,0.125,0.84375,8,0.39999999999999997,k2s,1862
10,8.375,4,1.3854078239672525,43.35448702428492,0.2222222222222222,0.875,8,0.47058823529411764,k2s,1973
11,9.59375,4,1.6821525188799598,51.096185534836835,1.0,0.546875,8,0.3,k2s,2118
10,8.78125,4,1.3850439611050431,61.07818229422931,0.9,0.5625,8,0.13333333333333333,k2s,2402
10,8.875,5,0.8706690049203728,31.37373072769117,0.0,0.96875,8,0.7368421052631577,k2s,2566
9,8.78125,5,0.7924797748513126,25.285945196998572,0.0,0.96875,8,0.8888888888888888,k2s,2633
11,9.25,6,1.1359236684941296,54.32466304587163,0.3,0.8125,8,0.3157894736842105,k2s,2663
10,8.8125,7,0.7803018439949604,51.027049352524784,0.1111111111111111,0.9375,8,0.5,k2s,2742
10,8.84375,3,1.1103435969220548,28.40971909484264,0.0,0.96875,8,0.7777777777777778,k2s,2754
11,7.125,2,2.7208869521631387,nan,0.8888888888888888,0.34375,8,0.0,k2s,2979
9,7.78125,5,0.9749896608219378,32.38673282322505,0.2222222222222222,0.84375,8,0.5333333333333333,k2s,3130
11,9.09375,2,1.6136389451055309,52.56013010609743,0.6,0.75,8,0.35294117647058826,k2s,3176
10,8.375,1,1.8272136375966974,57.71977431581483,0.6666666666666666,0.5,8,0.25,k2s,3201
12,10.28125,1,2.517479217968487,35.39426623452536,0.25,0.84375,8,0.5,k2s,3556
11,8.6875,4,1.712148245013622,76.54931344319535,1.0,0.40625,8,0.125,k2s,3574
12,8.34375,4,1.8597498097428884,66.54247778505146,1.0,0.515625,8,0.13333333333333333,k2s,3610
11,8.71875,4,1.3966405545843488,63.639692739624394,0.7,0.609375,8,0.2222222222222222,k2s,3787
10,9.34375,5,0.970845158910856,35.555220708329955,0.0,0.96875,8,0.6666666666666666,k2s,3972
10,8.5,2,1.524001524002286,34.46632949563192,0.0,0.90625,8,0.6666666666666666,k2s,4016
11,7.875,2,2.5495097567963922,67.89660852008303,0.9090909090909091,0.53125,8,0.125,k2s,4053
9,8.09375,7,0.3901509219974802,40.095770350114385,0.25,0.828125,8,0.5,k2s,4216
11,8.59375,3,1.6036123536083031,49.228114169816074,0.4,0.765625,8,0.3333333333333333,k2s,4258
10,9.75,7,0.672021505032247,25.657991847726286,0.0,0.984375,8,0.8000000000000002,k2s,4358
12,10.40625,6,1.187553054841979,44.304521496118205,0.0,0.875,8,0.5,k2s,4492
12,10.5,3,2.449489742783178,32.50853526978618,0.08333333333333333,0.84375,8,0.5833333333333334,k2s,4597
12,8.875,2,2.3244839871359866,71.37096695311557,0.8461538461538461,0.40625,8,0.11437908496732027,k2s,4687
9,9.0,9,0.0,20.21360531759,0.0,1.0,8,0.8888888888888888,k2s,4791
9,8.96875,8,0.1767766952966369,21.030132292341825,0.0,1.0,8,0.8888888888888888,k2s,4802
9,8.875,5,0.7071067811865476,21.18734834373357,0.0,0.96875,8,0.8888888888888888,k2s,5153
12,9.125,2,2.075199174272972,80.24146486312651,1.0,0.46875,8,0.1380952380952381,k2s,5244
11,10.09375,4,1.7106756823906104,23.891489540856746,0.09090909090909091,0.9375,8,0.7559523809523809,k2s,5261
12,8.125,3,2.4461952022972198,76.4294008858598,0.8461538461538461,0.34375,8,0.125,k2s,5379
10,8.9375,7,0.564400909900732,26.489280934417167,0.0,1.0,8,0.7777777777777778,k2s,5561
10,9.78125,6,0.7924797748513126,25.378019793835875,0.0,0.96875,8,0.8000000000000002,k2s,5640
10,8.375,3,1.157026221578126,26.52891261086041,0.1111111111111111,0.9375,8,0.7777777777777778,k2s,5720
11,9.5625,3,1.7215428189328765,46.74156460540376,0.3,0.84375,8,0.4000000000000001,k2s,5990
11,8.90625,2,1.784509962553197,48.96962307320679,0.4,0.8125,8,0.3904761904761905,k2s,6062
11,9.71875,3,2.0515041688572584,47.466098581546674,0.45454545454545453,0.78125,8,0.3157894736842105,k2s,6133
11,9.46875,1,2.1248814008649837,48.650116995014926,0.2,0.859375,8,0.4000000000000001,k2s,6138
10,8.6875,6,0.895778630487862,47.49133130914773,0.5555555555555556,0.71875,8,0.3333333333333333,k2s,6180
10,9.09375,8,0.3901509219974802,28.754145772888332,0.0,1.0,8,0.7777777777777778,k2s,6294
9,7.875,3,1.6607421582319852,34.32580047806147,0.1111111111111111,0.875,8,0.5882352941176471,k2s,6313
10,8.84375,4,1.0809009085913235,30.302778178074256,0.0,0.96875,8,0.6666666666666666,k2s,6340
10,8.46875,4,1.4807229054014952,42.14814725822592,0.1111111111111111,0.875,8,0.47058823529411764,k2s,6346
10,9.0625,3,1.3897667476606375,32.41010705108053,0.0,0.9375,8,0.631578947368421,k2s,6651
10,8.0625,6,0.7156093726283553,52.95270116558475,0.0,0.9375,8,0.5,k2s,6674
11,7.90625,4,1.4888699980077986,nan,0.375,0.15625,8,0.14285714285714288,k2s,6885
11,8.5625,2,2.0781117359508787,93.13328925378008,0.9,0.34375,8,0.1111111111111111,k2s,6966
10,9.375,1,1.862187406112465,48.84575086397872,0.0,0.921875,8,0.5,k2s,7022
9,8.09375,4,1.0582814736256865,43.87393484648899,0.0,0.90625,8,0.4444444444444444,k2s,7139
9,9.0,9,0.0,12.352647110032732,0.0,1.0,8,1.0,k2s,7221
10,10.0,10,0.0,17.526751587071274,0.0,1.0,8,1.0,k2s,7276
10,9.0,8,0.43994134506405985,31.56031081661828,0.0,1.0,8,0.7777777777777778,k2s,7378
10,8.78125,5,0.8321900759926455,34.523450266467414,0.0,0.96875,8,0.7777777777777778,k2s,7459
10,8.875,4,0.9418581497197699,24.44166704879906,0.0,0.96875,8,0.8421052631578948,k2s,7509
11,9.25,6,0.9503819266229829,46.22189980565288,0.1,0.90625,8,0.5,k2s,7578
10,8.84375,5,0.9540871333712221,52.42376332641249,0.0,0.9375,8,0.38749999999999996,k2s,7627
11,9.3125,1,1.9081742667424442,63.3774833777223,0.7,0.75,8,0.22222222222222224,k2s,7665
11,9.125,5,1.5397947077242096,64.7333292707102,0.3,0.78125,8,0.2222222222222222,k2s,7703
10,9.03125,8,0.30946102990886926,28.32239737315786,0.0,1.0,8,0.823529411764706,k2s,7852
9,9.0,9,0.0,11.654998303007822,0.0,1.0,8,1.0,k2s,8050
10,8.96875,6,0.594836654184399,16.07216054605153,0.0,1.0,8,1.0,k2s,8194
10,9.8125,5,0.895778630487862,12.748141339840377,0.0,0.96875,8,1.0,k2s,8370
11,7.625,2,1.6014106684521177,35.891501937257814,0.25,0.875,8,0.5,k2s,8454
10,9.0625,9,0.24593468841898236,20.44814375681483,0.0,1.0,8,0.8888888888888888,k2s,8458
10,9.03125,9,0.1767766952966369,18.93467555370238,0.0,1.0,8,0.9473684210526316,k2s,8498
10,10.0,10,0.0,24.44296206392802,0.0,1.0,8,0.9,k2s,8783
11,8.625,2,1.4312187452567107,33.728733976532865,0.4444444444444444,0.8125,8,0.5,k2s,8961
11,9.21875,3,1.89625054489966,57.32680518182933,0.1,0.859375,8,0.4000000000000001,k2s,9046
11,10.0,3,1.344043010064494,24.899991602693476,0.0,0.96875,8,0.9,k2s,9051
9,8.0625,3,1.8480591388386793,41.56746017669377,0.3333333333333333,0.84375,8,0.4444444444444444,k2s,9120
11,8.0625,2,2.4486665232194205,nan,1.0,0.359375,8,0.1111111111111111,k2s,9254
12,9.4375,3,1.664380151985291,40.5959367780365,0.0,0.90625,8,0.6,k2s,9534
12,10.875,5,1.4535828926505883,47.037478823407405,0.09090909090909091,0.90625,8,0.5,k2s,9670
9,8.03125,7,0.30946102990886926,20.70788650784637,0.0,1.0,8,0.9333333333333333,k2s,10076
10,9.3125,4,1.533233984626255,47.30847111312877,0.1,0.90625,8,0.5,k2s,10131
13,8.84375,3,2.141892063784547,71.12331662556288,0.8,0.4375,8,0.11111111111111112,k2s,10178
11,8.53125,2,2.1994775772676625,63.101961647777465,1.0,0.578125,8,0.15384615384615383,k2s,10200
11,9.34375,3,1.7525902489301832,44.37935147644988,0.0,0.875,8,0.47619047619047616,k2s,10216
11,8.1875,4,2.161801817182647,74.88011251327018,0.9,0.4375,8,0.13333333333333333,k2s,10239
11,9.28125,5,1.650696334004766,56.333394793078945,0.9,0.703125,8,0.22222222222222224,k2s,10302
12,8.71875,3,2.2177346040934536,77.2263103012533,0.9090909090909091,0.46875,8,0.125,k2s,10310
12,9.875,1,3.139241741197613,44.60776883828918,0.4166666666666667,0.78125,8,0.34782608695652173,k2s,10315
11,9.0,7,0.5679618342470648,30.880652709446974,0.1111111111111111,0.9375,8,0.5555555555555556,k2s,10342
11,8.78125,1,2.195807956230499,85.98049128844373,1.0,0.40625,8,0.1111111111111111,k2s,10878
10,9.90625,8,0.3901509219974802,32.96234263341903,0.0,1.0,8,0.7,k2s,11065
10,9.5,2,1.6263951827039393,25.32579384233337,0.0,0.890625,8,0.8000000000000002,k2s,11155
12,10.125,2,2.624327870940205,68.08793370135578,1.0,0.625,8,0.23529411764705882,k2s,11332
10,10.0,10,0.0,13.527629740541897,0.0,1.0,8,1.0,k2s,11370
11,9.0625,5,1.6448845434529205,71.85895282640048,1.0,0.625,8,0.14835164835164835,k2s,11404
12,9.78125,3,1.963117583121625,43.61371809395219,0.36363636363636365,0.78125,8,0.4210526315789474,k2s,11483
10,9.03125,9,0.1767766952966369,18.527362177640793,0.0,1.0,8,0.8888888888888888,k2s,11590
10,9.8125,6,0.7378040652569471,16.87965518216378,0.0,0.984375,8,1.0,k2s,11629
10,9.75,4,1.0776318121606494,22.271501244503487,0.0,0.96875,8,0.9,k2s,11672
11,9.25,8,0.5679618342470648,46.25651433121787,0.4444444444444444,0.875,8,0.4210526315789474,k2s,11713
9,8.59375,5,1.0115263139785182,45.34541429099774,0.0,0.875,8,0.47058823529411764,k2s,11720
10,8.96875,3,1.3316101095557091,44.79369585785057,0.0,0.9375,8,0.4444444444444444,k2s,11726
11,10.03125,10,0.1767766952966369,22.653314646770635,0.0,1.0,8,0.9,k2s,11737
10,8.53125,3,1.544696963704344,36.33415218967896,0.2222222222222222,0.84375,8,0.4210526315789474,k2s,11773
9,8.9375,7,0.3535533905932738,23.027004145608586,0.0,1.0,8,0.8888888888888888,k2s,11968
10,9.125,9,0.3360107525161235,24.66927690224853,0.0,1.0,8,0.8888888888888888,k2s,12012
10,7.8125,2,1.9582332392630961,46.38278939561277,0.5,0.75,8,0.30769230769230765,k2s,12050
10,9.9375,8,0.3535533905932738,17.20062363413102,0.0,1.0,8,1.0,k2s,12248
10,9.9375,9,0.24593468841898236,15.371430392670455,0.0,1.0,8,1.0,k2s,12258
11,8.84375,5,1.0809009085913235,49.08948165964255,0.0,0.90625,8,0.4444444444444444,k2s,12488
10,8.875,4,1.0701220913160239,42.993685709951855,0.2,0.953125,8,0.5555555555555556,k2s,12521
10,9.4375,8,0.564400909900732,37.29366913937976,0.0,1.0,8,0.6666666666666666,k2s,12524
9,7.9375,3,0.9482581654734625,31.634434270360895,0.0,0.9375,8,0.75,k2s,12661
10,8.875,5,0.7513428837969107,19.725595582738432,0.0,0.96875,8,0.9473684210526316,k2s,12682
9,9.0,9,0.0,16.61412380942293,0.0,1.0,8,1.0,k2s,12856
10,9.84375,8,0.447889315243931,30.47817393410054,0.0,0.96875,8,0.8000000000000002,k2s,12865
9,8.8125,3,1.0606601717798212,22.22319323089577,0.0,0.96875,8,0.8888888888888888,k2s,13016
10,8.8125,5,0.7803018439949604,33.734008430068684,0.0,0.90625,8,0.6666666666666666,k2s,13053
9,8.90625,6,0.5303300858899106,15.128841196122723,0.0,1.0,8,1.0,k2s,13062
10,9.0625,9,0.24593468841898236,16.671426411307657,0.0,1.0,8,1.0,k2s,13498
9,9.0,9,0.0,14.233628756980869,0.0,1.0,8,1.0,k2s,13517
9,7.6875,3,1.3304740847993173,18.173715340127515,0.0,0.90625,8,0.9411764705882353,k2s,13628
10,8.09375,1,1.9236956200786228,50.71503289630174,0.8888888888888888,0.5625,8,0.22222222222222224,k2s,13833
11,8.59375,4,1.4996639408493728,90.76122699995899,0.625,0.265625,8,0.1111111111111111,k2s,13860
10,8.25,3,1.270001270001905,64.90527669834884,0.6666666666666666,0.71875,8,0.25,k2s,13875
11,8.34375,3,1.8247293215088625,nan,0.6,0.265625,8,0.11111111111111112,k2s,13938
11,8.0625,3,1.9827888472813302,72.30290155597282,0.7777777777777778,0.4375,8,0.11764705882352941,k2s,14112
11,8.875,6,1.5397947077242096,65.76407092708254,0.8333333333333334,0.40625,8,0.11764705882352941,k2s,14170
9,8.03125,4,0.8607714094664383,57.58197886988293,0.0,0.96875,8,0.4444444444444444,k2s,14244
11,8.09375,1,2.0846501214909563,nan,0.9090909090909091,0.34375,8,0.1111111111111111,k2s,14275
13,8.21875,1,2.611814040211355,90.97768623178897,1.0,0.25,8,0.1111111111111111,k2s,14288
12,8.0625,3,1.9166082272530798,nan,1.0,0.3125,8,0.1111111111111111,k2s,14312
11,8.84375,5,1.370410228197523,79.81569039727559,0.875,0.453125,8,0.11111111111111112,k2s,14456
12,8.1875,2,2.2495519267106823,63.726821614844134,1.0,0.53125,8,0.125,k2s,14570
12,8.65625,4,2.009804596504106,nan,0.8888888888888888,0.3125,8,0.1111111111111111,k2s,14587
11,9.0625,3,1.933365776516811,87.95784680692942,0.8888888888888888,0.40625,8,0.11111111111111112,k2s,14623
11,8.0,1,2.314052443156252,70.1967641291545,0.5,0.21875,8,0.1111111111111111,k2s,14661
12,8.78125,3,2.239446576219655,66.6068038196751,1.0,0.40625,8,0.1111111111111111,k2s,14797
10,7.375,2,2.4329724286784833,77.85567969037426,0.7777777777777778,0.34375,8,0.1111111111111111,k2s,14850
11,7.96875,1,2.055431435756682,65.52303520028202,0.7777777777777778,0.4375,8,0.125,k2s,14913
11,8.53125,2,2.2998509769393825,nan,0.625,0.265625,8,0.1111111111111111,k2s,14919
12,9.28125,4,1.745674377499442,92.95138146110408,1.0,0.34375,8,0.10526315789473685,k2s,14998
12,8.8125,1,2.101266898955285,82.2640087722127,0.8181818181818182,0.3125,8,0.1111111111111111,k2s,15165
11,9.59375,3,1.9152928690394972,52.00121101986664,0.36363636363636365,0.8125,8,0.380952380952381,k2s,15204
10,8.8125,2,1.5120483863225558,46.78141672884275,0.3333333333333333,0.8125,8,0.4210526315789474,k2s,15310
12,8.6875,5,1.6932027297021959,nan,0.7777777777777778,0.375,8,0.1111111111111111,k2s,15371
10,7.84375,4,1.1943246168117698,48.25196433657817,0.125,0.890625,8,0.5,k2s,15385
11,8.28125,4,1.9713164915044512,85.11567998203061,0.7272727272727273,0.28125,8,0.11764705882352941,k2s,15437
12,9.71875,1,2.6788824704198166,59.84123039128753,0.8181818181818182,0.6875,8,0.2608695652173913,k2s,15488
11,8.59375,4,1.6036123536083031,84.80786093138322,0.7272727272727273,0.34375,8,0.11764705882352941,k2s,15920
13,8.53125,2,2.078839238768876,77.78343301225445,0.75,0.4375,8,0.11764705882352941,k2s,16034
10,7.96875,0,2.1475323423153196,35.48270652160982,0.1111111111111111,0.875,8,0.5798319327731092,k2s,16256
10,9.0,6,0.6221710168382552,22.075497178627568,0.0,0.96875,8,0.8888888888888888,k2s,16259
10,8.71875,4,1.5077086866735787,50.601012645103026,0.7777777777777778,0.5,8,0.2105263157894737,k2s,16339
12,9.3125,4,1.6546610607029015,91.17571692574423,1.0,0.359375,8,0.10526315789473685,k2s,16369
13,9.09375,3,2.414464142780794,nan,0.6363636363636364,0.28125,8,0.10526315789473685,k2s,16532
10,7.25,1,2.1997067253202993,63.15925638931502,0.8888888888888888,0.4375,8,0.125,k2s,16551
12,9.625,1,2.1515185934740413,43.20484380999234,1.0,0.59375,8,0.2608695652173913,k2s,16589
12,8.78125,4,1.5394673356129889,82.55139973772486,1.0,0.421875,8,0.1111111111111111,k2s,16730
11,8.375,5,1.3380293646423316,66.44718423382443,0.6,0.28125,8,0.11764705882352941,k2s,16804
13,9.0,2,2.3962336037771794,79.27989929967634,0.9,0.4375,8,0.1111111111111111,k2s,17377
10,9.96875,9,0.1767766952966369,28.59552802007878,0.0,1.0,8,0.8000000000000002,k2s,17454
11,9.1875,1,2.278050949612905,41.51415444593097,0.3,0.796875,8,0.4000000000000001,k2s,17663
10,9.1875,4,1.4013242584852925,37.96415886093547,0.6,0.734375,8,0.4210526315789474,k2s,17711
11,8.5625,2,2.2279384366313524,70.59172529033394,1.0,0.5625,8,0.13333333333333333,k2s,17721
11,8.71875,2,2.0037766761148648,76.16414339272279,0.7777777777777778,0.375,8,0.1111111111111111,k2s,17803
12,9.1875,4,1.712148245013622,71.54668225105354,1.0,0.375,8,0.10526315789473685,k2s,17812
11,7.5,2,2.079081683138325,nan,0.7,0.296875,8,0.10526315789473685,k2s,17983
10,8.40625,4,1.4996639408493728,46.26720884915362,0.5555555555555556,0.75,8,0.30769230769230765,k2s,18051
11,8.53125,2,2.1847621115057283,78.44872376239205,0.75,0.40625,8,0.1111111111111111,k2s,18142
12,8.4375,5,1.7768674864817942,74.22384767673765,1.0,0.46875,8,0.11764705882352941,k2s,18227
12,8.5625,3,2.5008063215820044,88.46954963847897,1.0,0.359375,8,0.10526315789473685,k2s,18319
10,8.53125,6,0.9832262562440762,50.76522182947528,0.0,0.90625,8,0.4444444444444445,k2s,18460
9,7.5625,2,1.6448845434529205,51.27721000022531,0.8888888888888888,0.46875,8,0.25,k2s,18496
12,8.84375,4,1.9026191624756004,69.51907803257089,1.0,0.5,8,0.11764705882352942,k2s,18525
10,9.03125,4,1.6940955337345516,38.02796736723294,0.4,0.859375,8,0.5,k2s,18542
10,8.4375,3,2.16924990752341,55.09889900782955,1.0,0.609375,8,0.17424242424242425,k2s,18609
11,8.375,4,1.7734602590198012,83.77972886534069,1.0,0.375,8,0.11111111111111112,k2s,18781
11,8.65625,2,2.350145843106544,59.12473060821782,0.9,0.5,8,0.125,k2s,18783
11,8.0,2,2.1251185925162073,87.21392050055512,1.0,0.34375,8,0.11111111111111112,k2s,18885
12,8.71875,3,1.9713164915044512,53.21557376191041,0.9,0.484375,8,0.19523809523809524,k2s,18923
10,9.0625,7,0.6189220598177385,30.884088205690563,1.0,0.5,8,0.5263157894736842,k2s,18982
11,8.625,4,1.9134498484623643,57.67509007903672,0.6666666666666666,0.3125,8,0.15384615384615383,k2s,19026
11,8.59375,4,1.5420843665469108,70.06971974398071,0.75,0.609375,8,0.2222222222222222,k2s,19092
11,8.96875,4,1.4697898686766473,56.944229415032694,1.0,0.5625,8,0.26666666666666666,k2s,19142
10,8.75,3,1.1639753904947558,27.07133764726976,0.0,0.9375,8,0.7777777777777778,k2s,19733
13,9.3125,1,2.7290255852888756,73.49751228764939,0.8888888888888888,0.375,8,0.11764705882352941,k2s,19834
12,9.0625,2,1.8305208143074754,72.1919155343172,1.0,0.3125,8,0.10526315789473685,k2s,19847
12,8.125,1,2.848315857802019,nan,0.75,0.390625,8,0.10263157894736843,k2s,19942
11,8.28125,3,2.1286732957408003,nan,0.25,0.203125,8,0.11764705882352941,k2s,19979
12,8.0,2,2.1251185925162073,nan,0.4444444444444444,0.21875,8,0.11764705882352941,k2s,19992
11,7.9375,3,2.3270845667154343,67.23394276792867,0.5,0.28125,8,0.125,k2s,20195
10,8.53125,3,1.190943648622196,40.49201342253435,0.5555555555555556,0.75,8,0.4444444444444444,k2s,20325
10,8.1875,2,1.9909067475447852,51.174780690854824,0.1111111111111111,0.84375,8,0.42857142857142855,k2s,20450
12,7.90625,1,2.4410385811860307,nan,0.6666666666666666,0.265625,8,0.11764705882352941,k2s,20627
11,8.53125,2,2.2286170310234423,88.2640118707647,0.9090909090909091,0.34375,8,0.10526315789473685,k2s,20632
11,8.9375,3,1.3897667476606375,42.34092489362485,0.7777777777777778,0.53125,8,0.3157894736842105,k2s,20855
11,9.21875,5,1.4532360996377438,51.7317091507032,0.1111111111111111,0.90625,8,0.3333333333333333,k2s,20901
12,8.0625,2,2.4221757747675885,80.21598943705595,1.0,0.375,8,0.1111111111111111,k2s,20907
10,8.65625,2,1.4504587705830492,47.24678946323584,0.1111111111111111,0.90625,8,0.4444444444444444,k2s,20930
10,8.46875,3,1.6061248696082735,52.57172755046444,0.3333333333333333,0.84375,8,0.3157894736842105,k2s,20941
10,8.625,7,0.6599120175960898,46.934148288513576,0.3333333333333333,0.8125,8,0.39999999999999997,k2s,21024
11,9.5625,4,1.189673308368798,48.159484398195126,0.2222222222222222,0.8125,8,0.3157894736842105,k2s,21081
11,8.28125,4,1.4861592629454992,58.983081525552734,1.0,0.5,8,0.125,k2s,21124
10,7.625,4,1.3854078239672525,47.81014810066088,0.6666666666666666,0.59375,8,0.22222222222222224,k2s,21399
10,7.59375,4,1.521022046032249,91.39558480173349,1.0,0.359375,8,0.11764705882352941,k2s,21479
12,8.40625,2,2.3260013452413384,68.12959724300966,0.6,0.34375,8,0.11764705882352941,k2s,21548
12,8.65625,3,2.119180836869482,80.90158733607205,1.0,0.375,8,0.1111111111111111,k2s,21627
11,7.96875,2,1.9089665334432795,63.767111946282995,0.7777777777777778,0.59375,8,0.2105263157894737,k2s,21683
10,7.65625,4,1.310241913147241,41.532375423461446,0.25,0.84375,8,0.39999999999999997,k2s,21801
10,7.46875,0,1.950754609987401,nan,0.375,0.21875,8,0.25,k2s,21886
11,8.5,3,2.314052443156252,50.5472796592754,1.0,0.625,8,0.20000000000000004,k2s,21965
11,8.9375,8,0.5040161287741853,48.567544477300146,0.0,0.9375,8,0.47058823529411764,k2s,22019
10,8.5,5,1.1639753904947558,54.57606180509282,0.1111111111111111,0.8125,8,0.3333333333333333,k2s,22264
11,9.0,3,1.9176598642195934,71.74370896021811,1.0,0.65625,8,0.15384615384615385,k2s,22360
10,8.9375,2,1.5849595497026252,37.09691115858306,0.0,0.9375,8,0.631578947368421,k2s,22570
10,8.78125,3,1.1283552117444966,47.06918689583157,0.0,0.9375,8,0.5555555555555556,k2s,22596
10,8.96875,8,0.30946102990886926,34.69594931124123,0.0,0.96875,8,0.6666666666666666,k2s,22641
10,8.78125,7,0.7063936122898273,50.825644897801155,0.1111111111111111,0.96875,8,0.47058823529411764,k2s,22704
10,8.75,3,1.778001778002667,65.84929945305741,1.0,0.5,8,0.20000000000000004,k2s,22746
11,9.09375,3,1.352640786304403,44.637456470561695,0.0,0.96875,8,0.5,k2s,22871
11,8.5,2,2.3962336037771794,83.34857573553982,0.9,0.359375,8,0.10526315789473685,k2s,22959
11,7.5,1,2.6639771383306554,nan,0.7,0.3125,8,0.10818713450292397,k2s,23162
11,8.375,2,2.2106778992412144,nan,0.9090909090909091,0.40625,8,0.1111111111111111,k2s,23239
12,8.25,3,2.3279507809895117,88.42656963827716,0.9230769230769231,0.34375,8,0.10526315789473685,k2s,23319
12,9.28125,0,2.465692011743193,62.82031969289001,1.0,0.546875,8,0.18181818181818182,k2s,23630
12,8.71875,3,1.9713164915044512,86.58159814238778,0.9090909090909091,0.375,8,0.11111111111111112,k2s,23742
11,8.09375,3,1.9236956200786228,nan,0.7,0.28125,8,0.1111111111111111,k2s,23785
12,8.125,1,2.587189283198424,nan,0.7,0.3125,8,0.10526315789473685,k2s,23951
11,9.53125,4,1.6845478956987914,79.17285645312816,0.6,0.6875,8,0.2222222222222222,k2s,23964
11,9.03125,2,2.0710660337442244,nan,0.9,0.28125,8,0.11764705882352941,k2s,24112
10,8.53125,4,1.5023503092198247,54.706714691108296,0.1111111111111111,0.84375,8,0.3333333333333333,k2s,24130
12,8.3125,3,2.4552445512517918,nan,0.8,0.3125,8,0.1111111111111111,k2s,24414
10,8.53125,4,1.4364915817769797,41.30649517837271,0.1111111111111111,0.875,8,0.4444444444444444,k2s,24535
11,7.96875,2,2.306853393834372,69.32150968562536,1.0,0.65625,8,0.15384615384615383,k2s,24660
10,7.8125,4,1.1482806221027917,51.0602387681175,0.5,0.53125,8,0.25,k2s,24990
10,8.5,7,0.6221710168382552,31.83794724295361,0.0,0.984375,8,0.6666666666666666,k2s,25093
11,9.21875,7,0.9413228509270448,47.85705306119974,0.3333333333333333,0.875,8,0.33333333333333326,k2s,25126
10,7.90625,3,1.3285785515888533,46.85734547346826,0.6666666666666666,0.59375,8,0.25,k2s,25146
9,7.5,3,1.2443420336765103,49.48733860570367,0.625,0.734375,8,0.375,k2s,25251
11,8.78125,3,1.9131864148755908,63.18872602729786,1.0,0.53125,8,0.14835164835164835,k2s,25532
10,8.90625,4,1.4448880970176292,64.1960831248487,0.3333333333333333,0.78125,8,0.23529411764705882,k2s,25718
10,8.90625,4,1.4223872482101938,64.27639154496426,1.0,0.625,8,0.2105263157894737,k2s,25726
11,8.5,3,1.5657627225176254,58.47332675702053,0.1111111111111111,0.84375,8,0.33333333333333326,k2s,26134
9,7.59375,3,1.3879521930969312,55.27600726659515,0.75,0.734375,8,0.26666666666666666,k2s,26340
11,8.40625,3,1.3406636536648797,29.944352411601024,0.1111111111111111,0.9375,8,0.6666666666666666,k2s,26460
10,8.28125,5,1.084624953761705,54.04931241230689,0.4444444444444444,0.875,8,0.35294117647058826,k2s,26542
11,8.125,5,1.5397947077242096,68.09763090294385,1.0,0.578125,8,0.13333333333333333,k2s,26738
9,8.9375,8,0.24593468841898236,25.706744185617048,0.0,1.0,8,0.7777777777777778,k2s,26991
10,8.25,3,1.6655910507645917,48.15079119348195,0.0,0.875,16,0.47058823529411764,an0,72
10,7.34375,3,1.7153834331077833,29.902476464101017,0.0,0.875,16,0.6666666666666666,an0,214
11,8.4375,2,2.198789989825049,67.07729035916361,0.9,0.609375,16,0.1818181818181818,an0,248
11,7.5,2,2.3000701251581788,80.37362975572775,0.5384615384615384,0.28125,16,0.13333333333333333,an0,329
11,7.5,4,1.831621879558502,65.55670885917232,0.7142857142857143,0.3125,16,0.14285714285714288,an0,340
10,8.78125,4,1.184152752788036,15.383308933499853,0.0,0.96875,16,0.9473684210526316,an0,389
11,9.15625,4,1.3466655355046884,44.46614053772811,0.4,0.890625,16,0.5,an0,401
10,8.0,3,1.8139246347754256,48.856018818327655,0.4444444444444444,0.8125,16,0.375,an0,446
9,8.0,6,0.43994134506405985,19.793007267651667,0.0,1.0,16,0.875,an0,525
11,9.3125,6,1.3060035073805594,64.8543354722932,0.9,0.703125,16,0.2105263157894737,an0,692
10,7.65625,4,1.2077538469567008,51.232715163621606,0.625,0.734375,16,0.28571428571428575,an0,1028
13,8.0625,5,1.9499793216438757,88.1384851405231,0.8,0.390625,16,0.11111111111111112,an0,1145
10,8.53125,2,1.6458035590065752,46.9357245558576,0.4,0.84375,16,0.42857142857142855,an0,1186
11,8.84375,3,1.686939871196439,44.01038584811544,0.1,0.8125,16,0.4,an0,1402
10,8.65625,4,1.310241913147241,19.081630314294134,0.0,0.90625,16,0.8888888888888888,an0,1656
10,7.8125,3,1.8567661794532155,58.24790083082985,0.5833333333333334,0.28125,16,0.15384615384615385,an0,1755
11,8.15625,1,2.080778002761033,nan,0.9230769230769231,0.34375,16,0.10526315789473685,an0,1875
11,8.53125,2,1.777718272973678,35.4968170872407,0.4444444444444444,0.78125,16,0.4210526315789474,an0,1964
10,8.71875,7,0.6342063874918668,36.88917218716802,0.1111111111111111,0.96875,16,0.5555555555555556,an0,1967
12,7.8125,4,2.146828117885066,83.99431036799062,0.7272727272727273,0.3125,16,0.11764705882352941,an0,1985
12,8.34375,2,1.9110776389083421,76.88369329657542,0.5714285714285714,0.3125,16,0.125,an0,2011
11,7.90625,1,2.6195219337295734,65.04656869300194,1.0,0.609375,16,0.14285714285714285,an0,2160
12,8.15625,4,1.779985048867981,61.23405093189796,0.8571428571428571,0.34375,16,0.1111111111111111,an0,2214
12,8.71875,2,2.0037766761148648,65.25706895016572,0.6153846153846154,0.25,16,0.125,an0,2219
11,8.8125,3,1.8216883342374386,57.08922566912254,0.6363636363636364,0.59375,16,0.2105263157894737,an0,2434
11,8.625,3,2.392865740406867,50.85151739442806,0.8,0.703125,16,0.26666666666666666,an0,2536
10,8.40625,2,2.04559913141642,61.77904207946564,0.8,0.609375,16,0.2105263157894737,an0,2546
11,9.09375,3,2.0057879957440585,40.657527888733796,0.5,0.78125,16,0.39999999999999997,an0,2562
11,9.34375,5,1.6580084244309108,49.694653350208135,0.4,0.828125,16,0.380952380952381,an0,2635
11,6.90625,1,2.4933378974715286,nan,0.21428571428571427,0.109375,16,0.13333333333333333,an0,2901
12,9.78125,3,2.848138894311568,33.44392807205896,0.5454545454545454,0.75,16,0.42857142857142855,an0,2937
11,8.40625,2,2.1829157033064597,69.12510180328665,0.5,0.703125,16,0.2105263157894737,an0,3012
11,7.90625,2,2.7516490656777366,80.69936687224576,1.0,0.453125,16,0.11437908496732027,an0,3017
11,8.375,3,1.9959636689433842,68.4552201971567,0.3,0.1875,16,0.11111111111111112,an0,3093
11,8.9375,2,1.9989916813072244,27.79726828152239,0.45454545454545453,0.71875,16,0.5,an0,3134
12,7.46875,2,2.2998509769393825,nan,0.7,0.3125,16,0.1111111111111111,an0,3195
10,8.21875,2,2.1362368933515143,56.09893203150237,0.6,0.75,16,0.25,an0,3207
12,8.875,3,1.930234817739257,63.19894646202605,1.0,0.40625,16,0.11764705882352941,an0,3213
11,8.375,3,2.10605884793558,47.863678975422765,1.0,0.71875,16,0.25833333333333336,an0,3215
12,8.21875,2,2.181067732009463,70.33114142351465,1.0,0.546875,16,0.125,an0,3236
11,7.21875,2,2.3103466434505506,81.80405233863718,0.6,0.265625,16,0.0,an0,3407
11,8.375,2,2.6609481695986346,nan,0.7,0.296875,16,0.10000000000000002,an0,3446
11,9.28125,7,0.9913944236406651,65.70846427816049,0.4,0.828125,16,0.2222222222222222,an0,3556
13,8.0,2,2.6150926709046765,66.89361309014882,0.8,0.5625,16,0.16666666666666666,an0,3572
12,8.25,3,2.079081683138325,nan,1.0,0.359375,16,0.11111111111111112,an0,3721
10,7.84375,4,1.2978735710582958,86.89714600947153,0.4,0.21875,16,0.13333333333333333,an0,3845
11,8.40625,3,2.4344221676452467,82.88709052313651,0.8,0.3125,16,0.125,an0,3989
11,7.6875,2,2.78750090409359,66.75002926029322,0.6,0.296875,16,0.10526315789473685,an0,4062
11,9.40625,2,1.662865288513154,29.079047271872575,0.0,0.890625,16,0.7,an0,4248
12,8.53125,3,2.169946855302846,79.5203305500331,0.8181818181818182,0.34375,16,0.10526315789473685,an0,4296
13,8.96875,5,1.5960510744515868,62.5728847652661,1.0,0.453125,16,0.11111111111111112,an0,4354
11,9.0,4,1.5026857675938214,34.6653805035343,0.2,0.875,16,0.5882352941176471,an0,4415
10,8.03125,2,2.2645141186462907,27.444226160600408,0.3333333333333333,0.78125,16,0.5,an0,4430
10,8.625,4,1.0998533626601497,26.1368793598068,0.0,0.9375,16,0.7777777777777778,an0,4537
10,8.84375,5,1.0506334494776426,18.480411457510595,0.0,0.9375,16,0.8888888888888888,an0,4543
10,8.375,4,1.5606036879899208,32.35439560550311,0.0,0.90625,16,0.631578947368421,an0,4548
11,8.40625,4,1.662865288513154,70.18808436978459,0.9,0.5,16,0.12500000000000003,an0,4742
13,8.53125,3,2.396023251004639,nan,1.0,0.3125,16,0.10526315789473685,an0,4756
10,8.03125,4,1.4915758066879383,28.3151153303821,0.1111111111111111,0.84375,16,0.5882352941176471,an0,4814
11,8.625,3,1.5811388300841898,34.63186713690482,0.1111111111111111,0.84375,16,0.5,an0,4819
10,8.0625,5,0.9482581654734625,24.720701979114544,0.0,0.953125,16,0.75,an0,4899
9,8.0,7,0.3592106040535498,20.742095855675558,0.0,1.0,16,0.875,an0,4923
10,7.6875,2,1.533233984626255,36.588904027196754,0.0,0.90625,16,0.5882352941176471,an0,4984
9,7.65625,4,1.2341740087487534,21.96796475623558,0.0,0.921875,16,0.875,an0,5001
12,8.84375,3,2.1866069605669876,66.26490857475592,0.75,0.375,16,0.15384615384615383,an0,5043
13,8.71875,4,2.0671684701230735,56.537828099740686,1.0,0.453125,16,0.125,an0,5047
10,7.09375,4,1.253623779546783,71.65292143101836,0.46153846153846156,0.1875,16,0.25,an0,5108
12,7.8125,2,2.3614853171734533,nan,0.8,0.28125,16,0.11111111111111112,an0,5192
12,8.0,2,2.079081683138325,67.63003786398744,0.8,0.359375,16,0.125,an0,5212
10,7.21875,3,1.8269377693022897,68.05195720739988,0.7777777777777778,0.28125,16,0.052631578947368425,an0,5233
12,7.78125,2,2.4981848248988383,nan,0.8888888888888888,0.3125,16,0.10000000000000002,an0,5429
12,8.8125,4,1.712148245013622,79.50130782007594,0.8888888888888888,0.4375,16,0.11764705882352941,an0,5603
9,8.03125,3,1.4915758066879383,30.051978385294653,0.2222222222222222,0.90625,16,0.6666666666666666,an0,5701
11,8.09375,3,2.594776079592574,73.07761458405643,0.9,0.390625,16,0.13333333333333333,an0,5728
12,8.6875,3,2.3061978204605027,65.52254080758648,0.8461538461538461,0.4375,16,0.11764705882352941,an0,5872
9,7.90625,5,0.6890561567076912,21.239562364170304,0.0,0.96875,16,0.875,an0,6136
9,7.71875,2,1.528954418190165,22.123222825471675,0.0,0.9375,16,0.875,an0,6138
10,8.8125,0,2.0546956449918286,56.03182162605029,0.7,0.703125,16,0.25,an0,6273
12,9.0625,4,1.4797013648139472,66.68413068372936,0.6666666666666666,0.65625,16,0.2222222222222222,an0,6413
13,9.53125,4,2.6025344347137787,60.44472229338969,0.9230769230769231,0.53125,16,0.16666666666666669,an0,6432
12,8.4375,2,2.526472742011881,68.97534542101819,1.0,0.421875,16,0.1111111111111111,an0,6433
9,7.21875,0,1.8091947059039741,21.7419938299645,0.125,0.875,16,0.75,an0,6575
10,7.375,3,1.963374317260318,45.517182067877144,0.5,0.78125,16,0.375,an0,6640
9,7.03125,1,1.447676113304443,21.565189758824893,0.0,0.9375,16,0.8571428571428571,an0,6647
10,8.96875,3,1.8575803720726802,49.99845312849524,0.3,0.828125,16,0.424812030075188,an0,6773
9,7.1875,3,1.1760376338064324,27.135602040720713,0.0,0.90625,16,0.7999999999999999,an0,6853
9,7.75,4,0.9837387536759294,26.96622953503651,0.0,0.9375,16,0.75,an0,7058
10,9.71875,6,0.8884337432408971,22.094291991310385,0.0,0.96875,16,0.8421052631578948,an0,7217
10,8.15625,2,1.969269964618459,28.86275657300348,0.0,0.84375,16,0.6666666666666666,an0,7262
14,7.625,0,3.24037034920393,41.68160488648543,1.0,0.421875,16,0.14285714285714285,an0,7544
12,8.53125,3,2.0158144915929466,86.83837698621875,0.7857142857142857,0.34375,16,0.11111111111111112,an0,7561
10,8.1875,4,1.5951033943634116,45.64650278693096,0.4444444444444444,0.8125,16,0.3333333333333333,an0,7594
11,8.125,2,1.930234817739257,66.16972027155663,0.6363636363636364,0.4375,16,0.125,an0,7620
11,8.53125,1,2.3138346192330363,80.32733763851141,1.0,0.40625,16,0.10526315789473685,an0,7708
11,7.65625,3,2.470593176781902,nan,0.8,0.28125,16,0.10526315789473685,an0,7730
11,7.96875,3,2.429448032359508,72.3908859501826,1.0,0.4375,16,0.1111111111111111,an0,7790
13,9.46875,3,2.5650803294973423,61.68412794734963,0.9230769230769231,0.5625,16,0.1818181818181818,an0,7830
12,9.0625,1,3.0789346712259777,67.56824390019968,1.0,0.375,16,0.19999999999999998,an0,7840
12,8.0625,2,2.7112370703449935,nan,0.9,0.3125,16,0.10526315789473685,an0,7914
12,7.78125,1,2.365537175576038,72.79994944627308,1.0,0.390625,16,0.125,an0,7977
11,7.34375,2,2.431107208262218,72.96315482355156,0.5833333333333334,0.28125,16,0.10526315789473685,an0,7987
11,9.09375,3,1.973360895985945,44.87587976939006,0.5,0.765625,16,0.33333333333333326,an0,8005
11,8.28125,5,1.5705839267507298,82.70951127359453,1.0,0.609375,16,0.125,an0,8093
11,7.8125,3,2.101266898955285,75.6887111042012,0.5555555555555556,0.28125,16,0.16025641025641024,an0,8145
13,8.96875,2,2.2645141186462907,76.13817165500379,0.7272727272727273,0.3125,16,0.10526315789473685,an0,8259
11,8.40625,3,2.0768986649608423,85.69346443052122,0.9090909090909091,0.40625,16,0.11764705882352941,an0,8339
11,8.90625,3,1.8898604659194185,nan,0.5833333333333334,0.25,16,0.11111111111111112,an0,8409
12,7.59375,1,2.6009846150529103,65.70332618082143,0.6,0.25,16,0.11764705882352941,an0,8546
13,8.53125,3,2.2286170310234423,92.03767442430393,0.8,0.328125,16,0.11764705882352941,an0,8592
12,7.5625,1,2.9505330300286965,68.21972342411321,0.9,0.453125,16,0.10526315789473685,an0,8679
11,8.59375,4,1.583368703623039,23.426659700764723,0.0,0.90625,16,0.8421052631578948,an0,8887
11,9.46875,2,1.8313466753078977,44.06596024600089,0.5,0.8125,16,0.380952380952381,an0,8932
10,9.90625,9,0.29614458108029906,20.00064664907056,0.0,1.0,16,0.9473684210526316,an0,8959
11,10.25,3,2.047815515884371,17.720157087950547,0.0,0.9375,16,0.9090909090909091,an0,8982
11,8.28125,3,2.344992949985963,68.06126685297217,0.6,0.671875,16,0.20000000000000004,an0,9086
12,9.15625,6,1.6482517620095973,72.01449529392987,1.0,0.421875,16,0.11111111111111112,an0,9154
11,9.25,3,1.951012970972573,37.68320491868272,0.0,0.875,16,0.5714285714285713,an0,9198
10,8.59375,2,1.3879521930969312,46.14773165344761,0.0,0.90625,16,0.5555555555555556,an0,9238
10,9.78125,6,0.7924797748513126,17.615647429333578,0.0,0.96875,16,0.9,an0,9563
11,9.1875,2,1.9746375739327704,25.860043735059048,0.3,0.875,16,0.6,an0,9578
13,9.65625,3,2.5222797547635993,64.9230822867356,1.0,0.546875,16,0.1904761904761905,an0,9617
13,8.84375,2,3.070246128622684,61.19637754171725,0.8461538461538461,0.34375,16,0.125,an0,9713
11,9.71875,7,0.8513509188911317,32.586796073270904,0.2,0.859375,16,0.5263157894736842,an0,9728
12,9.34375,0,3.0332498806906227,45.64700357361157,1.0,0.59375,16,0.2105263157894737,an0,9757
10,8.75,3,2.0160645150967413,36.015989544419426,0.4,0.796875,16,0.4210526315789474,an0,9875
9,8.8125,7,0.5350610456580119,15.46566128282889,0.0,0.96875,16,1.0,an0,9982
9,8.625,6,0.7931155389125321,13.154705515266894,0.0,0.96875,16,0.9411764705882353,an0,10095
12,8.53125,3,1.8136467451323128,57.46802726486132,0.7857142857142857,0.390625,16,0.125,an0,10130
9,7.625,1,1.87943024997368,24.518312877430382,0.25,0.8125,16,0.6250000000000001,an0,10166
10,8.6875,4,1.2556324713967086,23.089043784251736,0.0,0.9375,16,0.7777777777777778,an0,10249
10,9.03125,9,0.1767766952966369,12.446383883330942,0.0,1.0,16,1.0,an0,10292
11,8.5625,5,1.2427207404359506,39.057876945365194,0.1111111111111111,0.875,16,0.47058823529411764,an0,10623
10,8.78125,5,1.0075321174741456,20.452858724248173,0.0,0.9375,16,0.8888888888888888,an0,10790
10,8.625,2,1.6214290789499601,16.290089585636075,0.0,0.9375,16,0.9473684210526316,an0,10833
10,8.4375,5,1.1053389496206072,40.70661897984972,0.4444444444444444,0.78125,16,0.375,an0,10982
10,8.6875,4,1.2556324713967086,14.18972158940133,0.0,0.9375,16,1.0,an0,11027
13,8.3125,1,2.7990493777986196,nan,0.7,0.296875,16,0.10526315789473685,an0,11261
11,8.40625,5,1.521022046032249,nan,0.8461538461538461,0.34375,16,0.11764705882352941,an0,11392
11,9.28125,1,1.9713164915044512,29.377356782460204,0.0,0.90625,16,0.7058823529411764,an0,11450
10,7.4375,1,1.6836500287633527,28.67306875628512,0.0,0.890625,16,0.75,an0,11583
9,8.0625,0,1.9499793216438757,30.459685398927952,0.1111111111111111,0.90625,16,0.6666666666666666,an0,11599
10,7.0625,1,2.03100960115899,41.02019035792391,0.125,0.84375,16,0.5,an0,11637
9,7.5625,6,0.8400268812903089,51.465485484745905,0.1111111111111111,0.875,16,0.42857142857142855,an0,11644
9,7.6875,4,1.0906494070196242,34.51431409075331,0.25,0.890625,16,0.5882352941176471,an0,11659
10,8.625,0,1.896516330946925,54.95367476318002,1.0,0.4375,16,0.23529411764705882,an0,11797
9,8.0625,8,0.24593468841898236,22.632095784770954,0.0,0.96875,16,0.875,an0,11850
9,7.34375,3,1.2077538469567008,25.36489443565752,0.125,0.9375,16,0.75,an0,12064
9,7.8125,4,0.9651174088696285,21.140469548937396,0.0,0.9375,16,0.875,an0,12097
10,9.65625,8,0.6530017536902797,41.62523447477494,0.1,0.875,16,0.5,an0,12333
8,7.21875,7,0.42001344064515445,22.1065257902147,0.0,1.0,16,0.8571428571428571,an0,12437
10,8.1875,4,1.3304740847993173,74.10906108723736,0.6,0.375,16,0.125,an0,12764
11,10.40625,8,0.945596756448779,37.34617491778633,0.0,0.90625,16,0.5714285714285713,an0,12972
10,8.0625,2,1.8480591388386793,56.06145459781849,0.4444444444444444,0.78125,16,0.4444444444444444,an0,13044
13,8.40625,1,2.8268228489515996,nan,0.8571428571428571,0.34375,16,0.10526315789473685,an0,13088
12,8.5,3,2.3000701251581788,81.74206782332382,0.8,0.34375,16,0.1111111111111111,an0,13096
12,9.71875,2,2.5807522659225772,53.955073560087776,1.0,0.59375,16,0.28571428571428564,an0,13175
12,9.8125,2,2.48138228907118,70.80785954691694,0.9166666666666666,0.375,16,0.22875816993464054,an0,13176
12,8.46875,3,2.2998509769393825,54.591153970188934,0.8181818181818182,0.4375,16,0.23529411764705882,an0,13231
12,8.125,1,2.7911149350474913,74.66014014964952,0.875,0.375,16,0.10526315789473685,an0,13273
13,8.78125,0,3.2001449059932954,79.08950525391212,0.7692307692307693,0.34375,16,0.10526315789473685,an0,13311
11,8.375,2,1.75517667523538,63.62342695025521,0.9,0.515625,16,0.125,an0,13342
11,9.0625,3,1.8480591388386793,65.79420272252075,1.0,0.5625,16,0.2105263157894737,an0,13519
10,8.90625,8,0.3901509219974802,32.93032182561387,0.0,0.96875,16,0.6666666666666666,an0,13708
12,8.34375,2,2.025791362692933,67.73940085595753,0.8181818181818182,0.40625,16,0.125,an0,13972
11,9.125,5,1.699145895499721,41.64345932768622,0.45454545454545453,0.78125,16,0.4210526315789474,an0,14051
11,9.28125,3,1.8357449924810785,29.52711200945574,0.0,0.90625,16,0.7,an0,14178
11,10.15625,4,1.3466655355046884,24.34716545187029,0.0,0.953125,16,0.8181818181818182,an0,14216
11,8.40625,3,1.9152928690394972,49.52779956436082,0.5,0.71875,16,0.35294117647058826,an0,14217
11,8.0625,3,1.9827888472813302,nan,0.8181818181818182,0.34375,16,0.10000000000000002,an0,14354
11,7.5,3,2.155263624321299,nan,0.8333333333333334,0.296875,16,0.10526315789473685,an0,14577
11,8.34375,4,2.266294047487532,57.30374408878507,0.9,0.59375,16,0.16666666666666666,an0,14581
10,7.8125,3,1.9909067475447852,nan,0.45454545454545453,0.21875,16,0.11764705882352941,an0,14704
10,9.6875,6,0.9310937030562325,13.525500974175065,0.0,0.96875,16,1.0,an0,14898
11,8.34375,2,2.149409146118848,70.37138311252677,0.5454545454545454,0.3125,16,0.13333333333333333,an0,14961
10,9.65625,4,1.2600403219354632,17.650687736658263,0.0,0.9375,16,1.0,an0,15130
11,9.5625,3,1.5437177579237185,20.539291021271282,0.0,0.953125,16,0.9,an0,15321
10,8.75,1,1.481063262354709,11.36324178607887,0.0,0.9375,16,1.0,an0,15515
10,8.34375,2,2.009804596504106,21.342586392034747,0.0,0.875,16,0.823529411764706,an0,15574
10,8.90625,5,0.8175247850637608,36.87356547350916,0.1111111111111111,0.90625,16,0.5555555555555556,an0,15588
12,9.90625,3,2.0218065221240202,18.499553136055333,0.09090909090909091,0.90625,16,0.9,an0,15682
9,8.46875,4,1.3908543440819434,23.34597418458329,0.0,0.90625,16,0.8888888888888888,an0,15911
10,7.5,1,1.9344083032987032,26.164270297899684,0.0,0.875,16,0.7142857142857143,an0,16048
9,7.9375,5,0.759350316537635,18.806659009571394,0.0,0.96875,16,0.875,an0,16088
10,7.96875,2,1.7130311749794902,42.1464767117519,0.2222222222222222,0.875,16,0.5333333333333333,an0,16140
10,8.875,4,1.4312187452567107,19.625398085134478,0.0,0.9375,16,0.8421052631578948,an0,16270
11,9.75,6,1.016001016001524,13.885938536593812,0.0,0.96875,16,1.0,an0,16290
11,8.71875,3,1.4420946906407337,18.775227501407056,0.0,0.9375,16,0.8888888888888888,an0,16369
10,7.6875,3,1.4687607240514464,18.50426269532808,0.3333333333333333,0.90625,16,0.7058823529411765,an0,16508
9,8.9375,7,0.3535533905932738,16.527797403332823,0.0,1.0,16,1.0,an0,16510
9,8.875,7,0.421211769587116,20.478727515147234,0.0,1.0,16,0.8888888888888888,an0,16532
12,8.90625,3,1.8203043878747667,81.85538357032141,1.0,0.515625,16,0.11111111111111112,an0,16649
13,8.15625,2,2.4111217440262385,85.89481888364477,1.0,0.46875,16,0.11111111111111112,an0,16793
11,8.34375,4,1.696474047413749,72.44593215590162,1.0,0.53125,16,0.13333333333333333,an0,16899
13,7.875,2,2.4593468841898236,65.03041526216444,0.6666666666666666,0.3125,16,0.11111111111111112,an0,16911
11,8.21875,4,2.1362368933515143,67.63377821363176,0.8461538461538461,0.34375,16,0.125,an0,16920
10,8.40625,2,1.4996639408493728,53.92777992263418,0.3333333333333333,0.84375,16,0.35294117647058826,an0,17032
10,8.3125,6,0.9310937030562325,55.61738125864633,0.375,0.8125,16,0.3333333333333333,an0,17170
9,8.15625,5,1.1390254748064526,58.656150118717875,0.5555555555555556,0.75,16,0.2761904761904762,an0,17272
11,7.71875,2,2.2031410860771694,74.4451364005666,0.7,0.515625,16,0.12132352941176472,an0,17329
12,7.6875,1,2.4021160026781763,67.30865194760844,1.0,0.4375,16,0.11764705882352941,an0,17581
12,8.375,3,2.6120070147611187,nan,0.8,0.328125,16,0.10526315789473685,an0,18019
10,8.46875,3,1.9341477242844816,75.16829363323417,0.7777777777777778,0.375,16,0.11764705882352941,an0,18037
12,7.9375,2,2.6993129352819847,70.74818161002138,1.0,0.53125,16,0.1111111111111111,an0,18288
9,8.21875,5,1.2374368670764582,57.53374315572485,0.0,0.84375,16,0.35294117647058826,an0,18317
11,7.96875,2,2.507850576914229,103.72615494231053,0.9090909090909091,0.40625,16,0.1111111111111111,an0,18391
11,7.84375,3,2.096223562935607,67.77090458163075,0.6875,0.3125,16,0.10526315789473685,an0,18398
10,8.78125,5,0.8700899100741849,67.20782588737953,0.1111111111111111,0.84375,16,0.3333333333333333,an0,18542
10,8.3125,5,1.20315445607008,53.90391035849979,0.1111111111111111,0.84375,16,0.35294117647058826,an0,18572
11,8.125,2,1.963374317260318,63.271528839552595,1.0,0.59375,16,0.13333333333333333,an0,18587
11,7.78125,3,1.9957111271989758,64.59289990376956,0.6,0.28125,16,0.15384615384615383,an0,18691
11,8.875,1,2.1213203435596424,78.74358378112045,0.9166666666666666,0.40625,16,0.10526315789473685,an0,18727
12,8.8125,1,2.54555273166309,75.52724726458047,1.0,0.609375,16,0.1818181818181818,an0,18750
12,7.84375,1,2.35699884352689,82.58151454363943,0.8333333333333334,0.375,16,0.11764705882352941,an0,19081
13,7.90625,1,2.821111368740821,nan,0.7777777777777778,0.34375,16,0.1,an0,19234
10,7.8125,1,2.3614853171734533,71.0426161292724,0.8888888888888888,0.59375,16,0.2105263157894737,an0,19253
10,8.78125,6,0.9749896608219378,62.216935967332006,0.2222222222222222,0.84375,16,0.26666666666666666,an0,19267
12,8.34375,4,1.6773515029701225,66.22441800612093,0.45454545454545453,0.21875,16,0.125,an0,19325
12,7.65625,2,2.431107208262218,nan,0.6666666666666666,0.3125,16,0.09999999999999999,an0,19340
11,7.5625,2,2.6510801207152555,nan,0.5833333333333334,0.328125,16,0.09999999999999999,an0,19437
9,8.75,7,0.508000508000762,48.716745041089766,0.0,0.96875,16,0.5555555555555556,an0,19473
13,8.96875,3,2.1019863877279388,80.23061614532237,0.8,0.515625,16,0.11764705882352941,an0,19485
11,9.1875,4,1.4466312368685639,77.07739885121981,0.7,0.703125,16,0.20000000000000004,an0,19595
10,9.71875,8,0.5811209967839966,69.27047675033695,0.1,0.921875,16,0.3157894736842105,an0,19622
11,8.53125,4,2.094299097473286,68.25816733644382,1.0,0.65625,16,0.14285714285714288,an0,19623
11,8.90625,2,2.3051047838473915,55.66617398020291,0.2,0.84375,16,0.3157894736842105,an0,19688
12,7.6875,3,2.375106109683958,84.84158957525061,0.9090909090909091,0.34375,16,0.11764705882352941,an0,19748
11,8.6875,2,2.48138228907118,65.52902184508181,0.45454545454545453,0.78125,16,0.2105263157894737,an0,19938
11,9.5,2,1.9838054014866837,57.63605271473412,0.5,0.765625,16,0.2727272727272727,an0,20033
11,9.6875,3,1.9746375739327704,71.80685961446389,0.18181818181818182,0.78125,16,0.25000000000000006,an0,20077
11,8.5,4,1.7413380098407456,62.985759933432945,0.7,0.65625,16,0.2105263157894737,an0,20133
11,8.78125,5,1.5808200199528948,74.25060993804613,0.9,0.59375,16,0.20000000000000004,an0,20317
12,8.25,3,2.1402441826320477,nan,0.9090909090909091,0.3125,16,0.10526315789473685,an0,20324
14,7.96875,2,2.7058404573524215,59.07431604493166,0.8,0.34375,16,0.1111111111111111,an0,20326
11,9.5,2,2.243269503317898,57.26302681331056,0.5,0.765625,16,0.28571428571428564,an0,20398
11,8.84375,0,3.1016059835864636,54.30528280084144,0.9090909090909091,0.65625,16,0.2105263157894737,an0,20425
12,8.59375,3,2.22680698643567,64.2837335728811,1.0,0.65625,16,0.17424242424242423,an0,20471
11,8.78125,4,1.6988492310023922,41.32906370955025,0.5454545454545454,0.28125,16,0.23529411764705882,an0,20538
10,9.46875,4,1.544696963704344,46.78008469961115,0.0,0.9375,16,0.513157894736842,an0,20540
11,9.40625,4,1.9486864889607216,60.99305391519261,0.3,0.859375,16,0.2857142857142857,an0,20660
11,9.9375,4,1.1341473989656923,50.74154846239192,0.0,0.96875,16,0.5,an0,20719
10,9.15625,3,1.5680144625731962,58.38462557931112,0.1,0.875,16,0.3333333333333333,an0,20753
12,9.6875,5,1.6546610607029015,64.73083332784755,0.8181818181818182,0.71875,16,0.22222222222222224,an0,20853
11,8.5,4,1.722713538428218,77.03101972321589,0.8,0.6875,16,0.13333333333333333,an0,20886
11,8.5,2,2.1849928028227223,77.30703864553371,0.7,0.578125,16,0.125,an0,20931
11,9.3125,5,1.674042817504591,52.74760192287968,0.5454545454545454,0.5,16,0.33333333333333326,an0,20972
10,9.53125,5,1.1635422833577171,45.16470923780096,0.0,0.921875,16,0.5,an0,21012
11,9.0625,2,1.8305208143074754,39.50950662497191,0.0,0.9375,16,0.5263157894736842,an0,21026
10,8.90625,7,0.46554685152811626,46.87436421281066,0.0,1.0,16,0.47058823529411764,an0,21076
10,8.59375,4,1.1030566037007086,46.611016607882995,0.0,0.90625,16,0.4444444444444444,an0,21096
11,8.0625,3,1.9664525124881524,72.16584703363216,0.6666666666666666,0.75,16,0.2222222222222222,an0,21256
13,7.84375,2,2.6893982418425515,78.95973050675104,0.7777777777777778,0.34375,16,0.10526315789473685,an0,21465
10,7.75,2,2.286002286003429,74.7013503763277,1.0,0.5625,16,0.13333333333333333,an0,21473
13,6.65625,1,2.707330252624196,55.1998531135762,0.875,0.453125,16,0.11764705882352941,an0,21607
9,7.375,4,1.0998533626601497,52.28190264805295,0.25,0.84375,16,0.375,an0,21703
10,8.71875,3,1.1425600852415145,49.57628553522615,0.0,0.9375,16,0.4444444444444444,an0,21853
10,8.59375,2,1.3645127926444378,42.16132676560115,0.1111111111111111,0.9375,16,0.5555555555555556,an0,21918
10,9.15625,5,1.5473051495443462,34.28234591933389,0.0,0.859375,16,0.6125,k2s,280
11,8.09375,1,2.8325228125949784,71.11487852106299,0.8181818181818182,0.40625,16,0.125,k2s,348
12,8.21875,1,2.1662272093620847,71.38991583621942,0.9,0.484375,16,0.11764705882352941,k2s,480
10,7.9375,2,1.8480591388386793,48.467551580806976,0.5555555555555556,0.75,16,0.2857142857142857,k2s,605
10,7.6875,2,1.5951033943634116,37.091164129305085,0.0,0.90625,16,0.5882352941176471,k2s,635
10,7.96875,5,1.0620848334989004,42.62207824402988,0.0,0.921875,16,0.5555555555555556,k2s,638
10,8.125,4,1.3380293646423316,50.712805637184076,0.0,0.84375,16,0.375,k2s,750
10,8.5,6,0.7184212081070996,28.422863687776122,0.0,0.96875,16,0.7058823529411765,k2s,1067
10,8.46875,4,1.1067060978854206,59.72802580005656,0.0,0.84375,16,0.35294117647058826,k2s,1299
10,9.125,2,2.2106778992412144,26.603122735242827,0.0,0.875,16,0.7,k2s,1503
11,7.71875,2,2.399386682386335,55.29080776853785,0.8888888888888888,0.5625,16,0.16666666666666666,k2s,1510
11,8.46875,1,2.8847136046140114,57.224196377065766,0.9,0.65625,16,0.19999999999999998,k2s,1534
10,8.28125,6,0.8884337432408971,47.22301337803358,0.125,0.859375,16,0.4210526315789474,k2s,1862
10,8.1875,3,1.554130811947682,43.107415144628995,0.2222222222222222,0.875,16,0.47058823529411764,k2s,1973
11,9.625,4,1.6607421582319852,52.45944572070822,1.0,0.546875,16,0.3157894736842105,k2s,2118
11,8.28125,3,1.8002575980550224,58.25778960466942,1.0,0.53125,16,0.13333333333333333,k2s,2402
10,8.78125,4,0.9749896608219378,31.37373072769117,0.0,0.9375,16,0.75,k2s,2566
9,8.84375,6,0.6278162356983543,25.211691533064112,0.0,0.96875,16,0.8333333333333333,k2s,2633
10,8.875,4,1.5397947077242096,54.312162431509435,0.4,0.796875,16,0.3,k2s,2663
10,8.875,7,0.6599120175960898,49.38817492641694,0.1111111111111111,0.9375,16,0.47058823529411764,k2s,2742
10,8.8125,3,1.0906494070196242,29.592317223963093,0.0,0.96875,16,0.7777777777777778,k2s,2754
11,6.71875,1,2.7028584033180683,nan,0.7777777777777778,0.34375,16,0.0,k2s,2979
9,7.625,4,1.3854078239672525,32.551929240266446,0.2222222222222222,0.8125,16,0.5333333333333333,k2s,3130
11,8.90625,2,1.8727136598030418,50.77127769261395,0.5,0.75,16,0.3529411764705882,k2s,3176
11,8.03125,1,2.039676998464344,40.35073859086225,0.6666666666666666,0.46875,16,0.25,k2s,3201
12,10.0,2,2.590304503210933,41.05775604307992,0.4166666666666667,0.796875,16,0.43478260869565216,k2s,3556
11,8.4375,5,1.6448845434529205,77.48148050842435,1.0,0.40625,16,0.12132352941176472,k2s,3574
12,8.0625,4,2.0625305471833664,67.08468132324072,1.0,0.515625,16,0.12916666666666668,k2s,3610
11,8.46875,3,1.6458035590065752,57.035495634624695,0.7,0.578125,16,0.2222222222222222,k2s,3787
10,9.3125,5,0.9651174088696285,35.438522043505024,0.0,0.96875,16,0.6666666666666666,k2s,3972
10,8.4375,3,1.522678031330581,35.95422353474321,0.0,0.890625,16,0.6666666666666666,k2s,4016
11,7.71875,2,2.630275037746727,70.19049127957912,0.9090909090909091,0.53125,16,0.125,k2s,4053
9,8.0,7,0.508000508000762,41.604383561888326,0.25,0.828125,16,0.5,k2s,4216
11,8.4375,0,2.0150642349482912,47.183635148559105,0.4,0.75,16,0.33333333333333326,k2s,4258
10,9.6875,6,0.8206016675429032,25.628134876324328,0.0,0.984375,16,0.8000000000000002,k2s,4358
12,10.375,5,1.3380293646423316,44.059698738772475,0.09090909090909091,0.875,16,0.513157894736842,k2s,4492
12,10.25,3,2.552670960436943,32.25282127914299,0.08333333333333333,0.828125,16,0.6,k2s,4597
12,8.75,1,2.4626238301925567,73.38918262277338,0.8461538461538461,0.375,16,0.1111111111111111,k2s,4687
9,9.0,9,0.0,19.952428986337328,0.0,1.0,16,0.8888888888888888,k2s,4791
9,8.96875,8,0.1767766952966369,21.030132292341825,0.0,1.0,16,0.8888888888888888,k2s,4802
9,8.875,5,0.7071067811865476,20.290037507933818,0.0,0.96875,16,0.8888888888888888,k2s,5153
12,8.78125,2,2.3926550915451172,76.41124234951421,1.0,0.4375,16,0.13333333333333333,k2s,5244
11,9.90625,4,1.9896405089459526,23.891489540856746,0.18181818181818182,0.875,16,0.7272727272727273,k2s,5261
11,7.71875,3,2.2177346040934536,75.52083333333333,0.8461538461538461,0.3125,16,0.125,k2s,5379
10,8.84375,5,0.8075999888159261,27.73780694734497,0.0,0.96875,16,0.7777777777777778,k2s,5561
10,9.75,5,0.9503819266229829,24.230088737960994,0.0,0.96875,16,0.8421052631578948,k2s,5640
10,8.25,1,1.545023227719748,26.528212366793884,0.1111111111111111,0.90625,16,0.75,k2s,5720
11,9.375,2,2.012060410816284,45.63134960697859,0.3,0.828125,16,0.380952380952381,k2s,5990
11,8.90625,3,1.6136389451055309,48.96962307320679,0.4,0.828125,16,0.4000000000000001,k2s,6062
11,9.65625,2,2.164364989194663,50.714532248507574,0.36363636363636365,0.8125,16,0.3582887700534759,k2s,6133
11,9.40625,1,2.168087830026652,48.39283810713624,0.2,0.875,16,0.4285714285714285,k2s,6138
10,8.53125,6,0.9498514315067824,47.6170178746072,0.7777777777777778,0.6875,16,0.3333333333333333,k2s,6180
10,9.09375,8,0.3901509219974802,28.14190674298057,0.0,1.0,16,0.7777777777777778,k2s,6294
10,7.84375,3,1.779985048867981,34.053224400064266,0.1111111111111111,0.875,16,0.5882352941176471,k2s,6313
10,8.78125,4,1.0390558679754394,31.178785270589547,0.0,0.96875,16,0.6666666666666666,k2s,6340
10,8.375,2,1.930234817739257,42.70739843140151,0.1111111111111111,0.84375,16,0.4444444444444444,k2s,6346
10,8.875,2,1.7180258738522556,33.300287383561816,0.0,0.9375,16,0.631578947368421,k2s,6651
9,7.96875,6,0.646797320799606,52.46390603315393,0.0,0.9375,16,0.5,k2s,6674
11,7.375,3,1.80947327926861,nan,0.125,0.15625,16,0.1380952380952381,k2s,6885
11,8.34375,1,2.308600679367091,95.66135845351131,0.9,0.328125,16,0.10526315789473685,k2s,6966
10,9.34375,1,1.8423227800270103,49.17296489709891,0.0,0.921875,16,0.5,k2s,7022
9,8.0625,5,0.9136068187983487,43.83002915342797,0.0,0.90625,16,0.4444444444444444,k2s,7139
9,9.0,9,0.0,12.388783648794213,0.0,1.0,16,1.0,k2s,7221
10,10.0,10,0.0,17.38489948076417,0.0,1.0,16,1.0,k2s,7276
10,8.96875,7,0.47412908273673127,31.56031081661828,0.0,1.0,16,0.7638888888888888,k2s,7378
9,8.71875,5,0.8125775397243737,32.528634677948695,0.0,0.96875,16,0.7777777777777778,k2s,7459
10,8.8125,3,1.1482806221027917,24.84353162028409,0.0,0.96875,16,0.8421052631578948,k2s,7509
10,9.09375,5,1.1460837947184006,46.958837064733856,0.1,0.90625,16,0.4444444444444444,k2s,7578
10,8.8125,5,0.9651174088696285,52.65892879766977,0.0,0.9375,16,0.38749999999999996,k2s,7627
11,9.28125,2,1.745674377499442,64.26517055213657,0.7,0.734375,16,0.2222222222222222,k2s,7665
11,9.21875,5,1.679753726188801,64.1379074911632,0.3,0.796875,16,0.23529411764705882,k2s,7703
10,9.03125,8,0.30946102990886926,28.40332492922109,0.0,1.0,16,0.7777777777777778,k2s,7852
9,9.0,9,0.0,11.789742644189097,0.0,1.0,16,1.0,k2s,8050
10,8.96875,6,0.594836654184399,16.053161466065045,0.0,0.96875,16,1.0,k2s,8194
10,9.84375,6,0.7233156184342819,12.672875519025792,0.0,0.96875,16,1.0,k2s,8370
10,7.46875,2,1.7594789367969876,31.975670795234503,0.25,0.875,16,0.5,k2s,8454
10,9.0625,9,0.24593468841898236,20.44814375681483,0.0,1.0,16,0.8888888888888888,k2s,8458
10,9.03125,9,0.1767766952966369,18.94726300767944,0.0,1.0,16,0.9473684210526316,k2s,8498
10,10.0,10,0.0,24.48244538128324,0.0,1.0,16,0.9,k2s,8783
10,8.46875,3,1.4587748947484622,36.292891610748306,0.4444444444444444,0.78125,16,0.46153846153846156,k2s,8961
11,9.03125,2,2.1475323423153196,55.931305126035554,0.1,0.84375,16,0.3529411764705882,k2s,9046
11,10.03125,4,1.1773226871497122,24.865844528697338,0.0,0.96875,16,0.9,k2s,9051
9,8.03125,3,1.786768122219737,42.73651739867002,0.3333333333333333,0.84375,16,0.46153846153846156,k2s,9120
11,7.75,2,2.6273990573286756,nan,0.9,0.328125,16,0.10526315789473685,k2s,9254
12,9.34375,3,1.7890234315708884,38.76362825542044,0.0,0.890625,16,0.6,k2s,9534
12,10.78125,5,1.4752665150143482,46.19974140834533,0.09090909090909091,0.90625,16,0.5,k2s,9670
9,8.0,7,0.3592106040535498,20.720612741652992,0.0,1.0,16,0.9333333333333333,k2s,10076
10,9.21875,3,1.6604386322935585,47.5928318859189,0.1,0.875,16,0.47058823529411764,k2s,10131
12,8.6875,2,2.101266898955285,71.75648819507737,0.8,0.4375,16,0.11111111111111112,k2s,10178
11,8.3125,2,2.442070776496733,61.45440979315228,1.0,0.5625,16,0.15384615384615383,k2s,10200
11,9.3125,4,1.6932027297021959,44.49963073647238,0.0,0.875,16,0.47619047619047616,k2s,10216
11,7.8125,3,2.278050949612905,84.48834978859512,0.9,0.40625,16,0.125,k2s,10239
11,9.125,4,2.0280293947096655,52.53815658855239,0.9,0.671875,16,0.20000000000000004,k2s,10302
12,8.375,2,2.7208869521631387,76.92804027045815,0.9090909090909091,0.4375,16,0.11764705882352941,k2s,10310
12,9.625,1,3.452441866086912,43.21726327244521,0.5833333333333334,0.75,16,0.33333333333333326,k2s,10315
10,8.9375,7,0.5040161287741853,26.407634873850274,0.2222222222222222,0.9375,16,0.5882352941176471,k2s,10342
11,8.46875,1,2.3277342576405813,nan,0.8888888888888888,0.375,16,0.1111111111111111,k2s,10878
10,9.875,7,0.5535807194106618,32.81117626976942,0.0,1.0,16,0.7,k2s,11065
10,9.46875,2,1.7035896636031471,25.269500592306038,0.0,0.90625,16,0.8000000000000002,k2s,11155
12,9.9375,2,2.7700879222100863,67.36694012967297,1.0,0.609375,16,0.23529411764705882,k2s,11332
10,10.0,10,0.0,13.20043028907134,0.0,1.0,16,1.0,k2s,11370
11,8.75,4,2.0160645150967413,68.04475590486267,1.0,0.640625,16,0.13333333333333333,k2s,11404
11,9.5,2,2.314052443156252,43.026663544485984,0.36363636363636365,0.78125,16,0.4000000000000001,k2s,11483
9,9.0,9,0.0,18.63162502767472,0.0,1.0,16,1.0,k2s,11590
10,9.78125,6,0.7924797748513126,17.0159871309476,0.0,0.984375,16,1.0,k2s,11629
10,9.6875,3,1.2556324713967086,22.271501244503487,0.0,0.96875,16,0.9,k2s,11672
11,9.03125,6,0.8607714094664383,46.56029543461197,0.3333333333333333,0.84375,16,0.4210526315789474,k2s,11713
9,8.46875,4,1.2696043325738624,46.213877214917105,0.0,0.90625,16,0.47058823529411764,k2s,11720
10,8.8125,2,1.5120483863225558,42.62428984853768,0.0,0.9375,16,0.4444444444444445,k2s,11726
10,10.0,10,0.0,22.20076899619927,0.0,1.0,16,0.9,k2s,11737
10,8.375,2,1.75517667523538,36.30960059402121,0.2222222222222222,0.875,16,0.4444444444444444,k2s,11773
9,8.9375,7,0.3535533905932738,22.855526832946193,0.0,1.0,16,0.8888888888888888,k2s,11968
10,9.09375,8,0.3901509219974802,23.669052711164774,0.0,1.0,16,0.8421052631578948,k2s,12012
9,7.71875,2,1.8357449924810785,45.76404835081329,0.625,0.71875,16,0.25,k2s,12050
10,9.90625,7,0.5303300858899106,17.513133041127293,0.0,1.0,16,1.0,k2s,12248
10,9.96875,9,0.1767766952966369,16.2304358024218,0.0,1.0,16,1.0,k2s,12258
10,8.40625,3,1.41100227475183,49.01247990796217,0.1111111111111111,0.875,16,0.4444444444444444,k2s,12488
10,8.84375,3,1.272776365831545,44.09922220327024,0.1,0.953125,16,0.5555555555555556,k2s,12521
11,9.40625,8,0.7120789644505048,37.69265595399469,0.0,1.0,16,0.6666666666666666,k2s,12524
9,7.90625,2,1.1460837947184006,27.4445339466199,0.0,0.921875,16,0.75,k2s,12661
10,8.875,4,0.9069623173877128,19.885334218325468,0.0,0.96875,16,1.0,k2s,12682
9,9.0,9,0.0,16.104030843789534,0.0,1.0,16,1.0,k2s,12856
10,9.84375,8,0.447889315243931,30.37230042220249,0.0,0.96875,16,0.8000000000000002,k2s,12865
9,8.8125,3,1.0606601717798212,22.22319323089577,0.0,0.96875,16,0.8888888888888888,k2s,13016
10,8.75,5,0.842423539174232,27.86336640644845,0.0,0.875,16,0.7058823529411765,k2s,13053
9,8.84375,5,0.7233156184342819,14.763929955520979,0.0,0.96875,16,1.0,k2s,13062
10,9.03125,8,0.30946102990886926,16.680362160682346,0.0,1.0,16,1.0,k2s,13498
10,9.03125,9,0.1767766952966369,14.143308943320546,0.0,1.0,16,1.0,k2s,13517
9,7.625,2,1.497309414874216,15.584641381736041,0.0,0.90625,16,0.9411764705882353,k2s,13628
10,7.78125,1,2.210449888524374,50.71503289630174,1.0,0.53125,16,0.2105263157894737,k2s,13833
11,8.15625,3,1.779985048867981,nan,0.5,0.265625,16,0.11111111111111112,k2s,13860
10,8.21875,3,1.2885194053891917,65.20825013306727,0.6666666666666666,0.75,16,0.25,k2s,13875
10,8.09375,2,1.784509962553197,nan,0.6,0.25,16,0.1111111111111111,k2s,13938
10,7.75,3,1.8837162994395398,70.45225436157526,0.7777777777777778,0.4375,16,0.11764705882352941,k2s,14112
11,8.34375,5,1.536845848252297,nan,0.8333333333333334,0.390625,16,0.11764705882352941,k2s,14170
9,7.875,4,0.7931155389125321,57.217357947872884,0.0,0.96875,16,0.39999999999999997,k2s,14244
11,7.65625,1,2.119180836869482,nan,0.9090909090909091,0.34375,16,0.1111111111111111,k2s,14275
13,8.125,1,2.587189283198424,nan,1.0,0.25,16,0.10818713450292397,k2s,14288
12,7.90625,2,2.0846501214909563,nan,1.0,0.28125,16,0.10526315789473685,k2s,14312
11,8.5,5,1.545023227719748,75.89178970820437,0.875,0.4375,16,0.11111111111111112,k2s,14456
12,7.84375,3,2.096223562935607,61.707623601520055,1.0,0.53125,16,0.125,k2s,14570
12,8.375,4,2.075199174272972,nan,0.8888888888888888,0.3125,16,0.10526315789473685,k2s,14587
12,8.75,3,2.032002032003048,87.61890050367248,1.0,0.40625,16,0.1111111111111111,k2s,14623
11,7.5,1,2.4626238301925567,70.53871850643561,0.5,0.21875,16,0.11437908496732027,k2s,14661
12,8.65625,3,2.308600679367091,65.93829180519896,1.0,0.375,16,0.1111111111111111,k2s,14797
11,6.9375,2,2.6632202191114183,76.00386062289715,0.7777777777777778,0.34375,16,0.10526315789473685,k2s,14850
11,7.78125,1,2.0593512132112965,66.01242119503652,0.7777777777777778,0.46875,16,0.125,k2s,14913
12,8.21875,3,2.3103466434505506,nan,0.625,0.265625,16,0.1111111111111111,k2s,14919
12,9.25,5,1.778001778002667,92.01510734360427,1.0,0.34375,16,0.10526315789473685,k2s,14998
12,8.34375,1,2.431107208262218,86.46301501976781,0.8181818181818182,0.28125,16,0.1111111111111111,k2s,15165
12,9.3125,0,2.5328487085977245,48.997103443298904,0.36363636363636365,0.78125,16,0.3157894736842105,k2s,15204
10,8.6875,3,1.4013242584852925,44.45117793468263,0.3333333333333333,0.78125,16,0.4210526315789474,k2s,15310
12,8.34375,4,1.9278832617582793,nan,0.7777777777777778,0.34375,16,0.1111111111111111,k2s,15371
9,7.65625,3,1.358589757444188,47.93397815299431,0.25,0.859375,16,0.47058823529411764,k2s,15385
11,8.0625,3,1.9166082272530798,85.70934751228435,0.7272727272727273,0.28125,16,0.11764705882352941,k2s,15437
11,9.65625,2,2.659242858530443,60.471656932659656,0.8181818181818182,0.6875,16,0.2105263157894737,k2s,15488
11,8.15625,3,1.8335471527316451,nan,0.7272727272727273,0.28125,16,0.11764705882352941,k2s,15920
12,8.34375,2,1.9936896416184677,67.82092001617404,0.75,0.4375,16,0.11764705882352941,k2s,16034
9,7.75,0,2.257603639602928,33.29093468364878,0.1111111111111111,0.8125,16,0.5714285714285714,k2s,16256
10,8.90625,5,0.7343803620257232,21.571589226607173,0.0,0.96875,16,0.8888888888888888,k2s,16259
11,8.21875,3,1.6988492310023922,53.274147253851,0.8888888888888888,0.5,16,0.17424242424242423,k2s,16339
12,9.03125,4,1.975403184652562,87.34640537108554,1.0,0.375,16,0.10263157894736843,k2s,16369
13,8.875,3,2.392865740406867,nan,0.7272727272727273,0.25,16,0.10526315789473685,k2s,16532
10,6.65625,1,2.377439324553938,62.17981251940226,0.7777777777777778,0.40625,16,0.125,k2s,16551
12,9.8125,1,2.146828117885066,42.580346845698664,0.9,0.609375,16,0.2727272727272727,k2s,16589
11,8.53125,4,1.5654407809654372,74.95217644475034,1.0,0.421875,16,0.11111111111111112,k2s,16730
11,7.78125,4,1.7177324700632743,65.42743814656691,0.6,0.25,16,0.125,k2s,16804
13,8.625,2,2.4593468841898236,76.91767117142814,0.9,0.40625,16,0.1111111111111111,k2s,17377
10,9.96875,9,0.1767766952966369,27.919705239248106,0.0,1.0,16,0.8000000000000002,k2s,17454
11,9.03125,1,2.5587846787602246,40.5223015163871,0.2,0.796875,16,0.4000000000000001,k2s,17663
10,9.03125,5,1.307160799151623,39.22329078715819,0.7,0.75,16,0.41052631578947374,k2s,17711
11,8.375,1,2.40630891214016,70.45593566556616,1.0,0.5625,16,0.11764705882352941,k2s,17721
11,8.25,2,2.155263624321299,76.16414339272279,0.7777777777777778,0.375,16,0.11111111111111112,k2s,17803
13,8.71875,4,2.173660136060091,68.65866402717208,0.9090909090909091,0.34375,16,0.1111111111111111,k2s,17812
11,7.1875,2,2.3201432102628994,nan,0.8,0.296875,16,0.09999999999999999,k2s,17983
10,8.21875,3,1.7731760278682012,46.41019553934243,0.5555555555555556,0.75,16,0.3333333333333333,k2s,18051
11,8.09375,3,2.2340383656855223,80.57084504817698,0.75,0.375,16,0.1111111111111111,k2s,18142
12,8.4375,5,1.7768674864817942,79.98259678223408,0.9,0.484375,16,0.125,k2s,18227
12,8.40625,3,2.5635078663123236,81.96001138473886,0.875,0.328125,16,0.10526315789473685,k2s,18319
10,8.28125,5,1.2504031607910022,48.18660207542042,0.0,0.875,16,0.4444444444444444,k2s,18460
9,7.46875,2,1.626085245553397,59.029373446569785,0.8888888888888888,0.5,16,0.25,k2s,18496
12,8.5625,3,2.093576966851,67.01915854212388,1.0,0.484375,16,0.125,k2s,18525
10,8.96875,4,1.5342198816210442,38.25644037328515,0.4,0.84375,16,0.5263157894736842,k2s,18542
11,8.21875,3,2.1210827271664514,52.70714770343277,1.0,0.609375,16,0.15384615384615383,k2s,18609
11,8.25,3,1.778001778002667,74.68049725701036,1.0,0.390625,16,0.11111111111111112,k2s,18781
11,8.40625,2,2.499798378966566,61.725098321735636,1.0,0.5,16,0.11764705882352941,k2s,18783
11,7.4375,2,2.1089287909176284,87.21392050055512,0.8888888888888888,0.3125,16,0.1111111111111111,k2s,18885
12,8.46875,3,2.0158144915929466,52.027396670679714,0.9,0.484375,16,0.1904761904761905,k2s,18923
10,9.0,7,0.6221710168382552,31.531931360329008,1.0,0.5,16,0.5263157894736842,k2s,18982
11,8.5,3,1.9838054014866837,57.67509007903672,0.6666666666666666,0.3125,16,0.14285714285714285,k2s,19026
10,8.34375,3,1.5782672205158537,69.62113684105735,0.875,0.625,16,0.2105263157894737,k2s,19092
11,8.4375,3,1.758619326484237,51.22048821660976,1.0,0.46875,16,0.25,k2s,19142
10,8.6875,2,1.3060035073805594,27.239708318458053,0.0,0.9375,16,0.7777777777777778,k2s,19733
13,9.0625,1,2.7349293792852163,72.33252758414139,0.8888888888888888,0.375,16,0.1213235294117647,k2s,19834
12,8.71875,3,1.870559257410433,71.92389550012902,1.0,0.3125,16,0.10526315789473685,k2s,19847
11,7.84375,1,2.8749123408796198,nan,0.75,0.359375,16,0.10526315789473685,k2s,19942
11,8.03125,2,2.221368003382513,nan,0.25,0.21875,16,0.11764705882352941,k2s,19979
11,7.65625,1,2.3638319764533238,nan,0.2222222222222222,0.1875,16,0.11764705882352941,k2s,19992
11,7.75,3,2.3000701251581788,74.14348903730874,0.5,0.265625,16,0.125,k2s,20195
10,8.46875,4,1.0467884834255,35.86517077724703,0.5555555555555556,0.71875,16,0.4444444444444444,k2s,20325
10,8.0625,2,2.198789989825049,48.40528722771121,0.2222222222222222,0.84375,16,0.4444444444444444,k2s,20450
12,7.34375,2,2.585435322426692,nan,0.3333333333333333,0.21875,16,0.11764705882352941,k2s,20627
11,8.375,3,2.166459874333419,82.87376705838446,0.9090909090909091,0.375,16,0.10526315789473685,k2s,20632
11,8.78125,3,1.4969727517075382,49.09992284318223,0.7777777777777778,0.46875,16,0.25,k2s,20855
11,9.0625,3,1.8128128206134921,50.75671503057652,0.1111111111111111,0.90625,16,0.3157894736842105,k2s,20901
12,7.625,2,2.6365911520798604,81.28862403149449,1.0,0.375,16,0.11111111111111112,k2s,20907
10,8.59375,2,1.4560081309592179,43.75067618600996,0.1111111111111111,0.875,16,0.4210526315789474,k2s,20930
10,8.3125,4,1.6151999776318522,50.66352904861225,0.3333333333333333,0.84375,16,0.30769230769230765,k2s,20941
9,8.53125,5,0.8793096632421185,47.63639063850219,0.4444444444444444,0.8125,16,0.375,k2s,21024
11,9.4375,4,1.2164862143392416,48.05798906009281,0.3333333333333333,0.78125,16,0.3157894736842105,k2s,21081
11,8.125,5,1.4535828926505883,59.68826373345642,1.0,0.5,16,0.125,k2s,21124
10,7.3125,3,1.5951033943634116,51.79581033325709,0.6666666666666666,0.5625,16,0.16666666666666666,k2s,21399
9,7.40625,3,1.623603618398721,96.60019266141357,0.75,0.34375,16,0.11764705882352941,k2s,21479
12,8.3125,2,2.2351661553306243,75.01961071611913,0.6,0.34375,16,0.11764705882352941,k2s,21548
11,8.09375,3,2.4542178965753974,76.55761421107898,0.9166666666666666,0.375,16,0.10526315789473685,k2s,21627
11,7.8125,2,2.2351661553306243,62.702109764870116,0.8888888888888888,0.625,16,0.20000000000000004,k2s,21683
9,7.5,3,1.4368424162141993,43.77109364350657,0.25,0.828125,16,0.39999999999999997,k2s,21801
10,7.21875,2,1.9466161707252492,nan,0.375,0.1875,16,0.23529411764705882,k2s,21886
11,8.15625,2,2.4377326191731212,50.92869296751958,0.9090909090909091,0.59375,16,0.16666666666666666,k2s,21965
11,9.0,8,0.43994134506405985,48.62601666773316,0.0,0.96875,16,0.47058823529411764,k2s,22019
10,8.25,4,1.270001270001905,54.767454126581384,0.1111111111111111,0.8125,16,0.3333333333333333,k2s,22264
11,8.71875,2,2.1134648970275665,71.21991152427839,1.0,0.65625,16,0.14285714285714288,k2s,22360
10,8.9375,3,1.4354385639823608,36.823687490429585,0.0,0.9375,16,0.631578947368421,k2s,22570
10,8.8125,4,1.0606601717798212,47.23530507087774,0.0,0.9375,16,0.5263157894736842,k2s,22596
10,8.9375,8,0.3535533905932738,34.443734547946086,0.0,0.96875,16,0.6666666666666666,k2s,22641
10,8.59375,4,1.073414058942533,51.014877553200805,0.1111111111111111,0.9375,16,0.4575163398692811,k2s,22704
11,8.65625,3,1.9110776389083421,69.63849938497317,1.0,0.484375,16,0.13333333333333333,k2s,22746
10,9.0625,2,1.50134348437142,44.580506388082874,0.0,0.96875,16,0.5,k2s,22871
11,8.3125,2,2.4683480174975068,72.32993074257423,0.9,0.359375,16,0.10526315789473685,k2s,22959
11,7.15625,1,2.6040833319999575,nan,0.7,0.28125,16,0.10526315789473685,k2s,23162
11,8.125,2,2.1515185934740413,nan,0.9090909090909091,0.40625,16,0.1111111111111111,k2s,23239
12,7.9375,3,2.3270845667154343,78.72284229913183,0.9230769230769231,0.34375,16,0.10818713450292397,k2s,23319
12,8.9375,0,2.638884172793371,62.57700444643915,1.0,0.53125,16,0.16666666666666666,k2s,23630
12,8.5,2,1.9838054014866837,76.81860615334526,0.9090909090909091,0.40625,16,0.11111111111111112,k2s,23742
11,7.875,3,2.166459874333419,nan,0.6,0.265625,16,0.1111111111111111,k2s,23785
12,7.875,1,2.562131169365116,nan,0.7,0.28125,16,0.10526315789473685,k2s,23951
11,9.3125,4,1.7308864035330234,79.56478717139859,0.6,0.6875,16,0.2105263157894737,k2s,23964
12,8.78125,1,2.3242671408285847,nan,0.9,0.25,16,0.11764705882352941,k2s,24112
10,8.3125,4,1.6932027297021959,54.05383795391416,0.2222222222222222,0.84375,16,0.3333333333333333,k2s,24130
12,8.0,3,2.423007994608248,nan,0.8,0.296875,16,0.11111111111111112,k2s,24414
10,8.53125,4,1.3674646896426081,42.65662804502044,0.1111111111111111,0.84375,16,0.424812030075188,k2s,24535
11,7.65625,2,2.350145843106544,64.28193444074023,1.0,0.625,16,0.15384615384615383,k2s,24660
10,7.53125,3,1.3908543440819434,48.98644766976929,0.5,0.5,16,0.25,k2s,24990
10,8.5,6,0.762000762001143,30.537964783543988,0.0,0.984375,16,0.7029411764705882,k2s,25093
11,8.96875,5,1.4024028918138118,48.90671517442084,0.3333333333333333,0.84375,16,0.33333333333333326,k2s,25126
9,7.75,4,1.2443420336765103,49.164068381883666,0.6666666666666666,0.5625,16,0.25,k2s,25146
9,7.34375,2,1.4052751997729036,43.59222351159033,0.625,0.71875,16,0.375,k2s,25251
11,8.59375,3,1.9651705171028602,59.570002311632564,1.0,0.5,16,0.14285714285714288,k2s,25532
10,8.875,3,1.699145895499721,62.58968830581275,0.3333333333333333,0.8125,16,0.22222222222222224,k2s,25718
10,8.78125,4,1.4532360996377438,65.40288667678897,1.0,0.59375,16,0.2105263157894737,k2s,25726
11,8.4375,3,1.6448845434529205,58.41325222420075,0.1111111111111111,0.84375,16,0.3157894736842105,k2s,26134
9,7.59375,3,1.4336818156017384,55.32804271782589,0.625,0.75,16,0.25,k2s,26340
9,8.375,4,1.1845783243211963,29.646353064078557,0.1111111111111111,0.9375,16,0.6666666666666666,k2s,26460
9,8.0,4,1.1913667943625412,51.788913193135755,0.4444444444444444,0.84375,16,0.375,k2s,26542
11,7.84375,5,1.5473051495443462,70.0065464626106,1.0,0.5625,16,0.13333333333333333,k2s,26738
9,8.9375,8,0.24593468841898236,25.706744185617048,0.0,1.0,16,0.7777777777777778,k2s,26991
