round,global_step,s,bin,n,h_mean,beta_mean,w_mean,effective_w_mean,delta2_mean,u_norm_mean,dudt_norm_mean,hdudt_norm_mean
1,220,0.996667,"[0.0,0.1)",1839,0.048515,1.0,0.00352598,0.00352598,364.3991,27.9563,28.2797,1.3572
1,220,0.996667,"[0.1,0.3)",3004,0.191445,1.0,0.0039806,0.0039806,302.1723,29.4178,24.0946,4.4913
1,220,0.996667,"[0.3,0.5)",1591,0.386691,1.0,0.00414505,0.00414505,294.5434,30.415,18.3969,7.0371
1,220,0.996667,"[0.5,0.7)",528,0.578273,1.0,0.0041882,0.0041882,298.6653,30.6678,14.7135,8.4649
1,220,0.996667,"[0.7,1.0)",51,0.756304,1.0,0.00399373,0.00399373,344.2516,30.4486,14.365,10.9013
1,220,0.996667,boundary(r=t),7012,0.0,1.0,0.00421446,0.00421446,298.9956,0.0,0.0,0.0
2,440,0.993333,"[0.0,0.1)",1909,0.049555,1.0,0.00482466,0.00482466,245.3296,30.6979,30.3925,1.4458
2,440,0.993333,"[0.1,0.3)",2958,0.191979,1.0,0.00507813,0.00507813,223.0196,31.8367,24.2888,4.5138
2,440,0.993333,"[0.3,0.5)",1559,0.385548,1.0,0.00554959,0.00554959,203.0536,32.0597,17.4707,6.6762
2,440,0.993333,"[0.5,0.7)",538,0.576038,1.0,0.00573816,0.00573816,205.5414,32.0249,16.2641,9.3759
2,440,0.993333,"[0.7,1.0)",49,0.747878,1.0,0.00526801,0.00526801,322.6953,31.6489,17.1146,12.8092
2,440,0.993333,boundary(r=t),7012,0.0,1.0,0.00553126,0.00553126,209.6795,0.0,0.0,0.0
3,660,0.99,"[0.0,0.1)",1826,0.049748,1.0,0.00535925,0.00535925,222.8259,31.5868,33.1592,1.6062
3,660,0.99,"[0.1,0.3)",2974,0.191437,1.0,0.00535678,0.00535678,213.1134,32.2129,25.7886,4.7637
3,660,0.99,"[0.3,0.5)",1644,0.385488,1.0,0.00557241,0.00557241,206.177,32.3332,18.6947,7.1226
3,660,0.99,"[0.5,0.7)",518,0.577773,1.0,0.00597603,0.00597603,196.5734,31.8713,16.0216,9.2734
3,660,0.99,"[0.7,1.0)",51,0.75201,1.0,0.00532979,0.00532979,255.0126,32.0745,16.6474,12.487
3,660,0.99,boundary(r=t),7012,0.0,1.0,0.00597273,0.00597273,195.606,0.0,0.0,0.0
4,880,0.986667,"[0.0,0.1)",1830,0.049886,1.0,0.0057839,0.0057839,204.6774,31.8223,34.8565,1.6841
4,880,0.986667,"[0.1,0.3)",2997,0.192789,1.0,0.00551714,0.00551714,211.3606,32.5776,27.5129,5.1438
4,880,0.986667,"[0.3,0.5)",1556,0.385573,1.0,0.00588756,0.00588756,201.6376,32.5258,18.6427,7.0659
4,880,0.986667,"[0.5,0.7)",564,0.576005,1.0,0.00630164,0.00630164,182.7737,32.1215,15.7192,9.0475
4,880,0.986667,"[0.7,1.0)",66,0.747546,1.0,0.00555452,0.00555452,234.1302,31.5283,15.4897,11.5881
4,880,0.986667,boundary(r=t),7012,0.0,1.0,0.0063949,0.0063949,181.3267,0.0,0.0,0.0
5,1100,0.983333,"[0.0,0.1)",1883,0.048571,1.0,0.00607431,0.00607431,196.1847,32.1962,34.4426,1.6486
5,1100,0.983333,"[0.1,0.3)",2864,0.193371,1.0,0.00563062,0.00563062,209.3814,32.5807,28.2904,5.3128
5,1100,0.983333,"[0.3,0.5)",1664,0.385611,1.0,0.00582784,0.00582784,205.3727,32.7207,19.3662,7.3626
5,1100,0.983333,"[0.5,0.7)",545,0.572813,1.0,0.00616936,0.00616936,183.8933,32.3824,16.054,9.1824
5,1100,0.983333,"[0.7,1.0)",57,0.75265,1.0,0.00567479,0.00567479,210.7235,32.334,15.9697,12.0187
5,1100,0.983333,boundary(r=t),7012,0.0,1.0,0.00652905,0.00652905,178.7604,0.0,0.0,0.0
6,1320,0.98,"[0.0,0.1)",1837,0.050084,1.0,0.00629592,0.00629592,193.4813,32.1323,34.4808,1.6975
6,1320,0.98,"[0.1,0.3)",2981,0.193185,1.0,0.00584619,0.00584619,205.8211,32.727,27.86,5.252
6,1320,0.98,"[0.3,0.5)",1595,0.386363,1.0,0.00586706,0.00586706,211.3715,32.6748,19.565,7.4332
6,1320,0.98,"[0.5,0.7)",550,0.573665,1.0,0.0064554,0.0064554,175.7623,32.3981,15.1915,8.7136
6,1320,0.98,"[0.7,1.0)",50,0.751562,1.0,0.0057961,0.0057961,207.9493,31.6938,14.5325,10.9124
6,1320,0.98,boundary(r=t),7012,0.0,1.0,0.00679191,0.00679191,171.6824,0.0,0.0,0.0
7,1540,0.976667,"[0.0,0.1)",1857,0.049109,1.0,0.00659327,0.00659327,186.1312,32.3062,34.2702,1.627
7,1540,0.976667,"[0.1,0.3)",2919,0.194209,1.0,0.00582435,0.00582435,212.062,32.6846,29.0008,5.5215
7,1540,0.976667,"[0.3,0.5)",1642,0.388073,1.0,0.00583711,0.00583711,210.1432,32.7125,19.8744,7.5775
7,1540,0.976667,"[0.5,0.7)",539,0.571491,1.0,0.00656181,0.00656181,174.2334,32.6337,15.3151,8.7285
7,1540,0.976667,"[0.7,1.0)",56,0.75329,1.0,0.00639084,0.00639084,186.3865,32.0585,15.0646,11.3008
7,1540,0.976667,boundary(r=t),7012,0.0,1.0,0.0069202,0.0069202,168.7335,0.0,0.0,0.0
8,1760,0.973333,"[0.0,0.1)",1848,0.049279,1.0,0.00658551,0.00658551,186.0211,32.3633,33.756,1.614
8,1760,0.973333,"[0.1,0.3)",2919,0.194265,1.0,0.00592082,0.00592082,203.6576,32.8542,28.4594,5.4084
8,1760,0.973333,"[0.3,0.5)",1631,0.387136,1.0,0.00578918,0.00578918,216.9734,32.7374,20.7791,7.8899
8,1760,0.973333,"[0.5,0.7)",566,0.575025,1.0,0.00640021,0.00640021,184.148,32.8423,15.7426,9.032
8,1760,0.973333,"[0.7,1.0)",49,0.760632,1.0,0.00559447,0.00559447,210.5992,32.6358,15.746,12.0058
8,1760,0.973333,boundary(r=t),7012,0.0,1.0,0.00691235,0.00691235,169.1317,0.0,0.0,0.0
9,1980,0.97,"[0.0,0.1)",1806,0.050247,1.0,0.00668695,0.00668695,181.392,32.3529,33.9925,1.6625
9,1980,0.97,"[0.1,0.3)",2972,0.194261,1.0,0.00589782,0.00589782,211.1764,32.9498,30.0676,5.7334
9,1980,0.97,"[0.3,0.5)",1615,0.387629,1.0,0.00586276,0.00586276,216.8563,32.7607,20.5809,7.8254
9,1980,0.97,"[0.5,0.7)",555,0.573917,1.0,0.00634833,0.00634833,183.325,32.5969,15.7653,9.0637
9,1980,0.97,"[0.7,1.0)",65,0.745431,1.0,0.00599562,0.00599562,201.9934,32.5547,14.4738,10.8406
9,1980,0.97,boundary(r=t),7012,0.0,1.0,0.00711856,0.00711856,163.6121,0.0,0.0,0.0
10,2200,0.966667,"[0.0,0.1)",1845,0.04893,1.0,0.00690421,0.00690421,175.2061,32.4546,33.332,1.603
10,2200,0.966667,"[0.1,0.3)",2920,0.192455,1.0,0.00601076,0.00601076,203.3845,32.8182,29.247,5.5076
10,2200,0.966667,"[0.3,0.5)",1614,0.386425,1.0,0.00573315,0.00573315,223.4084,32.7778,21.264,8.0537
10,2200,0.966667,"[0.5,0.7)",568,0.573862,1.0,0.00649426,0.00649426,180.9329,32.5938,15.2835,8.7493
10,2200,0.966667,"[0.7,1.0)",66,0.754509,1.0,0.00564373,0.00564373,218.8475,32.4155,16.3662,12.4024
10,2200,0.966667,boundary(r=t),7012,0.0,1.0,0.00719086,0.00719086,163.1895,0.0,0.0,0.0
11,2420,0.963333,"[0.0,0.1)",1847,0.049289,1.0,0.00702329,0.00702329,173.5988,32.6711,33.4516,1.6277
11,2420,0.963333,"[0.1,0.3)",2903,0.192578,1.0,0.00599676,0.00599676,207.8226,32.8826,29.7464,5.6327
11,2420,0.963333,"[0.3,0.5)",1625,0.384711,1.0,0.00559934,0.00559934,241.5704,32.9127,22.2185,8.3997
11,2420,0.963333,"[0.5,0.7)",576,0.574301,1.0,0.00644744,0.00644744,178.7064,32.9885,15.1753,8.6918
11,2420,0.963333,"[0.7,1.0)",62,0.747313,1.0,0.00584842,0.00584842,255.7635,32.4827,16.9489,12.6201
11,2420,0.963333,boundary(r=t),7012,0.0,1.0,0.00736085,0.00736085,161.0738,0.0,0.0,0.0
12,2640,0.96,"[0.0,0.1)",1847,0.049396,1.0,0.00717018,0.00717018,172.8941,32.7021,32.8388,1.5931
12,2640,0.96,"[0.1,0.3)",3020,0.191231,1.0,0.00605763,0.00605763,210.1375,32.9622,29.965,5.6717
12,2640,0.96,"[0.3,0.5)",1569,0.38631,1.0,0.00567168,0.00567168,243.7805,32.9445,22.7258,8.5929
12,2640,0.96,"[0.5,0.7)",526,0.575153,1.0,0.0064224,0.0064224,181.4366,32.7649,15.7475,9.0192
12,2640,0.96,"[0.7,1.0)",51,0.748612,1.0,0.0060022,0.0060022,190.7604,32.5489,14.4471,10.821
12,2640,0.96,boundary(r=t),7012,0.0,1.0,0.00740844,0.00740844,159.3184,0.0,0.0,0.0
13,2860,0.956667,"[0.0,0.1)",1807,0.049067,1.0,0.00716715,0.00716715,171.9456,32.6579,33.9594,1.656
13,2860,0.956667,"[0.1,0.3)",2904,0.192923,1.0,0.00605886,0.00605886,204.9533,33.0381,30.754,5.82
13,2860,0.956667,"[0.3,0.5)",1709,0.387943,1.0,0.00559592,0.00559592,252.211,32.9782,23.2127,8.7816
13,2860,0.956667,"[0.5,0.7)",530,0.573446,1.0,0.00634058,0.00634058,181.9848,32.6532,15.7775,9.0035
13,2860,0.956667,"[0.7,1.0)",63,0.755408,1.0,0.00635172,0.00635172,185.781,31.8476,13.9123,10.4923
13,2860,0.956667,boundary(r=t),7012,0.0,1.0,0.00740148,0.00740148,159.207,0.0,0.0,0.0
14,3080,0.953333,"[0.0,0.1)",1863,0.049275,1.0,0.00730561,0.00730561,170.7131,32.6413,33.351,1.6119
14,3080,0.953333,"[0.1,0.3)",2914,0.190231,1.0,0.00618945,0.00618945,208.6018,32.9849,30.6226,5.7578
14,3080,0.953333,"[0.3,0.5)",1612,0.387322,1.0,0.00565458,0.00565458,246.3086,32.9636,22.7742,8.65
14,3080,0.953333,"[0.5,0.7)",557,0.580087,1.0,0.00651909,0.00651909,176.6062,32.8911,14.911,8.6346
14,3080,0.953333,"[0.7,1.0)",67,0.759696,1.0,0.00571727,0.00571727,231.1015,32.281,14.9353,11.3843
14,3080,0.953333,boundary(r=t),7012,0.0,1.0,0.00758755,0.00758755,155.7613,0.0,0.0,0.0
15,3300,0.95,"[0.0,0.1)",1850,0.049956,1.0,0.00739918,0.00739918,167.9278,32.8095,35.0039,1.7283
15,3300,0.95,"[0.1,0.3)",3012,0.193923,1.0,0.00618408,0.00618408,209.213,33.1555,30.7934,5.8743
15,3300,0.95,"[0.3,0.5)",1581,0.387009,1.0,0.00556416,0.00556416,256.3207,32.9652,23.7036,8.9913
15,3300,0.95,"[0.5,0.7)",519,0.579373,1.0,0.00624719,0.00624719,201.2471,32.9173,16.4042,9.4692
15,3300,0.95,"[0.7,1.0)",51,0.750844,1.0,0.00606491,0.00606491,228.9741,33.1896,15.6113,11.7081
15,3300,0.95,boundary(r=t),7012,0.0,1.0,0.00766423,0.00766423,154.3703,0.0,0.0,0.0
16,3520,0.946667,"[0.0,0.1)",1816,0.049282,1.0,0.00729096,0.00729096,170.4092,32.6402,34.3566,1.6529
16,3520,0.946667,"[0.1,0.3)",3007,0.192987,1.0,0.00614592,0.00614592,210.877,33.0543,30.9864,5.9074
16,3520,0.946667,"[0.3,0.5)",1624,0.385871,1.0,0.00534227,0.00534227,291.7353,33.0278,25.8607,9.727
16,3520,0.946667,"[0.5,0.7)",496,0.569046,1.0,0.00622935,0.00622935,194.7493,32.5564,16.7572,9.4725
16,3520,0.946667,"[0.7,1.0)",70,0.746559,1.0,0.00545263,0.00545263,252.5017,33.0,16.7835,12.6041
16,3520,0.946667,boundary(r=t),7012,0.0,1.0,0.00776338,0.00776338,153.423,0.0,0.0,0.0
17,3740,0.943333,"[0.0,0.1)",1839,0.048897,1.0,0.00762354,0.00762354,162.7127,32.9287,34.0191,1.6281
17,3740,0.943333,"[0.1,0.3)",2993,0.192508,1.0,0.00631876,0.00631876,206.3665,33.1958,30.5389,5.8048
17,3740,0.943333,"[0.3,0.5)",1630,0.385799,1.0,0.00569488,0.00569488,251.2009,32.9434,23.262,8.802
17,3740,0.943333,"[0.5,0.7)",502,0.572107,1.0,0.00641462,0.00641462,186.998,32.8361,15.957,9.0739
17,3740,0.943333,"[0.7,1.0)",49,0.75074,1.0,0.00584457,0.00584457,251.1387,32.8613,15.7734,11.8658
17,3740,0.943333,boundary(r=t),7012,0.0,1.0,0.0077576,0.0077576,153.3689,0.0,0.0,0.0
18,3960,0.94,"[0.0,0.1)",1832,0.049322,1.0,0.00768812,0.00768812,161.5942,32.914,34.9336,1.6822
18,3960,0.94,"[0.1,0.3)",2983,0.192632,1.0,0.00615704,0.00615704,213.907,33.209,31.8449,6.0908
18,3960,0.94,"[0.3,0.5)",1564,0.389477,1.0,0.00563733,0.00563733,264.0911,33.267,23.6493,9.0049
18,3960,0.94,"[0.5,0.7)",567,0.575186,1.0,0.0064121,0.0064121,188.2617,33.0247,16.1819,9.2774
18,3960,0.94,"[0.7,1.0)",67,0.756028,1.0,0.00593256,0.00593256,248.7314,32.7425,15.0182,11.3461
18,3960,0.94,boundary(r=t),7012,0.0,1.0,0.0078211,0.0078211,151.9029,0.0,0.0,0.0
19,4180,0.936667,"[0.0,0.1)",1776,0.049945,1.0,0.0077448,0.0077448,161.5272,32.898,33.4865,1.65
19,4180,0.936667,"[0.1,0.3)",3021,0.19366,1.0,0.00614813,0.00614813,217.4269,33.2911,32.1771,6.2103
19,4180,0.936667,"[0.3,0.5)",1603,0.387933,1.0,0.00549596,0.00549596,271.6819,33.0612,24.9831,9.4995
19,4180,0.936667,"[0.5,0.7)",555,0.577403,1.0,0.0062401,0.0062401,196.8371,32.9665,16.2341,9.2869
19,4180,0.936667,"[0.7,1.0)",58,0.743927,1.0,0.00559336,0.00559336,210.2755,32.6427,14.4209,10.7302
19,4180,0.936667,boundary(r=t),7012,0.0,1.0,0.00788963,0.00788963,149.8768,0.0,0.0,0.0
20,4400,0.933333,"[0.0,0.1)",1884,0.04926,1.0,0.00801139,0.00801139,158.5568,33.0884,33.8646,1.6484
20,4400,0.933333,"[0.1,0.3)",2930,0.193814,1.0,0.00629422,0.00629422,217.4878,33.2084,32.3073,6.2955
20,4400,0.933333,"[0.3,0.5)",1599,0.387561,1.0,0.00540312,0.00540312,289.573,33.0939,25.8894,9.8242
20,4400,0.933333,"[0.5,0.7)",552,0.575422,1.0,0.00627633,0.00627633,200.8863,32.9498,16.6336,9.4947
20,4400,0.933333,"[0.7,1.0)",48,0.759382,1.0,0.00645215,0.00645215,194.7391,32.28,13.9598,10.5865
20,4400,0.933333,boundary(r=t),7012,0.0,1.0,0.00798803,0.00798803,148.7531,0.0,0.0,0.0
21,4620,0.93,"[0.0,0.1)",1829,0.049286,1.0,0.00795928,0.00795928,156.4018,33.0245,33.6534,1.639
21,4620,0.93,"[0.1,0.3)",2966,0.192169,1.0,0.00633793,0.00633793,214.3856,33.264,32.2956,6.2327
21,4620,0.93,"[0.3,0.5)",1634,0.386277,1.0,0.00539184,0.00539184,293.3725,33.1077,26.1055,9.8588
21,4620,0.93,"[0.5,0.7)",533,0.575149,1.0,0.00613264,0.00613264,200.0328,32.9521,16.7301,9.5682
21,4620,0.93,"[0.7,1.0)",51,0.747914,1.0,0.00597121,0.00597121,266.2803,32.8703,15.3505,11.5255
21,4620,0.93,boundary(r=t),7012,0.0,1.0,0.00806225,0.00806225,147.906,0.0,0.0,0.0
22,4840,0.926667,"[0.0,0.1)",1777,0.049689,1.0,0.00785079,0.00785079,157.8149,33.0369,35.0593,1.702
22,4840,0.926667,"[0.1,0.3)",2940,0.193459,1.0,0.00627787,0.00627787,211.4036,33.1919,31.7378,6.1003
22,4840,0.926667,"[0.3,0.5)",1704,0.387246,1.0,0.00552821,0.00552821,283.1178,33.1211,25.7033,9.7432
22,4840,0.926667,"[0.5,0.7)",528,0.573563,1.0,0.00625868,0.00625868,194.7364,32.9401,16.6095,9.4478
22,4840,0.926667,"[0.7,1.0)",64,0.735438,1.0,0.0060537,0.0060537,202.0409,32.3776,14.0381,10.3478
22,4840,0.926667,boundary(r=t),7012,0.0,1.0,0.00799713,0.00799713,149.6621,0.0,0.0,0.0
23,5060,0.923333,"[0.0,0.1)",1822,0.049411,1.0,0.00774588,0.00774588,161.0903,32.8908,35.3148,1.7247
23,5060,0.923333,"[0.1,0.3)",2961,0.191605,1.0,0.00646678,0.00646678,208.6692,33.3689,31.7111,6.0747
23,5060,0.923333,"[0.3,0.5)",1633,0.387789,1.0,0.00535012,0.00535012,293.7997,33.0589,26.4249,10.0409
23,5060,0.923333,"[0.5,0.7)",532,0.582506,1.0,0.00604604,0.00604604,204.2818,33.1143,16.9626,9.8251
23,5060,0.923333,"[0.7,1.0)",65,0.751828,1.0,0.0059992,0.0059992,216.5286,32.2814,15.2353,11.4557
23,5060,0.923333,boundary(r=t),7012,0.0,1.0,0.00799825,0.00799825,148.7223,0.0,0.0,0.0
24,5280,0.92,"[0.0,0.1)",1883,0.050335,1.0,0.0079071,0.0079071,157.2041,32.9834,34.705,1.6964
24,5280,0.92,"[0.1,0.3)",2892,0.192178,1.0,0.00640883,0.00640883,208.0878,33.3286,31.382,6.0343
24,5280,0.92,"[0.3,0.5)",1647,0.387033,1.0,0.00539313,0.00539313,296.845,33.2466,26.2993,9.9621
24,5280,0.92,"[0.5,0.7)",535,0.574252,1.0,0.00621973,0.00621973,196.8957,33.0111,16.5681,9.4679
24,5280,0.92,"[0.7,1.0)",56,0.750974,1.0,0.00568549,0.00568549,249.0827,33.0792,16.6693,12.4917
24,5280,0.92,boundary(r=t),7012,0.0,1.0,0.00809989,0.00809989,146.9517,0.0,0.0,0.0
25,5500,0.916667,"[0.0,0.1)",1886,0.048525,1.0,0.00809319,0.00809319,156.3707,33.0045,33.9423,1.6193
25,5500,0.916667,"[0.1,0.3)",2936,0.194966,1.0,0.00638284,0.00638284,212.1042,33.3175,31.9589,6.2085
25,5500,0.916667,"[0.3,0.5)",1643,0.386762,1.0,0.00539101,0.00539101,297.1966,33.1014,26.2118,9.9382
25,5500,0.916667,"[0.5,0.7)",497,0.572174,1.0,0.00626909,0.00626909,199.5151,32.9921,16.6959,9.4708
25,5500,0.916667,"[0.7,1.0)",51,0.75944,1.0,0.00583587,0.00583587,216.0701,33.2455,15.5485,11.8232
25,5500,0.916667,boundary(r=t),7012,0.0,1.0,0.00824735,0.00824735,145.6105,0.0,0.0,0.0
26,5720,0.913333,"[0.0,0.1)",1843,0.0498,1.0,0.00817594,0.00817594,158.7365,33.0559,34.4157,1.691
26,5720,0.913333,"[0.1,0.3)",2931,0.193671,1.0,0.00644776,0.00644776,213.9029,33.3601,32.5281,6.2946
26,5720,0.913333,"[0.3,0.5)",1642,0.384483,1.0,0.005442,0.005442,316.181,33.1276,26.6168,10.0225
26,5720,0.913333,"[0.5,0.7)",543,0.576491,1.0,0.00592363,0.00592363,216.6788,32.9882,17.9924,10.273
26,5720,0.913333,"[0.7,1.0)",54,0.740578,1.0,0.00553827,0.00553827,243.4759,32.6221,15.8528,11.7059
26,5720,0.913333,boundary(r=t),7012,0.0,1.0,0.00828793,0.00828793,143.9986,0.0,0.0,0.0
27,5940,0.91,"[0.0,0.1)",1903,0.050222,1.0,0.00811469,0.00811469,153.684,33.0984,33.8171,1.6887
27,5940,0.91,"[0.1,0.3)",2923,0.192166,1.0,0.00657975,0.00657975,207.0503,33.2503,31.4035,6.0273
27,5940,0.91,"[0.3,0.5)",1602,0.386274,1.0,0.0053497,0.0053497,300.4626,33.204,26.8905,10.1841
27,5940,0.91,"[0.5,0.7)",527,0.573066,1.0,0.00643125,0.00643125,193.0613,33.0034,16.5551,9.4376
27,5940,0.91,"[0.7,1.0)",58,0.750085,1.0,0.00634498,0.00634498,217.597,32.3241,13.4365,10.0189
27,5940,0.91,boundary(r=t),7012,0.0,1.0,0.00827606,0.00827606,144.946,0.0,0.0,0.0
28,6160,0.906667,"[0.0,0.1)",1897,0.050099,1.0,0.0083682,0.0083682,150.6129,33.2387,33.1249,1.6323
28,6160,0.906667,"[0.1,0.3)",2982,0.190954,1.0,0.0065976,0.0065976,212.8331,33.4101,32.5144,6.2517
28,6160,0.906667,"[0.3,0.5)",1593,0.385914,1.0,0.0053663,0.0053663,306.2695,33.2325,26.8551,10.1581
28,6160,0.906667,"[0.5,0.7)",489,0.576036,1.0,0.00623545,0.00623545,199.6464,33.2015,16.7989,9.6086
28,6160,0.906667,"[0.7,1.0)",52,0.746811,1.0,0.00674505,0.00674505,162.9088,32.1734,12.9843,9.7046
28,6160,0.906667,boundary(r=t),7012,0.0,1.0,0.0083076,0.0083076,144.378,0.0,0.0,0.0
29,6380,0.903333,"[0.0,0.1)",1856,0.050355,1.0,0.00831721,0.00831721,150.3139,33.2463,33.5635,1.6361
29,6380,0.903333,"[0.1,0.3)",2906,0.192283,1.0,0.00640667,0.00640667,208.4204,33.3264,31.9626,6.1241
29,6380,0.903333,"[0.3,0.5)",1649,0.38379,1.0,0.00539639,0.00539639,305.6261,33.192,26.9791,10.1617
29,6380,0.903333,"[0.5,0.7)",545,0.576371,1.0,0.00625465,0.00625465,204.6707,33.1512,17.0462,9.7339
29,6380,0.903333,"[0.7,1.0)",57,0.748874,1.0,0.00602916,0.00602916,239.2521,32.9255,16.1625,12.1792
29,6380,0.903333,boundary(r=t),7012,0.0,1.0,0.00837115,0.00837115,143.0041,0.0,0.0,0.0
30,6600,0.9,"[0.0,0.1)",1899,0.048978,1.0,0.00833732,0.00833732,153.333,33.1286,33.1873,1.6088
30,6600,0.9,"[0.1,0.3)",2935,0.192267,1.0,0.00650068,0.00650068,207.7524,33.3439,32.7252,6.2481
30,6600,0.9,"[0.3,0.5)",1591,0.38543,1.0,0.00534081,0.00534081,309.2599,33.1424,27.3606,10.3745
30,6600,0.9,"[0.5,0.7)",527,0.573633,1.0,0.00627828,0.00627828,196.7601,32.9244,16.9109,9.6507
30,6600,0.9,"[0.7,1.0)",61,0.756431,1.0,0.00567496,0.00567496,250.223,32.5929,16.5875,12.6137
30,6600,0.9,boundary(r=t),7012,0.0,1.0,0.00837696,0.00837696,143.3471,0.0,0.0,0.0
31,6820,0.896667,"[0.0,0.1)",1818,0.048677,1.0,0.00852133,0.00852133,150.9137,33.1154,33.6906,1.6177
31,6820,0.896667,"[0.1,0.3)",2969,0.19384,1.0,0.00653755,0.00653755,210.5538,33.4131,32.8035,6.357
31,6820,0.896667,"[0.3,0.5)",1633,0.386312,1.0,0.00540623,0.00540623,315.8231,33.2641,27.6962,10.4631
31,6820,0.896667,"[0.5,0.7)",528,0.574671,1.0,0.00603487,0.00603487,211.9,33.0342,17.6543,10.0638
31,6820,0.896667,"[0.7,1.0)",65,0.744866,1.0,0.00568446,0.00568446,236.4677,33.0691,16.3844,12.1902
31,6820,0.896667,boundary(r=t),7012,0.0,1.0,0.00834068,0.00834068,143.9672,0.0,0.0,0.0
32,7040,0.893333,"[0.0,0.1)",1908,0.050592,1.0,0.00825424,0.00825424,154.0102,33.099,32.916,1.6301
32,7040,0.893333,"[0.1,0.3)",2893,0.192625,1.0,0.00656329,0.00656329,210.5645,33.309,32.2952,6.2566
32,7040,0.893333,"[0.3,0.5)",1643,0.38834,1.0,0.00539923,0.00539923,294.9752,33.1641,26.5886,10.1455
32,7040,0.893333,"[0.5,0.7)",513,0.577741,1.0,0.00623366,0.00623366,206.4338,33.1572,17.3169,9.9299
32,7040,0.893333,"[0.7,1.0)",56,0.743843,1.0,0.00647465,0.00647465,188.4598,33.0108,14.5325,10.8284
32,7040,0.893333,boundary(r=t),7012,0.0,1.0,0.00840541,0.00840541,143.1324,0.0,0.0,0.0
33,7260,0.89,"[0.0,0.1)",1874,0.050078,1.0,0.00843336,0.00843336,151.1604,33.1029,33.1356,1.6297
33,7260,0.89,"[0.1,0.3)",2906,0.193534,1.0,0.00651009,0.00651009,211.4626,33.3814,32.0704,6.2532
33,7260,0.89,"[0.3,0.5)",1619,0.386165,1.0,0.00547731,0.00547731,305.2166,33.2261,26.7773,10.1228
33,7260,0.89,"[0.5,0.7)",553,0.572999,1.0,0.00622497,0.00622497,203.6583,32.8677,17.0043,9.6942
33,7260,0.89,"[0.7,1.0)",61,0.753272,1.0,0.00576779,0.00576779,206.6421,32.6679,15.1835,11.4028
33,7260,0.89,boundary(r=t),7012,0.0,1.0,0.00837625,0.00837625,143.8039,0.0,0.0,0.0
34,7480,0.886667,"[0.0,0.1)",1867,0.049884,1.0,0.008561,0.008561,151.0968,33.1923,33.3048,1.6256
34,7480,0.886667,"[0.1,0.3)",2885,0.193674,1.0,0.00652487,0.00652487,213.0176,33.4445,32.5762,6.3546
34,7480,0.886667,"[0.3,0.5)",1669,0.383392,1.0,0.0052028,0.0052028,341.662,33.1612,29.1998,10.9959
34,7480,0.886667,"[0.5,0.7)",542,0.577313,1.0,0.00619486,0.00619486,221.0171,33.1879,17.804,10.1729
34,7480,0.886667,"[0.7,1.0)",50,0.738821,1.0,0.00570686,0.00570686,298.6305,32.8073,17.4076,12.9809
34,7480,0.886667,boundary(r=t),7012,0.0,1.0,0.00860906,0.00860906,140.3068,0.0,0.0,0.0
35,7700,0.883333,"[0.0,0.1)",1809,0.049443,1.0,0.00854056,0.00854056,148.8834,33.2153,33.1044,1.6126
35,7700,0.883333,"[0.1,0.3)",3009,0.193946,1.0,0.00652217,0.00652217,218.0395,33.4163,33.1761,6.4504
35,7700,0.883333,"[0.3,0.5)",1632,0.388312,1.0,0.00531955,0.00531955,338.4884,33.3868,28.7072,10.9754
35,7700,0.883333,"[0.5,0.7)",489,0.57391,1.0,0.0059727,0.0059727,240.871,32.9564,18.375,10.499
35,7700,0.883333,"[0.7,1.0)",74,0.753095,1.0,0.0054626,0.0054626,282.4422,32.4087,16.8043,12.7093
35,7700,0.883333,boundary(r=t),7012,0.0,1.0,0.00855903,0.00855903,140.6112,0.0,0.0,0.0
36,7920,0.88,"[0.0,0.1)",1824,0.048993,1.0,0.00841154,0.00841154,151.7648,33.1239,33.4906,1.616
36,7920,0.88,"[0.1,0.3)",2949,0.192595,1.0,0.00657405,0.00657405,215.8586,33.3859,33.2661,6.4419
36,7920,0.88,"[0.3,0.5)",1658,0.38562,1.0,0.00533088,0.00533088,301.6313,33.3049,27.3715,10.352
36,7920,0.88,"[0.5,0.7)",512,0.572869,1.0,0.00602303,0.00602303,218.3657,32.818,17.8416,10.1435
36,7920,0.88,"[0.7,1.0)",70,0.747085,1.0,0.00593445,0.00593445,228.2793,32.7475,16.4445,12.2713
36,7920,0.88,boundary(r=t),7012,0.0,1.0,0.00847959,0.00847959,142.1128,0.0,0.0,0.0
37,8140,0.876667,"[0.0,0.1)",1812,0.049447,1.0,0.00862458,0.00862458,148.71,33.2232,33.409,1.6182
37,8140,0.876667,"[0.1,0.3)",2934,0.19305,1.0,0.00663824,0.00663824,209.8229,33.3958,32.5585,6.3058
37,8140,0.876667,"[0.3,0.5)",1684,0.384647,1.0,0.00524275,0.00524275,318.4901,33.1577,28.4331,10.6954
37,8140,0.876667,"[0.5,0.7)",523,0.574519,1.0,0.00614234,0.00614234,216.048,32.9103,17.6155,10.0614
37,8140,0.876667,"[0.7,1.0)",60,0.744459,1.0,0.00615342,0.00615342,261.3617,32.8303,16.258,12.131
37,8140,0.876667,boundary(r=t),7012,0.0,1.0,0.00865265,0.00865265,139.995,0.0,0.0,0.0
38,8360,0.873333,"[0.0,0.1)",1812,0.049284,1.0,0.00845018,0.00845018,150.4954,33.1835,33.3551,1.6291
38,8360,0.873333,"[0.1,0.3)",2882,0.192335,1.0,0.0068056,0.0068056,204.3235,33.3611,32.228,6.2241
38,8360,0.873333,"[0.3,0.5)",1714,0.384449,1.0,0.0053022,0.0053022,313.2556,33.2157,27.747,10.4703
38,8360,0.873333,"[0.5,0.7)",554,0.578269,1.0,0.00598151,0.00598151,219.5571,33.1106,17.6854,10.1205
38,8360,0.873333,"[0.7,1.0)",51,0.748928,1.0,0.00520413,0.00520413,365.4117,32.8637,19.0369,14.2182
38,8360,0.873333,boundary(r=t),7012,0.0,1.0,0.00859137,0.00859137,140.7732,0.0,0.0,0.0
39,8580,0.87,"[0.0,0.1)",1918,0.049018,1.0,0.00870268,0.00870268,147.7808,33.2541,32.5239,1.5773
39,8580,0.87,"[0.1,0.3)",2878,0.192119,1.0,0.00660268,0.00660268,217.3288,33.4409,33.1526,6.4647
39,8580,0.87,"[0.3,0.5)",1639,0.385395,1.0,0.00535749,0.00535749,312.5306,33.3046,27.7847,10.5187
39,8580,0.87,"[0.5,0.7)",512,0.572661,1.0,0.00596268,0.00596268,214.3478,33.1533,17.6591,10.0576
39,8580,0.87,"[0.7,1.0)",66,0.743014,1.0,0.00554431,0.00554431,216.2596,33.2026,15.8109,11.7636
39,8580,0.87,boundary(r=t),7012,0.0,1.0,0.00874243,0.00874243,138.4482,0.0,0.0,0.0
40,8800,0.866667,"[0.0,0.1)",1802,0.050159,1.0,0.00865039,0.00865039,147.1709,33.262,33.6113,1.6532
40,8800,0.866667,"[0.1,0.3)",2995,0.193641,1.0,0.00660573,0.00660573,212.8516,33.4032,32.5517,6.3449
40,8800,0.866667,"[0.3,0.5)",1599,0.385322,1.0,0.0053426,0.0053426,316.7033,33.4428,27.881,10.5718
40,8800,0.866667,"[0.5,0.7)",552,0.576409,1.0,0.00608556,0.00608556,210.6518,33.0829,17.2524,9.8929
40,8800,0.866667,"[0.7,1.0)",65,0.749441,1.0,0.00589021,0.00589021,197.5749,32.364,15.1938,11.3974
40,8800,0.866667,boundary(r=t),7012,0.0,1.0,0.00868063,0.00868063,138.8465,0.0,0.0,0.0
41,9020,0.863333,"[0.0,0.1)",1853,0.048821,1.0,0.00865709,0.00865709,148.286,33.1865,32.8268,1.5785
41,9020,0.863333,"[0.1,0.3)",2989,0.193495,1.0,0.00664254,0.00664254,206.8819,33.5023,32.2063,6.296
41,9020,0.863333,"[0.3,0.5)",1600,0.387464,1.0,0.00531066,0.00531066,320.5989,33.3148,28.2762,10.7349
41,9020,0.863333,"[0.5,0.7)",514,0.575524,1.0,0.00613234,0.00613234,220.3282,33.106,17.8433,10.2023
41,9020,0.863333,"[0.7,1.0)",57,0.741652,1.0,0.0064311,0.0064311,185.749,32.8785,14.502,10.7581
41,9020,0.863333,boundary(r=t),7012,0.0,1.0,0.00881588,0.00881588,138.2728,0.0,0.0,0.0
42,9240,0.86,"[0.0,0.1)",1802,0.050722,1.0,0.00874227,0.00874227,144.8677,33.3254,32.3553,1.6057
42,9240,0.86,"[0.1,0.3)",2993,0.192332,1.0,0.00656244,0.00656244,210.6897,33.4429,32.5938,6.3517
42,9240,0.86,"[0.3,0.5)",1624,0.38453,1.0,0.00534627,0.00534627,306.9523,33.2476,27.7496,10.4694
42,9240,0.86,"[0.5,0.7)",535,0.572467,1.0,0.00626075,0.00626075,215.7224,33.093,17.2848,9.8119
42,9240,0.86,"[0.7,1.0)",59,0.746736,1.0,0.00552136,0.00552136,264.6825,32.8034,16.251,12.185
42,9240,0.86,boundary(r=t),7012,0.0,1.0,0.00871686,0.00871686,137.8558,0.0,0.0,0.0
43,9460,0.856667,"[0.0,0.1)",1886,0.048748,1.0,0.00879564,0.00879564,145.9948,33.2751,33.2181,1.5745
43,9460,0.856667,"[0.1,0.3)",2927,0.193381,1.0,0.00670721,0.00670721,207.6753,33.3977,32.2816,6.2797
43,9460,0.856667,"[0.3,0.5)",1612,0.38564,1.0,0.00525808,0.00525808,323.9376,33.389,29.148,11.0149
43,9460,0.856667,"[0.5,0.7)",545,0.575637,1.0,0.00604845,0.00604845,219.8912,33.1411,17.3846,9.933
43,9460,0.856667,"[0.7,1.0)",43,0.746587,1.0,0.00541044,0.00541044,273.1031,32.6267,17.6044,13.3209
43,9460,0.856667,boundary(r=t),7012,0.0,1.0,0.00873604,0.00873604,138.5104,0.0,0.0,0.0
44,9680,0.853333,"[0.0,0.1)",1805,0.049455,1.0,0.00901362,0.00901362,143.667,33.3702,32.8633,1.5985
44,9680,0.853333,"[0.1,0.3)",2968,0.193084,1.0,0.00664744,0.00664744,210.6588,33.3478,32.6348,6.3677
44,9680,0.853333,"[0.3,0.5)",1621,0.388204,1.0,0.0050384,0.0050384,361.0167,33.3434,30.1912,11.4705
44,9680,0.853333,"[0.5,0.7)",554,0.573875,1.0,0.00585329,0.00585329,239.6898,32.9511,18.2756,10.3908
44,9680,0.853333,"[0.7,1.0)",65,0.746419,1.0,0.00548623,0.00548623,283.9202,33.0511,17.1485,12.8334
44,9680,0.853333,boundary(r=t),7012,0.0,1.0,0.0087299,0.0087299,138.1917,0.0,0.0,0.0
45,9900,0.85,"[0.0,0.1)",1851,0.049987,1.0,0.0087608,0.0087608,146.5211,33.2679,33.4799,1.6152
45,9900,0.85,"[0.1,0.3)",3020,0.19214,1.0,0.00670355,0.00670355,207.6771,33.359,32.6988,6.3254
45,9900,0.85,"[0.3,0.5)",1547,0.38841,1.0,0.00534863,0.00534863,324.2915,33.3668,28.2644,10.7594
45,9900,0.85,"[0.5,0.7)",525,0.573688,1.0,0.00598367,0.00598367,217.5504,32.9915,17.6212,10.0283
45,9900,0.85,"[0.7,1.0)",70,0.74589,1.0,0.00580431,0.00580431,225.1028,32.8777,15.7782,11.7952
45,9900,0.85,boundary(r=t),7012,0.0,1.0,0.00881744,0.00881744,137.523,0.0,0.0,0.0
46,10120,0.846667,"[0.0,0.1)",1831,0.049063,1.0,0.00898589,0.00898589,144.7833,33.2287,32.8009,1.5629
46,10120,0.846667,"[0.1,0.3)",2957,0.193466,1.0,0.00666737,0.00666737,208.2309,33.3313,32.6301,6.3619
46,10120,0.846667,"[0.3,0.5)",1644,0.386217,1.0,0.0052838,0.0052838,327.173,33.4223,28.9167,10.9766
46,10120,0.846667,"[0.5,0.7)",535,0.574759,1.0,0.00595613,0.00595613,240.0135,33.2691,18.5241,10.5489
46,10120,0.846667,"[0.7,1.0)",46,0.742486,1.0,0.00581459,0.00581459,214.9772,32.43,15.4871,11.5544
46,10120,0.846667,boundary(r=t),7012,0.0,1.0,0.00881747,0.00881747,137.7025,0.0,0.0,0.0
47,10340,0.843333,"[0.0,0.1)",1879,0.049156,1.0,0.00886829,0.00886829,144.1054,33.3256,32.3797,1.5393
47,10340,0.843333,"[0.1,0.3)",2911,0.192256,1.0,0.00659904,0.00659904,206.4565,33.4477,32.5369,6.2698
47,10340,0.843333,"[0.3,0.5)",1631,0.386125,1.0,0.00530753,0.00530753,334.2195,33.3551,28.4239,10.8279
47,10340,0.843333,"[0.5,0.7)",542,0.574716,1.0,0.00584234,0.00584234,241.4836,33.2872,18.9376,10.7956
47,10340,0.843333,"[0.7,1.0)",50,0.75574,1.0,0.00516042,0.00516042,301.3113,32.8908,18.6853,14.1662
47,10340,0.843333,boundary(r=t),7012,0.0,1.0,0.00883093,0.00883093,137.1584,0.0,0.0,0.0
48,10560,0.84,"[0.0,0.1)",1855,0.049455,1.0,0.00897433,0.00897433,145.275,33.3932,33.183,1.5816
48,10560,0.84,"[0.1,0.3)",2897,0.194034,1.0,0.00669788,0.00669788,212.743,33.4872,32.7945,6.4546
48,10560,0.84,"[0.3,0.5)",1669,0.385929,1.0,0.00512461,0.00512461,327.0256,33.2728,29.1123,11.0332
48,10560,0.84,"[0.5,0.7)",529,0.57562,1.0,0.00620392,0.00620392,203.5317,33.0335,17.0595,9.7723
48,10560,0.84,"[0.7,1.0)",63,0.752104,1.0,0.00575288,0.00575288,265.4827,33.1833,16.9461,12.7642
48,10560,0.84,boundary(r=t),7012,0.0,1.0,0.00899973,0.00899973,135.2003,0.0,0.0,0.0
49,10780,0.836667,"[0.0,0.1)",1822,0.049229,1.0,0.00877956,0.00877956,145.3277,33.3536,33.7004,1.6167
49,10780,0.836667,"[0.1,0.3)",3023,0.192321,1.0,0.006809,0.006809,210.8222,33.5991,32.9993,6.4334
49,10780,0.836667,"[0.3,0.5)",1596,0.387066,1.0,0.00524638,0.00524638,341.4106,33.3949,29.4924,11.2245
49,10780,0.836667,"[0.5,0.7)",517,0.572849,1.0,0.00602537,0.00602537,214.5749,33.2862,18.018,10.2453
49,10780,0.836667,"[0.7,1.0)",55,0.752554,1.0,0.00503054,0.00503054,281.6778,32.7111,16.9971,12.7927
49,10780,0.836667,boundary(r=t),7012,0.0,1.0,0.00891327,0.00891327,136.762,0.0,0.0,0.0
50,11000,0.833333,"[0.0,0.1)",1829,0.050406,1.0,0.00911299,0.00911299,143.0211,33.2362,32.4515,1.5927
50,11000,0.833333,"[0.1,0.3)",2960,0.192553,1.0,0.00673249,0.00673249,215.4152,33.5414,33.2616,6.4903
50,11000,0.833333,"[0.3,0.5)",1643,0.384367,1.0,0.00519931,0.00519931,331.962,33.3847,29.6136,11.1222
50,11000,0.833333,"[0.5,0.7)",537,0.573225,1.0,0.00581873,0.00581873,222.4094,33.0036,18.2576,10.3943
50,11000,0.833333,"[0.7,1.0)",44,0.751004,1.0,0.00526871,0.00526871,254.8958,32.9161,15.6158,11.7563
50,11000,0.833333,boundary(r=t),7012,0.0,1.0,0.0089733,0.0089733,135.653,0.0,0.0,0.0
51,11220,0.83,"[0.0,0.1)",1889,0.048526,1.0,0.00900032,0.00900032,141.6461,33.39,32.8929,1.5626
51,11220,0.83,"[0.1,0.3)",2918,0.193496,1.0,0.00678614,0.00678614,212.674,33.4812,32.8437,6.4559
51,11220,0.83,"[0.3,0.5)",1621,0.38706,1.0,0.00515703,0.00515703,342.4596,33.4341,29.7819,11.2656
51,11220,0.83,"[0.5,0.7)",521,0.574231,1.0,0.00590378,0.00590378,230.8856,33.1943,18.4925,10.5269
51,11220,0.83,"[0.7,1.0)",64,0.744363,1.0,0.00539278,0.00539278,305.5565,32.099,17.3993,13.0233
51,11220,0.83,boundary(r=t),7012,0.0,1.0,0.00887341,0.00887341,136.3388,0.0,0.0,0.0
52,11440,0.826667,"[0.0,0.1)",1833,0.05051,1.0,0.00904047,0.00904047,142.4674,33.3122,32.3782,1.5985
52,11440,0.826667,"[0.1,0.3)",2963,0.193426,1.0,0.00667064,0.00667064,216.3347,33.4256,33.3783,6.5271
52,11440,0.826667,"[0.3,0.5)",1599,0.386536,1.0,0.00522062,0.00522062,321.5723,33.2916,28.8265,10.9496
52,11440,0.826667,"[0.5,0.7)",546,0.576499,1.0,0.00590902,0.00590902,234.602,33.1803,18.7335,10.7387
52,11440,0.826667,"[0.7,1.0)",72,0.743564,1.0,0.00560713,0.00560713,220.5691,32.7136,15.8796,11.811
52,11440,0.826667,boundary(r=t),7012,0.0,1.0,0.00889406,0.00889406,136.3693,0.0,0.0,0.0
53,11660,0.823333,"[0.0,0.1)",1910,0.049877,1.0,0.00899761,0.00899761,143.8054,33.3536,33.464,1.6156
53,11660,0.823333,"[0.1,0.3)",2878,0.19188,1.0,0.00682941,0.00682941,208.1875,33.5233,32.6352,6.3467
53,11660,0.823333,"[0.3,0.5)",1603,0.385356,1.0,0.00520694,0.00520694,336.3772,33.4643,29.4053,11.1442
53,11660,0.823333,"[0.5,0.7)",561,0.569952,1.0,0.00587626,0.00587626,232.5665,33.1393,18.5759,10.5099
53,11660,0.823333,"[0.7,1.0)",61,0.754699,1.0,0.00546066,0.00546066,285.7703,33.2358,16.9735,12.8159
53,11660,0.823333,boundary(r=t),7012,0.0,1.0,0.00902566,0.00902566,135.6271,0.0,0.0,0.0
54,11880,0.82,"[0.0,0.1)",1874,0.049704,1.0,0.00917267,0.00917267,141.5176,33.3912,33.21,1.5967
54,11880,0.82,"[0.1,0.3)",2878,0.192696,1.0,0.00689124,0.00689124,200.7005,33.4936,31.5652,6.154
54,11880,0.82,"[0.3,0.5)",1684,0.384838,1.0,0.00509192,0.00509192,335.371,33.4238,30.0533,11.4164
54,11880,0.82,"[0.5,0.7)",526,0.574876,1.0,0.0058826,0.0058826,240.5717,33.2323,18.8337,10.7701
54,11880,0.82,"[0.7,1.0)",51,0.742507,1.0,0.00545798,0.00545798,262.9078,32.8246,16.2972,12.0592
54,11880,0.82,boundary(r=t),7012,0.0,1.0,0.00892952,0.00892952,136.2166,0.0,0.0,0.0
55,12100,0.816667,"[0.0,0.1)",1873,0.051077,1.0,0.00917188,0.00917188,140.468,33.4666,33.2495,1.6205
55,12100,0.816667,"[0.1,0.3)",2992,0.191594,1.0,0.00683679,0.00683679,203.1957,33.4845,32.0677,6.2242
55,12100,0.816667,"[0.3,0.5)",1587,0.386685,1.0,0.0052048,0.0052048,340.3664,33.4761,30.32,11.4776
55,12100,0.816667,"[0.5,0.7)",517,0.57762,1.0,0.0059944,0.0059944,216.7858,33.1383,17.6324,10.1621
55,12100,0.816667,"[0.7,1.0)",44,0.754966,1.0,0.00546498,0.00546498,233.1678,32.9153,15.9099,12.0505
55,12100,0.816667,boundary(r=t),7012,0.0,1.0,0.00893144,0.00893144,135.9017,0.0,0.0,0.0
56,12320,0.813333,"[0.0,0.1)",1831,0.049856,1.0,0.00918407,0.00918407,141.9436,33.2942,33.0315,1.5959
56,12320,0.813333,"[0.1,0.3)",2999,0.192452,1.0,0.00686969,0.00686969,201.595,33.5241,32.3673,6.2593
56,12320,0.813333,"[0.3,0.5)",1626,0.385797,1.0,0.00530046,0.00530046,328.6719,33.2195,29.3775,11.1273
56,12320,0.813333,"[0.5,0.7)",498,0.570389,1.0,0.00581162,0.00581162,240.403,33.0489,18.7248,10.595
56,12320,0.813333,"[0.7,1.0)",59,0.746697,1.0,0.00571997,0.00571997,237.7526,32.6161,16.1947,12.0962
56,12320,0.813333,boundary(r=t),7012,0.0,1.0,0.00905886,0.00905886,134.6018,0.0,0.0,0.0
57,12540,0.81,"[0.0,0.1)",1841,0.049685,1.0,0.00929811,0.00929811,139.8859,33.4296,32.6918,1.5681
57,12540,0.81,"[0.1,0.3)",2972,0.191732,1.0,0.0070239,0.0070239,200.3269,33.6138,31.8776,6.1895
57,12540,0.81,"[0.3,0.5)",1613,0.387179,1.0,0.00516171,0.00516171,332.1005,33.4255,29.4056,11.1568
57,12540,0.81,"[0.5,0.7)",538,0.578393,1.0,0.00619651,0.00619651,211.8095,33.1424,17.3896,9.9819
57,12540,0.81,"[0.7,1.0)",49,0.75114,1.0,0.00545784,0.00545784,310.5747,32.1923,17.4074,13.1091
57,12540,0.81,boundary(r=t),7012,0.0,1.0,0.00905372,0.00905372,134.2115,0.0,0.0,0.0
58,12760,0.806667,"[0.0,0.1)",1859,0.047999,1.0,0.00939126,0.00939126,140.6895,33.5072,33.0486,1.5236
58,12760,0.806667,"[0.1,0.3)",2927,0.193276,1.0,0.00689968,0.00689968,206.705,33.6478,32.9912,6.4606
58,12760,0.806667,"[0.3,0.5)",1620,0.385442,1.0,0.00520308,0.00520308,334.2835,33.4696,29.7281,11.2876
58,12760,0.806667,"[0.5,0.7)",552,0.572961,1.0,0.00602886,0.00602886,215.659,33.1144,17.8557,10.1498
58,12760,0.806667,"[0.7,1.0)",55,0.761791,1.0,0.00536214,0.00536214,302.9959,33.3535,16.7897,12.8029
58,12760,0.806667,boundary(r=t),7012,0.0,1.0,0.00908332,0.00908332,134.2735,0.0,0.0,0.0
59,12980,0.803333,"[0.0,0.1)",1840,0.048493,1.0,0.00919197,0.00919197,140.7219,33.3966,33.6187,1.5862
59,12980,0.803333,"[0.1,0.3)",2988,0.192252,1.0,0.00692682,0.00692682,203.0565,33.5236,32.0975,6.2437
59,12980,0.803333,"[0.3,0.5)",1558,0.38549,1.0,0.00523328,0.00523328,332.9435,33.4121,29.465,11.1744
59,12980,0.803333,"[0.5,0.7)",560,0.571253,1.0,0.00566223,0.00566223,248.239,33.2251,19.1544,10.8775
59,12980,0.803333,"[0.7,1.0)",67,0.749518,1.0,0.00477148,0.00477148,308.4931,32.9925,17.3148,13.0269
59,12980,0.803333,boundary(r=t),7012,0.0,1.0,0.00914845,0.00914845,133.6622,0.0,0.0,0.0
60,13200,0.8,"[0.0,0.1)",1807,0.049294,1.0,0.00931255,0.00931255,138.4516,33.3824,32.5031,1.5362
60,13200,0.8,"[0.1,0.3)",3021,0.193002,1.0,0.00699844,0.00699844,201.6604,33.5138,31.9686,6.2254
60,13200,0.8,"[0.3,0.5)",1596,0.387407,1.0,0.00522628,0.00522628,335.1147,33.478,29.0411,11.0808
60,13200,0.8,"[0.5,0.7)",537,0.577166,1.0,0.00596521,0.00596521,222.9127,33.0371,17.9988,10.3276
60,13200,0.8,"[0.7,1.0)",52,0.740878,1.0,0.00529748,0.00529748,287.2,33.9394,17.682,13.1565
60,13200,0.8,boundary(r=t),7012,0.0,1.0,0.00920535,0.00920535,133.4476,0.0,0.0,0.0
61,13420,0.796667,"[0.0,0.1)",1840,0.04915,1.0,0.00910498,0.00910498,140.2278,33.4056,32.9621,1.5544
61,13420,0.796667,"[0.1,0.3)",3024,0.193944,1.0,0.00676148,0.00676148,212.3767,33.4797,32.8939,6.4776
61,13420,0.796667,"[0.3,0.5)",1557,0.387012,1.0,0.00527988,0.00527988,310.6296,33.4285,28.5344,10.8326
61,13420,0.796667,"[0.5,0.7)",532,0.572632,1.0,0.00594196,0.00594196,224.6098,33.1105,18.1535,10.3246
61,13420,0.796667,"[0.7,1.0)",60,0.751025,1.0,0.00600861,0.00600861,202.9856,33.1789,14.7287,11.0744
61,13420,0.796667,boundary(r=t),7012,0.0,1.0,0.0091835,0.0091835,133.1985,0.0,0.0,0.0
62,13640,0.793333,"[0.0,0.1)",1824,0.049978,1.0,0.00924461,0.00924461,139.5605,33.4113,32.5339,1.5782
62,13640,0.793333,"[0.1,0.3)",2964,0.191469,1.0,0.00699434,0.00699434,202.8241,33.5434,32.6164,6.3353
62,13640,0.793333,"[0.3,0.5)",1590,0.386864,1.0,0.00526196,0.00526196,333.4006,33.4895,29.2244,11.1038
62,13640,0.793333,"[0.5,0.7)",582,0.577532,1.0,0.00576673,0.00576673,226.9782,33.2468,18.3078,10.4782
62,13640,0.793333,"[0.7,1.0)",53,0.753028,1.0,0.00565562,0.00565562,428.44,33.3164,18.4725,13.9331
62,13640,0.793333,boundary(r=t),7012,0.0,1.0,0.00913997,0.00913997,133.5165,0.0,0.0,0.0
63,13860,0.79,"[0.0,0.1)",1870,0.049133,1.0,0.00908479,0.00908479,140.858,33.3519,33.7333,1.5732
63,13860,0.79,"[0.1,0.3)",2933,0.193633,1.0,0.00687557,0.00687557,204.3379,33.4856,31.8223,6.2619
63,13860,0.79,"[0.3,0.5)",1618,0.386177,1.0,0.00524237,0.00524237,331.2707,33.4142,29.6947,11.3061
63,13860,0.79,"[0.5,0.7)",528,0.574943,1.0,0.00578702,0.00578702,230.3846,33.3062,18.5791,10.6068
63,13860,0.79,"[0.7,1.0)",64,0.754098,1.0,0.00492676,0.00492676,301.9076,33.4096,18.15,13.7106
63,13860,0.79,boundary(r=t),7012,0.0,1.0,0.00922733,0.00922733,132.7502,0.0,0.0,0.0
64,14080,0.786667,"[0.0,0.1)",1805,0.048543,1.0,0.00948373,0.00948373,137.3279,33.4854,33.1707,1.5431
64,14080,0.786667,"[0.1,0.3)",2949,0.194067,1.0,0.00689631,0.00689631,208.0683,33.6159,33.1789,6.55
64,14080,0.786667,"[0.3,0.5)",1679,0.388329,1.0,0.0053795,0.0053795,334.8061,33.249,29.646,11.3041
64,14080,0.786667,"[0.5,0.7)",530,0.574743,1.0,0.0058815,0.0058815,226.7674,33.0804,18.5126,10.5736
64,14080,0.786667,"[0.7,1.0)",50,0.745855,1.0,0.00624909,0.00624909,250.5005,32.813,15.8263,11.8637
64,14080,0.786667,boundary(r=t),7012,0.0,1.0,0.00924605,0.00924605,132.274,0.0,0.0,0.0
65,14300,0.783333,"[0.0,0.1)",1806,0.049802,1.0,0.00913351,0.00913351,141.6213,33.3878,32.3857,1.5658
65,14300,0.783333,"[0.1,0.3)",2971,0.194081,1.0,0.0070604,0.0070604,205.1914,33.6038,32.255,6.3794
65,14300,0.783333,"[0.3,0.5)",1650,0.38658,1.0,0.00518021,0.00518021,344.7297,33.4378,29.9107,11.3921
65,14300,0.783333,"[0.5,0.7)",532,0.57269,1.0,0.00574147,0.00574147,244.9177,33.444,19.6068,11.1304
65,14300,0.783333,"[0.7,1.0)",54,0.744442,1.0,0.00537389,0.00537389,279.7458,33.0494,18.0577,13.4283
65,14300,0.783333,boundary(r=t),7012,0.0,1.0,0.00914093,0.00914093,133.9166,0.0,0.0,0.0
66,14520,0.78,"[0.0,0.1)",1890,0.049373,1.0,0.00934084,0.00934084,138.6738,33.4463,33.3779,1.5814
66,14520,0.78,"[0.1,0.3)",2910,0.192003,1.0,0.00689836,0.00689836,206.7039,33.6242,32.5972,6.4016
66,14520,0.78,"[0.3,0.5)",1633,0.387305,1.0,0.00501456,0.00501456,346.337,33.4298,30.439,11.5623
66,14520,0.78,"[0.5,0.7)",521,0.575922,1.0,0.00562073,0.00562073,264.6208,33.1993,19.5527,11.134
66,14520,0.78,"[0.7,1.0)",59,0.75078,1.0,0.00541904,0.00541904,274.3457,33.0363,16.9577,12.7469
66,14520,0.78,boundary(r=t),7012,0.0,1.0,0.00930698,0.00930698,132.0585,0.0,0.0,0.0
67,14740,0.776667,"[0.0,0.1)",1828,0.049324,1.0,0.0095287,0.0095287,137.109,33.3419,33.1252,1.5493
67,14740,0.776667,"[0.1,0.3)",2987,0.195046,1.0,0.00688841,0.00688841,209.9941,33.5629,32.5959,6.47
67,14740,0.776667,"[0.3,0.5)",1614,0.386973,1.0,0.00509321,0.00509321,346.5791,33.5107,30.2315,11.5304
67,14740,0.776667,"[0.5,0.7)",536,0.575769,1.0,0.00605398,0.00605398,219.2116,33.2179,18.1964,10.3885
67,14740,0.776667,"[0.7,1.0)",48,0.736932,1.0,0.00595598,0.00595598,223.4554,33.1862,15.9918,11.7841
67,14740,0.776667,boundary(r=t),7012,0.0,1.0,0.00919344,0.00919344,132.477,0.0,0.0,0.0
68,14960,0.773333,"[0.0,0.1)",1756,0.048462,1.0,0.00948476,0.00948476,136.6224,33.5509,32.5788,1.5359
68,14960,0.773333,"[0.1,0.3)",3014,0.193052,1.0,0.00695514,0.00695514,206.2732,33.5712,32.8858,6.4419
68,14960,0.773333,"[0.3,0.5)",1665,0.38593,1.0,0.00515997,0.00515997,341.66,33.457,29.947,11.4124
68,14960,0.773333,"[0.5,0.7)",526,0.575003,1.0,0.00564351,0.00564351,250.3477,33.1507,19.3209,10.9764
68,14960,0.773333,"[0.7,1.0)",52,0.750228,1.0,0.00560824,0.00560824,215.9276,32.3278,15.982,11.9666
68,14960,0.773333,boundary(r=t),7012,0.0,1.0,0.00929507,0.00929507,131.9673,0.0,0.0,0.0
69,15180,0.77,"[0.0,0.1)",1881,0.048339,1.0,0.00937117,0.00937117,138.6665,33.4141,33.1984,1.5328
69,15180,0.77,"[0.1,0.3)",2894,0.191086,1.0,0.00708463,0.00708463,199.9099,33.5015,31.7176,6.125
69,15180,0.77,"[0.3,0.5)",1639,0.388468,1.0,0.00524037,0.00524037,322.3302,33.5651,28.8913,11.0716
69,15180,0.77,"[0.5,0.7)",549,0.575425,1.0,0.00564071,0.00564071,247.6409,33.3582,19.1507,10.9265
69,15180,0.77,"[0.7,1.0)",50,0.742913,1.0,0.00563935,0.00563935,208.8437,33.0638,15.1834,11.27
69,15180,0.77,boundary(r=t),7012,0.0,1.0,0.00930189,0.00930189,131.7342,0.0,0.0,0.0
70,15400,0.766667,"[0.0,0.1)",1895,0.049265,1.0,0.00917182,0.00917182,139.2533,33.467,34.0445,1.6088
70,15400,0.766667,"[0.1,0.3)",2896,0.193533,1.0,0.00710281,0.00710281,207.5796,33.6443,32.4833,6.4396
70,15400,0.766667,"[0.3,0.5)",1627,0.386615,1.0,0.00512801,0.00512801,336.2709,33.5047,29.9431,11.3631
70,15400,0.766667,"[0.5,0.7)",530,0.573985,1.0,0.00594103,0.00594103,237.9699,33.2754,18.6158,10.5857
70,15400,0.766667,"[0.7,1.0)",65,0.748845,1.0,0.00562579,0.00562579,226.1088,32.4439,15.7532,11.7965
70,15400,0.766667,boundary(r=t),7012,0.0,1.0,0.00929524,0.00929524,131.3857,0.0,0.0,0.0
71,15620,0.763333,"[0.0,0.1)",1868,0.050411,1.0,0.0094826,0.0094826,136.208,33.389,33.3043,1.6278
71,15620,0.763333,"[0.1,0.3)",2901,0.19402,1.0,0.00692214,0.00692214,203.7543,33.5298,32.524,6.3848
71,15620,0.763333,"[0.3,0.5)",1666,0.385467,1.0,0.00516859,0.00516859,337.9376,33.4698,30.2169,11.4523
71,15620,0.763333,"[0.5,0.7)",534,0.574099,1.0,0.00586516,0.00586516,232.9019,33.2123,18.2224,10.43
71,15620,0.763333,"[0.7,1.0)",44,0.746,1.0,0.00531458,0.00531458,230.5463,32.8599,14.8886,11.1285
71,15620,0.763333,boundary(r=t),7012,0.0,1.0,0.009393,0.009393,131.8614,0.0,0.0,0.0
72,15840,0.76,"[0.0,0.1)",1848,0.048826,1.0,0.00953337,0.00953337,135.8751,33.4112,32.3435,1.5143
72,15840,0.76,"[0.1,0.3)",2906,0.192898,1.0,0.00698446,0.00698446,203.6837,33.6091,32.2352,6.3094
72,15840,0.76,"[0.3,0.5)",1648,0.383823,1.0,0.00510234,0.00510234,340.4918,33.4985,30.7368,11.5683
72,15840,0.76,"[0.5,0.7)",550,0.576457,1.0,0.00565717,0.00565717,264.1552,33.3257,19.4308,11.0848
72,15840,0.76,"[0.7,1.0)",61,0.745148,1.0,0.0054882,0.0054882,316.5062,32.5234,16.4985,12.4115
72,15840,0.76,boundary(r=t),7012,0.0,1.0,0.00931667,0.00931667,131.7124,0.0,0.0,0.0
73,16060,0.756667,"[0.0,0.1)",1826,0.049403,1.0,0.00950557,0.00950557,137.245,33.3712,33.8223,1.6179
73,16060,0.756667,"[0.1,0.3)",3004,0.192208,1.0,0.00710126,0.00710126,200.9226,33.5199,32.0715,6.2656
73,16060,0.756667,"[0.3,0.5)",1577,0.385605,1.0,0.00517004,0.00517004,338.7171,33.547,29.8174,11.2823
73,16060,0.756667,"[0.5,0.7)",555,0.575363,1.0,0.00604954,0.00604954,240.8501,33.0589,18.1751,10.3466
73,16060,0.756667,"[0.7,1.0)",51,0.756125,1.0,0.00588419,0.00588419,229.7474,32.9424,15.4376,11.6564
73,16060,0.756667,boundary(r=t),7012,0.0,1.0,0.00929353,0.00929353,131.6401,0.0,0.0,0.0
74,16280,0.753333,"[0.0,0.1)",1860,0.049017,1.0,0.00975774,0.00975774,136.4039,33.4356,34.1429,1.6211
74,16280,0.753333,"[0.1,0.3)",2976,0.194069,1.0,0.00706042,0.00706042,209.1759,33.6378,33.2761,6.5347
74,16280,0.753333,"[0.3,0.5)",1588,0.388039,1.0,0.0052336,0.0052336,332.0311,33.4861,30.239,11.4822
74,16280,0.753333,"[0.5,0.7)",533,0.575599,1.0,0.00565875,0.00565875,258.9503,33.15,19.5153,11.1203
74,16280,0.753333,"[0.7,1.0)",56,0.745878,1.0,0.00511505,0.00511505,285.3241,32.8563,16.787,12.5328
74,16280,0.753333,boundary(r=t),7012,0.0,1.0,0.00939214,0.00939214,131.3025,0.0,0.0,0.0
75,16500,0.75,"[0.0,0.1)",1814,0.049765,1.0,0.00947688,0.00947688,137.553,33.3768,33.1273,1.5974
75,16500,0.75,"[0.1,0.3)",2940,0.1929,1.0,0.00698853,0.00698853,208.9289,33.6959,32.7457,6.4562
75,16500,0.75,"[0.3,0.5)",1654,0.388373,1.0,0.00515919,0.00515919,347.8071,33.4619,30.5587,11.6395
75,16500,0.75,"[0.5,0.7)",552,0.578231,1.0,0.00575774,0.00575774,233.6314,33.1773,18.8471,10.8431
75,16500,0.75,"[0.7,1.0)",53,0.761132,1.0,0.00500715,0.00500715,334.1572,33.2572,18.5452,14.0799
75,16500,0.75,boundary(r=t),7012,0.0,1.0,0.00941362,0.00941362,130.9972,0.0,0.0,0.0
76,16720,0.746667,"[0.0,0.1)",1794,0.048847,1.0,0.00954221,0.00954221,137.7181,33.4474,33.6982,1.5846
76,16720,0.746667,"[0.1,0.3)",2987,0.193066,1.0,0.00708303,0.00708303,197.5733,33.6554,32.1634,6.2597
76,16720,0.746667,"[0.3,0.5)",1647,0.384798,1.0,0.00502458,0.00502458,378.0317,33.439,31.8012,11.9592
76,16720,0.746667,"[0.5,0.7)",536,0.574026,1.0,0.00579381,0.00579381,227.6313,33.2537,18.4376,10.491
76,16720,0.746667,"[0.7,1.0)",49,0.756945,1.0,0.00570698,0.00570698,256.2688,32.7378,16.6861,12.6608
76,16720,0.746667,boundary(r=t),7012,0.0,1.0,0.00949288,0.00949288,130.3997,0.0,0.0,0.0
77,16940,0.743333,"[0.0,0.1)",1801,0.047395,1.0,0.00960819,0.00960819,134.5137,33.4925,33.171,1.5001
77,16940,0.743333,"[0.1,0.3)",2974,0.194053,1.0,0.00700644,0.00700644,203.6568,33.567,32.4168,6.364
77,16940,0.743333,"[0.3,0.5)",1616,0.385224,1.0,0.00507068,0.00507068,340.8874,33.5192,30.7533,11.6298
77,16940,0.743333,"[0.5,0.7)",556,0.573728,1.0,0.00554237,0.00554237,253.1741,33.3437,19.4035,11.0719
77,16940,0.743333,"[0.7,1.0)",66,0.756312,1.0,0.00501533,0.00501533,353.5553,33.1578,19.1011,14.4024
77,16940,0.743333,boundary(r=t),7012,0.0,1.0,0.00945005,0.00945005,130.3254,0.0,0.0,0.0
78,17160,0.74,"[0.0,0.1)",1832,0.049545,1.0,0.00947619,0.00947619,136.898,33.3894,33.739,1.5994
78,17160,0.74,"[0.1,0.3)",2989,0.192327,1.0,0.00706203,0.00706203,203.7409,33.5587,32.5956,6.3677
78,17160,0.74,"[0.3,0.5)",1639,0.388817,1.0,0.00517906,0.00517906,341.8171,33.3682,30.4118,11.5964
78,17160,0.74,"[0.5,0.7)",493,0.57564,1.0,0.00561776,0.00561776,271.2083,33.3792,19.5073,11.178
78,17160,0.74,"[0.7,1.0)",60,0.747985,1.0,0.00522971,0.00522971,263.6691,32.4909,16.3055,12.1832
78,17160,0.74,boundary(r=t),7012,0.0,1.0,0.00941859,0.00941859,130.4145,0.0,0.0,0.0
79,17380,0.736667,"[0.0,0.1)",1819,0.050511,1.0,0.0097748,0.0097748,135.269,33.4486,32.4732,1.6026
79,17380,0.736667,"[0.1,0.3)",3034,0.194709,1.0,0.00719473,0.00719473,201.2373,33.6557,32.321,6.3942
79,17380,0.736667,"[0.3,0.5)",1548,0.387512,1.0,0.00498718,0.00498718,390.1201,33.4639,32.273,12.276
79,17380,0.736667,"[0.5,0.7)",538,0.574745,1.0,0.00585575,0.00585575,236.7838,33.4173,18.8341,10.7341
79,17380,0.736667,"[0.7,1.0)",74,0.752391,1.0,0.00524009,0.00524009,325.6068,33.2055,18.5323,13.9401
79,17380,0.736667,boundary(r=t),7012,0.0,1.0,0.00950806,0.00950806,129.833,0.0,0.0,0.0
80,17600,0.733333,"[0.0,0.1)",1850,0.049518,1.0,0.00976292,0.00976292,135.7202,33.4683,32.9312,1.5536
80,17600,0.733333,"[0.1,0.3)",2895,0.191975,1.0,0.00700661,0.00700661,205.6897,33.5435,32.5056,6.3185
80,17600,0.733333,"[0.3,0.5)",1662,0.387576,1.0,0.00511614,0.00511614,364.7822,33.5348,31.3084,11.9256
80,17600,0.733333,"[0.5,0.7)",552,0.576405,1.0,0.00588938,0.00588938,260.049,33.1439,19.2306,10.9637
80,17600,0.733333,"[0.7,1.0)",54,0.757677,1.0,0.00602156,0.00602156,278.7592,32.8738,16.6939,12.7797
80,17600,0.733333,boundary(r=t),7012,0.0,1.0,0.00941821,0.00941821,130.0056,0.0,0.0,0.0
81,17820,0.73,"[0.0,0.1)",1831,0.049553,1.0,0.00957748,0.00957748,138.056,33.3766,34.7101,1.6451
81,17820,0.73,"[0.1,0.3)",2974,0.193034,1.0,0.00713645,0.00713645,203.2416,33.6696,32.0656,6.2795
81,17820,0.73,"[0.3,0.5)",1634,0.387139,1.0,0.00514513,0.00514513,345.384,33.3075,30.3461,11.5753
81,17820,0.73,"[0.5,0.7)",515,0.575962,1.0,0.00566964,0.00566964,252.0862,33.4179,19.3521,11.0624
81,17820,0.73,"[0.7,1.0)",59,0.751945,1.0,0.00577006,0.00577006,273.2286,33.0384,17.5525,13.1955
81,17820,0.73,boundary(r=t),7012,0.0,1.0,0.0095402,0.0095402,129.6236,0.0,0.0,0.0
82,18040,0.726667,"[0.0,0.1)",1788,0.050193,1.0,0.0099483,0.0099483,133.2473,33.6039,32.6147,1.5956
82,18040,0.726667,"[0.1,0.3)",3046,0.193223,1.0,0.00712771,0.00712771,203.8552,33.6804,32.223,6.364
82,18040,0.726667,"[0.3,0.5)",1574,0.385691,1.0,0.0053344,0.0053344,334.5582,33.3835,29.5071,11.2185
82,18040,0.726667,"[0.5,0.7)",551,0.572406,1.0,0.00571122,0.00571122,251.3459,33.2175,19.3916,11.0349
82,18040,0.726667,"[0.7,1.0)",54,0.749171,1.0,0.00530019,0.00530019,291.5955,32.5045,17.5252,13.0637
82,18040,0.726667,boundary(r=t),7012,0.0,1.0,0.00948985,0.00948985,129.6746,0.0,0.0,0.0
83,18260,0.723333,"[0.0,0.1)",1886,0.049271,1.0,0.00977775,0.00977775,134.8363,33.5388,32.4595,1.5253
83,18260,0.723333,"[0.1,0.3)",2949,0.192431,1.0,0.00712548,0.00712548,196.7292,33.6337,31.3623,6.1072
83,18260,0.723333,"[0.3,0.5)",1589,0.384669,1.0,0.00513505,0.00513505,356.7557,33.4522,31.1251,11.8135
83,18260,0.723333,"[0.5,0.7)",545,0.576057,1.0,0.005513,0.005513,260.5666,33.3803,20.0202,11.442
83,18260,0.723333,"[0.7,1.0)",44,0.750679,1.0,0.00476349,0.00476349,351.3652,32.9669,19.1189,14.4738
83,18260,0.723333,boundary(r=t),7012,0.0,1.0,0.00954907,0.00954907,130.1099,0.0,0.0,0.0
84,18480,0.72,"[0.0,0.1)",1822,0.049981,1.0,0.00971673,0.00971673,134.3803,33.551,33.4239,1.6009
84,18480,0.72,"[0.1,0.3)",2996,0.191517,1.0,0.00708974,0.00708974,202.2507,33.6609,32.2592,6.271
84,18480,0.72,"[0.3,0.5)",1600,0.385958,1.0,0.0052385,0.0052385,347.9123,33.5678,30.5057,11.617
84,18480,0.72,"[0.5,0.7)",536,0.57371,1.0,0.00570823,0.00570823,251.4779,33.0902,19.3673,11.0083
84,18480,0.72,"[0.7,1.0)",59,0.750184,1.0,0.00536745,0.00536745,302.779,32.7505,16.9432,12.8286
84,18480,0.72,boundary(r=t),7012,0.0,1.0,0.00960204,0.00960204,128.7895,0.0,0.0,0.0
85,18700,0.716667,"[0.0,0.1)",1837,0.048858,1.0,0.00981978,0.00981978,132.596,33.473,32.4773,1.546
85,18700,0.716667,"[0.1,0.3)",2992,0.192283,1.0,0.00721454,0.00721454,197.9505,33.6915,31.8016,6.2084
85,18700,0.716667,"[0.3,0.5)",1575,0.385461,1.0,0.00505334,0.00505334,352.4478,33.4296,31.1561,11.7944
85,18700,0.716667,"[0.5,0.7)",547,0.576554,1.0,0.00576906,0.00576906,262.7421,33.5443,19.8301,11.3444
85,18700,0.716667,"[0.7,1.0)",62,0.743454,1.0,0.00556946,0.00556946,272.6143,32.8767,17.7715,13.212
85,18700,0.716667,boundary(r=t),7012,0.0,1.0,0.00961577,0.00961577,130.1383,0.0,0.0,0.0
86,18920,0.713333,"[0.0,0.1)",1861,0.050682,1.0,0.00989593,0.00989593,132.7421,33.5098,34.2328,1.7045
86,18920,0.713333,"[0.1,0.3)",2971,0.192021,1.0,0.00705161,0.00705161,204.1508,33.5894,32.5992,6.3542
86,18920,0.713333,"[0.3,0.5)",1608,0.386564,1.0,0.00491991,0.00491991,384.128,33.4442,32.2891,12.285
86,18920,0.713333,"[0.5,0.7)",509,0.572273,1.0,0.00583375,0.00583375,259.5044,32.9108,19.7325,11.1541
86,18920,0.713333,"[0.7,1.0)",64,0.742403,1.0,0.00569607,0.00569607,210.4415,32.9777,15.2711,11.364
86,18920,0.713333,boundary(r=t),7012,0.0,1.0,0.00963881,0.00963881,129.0231,0.0,0.0,0.0
87,19140,0.71,"[0.0,0.1)",1860,0.04914,1.0,0.00984572,0.00984572,135.6388,33.5076,32.5761,1.5314
87,19140,0.71,"[0.1,0.3)",2927,0.191645,1.0,0.0073289,0.0073289,199.7992,33.7029,32.1158,6.2312
87,19140,0.71,"[0.3,0.5)",1656,0.38711,1.0,0.00507469,0.00507469,355.9949,33.4425,31.1635,11.8532
87,19140,0.71,"[0.5,0.7)",504,0.577452,1.0,0.00575755,0.00575755,268.4812,33.2954,19.8507,11.3312
87,19140,0.71,"[0.7,1.0)",66,0.749455,1.0,0.0055199,0.0055199,265.35,32.8142,16.5584,12.4285
87,19140,0.71,boundary(r=t),7012,0.0,1.0,0.00963336,0.00963336,128.8704,0.0,0.0,0.0
88,19360,0.706667,"[0.0,0.1)",1928,0.050526,1.0,0.00982804,0.00982804,134.8327,33.3964,33.5361,1.6394
88,19360,0.706667,"[0.1,0.3)",2870,0.192692,1.0,0.00699941,0.00699941,210.3505,33.6801,33.6534,6.5909
88,19360,0.706667,"[0.3,0.5)",1622,0.385634,1.0,0.00490745,0.00490745,374.2066,33.4637,32.7731,12.412
88,19360,0.706667,"[0.5,0.7)",526,0.574669,1.0,0.00586118,0.00586118,248.0248,33.2292,18.9319,10.7609
88,19360,0.706667,"[0.7,1.0)",67,0.741869,1.0,0.00515474,0.00515474,292.8215,33.2918,18.0978,13.4527
88,19360,0.706667,boundary(r=t),7012,0.0,1.0,0.00958831,0.00958831,128.7278,0.0,0.0,0.0
89,19580,0.703333,"[0.0,0.1)",1875,0.048485,1.0,0.00977294,0.00977294,133.2732,33.4544,33.1062,1.5696
89,19580,0.703333,"[0.1,0.3)",2943,0.193711,1.0,0.00708206,0.00708206,204.6699,33.6077,32.7579,6.4143
89,19580,0.703333,"[0.3,0.5)",1599,0.38608,1.0,0.00512702,0.00512702,345.6567,33.4572,30.6161,11.6339
89,19580,0.703333,"[0.5,0.7)",535,0.57412,1.0,0.00569951,0.00569951,255.2657,33.361,19.908,11.2814
89,19580,0.703333,"[0.7,1.0)",61,0.746388,1.0,0.00493893,0.00493893,311.5897,33.1539,19.0791,14.2664
89,19580,0.703333,boundary(r=t),7012,0.0,1.0,0.00957305,0.00957305,129.2254,0.0,0.0,0.0
90,19800,0.7,"[0.0,0.1)",1812,0.049718,1.0,0.0097924,0.0097924,131.9415,33.6351,33.4535,1.6185
90,19800,0.7,"[0.1,0.3)",2975,0.193678,1.0,0.00719114,0.00719114,199.5912,33.652,32.2363,6.3126
90,19800,0.7,"[0.3,0.5)",1597,0.385298,1.0,0.00519797,0.00519797,333.254,33.4873,30.425,11.4913
90,19800,0.7,"[0.5,0.7)",573,0.575048,1.0,0.00582776,0.00582776,256.3025,33.0974,19.6584,11.2235
90,19800,0.7,"[0.7,1.0)",56,0.748721,1.0,0.00564184,0.00564184,257.6027,32.7719,17.0145,12.8176
90,19800,0.7,boundary(r=t),7012,0.0,1.0,0.00961873,0.00961873,129.732,0.0,0.0,0.0
91,20020,0.696667,"[0.0,0.1)",1778,0.048503,1.0,0.0099972,0.0099972,132.1344,33.5659,31.9737,1.5081
91,20020,0.696667,"[0.1,0.3)",3049,0.194193,1.0,0.00726247,0.00726247,204.2921,33.6534,31.8213,6.3004
91,20020,0.696667,"[0.3,0.5)",1568,0.386956,1.0,0.00509823,0.00509823,350.8174,33.5553,30.9992,11.8175
91,20020,0.696667,"[0.5,0.7)",550,0.573285,1.0,0.0057035,0.0057035,232.6529,33.3795,19.0049,10.8138
91,20020,0.696667,"[0.7,1.0)",68,0.752311,1.0,0.00563772,0.00563772,272.3469,32.6436,16.5847,12.4651
91,20020,0.696667,boundary(r=t),7012,0.0,1.0,0.00959929,0.00959929,129.1595,0.0,0.0,0.0
92,20240,0.693333,"[0.0,0.1)",1824,0.049343,1.0,0.00991721,0.00991721,133.6313,33.3777,32.5009,1.5625
92,20240,0.693333,"[0.1,0.3)",2899,0.193873,1.0,0.00720154,0.00720154,205.857,33.6446,32.5948,6.4246
92,20240,0.693333,"[0.3,0.5)",1678,0.385314,1.0,0.00513481,0.00513481,344.7696,33.4617,31.0717,11.7891
92,20240,0.693333,"[0.5,0.7)",560,0.576221,1.0,0.00562132,0.00562132,269.6174,33.1531,19.6033,11.2278
92,20240,0.693333,"[0.7,1.0)",52,0.760865,1.0,0.00547803,0.00547803,239.7221,32.6095,16.3067,12.4284
92,20240,0.693333,boundary(r=t),7012,0.0,1.0,0.00971544,0.00971544,128.3974,0.0,0.0,0.0
93,20460,0.69,"[0.0,0.1)",1902,0.049393,1.0,0.00982581,0.00982581,133.0947,33.5338,33.8192,1.6326
93,20460,0.69,"[0.1,0.3)",2915,0.193484,1.0,0.00722279,0.00722279,206.4715,33.6424,32.5146,6.3939
93,20460,0.69,"[0.3,0.5)",1584,0.385659,1.0,0.00497636,0.00497636,381.6236,33.481,32.4204,12.3132
93,20460,0.69,"[0.5,0.7)",565,0.573738,1.0,0.00552141,0.00552141,251.1254,33.3793,19.7636,11.2541
93,20460,0.69,"[0.7,1.0)",47,0.745884,1.0,0.00593229,0.00593229,210.325,32.5436,15.3757,11.5073
93,20460,0.69,boundary(r=t),7012,0.0,1.0,0.00962098,0.00962098,128.3353,0.0,0.0,0.0
94,20680,0.686667,"[0.0,0.1)",1845,0.049177,1.0,0.00985208,0.00985208,136.5835,33.4741,33.0162,1.5718
94,20680,0.686667,"[0.1,0.3)",2944,0.194455,1.0,0.00712367,0.00712367,201.8841,33.6107,32.4917,6.3998
94,20680,0.686667,"[0.3,0.5)",1608,0.386311,1.0,0.00507417,0.00507417,361.4642,33.5974,31.9205,12.1339
94,20680,0.686667,"[0.5,0.7)",551,0.572142,1.0,0.00560028,0.00560028,264.0813,33.2727,19.7944,11.2323
94,20680,0.686667,"[0.7,1.0)",65,0.750938,1.0,0.0053125,0.0053125,256.1894,32.9578,16.1997,12.201
94,20680,0.686667,boundary(r=t),7012,0.0,1.0,0.00973559,0.00973559,127.0046,0.0,0.0,0.0
95,20900,0.683333,"[0.0,0.1)",1815,0.049414,1.0,0.00984664,0.00984664,132.9834,33.4542,32.3696,1.556
95,20900,0.683333,"[0.1,0.3)",2970,0.193864,1.0,0.00719919,0.00719919,202.3852,33.7424,32.2195,6.3303
95,20900,0.683333,"[0.3,0.5)",1633,0.385991,1.0,0.00523052,0.00523052,361.4623,33.4919,30.9825,11.7762
95,20900,0.683333,"[0.5,0.7)",526,0.574401,1.0,0.00575559,0.00575559,274.9917,33.302,19.8132,11.2395
95,20900,0.683333,"[0.7,1.0)",69,0.74942,1.0,0.00542488,0.00542488,280.5751,32.9152,16.7068,12.4385
95,20900,0.683333,boundary(r=t),7012,0.0,1.0,0.00980982,0.00980982,126.9822,0.0,0.0,0.0
96,21120,0.68,"[0.0,0.1)",1883,0.048782,1.0,0.01013765,0.01013765,131.5483,33.5205,32.657,1.5481
96,21120,0.68,"[0.1,0.3)",2938,0.192921,1.0,0.00726169,0.00726169,205.8787,33.6975,32.691,6.4189
96,21120,0.68,"[0.3,0.5)",1579,0.386474,1.0,0.00504518,0.00504518,347.1274,33.4845,31.0678,11.7919
96,21120,0.68,"[0.5,0.7)",554,0.571971,1.0,0.00574791,0.00574791,254.767,33.3719,19.4775,11.0568
96,21120,0.68,"[0.7,1.0)",59,0.749427,1.0,0.00589084,0.00589084,231.4231,33.0678,15.0885,11.2762
96,21120,0.68,boundary(r=t),7012,0.0,1.0,0.00980554,0.00980554,126.9879,0.0,0.0,0.0
97,21340,0.676667,"[0.0,0.1)",1862,0.049122,1.0,0.00985438,0.00985438,134.6253,33.5752,32.5206,1.5333
97,21340,0.676667,"[0.1,0.3)",2973,0.19349,1.0,0.00726662,0.00726662,200.3447,33.6619,32.4883,6.348
97,21340,0.676667,"[0.3,0.5)",1581,0.389183,1.0,0.00515081,0.00515081,349.0386,33.362,30.6081,11.7697
97,21340,0.676667,"[0.5,0.7)",541,0.57581,1.0,0.00571549,0.00571549,269.3953,33.3135,19.9377,11.3911
97,21340,0.676667,"[0.7,1.0)",56,0.745467,1.0,0.00564707,0.00564707,248.2256,32.9382,15.952,11.9413
97,21340,0.676667,boundary(r=t),7012,0.0,1.0,0.00965289,0.00965289,128.4749,0.0,0.0,0.0
98,21560,0.673333,"[0.0,0.1)",1796,0.04824,1.0,0.01011322,0.01011322,133.6387,33.6012,32.409,1.5162
98,21560,0.673333,"[0.1,0.3)",2924,0.19254,1.0,0.00723172,0.00723172,199.3102,33.69,31.9999,6.2618
98,21560,0.673333,"[0.3,0.5)",1679,0.38664,1.0,0.00507119,0.00507119,334.8477,33.4319,30.4873,11.5925
98,21560,0.673333,"[0.5,0.7)",556,0.574088,1.0,0.00564444,0.00564444,250.6627,33.3967,19.6654,11.1809
98,21560,0.673333,"[0.7,1.0)",58,0.744096,1.0,0.00483442,0.00483442,315.416,32.8098,17.7997,13.2009
98,21560,0.673333,boundary(r=t),7012,0.0,1.0,0.00971127,0.00971127,128.1583,0.0,0.0,0.0
99,21780,0.67,"[0.0,0.1)",1927,0.049867,1.0,0.0102256,0.0102256,130.5565,33.5922,31.7522,1.5462
99,21780,0.67,"[0.1,0.3)",2887,0.192098,1.0,0.0073644,0.0073644,195.5614,33.6354,31.7036,6.1811
99,21780,0.67,"[0.3,0.5)",1587,0.388515,1.0,0.00505289,0.00505289,365.4653,33.6458,31.5404,12.0609
99,21780,0.67,"[0.5,0.7)",557,0.575025,1.0,0.00556772,0.00556772,260.425,33.3306,19.5711,11.1381
99,21780,0.67,"[0.7,1.0)",55,0.742317,1.0,0.00563537,0.00563537,217.8668,32.4446,16.2838,12.0416
99,21780,0.67,boundary(r=t),7012,0.0,1.0,0.00988242,0.00988242,127.0178,0.0,0.0,0.0
100,22000,0.666667,"[0.0,0.1)",1811,0.049879,1.0,0.01000099,0.01000099,132.1641,33.6623,31.8576,1.5538
100,22000,0.666667,"[0.1,0.3)",3003,0.194464,1.0,0.00728007,0.00728007,201.3423,33.7826,32.2285,6.3562
100,22000,0.666667,"[0.3,0.5)",1597,0.387519,1.0,0.00497917,0.00497917,371.3889,33.5566,32.0066,12.2483
100,22000,0.666667,"[0.5,0.7)",546,0.574414,1.0,0.00561753,0.00561753,269.503,33.3922,19.9704,11.4072
100,22000,0.666667,"[0.7,1.0)",56,0.754257,1.0,0.00546236,0.00546236,229.9334,33.7642,16.2884,12.3023
100,22000,0.666667,boundary(r=t),7012,0.0,1.0,0.0096297,0.0096297,128.5898,0.0,0.0,0.0
101,22220,0.663333,"[0.0,0.1)",1846,0.048945,1.0,0.01010786,0.01010786,130.7911,33.6289,31.986,1.5236
101,22220,0.663333,"[0.1,0.3)",2966,0.192328,1.0,0.0072364,0.0072364,199.3418,33.5955,32.144,6.2443
101,22220,0.663333,"[0.3,0.5)",1615,0.388331,1.0,0.00504607,0.00504607,357.3712,33.5952,31.4852,12.0145
101,22220,0.663333,"[0.5,0.7)",523,0.567046,1.0,0.0055275,0.0055275,289.1621,33.4871,20.9163,11.7203
101,22220,0.663333,"[0.7,1.0)",63,0.751399,1.0,0.0053151,0.0053151,262.9984,33.1623,16.4577,12.3735
101,22220,0.663333,boundary(r=t),7012,0.0,1.0,0.00983785,0.00983785,126.4194,0.0,0.0,0.0
102,22440,0.66,"[0.0,0.1)",1849,0.048931,1.0,0.01004735,0.01004735,131.7846,33.444,32.2276,1.5183
102,22440,0.66,"[0.1,0.3)",2937,0.193217,1.0,0.00746119,0.00746119,197.1739,33.6409,32.2319,6.2992
102,22440,0.66,"[0.3,0.5)",1631,0.386537,1.0,0.00507389,0.00507389,345.5078,33.4779,30.9989,11.7958
102,22440,0.66,"[0.5,0.7)",528,0.574141,1.0,0.00557474,0.00557474,259.3395,33.4702,19.9908,11.3867
102,22440,0.66,"[0.7,1.0)",68,0.752986,1.0,0.00513891,0.00513891,265.2639,32.9899,16.9332,12.7434
102,22440,0.66,boundary(r=t),7012,0.0,1.0,0.00967126,0.00967126,128.9328,0.0,0.0,0.0
103,22660,0.656667,"[0.0,0.1)",1876,0.048967,1.0,0.01009077,0.01009077,130.7988,33.5504,32.1406,1.5529
103,22660,0.656667,"[0.1,0.3)",2934,0.19253,1.0,0.00741285,0.00741285,204.6021,33.7547,33.0352,6.4831
103,22660,0.656667,"[0.3,0.5)",1613,0.385718,1.0,0.00511988,0.00511988,348.1947,33.5425,30.9483,11.7785
103,22660,0.656667,"[0.5,0.7)",534,0.571891,1.0,0.00544502,0.00544502,264.2176,33.0598,19.7872,11.2246
103,22660,0.656667,"[0.7,1.0)",56,0.753563,1.0,0.0055479,0.0055479,229.7685,32.477,15.5967,11.7535
103,22660,0.656667,boundary(r=t),7012,0.0,1.0,0.00980303,0.00980303,126.9899,0.0,0.0,0.0
104,22880,0.653333,"[0.0,0.1)",1823,0.050678,1.0,0.01020067,0.01020067,131.9451,33.4734,33.131,1.6552
104,22880,0.653333,"[0.1,0.3)",2945,0.194262,1.0,0.00730601,0.00730601,206.2199,33.7184,33.1061,6.5305
104,22880,0.653333,"[0.3,0.5)",1631,0.385888,1.0,0.00515659,0.00515659,336.6581,33.5319,30.4803,11.5905
104,22880,0.653333,"[0.5,0.7)",558,0.581957,1.0,0.00570542,0.00570542,235.9249,33.0445,18.6777,10.7765
104,22880,0.653333,"[0.7,1.0)",56,0.751662,1.0,0.00537222,0.00537222,274.8874,32.8382,16.902,12.6548
104,22880,0.653333,boundary(r=t),7012,0.0,1.0,0.00977578,0.00977578,126.9403,0.0,0.0,0.0
105,23100,0.65,"[0.0,0.1)",1827,0.050183,1.0,0.00989983,0.00989983,134.0957,33.5528,33.1294,1.6261
105,23100,0.65,"[0.1,0.3)",2977,0.193548,1.0,0.00719086,0.00719086,205.9697,33.7503,33.1985,6.5304
105,23100,0.65,"[0.3,0.5)",1628,0.386093,1.0,0.00495765,0.00495765,380.3088,33.5431,32.7955,12.5164
105,23100,0.65,"[0.5,0.7)",522,0.577769,1.0,0.00565918,0.00565918,252.2677,33.3407,19.861,11.3709
105,23100,0.65,"[0.7,1.0)",59,0.746295,1.0,0.00532221,0.00532221,316.6527,33.1865,18.8291,14.0227
105,23100,0.65,boundary(r=t),7012,0.0,1.0,0.0099389,0.0099389,126.1221,0.0,0.0,0.0
106,23320,0.646667,"[0.0,0.1)",1827,0.049126,1.0,0.01021143,0.01021143,130.1462,33.5431,31.6412,1.5169
106,23320,0.646667,"[0.1,0.3)",3028,0.193897,1.0,0.00740919,0.00740919,201.8181,33.5935,32.5053,6.4211
106,23320,0.646667,"[0.3,0.5)",1585,0.386447,1.0,0.00508356,0.00508356,386.9484,33.4571,32.787,12.4145
106,23320,0.646667,"[0.5,0.7)",521,0.575753,1.0,0.00577402,0.00577402,262.0244,33.2945,19.5159,11.1357
106,23320,0.646667,"[0.7,1.0)",52,0.750779,1.0,0.00532614,0.00532614,299.8823,33.6915,18.5143,13.9611
106,23320,0.646667,boundary(r=t),7012,0.0,1.0,0.00985479,0.00985479,127.6682,0.0,0.0,0.0
107,23540,0.643333,"[0.0,0.1)",1844,0.049255,1.0,0.01022172,0.01022172,131.1618,33.4985,30.9097,1.4871
107,23540,0.643333,"[0.1,0.3)",2928,0.194957,1.0,0.00743462,0.00743462,196.9803,33.7225,31.339,6.2286
107,23540,0.643333,"[0.3,0.5)",1609,0.383548,1.0,0.00518687,0.00518687,339.7069,33.4939,31.1556,11.7156
107,23540,0.643333,"[0.5,0.7)",562,0.573169,1.0,0.00556531,0.00556531,281.132,33.3834,20.4179,11.5916
107,23540,0.643333,"[0.7,1.0)",70,0.743142,1.0,0.00520655,0.00520655,284.2788,33.6988,17.8667,13.3188
107,23540,0.643333,boundary(r=t),7012,0.0,1.0,0.00994883,0.00994883,125.1063,0.0,0.0,0.0
108,23760,0.64,"[0.0,0.1)",1859,0.04975,1.0,0.00993586,0.00993586,132.06,33.5266,32.4375,1.5773
108,23760,0.64,"[0.1,0.3)",2872,0.192915,1.0,0.00733942,0.00733942,197.9467,33.6947,31.9323,6.2655
108,23760,0.64,"[0.3,0.5)",1677,0.387754,1.0,0.00501283,0.00501283,360.415,33.551,32.2477,12.2366
108,23760,0.64,"[0.5,0.7)",552,0.571499,1.0,0.00557853,0.00557853,277.1592,33.0927,20.3465,11.4923
108,23760,0.64,"[0.7,1.0)",53,0.749161,1.0,0.00539127,0.00539127,391.1892,32.7564,19.1183,14.4176
108,23760,0.64,boundary(r=t),7012,0.0,1.0,0.00990002,0.00990002,126.3004,0.0,0.0,0.0
109,23980,0.636667,"[0.0,0.1)",1800,0.049236,1.0,0.01032169,0.01032169,130.6728,33.4449,32.5069,1.5449
109,23980,0.636667,"[0.1,0.3)",2951,0.192052,1.0,0.00732115,0.00732115,199.8814,33.6379,32.167,6.2761
109,23980,0.636667,"[0.3,0.5)",1651,0.38713,1.0,0.00506307,0.00506307,366.4386,33.598,31.8531,12.1339
109,23980,0.636667,"[0.5,0.7)",558,0.578844,1.0,0.00558528,0.00558528,260.7341,33.1025,19.7625,11.336
109,23980,0.636667,"[0.7,1.0)",53,0.745016,1.0,0.00540727,0.00540727,291.8831,32.5997,17.8711,13.2975
109,23980,0.636667,boundary(r=t),7012,0.0,1.0,0.00990855,0.00990855,125.8425,0.0,0.0,0.0
110,24200,0.633333,"[0.0,0.1)",1847,0.049656,1.0,0.01012056,0.01012056,131.2585,33.5079,32.5673,1.5718
110,24200,0.633333,"[0.1,0.3)",3009,0.193547,1.0,0.00731669,0.00731669,202.5845,33.6939,32.4507,6.3816
110,24200,0.633333,"[0.3,0.5)",1536,0.388438,1.0,0.00507536,0.00507536,357.8379,33.5881,31.4979,12.0566
110,24200,0.633333,"[0.5,0.7)",565,0.574418,1.0,0.005761,0.005761,262.1396,33.4096,19.9741,11.3667
110,24200,0.633333,"[0.7,1.0)",56,0.745986,1.0,0.00593529,0.00593529,213.9923,32.953,16.2215,12.1171
110,24200,0.633333,boundary(r=t),7012,0.0,1.0,0.01011943,0.01011943,125.5159,0.0,0.0,0.0
111,24420,0.63,"[0.0,0.1)",1864,0.049478,1.0,0.01013522,0.01013522,132.3413,33.5887,32.3572,1.5754
111,24420,0.63,"[0.1,0.3)",2934,0.191314,1.0,0.00735351,0.00735351,198.5637,33.6877,32.5452,6.3396
111,24420,0.63,"[0.3,0.5)",1629,0.385485,1.0,0.00509398,0.00509398,348.4517,33.5069,31.2392,11.8848
111,24420,0.63,"[0.5,0.7)",531,0.575243,1.0,0.00549556,0.00549556,299.7781,33.1646,20.4228,11.6492
111,24420,0.63,"[0.7,1.0)",55,0.751282,1.0,0.00549574,0.00549574,316.6418,33.4636,18.2076,13.7215
111,24420,0.63,boundary(r=t),7012,0.0,1.0,0.00992814,0.00992814,125.5603,0.0,0.0,0.0
112,24640,0.626667,"[0.0,0.1)",1917,0.048258,1.0,0.01011176,0.01011176,132.0711,33.5053,32.4964,1.5209
112,24640,0.626667,"[0.1,0.3)",2886,0.194664,1.0,0.00735119,0.00735119,198.1157,33.6093,32.118,6.3351
112,24640,0.626667,"[0.3,0.5)",1588,0.388122,1.0,0.0051088,0.0051088,345.5217,33.517,31.4646,11.97
112,24640,0.626667,"[0.5,0.7)",556,0.572828,1.0,0.00567788,0.00567788,267.8865,33.3098,20.1564,11.4352
112,24640,0.626667,"[0.7,1.0)",66,0.747488,1.0,0.00532187,0.00532187,285.7475,33.0067,17.4072,13.1164
112,24640,0.626667,boundary(r=t),7012,0.0,1.0,0.01008954,0.01008954,125.0553,0.0,0.0,0.0
113,24860,0.623333,"[0.0,0.1)",1839,0.048816,1.0,0.00986376,0.00986376,135.7163,33.4294,33.1423,1.5745
113,24860,0.623333,"[0.1,0.3)",3064,0.193028,1.0,0.00728327,0.00728327,198.3138,33.737,31.8944,6.2525
113,24860,0.623333,"[0.3,0.5)",1550,0.387497,1.0,0.00512482,0.00512482,364.6878,33.4145,31.6391,12.0982
113,24860,0.623333,"[0.5,0.7)",485,0.573712,1.0,0.00547409,0.00547409,269.6074,33.4188,20.4151,11.58
113,24860,0.623333,"[0.7,1.0)",75,0.744587,1.0,0.00546223,0.00546223,272.8939,33.5374,17.7133,13.2002
113,24860,0.623333,boundary(r=t),7012,0.0,1.0,0.01013832,0.01013832,124.2067,0.0,0.0,0.0
114,25080,0.62,"[0.0,0.1)",1880,0.049945,1.0,0.01043328,0.01043328,128.0284,33.645,33.1697,1.6014
114,25080,0.62,"[0.1,0.3)",2949,0.191372,1.0,0.00749122,0.00749122,198.0638,33.7299,32.1341,6.2761
114,25080,0.62,"[0.3,0.5)",1642,0.38723,1.0,0.0051646,0.0051646,365.3179,33.5554,31.631,12.0244
114,25080,0.62,"[0.5,0.7)",477,0.572998,1.0,0.00543431,0.00543431,288.7814,33.3471,20.5976,11.7324
114,25080,0.62,"[0.7,1.0)",65,0.752819,1.0,0.00539339,0.00539339,289.6275,33.0414,16.6624,12.5151
114,25080,0.62,boundary(r=t),7012,0.0,1.0,0.01007024,0.01007024,125.1709,0.0,0.0,0.0
115,25300,0.616667,"[0.0,0.1)",1814,0.048963,1.0,0.01021208,0.01021208,131.5867,33.6449,31.9374,1.5503
115,25300,0.616667,"[0.1,0.3)",3025,0.192425,1.0,0.00736697,0.00736697,197.2451,33.751,31.8362,6.2054
115,25300,0.616667,"[0.3,0.5)",1566,0.387913,1.0,0.00504168,0.00504168,347.6395,33.4919,30.9869,11.84
115,25300,0.616667,"[0.5,0.7)",551,0.572467,1.0,0.00549634,0.00549634,288.6721,33.392,20.8565,11.824
115,25300,0.616667,"[0.7,1.0)",57,0.753013,1.0,0.00507748,0.00507748,291.7975,32.9311,17.8461,13.4789
115,25300,0.616667,boundary(r=t),7012,0.0,1.0,0.01001615,0.01001615,125.245,0.0,0.0,0.0
116,25520,0.613333,"[0.0,0.1)",1781,0.049826,1.0,0.01011465,0.01011465,131.3159,33.5665,32.1892,1.5542
116,25520,0.613333,"[0.1,0.3)",2979,0.191905,1.0,0.00739644,0.00739644,195.9926,33.7852,32.1846,6.2547
116,25520,0.613333,"[0.3,0.5)",1649,0.387701,1.0,0.00500589,0.00500589,382.7426,33.5852,32.3788,12.3519
116,25520,0.613333,"[0.5,0.7)",547,0.576993,1.0,0.00581372,0.00581372,258.4585,33.1687,19.4327,11.0911
116,25520,0.613333,"[0.7,1.0)",57,0.748836,1.0,0.00603568,0.00603568,244.2152,33.5519,15.9053,11.9243
116,25520,0.613333,boundary(r=t),7012,0.0,1.0,0.01006877,0.01006877,124.416,0.0,0.0,0.0
117,25740,0.61,"[0.0,0.1)",1874,0.050017,1.0,0.01052611,0.01052611,128.053,33.7245,31.756,1.5697
117,25740,0.61,"[0.1,0.3)",2933,0.193431,1.0,0.00731887,0.00731887,197.2182,33.6489,31.8202,6.2261
117,25740,0.61,"[0.3,0.5)",1602,0.385334,1.0,0.00517502,0.00517502,337.804,33.4757,30.4456,11.6203
117,25740,0.61,"[0.5,0.7)",544,0.575256,1.0,0.00585922,0.00585922,249.2601,33.5497,19.7114,11.2416
117,25740,0.61,"[0.7,1.0)",60,0.746898,1.0,0.005501,0.005501,242.0926,32.2026,15.4169,11.4683
117,25740,0.61,boundary(r=t),7012,0.0,1.0,0.01011248,0.01011248,124.5634,0.0,0.0,0.0
118,25960,0.606667,"[0.0,0.1)",1805,0.051175,1.0,0.01037312,0.01037312,131.9742,33.665,32.0077,1.6139
118,25960,0.606667,"[0.1,0.3)",2984,0.191728,1.0,0.00735508,0.00735508,200.257,33.7563,32.6122,6.3484
118,25960,0.606667,"[0.3,0.5)",1665,0.386051,1.0,0.00519207,0.00519207,337.3093,33.4844,30.5968,11.5934
118,25960,0.606667,"[0.5,0.7)",501,0.577929,1.0,0.00563886,0.00563886,271.0654,33.4032,20.0062,11.4869
118,25960,0.606667,"[0.7,1.0)",58,0.74976,1.0,0.00589016,0.00589016,217.1541,32.7355,15.4288,11.5823
118,25960,0.606667,boundary(r=t),7012,0.0,1.0,0.01015929,0.01015929,123.9044,0.0,0.0,0.0
119,26180,0.603333,"[0.0,0.1)",1883,0.049037,1.0,0.01024309,0.01024309,131.6192,33.6136,31.8504,1.5175
119,26180,0.603333,"[0.1,0.3)",2908,0.192163,1.0,0.00754316,0.00754316,196.9527,33.7781,31.8941,6.2261
119,26180,0.603333,"[0.3,0.5)",1636,0.385655,1.0,0.00497313,0.00497313,359.9014,33.591,32.4056,12.2443
119,26180,0.603333,"[0.5,0.7)",537,0.576663,1.0,0.00543361,0.00543361,282.374,33.3599,20.8413,11.886
119,26180,0.603333,"[0.7,1.0)",49,0.747353,1.0,0.00520606,0.00520606,295.8213,33.6543,17.0954,12.8881
119,26180,0.603333,boundary(r=t),7012,0.0,1.0,0.00995601,0.00995601,124.7634,0.0,0.0,0.0
120,26400,0.6,"[0.0,0.1)",1829,0.049089,1.0,0.01034429,0.01034429,130.8252,33.6573,31.8605,1.5111
120,26400,0.6,"[0.1,0.3)",2945,0.192182,1.0,0.00742989,0.00742989,198.9662,33.7421,32.5826,6.3305
120,26400,0.6,"[0.3,0.5)",1588,0.386626,1.0,0.00501515,0.00501515,368.019,33.5257,32.0984,12.2309
120,26400,0.6,"[0.5,0.7)",595,0.573809,1.0,0.00554199,0.00554199,269.636,33.4524,20.3309,11.5202
120,26400,0.6,"[0.7,1.0)",56,0.744696,1.0,0.00546167,0.00546167,252.0627,33.0146,16.726,12.4887
120,26400,0.6,boundary(r=t),7012,0.0,1.0,0.01003962,0.01003962,124.7043,0.0,0.0,0.0
121,26620,0.596667,"[0.0,0.1)",1875,0.049343,1.0,0.01039082,0.01039082,129.4415,33.4998,32.0201,1.5505
121,26620,0.596667,"[0.1,0.3)",2935,0.192796,1.0,0.0072637,0.0072637,195.6628,33.6381,31.9976,6.251
121,26620,0.596667,"[0.3,0.5)",1632,0.386753,1.0,0.00496143,0.00496143,369.3432,33.5638,32.6266,12.4179
121,26620,0.596667,"[0.5,0.7)",523,0.572599,1.0,0.00554305,0.00554305,307.97,33.1394,21.4434,12.0986
121,26620,0.596667,"[0.7,1.0)",48,0.750928,1.0,0.00518664,0.00518664,388.1517,32.8557,19.022,14.1823
121,26620,0.596667,boundary(r=t),7012,0.0,1.0,0.01025393,0.01025393,122.6176,0.0,0.0,0.0
122,26840,0.593333,"[0.0,0.1)",1861,0.049963,1.0,0.01009965,0.01009965,130.2644,33.6426,31.9366,1.5595
122,26840,0.593333,"[0.1,0.3)",2898,0.192305,1.0,0.00753181,0.00753181,195.8469,33.801,32.3604,6.2962
122,26840,0.593333,"[0.3,0.5)",1687,0.385493,1.0,0.00492685,0.00492685,376.1669,33.6917,33.2252,12.5707
122,26840,0.593333,"[0.5,0.7)",514,0.574939,1.0,0.00549802,0.00549802,310.2221,33.2521,21.5035,12.2402
122,26840,0.593333,"[0.7,1.0)",53,0.751876,1.0,0.00520904,0.00520904,307.8854,32.2841,17.0794,12.8665
122,26840,0.593333,boundary(r=t),7012,0.0,1.0,0.00998548,0.00998548,125.3063,0.0,0.0,0.0
123,27060,0.59,"[0.0,0.1)",1829,0.050824,1.0,0.01056228,0.01056228,128.1786,33.5821,31.5992,1.5526
123,27060,0.59,"[0.1,0.3)",3012,0.194277,1.0,0.00754657,0.00754657,200.9248,33.8246,32.5131,6.4261
123,27060,0.59,"[0.3,0.5)",1579,0.388044,1.0,0.00509007,0.00509007,361.8586,33.5739,31.7843,12.1742
123,27060,0.59,"[0.5,0.7)",540,0.572534,1.0,0.00546605,0.00546605,300.2681,33.42,21.7833,12.3139
123,27060,0.59,"[0.7,1.0)",53,0.752663,1.0,0.00492031,0.00492031,293.3812,33.2516,18.3509,13.7804
123,27060,0.59,boundary(r=t),7012,0.0,1.0,0.01007949,0.01007949,125.2239,0.0,0.0,0.0
124,27280,0.586667,"[0.0,0.1)",1860,0.050177,1.0,0.01070377,0.01070377,124.4629,33.6755,31.7967,1.5567
124,27280,0.586667,"[0.1,0.3)",2996,0.19335,1.0,0.00757253,0.00757253,197.0854,33.6948,31.8666,6.2486
124,27280,0.586667,"[0.3,0.5)",1546,0.386287,1.0,0.00505223,0.00505223,366.1463,33.6114,31.8968,12.1378
124,27280,0.586667,"[0.5,0.7)",558,0.575935,1.0,0.00569608,0.00569608,249.0396,33.3007,19.4299,11.0766
124,27280,0.586667,"[0.7,1.0)",53,0.752558,1.0,0.00537744,0.00537744,253.4912,32.4348,17.2713,12.9175
124,27280,0.586667,boundary(r=t),7012,0.0,1.0,0.01023839,0.01023839,123.3943,0.0,0.0,0.0
125,27500,0.583333,"[0.0,0.1)",1816,0.048906,1.0,0.01041574,0.01041574,128.3834,33.5831,31.6476,1.5217
125,27500,0.583333,"[0.1,0.3)",2983,0.193993,1.0,0.00747147,0.00747147,198.7452,33.7815,32.2331,6.3571
125,27500,0.583333,"[0.3,0.5)",1625,0.384828,1.0,0.00501072,0.00501072,378.1111,33.6263,32.9682,12.5008
125,27500,0.583333,"[0.5,0.7)",532,0.575929,1.0,0.00565521,0.00565521,272.0344,33.4238,20.1541,11.4682
125,27500,0.583333,"[0.7,1.0)",57,0.749312,1.0,0.00502152,0.00502152,289.2184,33.3325,17.6771,13.2738
125,27500,0.583333,boundary(r=t),7012,0.0,1.0,0.01024219,0.01024219,123.0586,0.0,0.0,0.0
126,27720,0.58,"[0.0,0.1)",1917,0.049064,1.0,0.01042247,0.01042247,130.6541,33.6618,30.7654,1.4823
126,27720,0.58,"[0.1,0.3)",2894,0.193528,1.0,0.00753466,0.00753466,199.1101,33.7723,32.2025,6.3666
126,27720,0.58,"[0.3,0.5)",1637,0.385472,1.0,0.00502485,0.00502485,358.553,33.5885,32.1427,12.1854
126,27720,0.58,"[0.5,0.7)",497,0.574732,1.0,0.00534233,0.00534233,278.3268,33.5471,20.6779,11.7621
126,27720,0.58,"[0.7,1.0)",68,0.747904,1.0,0.00565973,0.00565973,247.8035,33.2988,16.0999,12.0146
126,27720,0.58,boundary(r=t),7012,0.0,1.0,0.01015106,0.01015106,123.5162,0.0,0.0,0.0
127,27940,0.576667,"[0.0,0.1)",1857,0.049618,1.0,0.0105458,0.0105458,128.4732,33.6092,31.6044,1.5443
127,27940,0.576667,"[0.1,0.3)",2899,0.193423,1.0,0.00772394,0.00772394,192.2681,33.776,31.3752,6.1664
127,27940,0.576667,"[0.3,0.5)",1642,0.388445,1.0,0.00513044,0.00513044,339.1772,33.617,30.9788,11.7972
127,27940,0.576667,"[0.5,0.7)",550,0.574028,1.0,0.00578257,0.00578257,296.7656,33.5441,20.1648,11.4579
127,27940,0.576667,"[0.7,1.0)",65,0.749727,1.0,0.00536404,0.00536404,308.3698,33.0273,17.5234,13.1863
127,27940,0.576667,boundary(r=t),7012,0.0,1.0,0.01016292,0.01016292,123.9723,0.0,0.0,0.0
128,28160,0.573333,"[0.0,0.1)",1817,0.049182,1.0,0.01059192,0.01059192,127.5651,33.6384,31.4009,1.5259
128,28160,0.573333,"[0.1,0.3)",3005,0.192797,1.0,0.00752357,0.00752357,200.7946,33.7816,32.4293,6.3844
128,28160,0.573333,"[0.3,0.5)",1566,0.387044,1.0,0.0050765,0.0050765,375.7084,33.604,32.3714,12.3378
128,28160,0.573333,"[0.5,0.7)",552,0.573535,1.0,0.00548852,0.00548852,268.5139,33.4299,20.4749,11.633
128,28160,0.573333,"[0.7,1.0)",73,0.748392,1.0,0.00599817,0.00599817,285.6401,33.233,17.4224,13.0035
128,28160,0.573333,boundary(r=t),7012,0.0,1.0,0.01011144,0.01011144,124.9582,0.0,0.0,0.0
129,28380,0.57,"[0.0,0.1)",1795,0.049935,1.0,0.01046175,0.01046175,128.8026,33.6797,31.3713,1.5371
129,28380,0.57,"[0.1,0.3)",2957,0.19129,1.0,0.00757692,0.00757692,194.1462,33.7882,31.6798,6.1631
129,28380,0.57,"[0.3,0.5)",1672,0.384757,1.0,0.00510057,0.00510057,354.3488,33.5707,31.8506,12.0676
129,28380,0.57,"[0.5,0.7)",527,0.576276,1.0,0.00556645,0.00556645,283.2313,33.487,21.1589,12.0703
129,28380,0.57,"[0.7,1.0)",62,0.749543,1.0,0.00522563,0.00522563,241.5267,33.3402,16.1504,12.1018
129,28380,0.57,boundary(r=t),7012,0.0,1.0,0.01020191,0.01020191,122.9701,0.0,0.0,0.0
130,28600,0.566667,"[0.0,0.1)",1843,0.049072,1.0,0.0104467,0.0104467,128.6808,33.6132,31.436,1.532
130,28600,0.566667,"[0.1,0.3)",3025,0.194107,1.0,0.00739133,0.00739133,200.9774,33.8182,32.6502,6.4493
130,28600,0.566667,"[0.3,0.5)",1547,0.38561,1.0,0.00514824,0.00514824,358.7758,33.6504,31.6353,12.0219
130,28600,0.566667,"[0.5,0.7)",546,0.575528,1.0,0.00563608,0.00563608,245.2631,33.3487,19.4333,11.1046
130,28600,0.566667,"[0.7,1.0)",52,0.747699,1.0,0.00528214,0.00528214,314.3529,33.2088,17.6756,13.2085
130,28600,0.566667,boundary(r=t),7012,0.0,1.0,0.0101667,0.0101667,123.2896,0.0,0.0,0.0
131,28820,0.563333,"[0.0,0.1)",1816,0.04852,1.0,0.0105354,0.0105354,128.8771,33.6398,32.0908,1.5253
131,28820,0.563333,"[0.1,0.3)",2988,0.192795,1.0,0.00755775,0.00755775,194.0608,33.867,32.0604,6.2375
131,28820,0.563333,"[0.3,0.5)",1627,0.387921,1.0,0.00516516,0.00516516,353.1818,33.522,31.6515,12.0691
131,28820,0.563333,"[0.5,0.7)",526,0.582054,1.0,0.00557499,0.00557499,252.7777,33.1867,19.4377,11.241
131,28820,0.563333,"[0.7,1.0)",56,0.756747,1.0,0.00566098,0.00566098,278.5978,32.8602,16.7283,12.6266
131,28820,0.563333,boundary(r=t),7012,0.0,1.0,0.01011717,0.01011717,124.7711,0.0,0.0,0.0
132,29040,0.56,"[0.0,0.1)",1815,0.049175,1.0,0.0107147,0.0107147,125.1975,33.7518,31.4187,1.5031
132,29040,0.56,"[0.1,0.3)",2963,0.192394,1.0,0.00742122,0.00742122,202.6866,33.7533,33.0479,6.4899
132,29040,0.56,"[0.3,0.5)",1643,0.38767,1.0,0.00515136,0.00515136,339.8812,33.667,31.2187,11.9048
132,29040,0.56,"[0.5,0.7)",523,0.577817,1.0,0.00540948,0.00540948,283.1648,33.3696,20.7036,11.8764
132,29040,0.56,"[0.7,1.0)",69,0.746372,1.0,0.00539808,0.00539808,250.2355,33.0721,15.6984,11.7097
132,29040,0.56,boundary(r=t),7012,0.0,1.0,0.01014842,0.01014842,124.2346,0.0,0.0,0.0
133,29260,0.556667,"[0.0,0.1)",1791,0.050898,1.0,0.01064452,0.01064452,124.8983,33.719,31.3359,1.5416
133,29260,0.556667,"[0.1,0.3)",3015,0.192534,1.0,0.00741486,0.00741486,196.1205,33.7339,32.5449,6.3264
133,29260,0.556667,"[0.3,0.5)",1621,0.388098,1.0,0.00503521,0.00503521,380.1501,33.5993,33.0417,12.6104
133,29260,0.556667,"[0.5,0.7)",521,0.576964,1.0,0.0057471,0.0057471,250.1007,33.318,19.6099,11.1946
133,29260,0.556667,"[0.7,1.0)",65,0.745942,1.0,0.00505926,0.00505926,350.4437,33.4087,18.5797,13.8852
133,29260,0.556667,boundary(r=t),7012,0.0,1.0,0.01025174,0.01025174,122.9851,0.0,0.0,0.0
134,29480,0.553333,"[0.0,0.1)",1792,0.050048,1.0,0.01051408,0.01051408,130.4827,33.6326,32.5576,1.6013
134,29480,0.553333,"[0.1,0.3)",3035,0.192871,1.0,0.00752552,0.00752552,196.1771,33.7093,32.1319,6.2889
134,29480,0.553333,"[0.3,0.5)",1615,0.386084,1.0,0.00506192,0.00506192,361.1653,33.6152,31.6029,12.0692
134,29480,0.553333,"[0.5,0.7)",521,0.575089,1.0,0.00576968,0.00576968,237.1639,33.3152,19.2352,10.9724
134,29480,0.553333,"[0.7,1.0)",50,0.739365,1.0,0.00515263,0.00515263,263.0741,34.0029,17.9341,13.2776
134,29480,0.553333,boundary(r=t),7012,0.0,1.0,0.0102559,0.0102559,123.6369,0.0,0.0,0.0
135,29700,0.55,"[0.0,0.1)",1813,0.047528,1.0,0.0103212,0.0103212,130.6726,33.4847,32.1018,1.4664
135,29700,0.55,"[0.1,0.3)",2961,0.192775,1.0,0.00754666,0.00754666,195.6956,33.7963,32.0671,6.29
135,29700,0.55,"[0.3,0.5)",1658,0.388683,1.0,0.00522075,0.00522075,339.0161,33.4858,30.7559,11.7132
135,29700,0.55,"[0.5,0.7)",512,0.575375,1.0,0.00555535,0.00555535,290.0342,33.525,21.1377,12.0633
135,29700,0.55,"[0.7,1.0)",69,0.753542,1.0,0.00603356,0.00603356,205.0556,32.7933,15.1631,11.3827
135,29700,0.55,boundary(r=t),7012,0.0,1.0,0.01026989,0.01026989,123.177,0.0,0.0,0.0
136,29920,0.546667,"[0.0,0.1)",1815,0.049321,1.0,0.01065093,0.01065093,127.8682,33.6078,31.9214,1.531
136,29920,0.546667,"[0.1,0.3)",2986,0.19258,1.0,0.00763171,0.00763171,195.8491,33.7526,32.0645,6.2798
136,29920,0.546667,"[0.3,0.5)",1595,0.387237,1.0,0.00510548,0.00510548,335.1712,33.6261,30.9161,11.8198
136,29920,0.546667,"[0.5,0.7)",579,0.570668,1.0,0.00545301,0.00545301,281.7647,33.2586,20.6759,11.7225
136,29920,0.546667,"[0.7,1.0)",38,0.753597,1.0,0.00548771,0.00548771,226.5839,33.8448,15.0412,11.3002
136,29920,0.546667,boundary(r=t),7012,0.0,1.0,0.01030638,0.01030638,122.7803,0.0,0.0,0.0
137,30140,0.543333,"[0.0,0.1)",1865,0.048925,1.0,0.01047563,0.01047563,126.0219,33.5426,31.9724,1.529
137,30140,0.543333,"[0.1,0.3)",2958,0.192752,1.0,0.00768671,0.00768671,190.5926,33.6925,31.594,6.1561
137,30140,0.543333,"[0.3,0.5)",1652,0.385852,1.0,0.00515121,0.00515121,359.4304,33.635,31.7675,12.0356
137,30140,0.543333,"[0.5,0.7)",488,0.573524,1.0,0.00543787,0.00543787,269.1852,33.5232,20.7626,11.8106
137,30140,0.543333,"[0.7,1.0)",50,0.760655,1.0,0.0052082,0.0052082,298.1703,33.5757,18.016,13.6965
137,30140,0.543333,boundary(r=t),7012,0.0,1.0,0.01025368,0.01025368,123.5159,0.0,0.0,0.0
138,30360,0.54,"[0.0,0.1)",1838,0.04969,1.0,0.01045896,0.01045896,127.4209,33.7067,32.0763,1.5607
138,30360,0.54,"[0.1,0.3)",2956,0.192847,1.0,0.0075366,0.0075366,198.7289,33.7377,32.6387,6.3998
138,30360,0.54,"[0.3,0.5)",1609,0.385511,1.0,0.00501419,0.00501419,368.6708,33.7059,32.0418,12.2035
138,30360,0.54,"[0.5,0.7)",543,0.579912,1.0,0.00546856,0.00546856,265.9965,33.4292,20.4765,11.7461
138,30360,0.54,"[0.7,1.0)",67,0.75111,1.0,0.00475854,0.00475854,495.9729,33.0372,18.3524,14.0025
138,30360,0.54,boundary(r=t),7012,0.0,1.0,0.01019526,0.01019526,123.4015,0.0,0.0,0.0
139,30580,0.536667,"[0.0,0.1)",1808,0.049755,1.0,0.01037861,0.01037861,130.5089,33.6009,31.9549,1.5658
139,30580,0.536667,"[0.1,0.3)",2969,0.192936,1.0,0.00755786,0.00755786,197.347,33.745,32.2563,6.3097
139,30580,0.536667,"[0.3,0.5)",1627,0.386248,1.0,0.00512084,0.00512084,359.8519,33.7686,31.1807,11.922
139,30580,0.536667,"[0.5,0.7)",541,0.573508,1.0,0.00554109,0.00554109,274.4308,33.6043,20.6161,11.7211
139,30580,0.536667,"[0.7,1.0)",68,0.751199,1.0,0.00539991,0.00539991,313.0486,32.7671,17.5798,13.2563
139,30580,0.536667,boundary(r=t),7012,0.0,1.0,0.01024823,0.01024823,123.2025,0.0,0.0,0.0
140,30800,0.533333,"[0.0,0.1)",1785,0.04917,1.0,0.01063649,0.01063649,128.4905,33.6426,31.5719,1.5115
140,30800,0.533333,"[0.1,0.3)",2968,0.194328,1.0,0.0077767,0.0077767,193.3939,33.7459,31.576,6.2382
140,30800,0.533333,"[0.3,0.5)",1645,0.387388,1.0,0.00494491,0.00494491,386.7569,33.6807,32.8383,12.5905
140,30800,0.533333,"[0.5,0.7)",564,0.577567,1.0,0.00551753,0.00551753,295.7494,33.577,20.9188,11.9904
140,30800,0.533333,"[0.7,1.0)",51,0.742548,1.0,0.00598263,0.00598263,211.9846,33.0802,15.3244,11.4126
140,30800,0.533333,boundary(r=t),7012,0.0,1.0,0.01046939,0.01046939,120.9187,0.0,0.0,0.0
141,31020,0.53,"[0.0,0.1)",1878,0.050259,1.0,0.01069074,0.01069074,128.0569,33.6224,32.0696,1.5919
141,31020,0.53,"[0.1,0.3)",2987,0.191363,1.0,0.00755905,0.00755905,197.7578,33.6801,32.7025,6.3497
141,31020,0.53,"[0.3,0.5)",1599,0.387237,1.0,0.00510375,0.00510375,370.1386,33.6718,32.3989,12.3554
141,31020,0.53,"[0.5,0.7)",500,0.576582,1.0,0.00559995,0.00559995,261.1518,33.3909,20.1761,11.4617
141,31020,0.53,"[0.7,1.0)",49,0.75298,1.0,0.00598172,0.00598172,245.7084,32.5975,16.6817,12.5355
141,31020,0.53,boundary(r=t),7012,0.0,1.0,0.01040228,0.01040228,121.9025,0.0,0.0,0.0
142,31240,0.526667,"[0.0,0.1)",1865,0.050002,1.0,0.01070688,0.01070688,125.3211,33.6544,31.4368,1.5548
142,31240,0.526667,"[0.1,0.3)",2904,0.192745,1.0,0.00770755,0.00770755,196.67,33.8269,32.4134,6.348
142,31240,0.526667,"[0.3,0.5)",1637,0.386567,1.0,0.00501005,0.00501005,357.5336,33.7516,32.112,12.2602
142,31240,0.526667,"[0.5,0.7)",554,0.57816,1.0,0.0055665,0.0055665,268.8707,33.484,20.311,11.6311
142,31240,0.526667,"[0.7,1.0)",53,0.747563,1.0,0.00555818,0.00555818,267.8588,32.9882,16.7766,12.5475
142,31240,0.526667,boundary(r=t),7012,0.0,1.0,0.01035914,0.01035914,121.7282,0.0,0.0,0.0
143,31460,0.523333,"[0.0,0.1)",1847,0.050479,1.0,0.01071019,0.01071019,127.8823,33.7099,31.5413,1.5568
143,31460,0.523333,"[0.1,0.3)",2962,0.194726,1.0,0.00751715,0.00751715,194.8208,33.7414,32.2004,6.3543
143,31460,0.523333,"[0.3,0.5)",1576,0.386948,1.0,0.00497172,0.00497172,389.9909,33.5584,33.4558,12.7579
143,31460,0.523333,"[0.5,0.7)",563,0.577225,1.0,0.00545836,0.00545836,295.1119,33.452,21.3357,12.1083
143,31460,0.523333,"[0.7,1.0)",65,0.749501,1.0,0.00554481,0.00554481,236.8446,33.2113,16.7875,12.5191
143,31460,0.523333,boundary(r=t),7012,0.0,1.0,0.01030365,0.01030365,122.7148,0.0,0.0,0.0
144,31680,0.52,"[0.0,0.1)",1842,0.048843,1.0,0.01052567,0.01052567,127.8084,33.5621,32.7454,1.5943
144,31680,0.52,"[0.1,0.3)",2988,0.194714,1.0,0.00775655,0.00775655,195.5896,33.7875,32.3948,6.3758
144,31680,0.52,"[0.3,0.5)",1572,0.385203,1.0,0.00503802,0.00503802,394.6278,33.6288,33.6863,12.8106
144,31680,0.52,"[0.5,0.7)",552,0.573204,1.0,0.00544591,0.00544591,288.0039,33.5412,20.8868,11.8129
144,31680,0.52,"[0.7,1.0)",59,0.758316,1.0,0.00530781,0.00530781,273.2425,32.5819,15.5514,11.8093
144,31680,0.52,boundary(r=t),7012,0.0,1.0,0.01040453,0.01040453,122.1908,0.0,0.0,0.0
145,31900,0.516667,"[0.0,0.1)",1843,0.048923,1.0,0.010478,0.010478,130.494,33.5402,31.2916,1.5354
145,31900,0.516667,"[0.1,0.3)",2926,0.191904,1.0,0.00769482,0.00769482,191.6184,33.8054,32.1987,6.241
145,31900,0.516667,"[0.3,0.5)",1615,0.38554,1.0,0.00511482,0.00511482,359.5971,33.725,32.047,12.2053
145,31900,0.516667,"[0.5,0.7)",561,0.577884,1.0,0.00548188,0.00548188,292.4709,33.4789,21.2159,12.1406
145,31900,0.516667,"[0.7,1.0)",68,0.748733,1.0,0.00531108,0.00531108,257.4431,33.1077,16.7304,12.5262
145,31900,0.516667,boundary(r=t),7012,0.0,1.0,0.01052912,0.01052912,120.882,0.0,0.0,0.0
146,32120,0.513333,"[0.0,0.1)",1834,0.051351,1.0,0.01042712,0.01042712,129.2775,33.5559,31.6155,1.5836
146,32120,0.513333,"[0.1,0.3)",2899,0.19218,1.0,0.0077575,0.0077575,195.6392,33.8682,32.555,6.3858
146,32120,0.513333,"[0.3,0.5)",1662,0.386896,1.0,0.00521797,0.00521797,355.5976,33.7616,31.59,12.0596
146,32120,0.513333,"[0.5,0.7)",569,0.57214,1.0,0.00555735,0.00555735,253.5884,33.3205,19.8156,11.2727
146,32120,0.513333,"[0.7,1.0)",49,0.749025,1.0,0.00580429,0.00580429,428.6454,33.1974,17.4875,13.1911
146,32120,0.513333,boundary(r=t),7012,0.0,1.0,0.01035287,0.01035287,122.3856,0.0,0.0,0.0
147,32340,0.51,"[0.0,0.1)",1748,0.048157,1.0,0.01064346,0.01064346,128.0646,33.6052,31.6588,1.5075
147,32340,0.51,"[0.1,0.3)",3015,0.192621,1.0,0.00776353,0.00776353,196.9286,33.8445,32.5387,6.362
147,32340,0.51,"[0.3,0.5)",1597,0.386066,1.0,0.0049971,0.0049971,368.5637,33.5966,32.5256,12.3946
147,32340,0.51,"[0.5,0.7)",585,0.574175,1.0,0.00543456,0.00543456,288.9394,33.4408,21.0746,12.0046
147,32340,0.51,"[0.7,1.0)",68,0.742493,1.0,0.00499681,0.00499681,289.1912,33.4306,17.3334,12.8968
147,32340,0.51,boundary(r=t),7012,0.0,1.0,0.01035783,0.01035783,122.0273,0.0,0.0,0.0
148,32560,0.506667,"[0.0,0.1)",1793,0.048183,1.0,0.01074202,0.01074202,126.843,33.602,31.5237,1.4956
148,32560,0.506667,"[0.1,0.3)",2981,0.193187,1.0,0.00780967,0.00780967,191.9701,33.7927,31.8035,6.2304
148,32560,0.506667,"[0.3,0.5)",1629,0.3868,1.0,0.004913,0.004913,390.8773,33.5224,33.4977,12.85
148,32560,0.506667,"[0.5,0.7)",559,0.572676,1.0,0.00541557,0.00541557,275.8769,33.3829,21.1473,11.9178
148,32560,0.506667,"[0.7,1.0)",51,0.747735,1.0,0.0051863,0.0051863,266.9085,32.7021,17.8532,13.3088
148,32560,0.506667,boundary(r=t),7012,0.0,1.0,0.0105008,0.0105008,120.2195,0.0,0.0,0.0
149,32780,0.503333,"[0.0,0.1)",1875,0.050228,1.0,0.01062726,0.01062726,125.2179,33.6312,31.4951,1.5409
149,32780,0.503333,"[0.1,0.3)",2990,0.192511,1.0,0.00787661,0.00787661,192.8667,33.7963,31.9972,6.2621
149,32780,0.503333,"[0.3,0.5)",1582,0.388392,1.0,0.00517551,0.00517551,360.9524,33.6815,31.9033,12.1954
149,32780,0.503333,"[0.5,0.7)",513,0.575173,1.0,0.00538535,0.00538535,277.6384,33.3203,20.7797,11.8319
149,32780,0.503333,"[0.7,1.0)",53,0.75752,1.0,0.00530955,0.00530955,252.6083,32.911,16.4984,12.4274
149,32780,0.503333,boundary(r=t),7012,0.0,1.0,0.01049546,0.01049546,120.6284,0.0,0.0,0.0
150,33000,0.5,"[0.0,0.1)",1821,0.048712,1.0,0.01100503,0.01100503,123.5159,33.7063,31.8266,1.5324
150,33000,0.5,"[0.1,0.3)",3014,0.193646,1.0,0.00780645,0.00780645,189.3223,33.878,31.7579,6.2214
150,33000,0.5,"[0.3,0.5)",1587,0.387648,1.0,0.00498133,0.00498133,375.1106,33.6227,32.065,12.308
150,33000,0.5,"[0.5,0.7)",545,0.576644,1.0,0.00546604,0.00546604,268.4485,33.4499,20.4987,11.6953
150,33000,0.5,"[0.7,1.0)",46,0.751808,1.0,0.00431499,0.00431499,300.4827,32.5333,17.4647,13.1219
150,33000,0.5,boundary(r=t),7012,0.0,1.0,0.01044577,0.01044577,121.8484,0.0,0.0,0.0
151,33220,0.496667,"[0.0,0.1)",1869,0.050699,1.0,0.01056454,0.01056454,126.7789,33.5893,31.5774,1.5788
151,33220,0.496667,"[0.1,0.3)",2923,0.193369,1.0,0.00764087,0.00764087,192.5898,33.8987,32.0488,6.2915
151,33220,0.496667,"[0.3,0.5)",1594,0.388508,1.0,0.0050189,0.0050189,361.6589,33.5384,31.9809,12.2703
151,33220,0.496667,"[0.5,0.7)",558,0.57384,1.0,0.00547174,0.00547174,289.8373,33.2093,20.8885,11.8296
151,33220,0.496667,"[0.7,1.0)",69,0.749443,1.0,0.00529886,0.00529886,299.4751,33.4876,18.2883,13.7734
151,33220,0.496667,boundary(r=t),7012,0.0,1.0,0.01044924,0.01044924,121.7656,0.0,0.0,0.0
152,33440,0.493333,"[0.0,0.1)",1902,0.04962,1.0,0.01071093,0.01071093,126.8841,33.6775,31.6731,1.519
152,33440,0.493333,"[0.1,0.3)",2880,0.19374,1.0,0.00768886,0.00768886,195.8046,33.7614,31.944,6.2704
152,33440,0.493333,"[0.3,0.5)",1645,0.386486,1.0,0.00508411,0.00508411,360.8815,33.6672,31.7019,12.1323
152,33440,0.493333,"[0.5,0.7)",530,0.575697,1.0,0.00562658,0.00562658,273.1129,33.3688,20.4428,11.6696
152,33440,0.493333,"[0.7,1.0)",56,0.753753,1.0,0.00533449,0.00533449,282.3061,33.4747,17.0894,12.8594
152,33440,0.493333,boundary(r=t),7012,0.0,1.0,0.01057578,0.01057578,119.68,0.0,0.0,0.0
153,33660,0.49,"[0.0,0.1)",1799,0.049437,1.0,0.01071452,0.01071452,126.5079,33.694,31.3251,1.5225
153,33660,0.49,"[0.1,0.3)",2991,0.194372,1.0,0.00767429,0.00767429,193.1024,33.7789,31.809,6.2777
153,33660,0.49,"[0.3,0.5)",1619,0.387719,1.0,0.00507374,0.00507374,359.8077,33.7964,32.1148,12.2988
153,33660,0.49,"[0.5,0.7)",548,0.572512,1.0,0.00538836,0.00538836,290.1632,33.3113,21.275,12.0699
153,33660,0.49,"[0.7,1.0)",56,0.760355,1.0,0.00508107,0.00508107,395.997,33.1994,19.2615,14.7961
153,33660,0.49,boundary(r=t),7012,0.0,1.0,0.0106049,0.0106049,120.4747,0.0,0.0,0.0
154,33880,0.486667,"[0.0,0.1)",1847,0.049744,1.0,0.01111795,0.01111795,122.9154,33.8196,31.2091,1.5442
154,33880,0.486667,"[0.1,0.3)",2966,0.193466,1.0,0.00762693,0.00762693,188.6418,33.7775,31.1503,6.077
154,33880,0.486667,"[0.3,0.5)",1570,0.386252,1.0,0.00507049,0.00507049,369.2913,33.7017,32.6855,12.4157
154,33880,0.486667,"[0.5,0.7)",573,0.574701,1.0,0.00533137,0.00533137,279.808,33.4791,21.0343,11.9588
154,33880,0.486667,"[0.7,1.0)",57,0.747203,1.0,0.00456405,0.00456405,352.8845,33.2522,19.0932,14.3661
154,33880,0.486667,boundary(r=t),7012,0.0,1.0,0.01038472,0.01038472,122.2695,0.0,0.0,0.0
155,34100,0.483333,"[0.0,0.1)",1796,0.049342,1.0,0.01074666,0.01074666,125.5261,33.6791,31.4077,1.5174
155,34100,0.483333,"[0.1,0.3)",3036,0.19292,1.0,0.00795972,0.00795972,184.8863,33.8414,30.9471,6.0432
155,34100,0.483333,"[0.3,0.5)",1629,0.387451,1.0,0.00525701,0.00525701,333.9376,33.6332,30.5458,11.6671
155,34100,0.483333,"[0.5,0.7)",495,0.578685,1.0,0.00541156,0.00541156,273.7071,33.5755,20.678,11.8553
155,34100,0.483333,"[0.7,1.0)",57,0.749174,1.0,0.00549682,0.00549682,366.705,33.4681,18.6303,14.038
155,34100,0.483333,boundary(r=t),7012,0.0,1.0,0.01067332,0.01067332,119.7923,0.0,0.0,0.0
156,34320,0.48,"[0.0,0.1)",1866,0.050133,1.0,0.01093274,0.01093274,124.4885,33.7382,31.4332,1.5604
156,34320,0.48,"[0.1,0.3)",2956,0.192643,1.0,0.00782842,0.00782842,194.0434,33.7773,32.0117,6.2838
156,34320,0.48,"[0.3,0.5)",1574,0.386081,1.0,0.0051531,0.0051531,347.1271,33.5439,31.2971,11.9851
156,34320,0.48,"[0.5,0.7)",552,0.575459,1.0,0.00540456,0.00540456,314.1194,33.4045,21.8412,12.3475
156,34320,0.48,"[0.7,1.0)",65,0.746046,1.0,0.00530453,0.00530453,240.9304,33.1932,15.8121,11.8291
156,34320,0.48,boundary(r=t),7012,0.0,1.0,0.01064711,0.01064711,120.192,0.0,0.0,0.0
157,34540,0.476667,"[0.0,0.1)",1909,0.049833,1.0,0.0109088,0.0109088,125.1403,33.7284,31.0527,1.5166
157,34540,0.476667,"[0.1,0.3)",2901,0.194003,1.0,0.00766618,0.00766618,195.6533,33.7935,32.2921,6.3615
157,34540,0.476667,"[0.3,0.5)",1630,0.386778,1.0,0.00511408,0.00511408,369.6053,33.5754,32.6812,12.4713
157,34540,0.476667,"[0.5,0.7)",511,0.574229,1.0,0.00543971,0.00543971,277.1292,33.4882,20.923,11.9015
157,34540,0.476667,"[0.7,1.0)",62,0.742321,1.0,0.00529507,0.00529507,322.4807,32.7931,17.9423,13.3737
157,34540,0.476667,boundary(r=t),7012,0.0,1.0,0.01057128,0.01057128,120.2555,0.0,0.0,0.0
158,34760,0.473333,"[0.0,0.1)",1819,0.047609,1.0,0.01068939,0.01068939,125.2132,33.652,31.1423,1.439
158,34760,0.473333,"[0.1,0.3)",2970,0.193131,1.0,0.00781287,0.00781287,190.6212,33.8763,31.3891,6.1381
158,34760,0.473333,"[0.3,0.5)",1616,0.386177,1.0,0.00494797,0.00494797,374.337,33.6252,32.9955,12.5743
158,34760,0.473333,"[0.5,0.7)",547,0.576812,1.0,0.00550019,0.00550019,256.2406,33.4903,20.054,11.4557
158,34760,0.473333,"[0.7,1.0)",61,0.7461,1.0,0.00482341,0.00482341,275.3125,33.5224,16.9958,12.7062
158,34760,0.473333,boundary(r=t),7012,0.0,1.0,0.01060593,0.01060593,119.7668,0.0,0.0,0.0
159,34980,0.47,"[0.0,0.1)",1886,0.04913,1.0,0.01089447,0.01089447,124.5147,33.5936,31.3837,1.5159
159,34980,0.47,"[0.1,0.3)",2918,0.191809,1.0,0.00787216,0.00787216,195.2747,33.7761,32.1429,6.2713
159,34980,0.47,"[0.3,0.5)",1611,0.387482,1.0,0.00510984,0.00510984,377.8082,33.712,32.546,12.4659
159,34980,0.47,"[0.5,0.7)",535,0.574337,1.0,0.00562917,0.00562917,338.9645,33.5406,21.5919,12.2562
159,34980,0.47,"[0.7,1.0)",63,0.740826,1.0,0.00542456,0.00542456,273.7546,32.457,16.9977,12.6389
159,34980,0.47,boundary(r=t),7012,0.0,1.0,0.01051995,0.01051995,120.5916,0.0,0.0,0.0
160,35200,0.466667,"[0.0,0.1)",1828,0.048257,1.0,0.01105993,0.01105993,121.3351,33.7053,31.3971,1.5156
160,35200,0.466667,"[0.1,0.3)",2959,0.191717,1.0,0.00776324,0.00776324,188.2348,33.7554,31.4478,6.0857
160,35200,0.466667,"[0.3,0.5)",1648,0.387923,1.0,0.00503245,0.00503245,371.2666,33.6266,32.35,12.3828
160,35200,0.466667,"[0.5,0.7)",526,0.577194,1.0,0.0055049,0.0055049,287.6298,33.3547,21.2772,12.1735
160,35200,0.466667,"[0.7,1.0)",52,0.747664,1.0,0.00482193,0.00482193,380.4158,33.1701,19.0995,14.3293
160,35200,0.466667,boundary(r=t),7012,0.0,1.0,0.01054507,0.01054507,120.2466,0.0,0.0,0.0
161,35420,0.463333,"[0.0,0.1)",1828,0.050229,1.0,0.01108305,0.01108305,124.1759,33.6803,30.9812,1.5373
161,35420,0.463333,"[0.1,0.3)",2918,0.192633,1.0,0.0077837,0.0077837,194.1844,33.7955,32.2265,6.3381
161,35420,0.463333,"[0.3,0.5)",1677,0.386586,1.0,0.0050884,0.0050884,361.9383,33.5837,31.9632,12.2148
161,35420,0.463333,"[0.5,0.7)",544,0.573138,1.0,0.00523833,0.00523833,305.2685,33.6212,21.8769,12.3499
161,35420,0.463333,"[0.7,1.0)",46,0.748088,1.0,0.00539566,0.00539566,251.6121,33.4762,16.4474,12.2931
161,35420,0.463333,boundary(r=t),7012,0.0,1.0,0.01065751,0.01065751,118.9322,0.0,0.0,0.0
162,35640,0.46,"[0.0,0.1)",1903,0.049082,1.0,0.01075561,0.01075561,127.294,33.6256,32.2461,1.58
162,35640,0.46,"[0.1,0.3)",2991,0.191731,1.0,0.00791439,0.00791439,187.5701,33.7463,31.9448,6.1769
162,35640,0.46,"[0.3,0.5)",1530,0.387216,1.0,0.00509902,0.00509902,359.0716,33.6785,31.9127,12.2126
162,35640,0.46,"[0.5,0.7)",533,0.579754,1.0,0.00538008,0.00538008,270.6257,33.38,20.6553,11.8875
162,35640,0.46,"[0.7,1.0)",56,0.738915,1.0,0.00562255,0.00562255,215.4479,33.4927,15.9385,11.7744
162,35640,0.46,boundary(r=t),7012,0.0,1.0,0.01052887,0.01052887,120.4467,0.0,0.0,0.0
163,35860,0.456667,"[0.0,0.1)",1845,0.04868,1.0,0.01075139,0.01075139,124.2748,33.6994,31.5721,1.5048
163,35860,0.456667,"[0.1,0.3)",3031,0.194406,1.0,0.00781914,0.00781914,192.1231,33.7827,32.0695,6.307
163,35860,0.456667,"[0.3,0.5)",1531,0.386644,1.0,0.00499789,0.00499789,379.9984,33.6299,32.6528,12.5013
163,35860,0.456667,"[0.5,0.7)",539,0.576095,1.0,0.00546971,0.00546971,279.2402,33.6181,20.957,11.9438
163,35860,0.456667,"[0.7,1.0)",67,0.753294,1.0,0.00567583,0.00567583,225.1178,32.8547,15.5642,11.7442
163,35860,0.456667,boundary(r=t),7012,0.0,1.0,0.0106135,0.0106135,119.6227,0.0,0.0,0.0
164,36080,0.453333,"[0.0,0.1)",1862,0.047702,1.0,0.01108229,0.01108229,122.0633,33.8076,30.5292,1.4343
164,36080,0.453333,"[0.1,0.3)",2985,0.189944,1.0,0.00795884,0.00795884,187.1012,33.8546,31.8196,6.1262
164,36080,0.453333,"[0.3,0.5)",1610,0.387272,1.0,0.00515823,0.00515823,378.5527,33.7465,32.2485,12.3648
164,36080,0.453333,"[0.5,0.7)",495,0.573466,1.0,0.00551977,0.00551977,277.6716,33.4195,20.9939,11.9271
164,36080,0.453333,"[0.7,1.0)",61,0.757286,1.0,0.00496963,0.00496963,333.3557,33.1578,17.8837,13.4606
164,36080,0.453333,boundary(r=t),7012,0.0,1.0,0.01059414,0.01059414,119.4297,0.0,0.0,0.0
165,36300,0.45,"[0.0,0.1)",1813,0.049628,1.0,0.01094413,0.01094413,124.957,33.7009,31.2048,1.537
165,36300,0.45,"[0.1,0.3)",2926,0.194003,1.0,0.00779383,0.00779383,193.8672,33.8577,32.0936,6.3385
165,36300,0.45,"[0.3,0.5)",1664,0.385582,1.0,0.00509962,0.00509962,387.6968,33.7791,33.2076,12.6234
165,36300,0.45,"[0.5,0.7)",557,0.577384,1.0,0.00564473,0.00564473,266.1166,33.3871,20.0957,11.4974
165,36300,0.45,"[0.7,1.0)",53,0.760678,1.0,0.00523039,0.00523039,282.1339,32.6501,17.7946,13.4786
165,36300,0.45,boundary(r=t),7012,0.0,1.0,0.01060451,0.01060451,119.9956,0.0,0.0,0.0
166,36520,0.446667,"[0.0,0.1)",1858,0.048078,1.0,0.01085972,0.01085972,123.8013,33.6662,30.8825,1.4561
166,36520,0.446667,"[0.1,0.3)",2917,0.193874,1.0,0.00783833,0.00783833,191.9495,33.8612,31.839,6.2742
166,36520,0.446667,"[0.3,0.5)",1627,0.385769,1.0,0.0050938,0.0050938,374.7433,33.7379,32.7453,12.5114
166,36520,0.446667,"[0.5,0.7)",543,0.577613,1.0,0.0055123,0.0055123,327.3954,33.6548,22.0327,12.5634
166,36520,0.446667,"[0.7,1.0)",68,0.748402,1.0,0.00507875,0.00507875,318.4317,33.7038,18.9328,14.2098
166,36520,0.446667,boundary(r=t),7012,0.0,1.0,0.01065893,0.01065893,119.5485,0.0,0.0,0.0
167,36740,0.443333,"[0.0,0.1)",1856,0.04875,1.0,0.01073421,0.01073421,125.511,33.6241,31.3206,1.4883
167,36740,0.443333,"[0.1,0.3)",2949,0.194611,1.0,0.00792945,0.00792945,190.5648,33.875,31.4676,6.234
167,36740,0.443333,"[0.3,0.5)",1612,0.384555,1.0,0.00515222,0.00515222,373.3625,33.491,32.6466,12.3291
167,36740,0.443333,"[0.5,0.7)",536,0.573303,1.0,0.00552837,0.00552837,269.8261,33.3677,20.7324,11.777
167,36740,0.443333,"[0.7,1.0)",60,0.755464,1.0,0.00562409,0.00562409,254.4724,32.6689,16.8109,12.6705
167,36740,0.443333,boundary(r=t),7012,0.0,1.0,0.01080799,0.01080799,118.619,0.0,0.0,0.0
168,36960,0.44,"[0.0,0.1)",1802,0.049655,1.0,0.01107161,0.01107161,122.0059,33.7072,30.7921,1.5082
168,36960,0.44,"[0.1,0.3)",3052,0.192212,1.0,0.00791805,0.00791805,192.2932,33.813,32.1111,6.2745
168,36960,0.44,"[0.3,0.5)",1578,0.385798,1.0,0.00502034,0.00502034,370.859,33.6015,32.5853,12.4375
168,36960,0.44,"[0.5,0.7)",525,0.572536,1.0,0.00528961,0.00528961,299.3662,33.5253,21.8386,12.4107
168,36960,0.44,"[0.7,1.0)",56,0.739393,1.0,0.00526961,0.00526961,311.9258,33.7883,19.4169,14.433
168,36960,0.44,boundary(r=t),7012,0.0,1.0,0.01053098,0.01053098,120.3019,0.0,0.0,0.0
169,37180,0.436667,"[0.0,0.1)",1855,0.049076,1.0,0.01115948,0.01115948,124.265,33.8187,30.4641,1.4742
169,37180,0.436667,"[0.1,0.3)",2981,0.193121,1.0,0.00777842,0.00777842,191.682,33.8549,32.0073,6.2728
169,37180,0.436667,"[0.3,0.5)",1568,0.385265,1.0,0.00499427,0.00499427,359.9673,33.791,32.4121,12.3018
169,37180,0.436667,"[0.5,0.7)",537,0.574168,1.0,0.00541895,0.00541895,315.1161,33.5492,21.855,12.4078
169,37180,0.436667,"[0.7,1.0)",72,0.751022,1.0,0.00543142,0.00543142,304.4479,32.9011,17.0542,12.9371
169,37180,0.436667,boundary(r=t),7012,0.0,1.0,0.01064179,0.01064179,119.6036,0.0,0.0,0.0
170,37400,0.433333,"[0.0,0.1)",1831,0.049859,1.0,0.01111782,0.01111782,122.1223,33.7812,30.5241,1.5174
170,37400,0.433333,"[0.1,0.3)",2893,0.193918,1.0,0.00774636,0.00774636,195.1684,33.8816,32.5509,6.4115
170,37400,0.433333,"[0.3,0.5)",1699,0.384775,1.0,0.00495366,0.00495366,366.5812,33.6216,32.7751,12.4289
170,37400,0.433333,"[0.5,0.7)",532,0.574919,1.0,0.00543323,0.00543323,272.1635,33.2898,20.5415,11.7161
170,37400,0.433333,"[0.7,1.0)",58,0.743072,1.0,0.0048151,0.0048151,264.2967,33.3781,16.9047,12.5759
170,37400,0.433333,boundary(r=t),7012,0.0,1.0,0.0107648,0.0107648,119.4429,0.0,0.0,0.0
171,37620,0.43,"[0.0,0.1)",1962,0.047711,1.0,0.0111002,0.0111002,123.4942,33.6172,31.2408,1.443
171,37620,0.43,"[0.1,0.3)",2898,0.191927,1.0,0.00801231,0.00801231,189.4681,33.8227,31.6182,6.1529
171,37620,0.43,"[0.3,0.5)",1588,0.385597,1.0,0.00508621,0.00508621,339.6959,33.586,31.425,11.9314
171,37620,0.43,"[0.5,0.7)",493,0.57604,1.0,0.00544869,0.00544869,274.1601,33.7097,20.6681,11.7743
171,37620,0.43,"[0.7,1.0)",72,0.748243,1.0,0.00565064,0.00565064,249.7447,33.1432,16.1684,12.1095
171,37620,0.43,boundary(r=t),7012,0.0,1.0,0.0106985,0.0106985,118.4228,0.0,0.0,0.0
172,37840,0.426667,"[0.0,0.1)",1781,0.049932,1.0,0.01127518,0.01127518,121.6225,33.7949,31.0515,1.5324
172,37840,0.426667,"[0.1,0.3)",3041,0.191126,1.0,0.00792363,0.00792363,189.5097,33.8084,31.6076,6.1422
172,37840,0.426667,"[0.3,0.5)",1587,0.38511,1.0,0.00512591,0.00512591,374.6172,33.7039,32.7435,12.4873
172,37840,0.426667,"[0.5,0.7)",540,0.573942,1.0,0.00539666,0.00539666,296.7563,33.6231,21.508,12.2272
172,37840,0.426667,"[0.7,1.0)",64,0.749576,1.0,0.00502027,0.00502027,337.43,32.8792,18.2635,13.769
172,37840,0.426667,boundary(r=t),7012,0.0,1.0,0.01079611,0.01079611,119.0052,0.0,0.0,0.0
173,38060,0.423333,"[0.0,0.1)",1823,0.049243,1.0,0.01134425,0.01134425,121.9076,33.7043,30.0576,1.4609
173,38060,0.423333,"[0.1,0.3)",2906,0.192302,1.0,0.00786341,0.00786341,191.403,33.7457,31.8536,6.2198
173,38060,0.423333,"[0.3,0.5)",1696,0.387775,1.0,0.00515041,0.00515041,343.8258,33.6476,31.4079,12.053
173,38060,0.423333,"[0.5,0.7)",526,0.571811,1.0,0.00540715,0.00540715,285.862,33.5523,21.1006,11.9517
173,38060,0.423333,"[0.7,1.0)",62,0.752983,1.0,0.00529972,0.00529972,259.1681,32.9639,16.8312,12.6443
173,38060,0.423333,boundary(r=t),7012,0.0,1.0,0.01076463,0.01076463,117.7317,0.0,0.0,0.0
174,38280,0.42,"[0.0,0.1)",1843,0.04957,1.0,0.01110656,0.01110656,123.2936,33.7844,30.4833,1.4729
174,38280,0.42,"[0.1,0.3)",2956,0.192522,1.0,0.00795669,0.00795669,189.7687,33.6502,31.3564,6.1525
174,38280,0.42,"[0.3,0.5)",1622,0.388251,1.0,0.00512714,0.00512714,352.1672,33.6803,31.6179,12.1301
174,38280,0.42,"[0.5,0.7)",529,0.573638,1.0,0.00544393,0.00544393,295.9986,33.4093,21.3679,12.1037
174,38280,0.42,"[0.7,1.0)",63,0.747249,1.0,0.0048828,0.0048828,352.9852,33.3948,19.2556,14.4043
174,38280,0.42,boundary(r=t),7012,0.0,1.0,0.01083026,0.01083026,119.7032,0.0,0.0,0.0
175,38500,0.416667,"[0.0,0.1)",1818,0.049765,1.0,0.01133017,0.01133017,122.0707,33.7568,30.9984,1.5193
175,38500,0.416667,"[0.1,0.3)",3044,0.193821,1.0,0.00774536,0.00774536,192.5276,33.7976,32.1753,6.3602
175,38500,0.416667,"[0.3,0.5)",1546,0.385964,1.0,0.00507633,0.00507633,350.7308,33.6926,32.1497,12.2423
175,38500,0.416667,"[0.5,0.7)",530,0.57141,1.0,0.00522284,0.00522284,301.8673,33.4258,22.1141,12.4836
175,38500,0.416667,"[0.7,1.0)",75,0.754866,1.0,0.00461389,0.00461389,339.5844,33.6386,19.7366,14.9294
175,38500,0.416667,boundary(r=t),7012,0.0,1.0,0.01079471,0.01079471,118.9943,0.0,0.0,0.0
176,38720,0.413333,"[0.0,0.1)",1787,0.050265,1.0,0.01093863,0.01093863,125.1692,33.6364,31.3652,1.569
176,38720,0.413333,"[0.1,0.3)",3008,0.191098,1.0,0.00801586,0.00801586,193.4641,33.8692,32.5355,6.3182
176,38720,0.413333,"[0.3,0.5)",1633,0.386044,1.0,0.00524659,0.00524659,368.3994,33.6451,32.6229,12.4215
176,38720,0.413333,"[0.5,0.7)",530,0.577516,1.0,0.00529513,0.00529513,311.4218,33.1948,21.7994,12.4289
176,38720,0.413333,"[0.7,1.0)",55,0.746579,1.0,0.00568016,0.00568016,245.0734,33.421,16.6426,12.4334
176,38720,0.413333,boundary(r=t),7012,0.0,1.0,0.01082813,0.01082813,117.6644,0.0,0.0,0.0
177,38940,0.41,"[0.0,0.1)",1840,0.049031,1.0,0.01105357,0.01105357,124.9446,33.6235,31.7234,1.5191
177,38940,0.41,"[0.1,0.3)",2991,0.193106,1.0,0.00790976,0.00790976,190.8816,33.8148,31.9736,6.2797
177,38940,0.41,"[0.3,0.5)",1605,0.385528,1.0,0.00495018,0.00495018,379.5478,33.6734,33.1232,12.6128
177,38940,0.41,"[0.5,0.7)",517,0.572178,1.0,0.00528555,0.00528555,293.635,33.6009,21.8753,12.4005
177,38940,0.41,"[0.7,1.0)",60,0.756956,1.0,0.00443414,0.00443414,392.1177,32.8204,20.2177,15.3332
177,38940,0.41,boundary(r=t),7012,0.0,1.0,0.01079608,0.01079608,117.7814,0.0,0.0,0.0
178,39160,0.406667,"[0.0,0.1)",1843,0.049668,1.0,0.01116594,0.01116594,124.705,33.7555,30.8925,1.4983
178,39160,0.406667,"[0.1,0.3)",3011,0.193399,1.0,0.00799444,0.00799444,188.3471,33.9114,31.7486,6.2206
178,39160,0.406667,"[0.3,0.5)",1558,0.385365,1.0,0.00512288,0.00512288,361.0086,33.6929,32.3567,12.2989
178,39160,0.406667,"[0.5,0.7)",550,0.573179,1.0,0.00542228,0.00542228,287.3528,33.3931,21.4975,12.1749
178,39160,0.406667,"[0.7,1.0)",51,0.749739,1.0,0.00456974,0.00456974,363.3527,33.5683,19.6267,14.7667
178,39160,0.406667,boundary(r=t),7012,0.0,1.0,0.01075626,0.01075626,118.67,0.0,0.0,0.0
179,39380,0.403333,"[0.0,0.1)",1847,0.049741,1.0,0.0109202,0.0109202,123.3587,33.6936,31.6109,1.5665
179,39380,0.403333,"[0.1,0.3)",2924,0.193806,1.0,0.00795287,0.00795287,194.8207,33.8267,32.2374,6.3226
179,39380,0.403333,"[0.3,0.5)",1668,0.384464,1.0,0.00521293,0.00521293,365.6259,33.8224,32.4727,12.2882
179,39380,0.403333,"[0.5,0.7)",522,0.573648,1.0,0.00522004,0.00522004,311.534,33.5474,22.0871,12.4857
179,39380,0.403333,"[0.7,1.0)",52,0.740161,1.0,0.00528334,0.00528334,272.7948,33.3363,18.134,13.4927
179,39380,0.403333,boundary(r=t),7012,0.0,1.0,0.0107571,0.0107571,117.8736,0.0,0.0,0.0
180,39600,0.4,"[0.0,0.1)",1909,0.049264,1.0,0.01124601,0.01124601,121.5643,33.782,30.9983,1.4748
180,39600,0.4,"[0.1,0.3)",2927,0.192691,1.0,0.00796239,0.00796239,192.0868,33.8221,32.0302,6.2879
180,39600,0.4,"[0.3,0.5)",1572,0.387966,1.0,0.00502021,0.00502021,386.9836,33.7421,33.2804,12.7998
180,39600,0.4,"[0.5,0.7)",533,0.57558,1.0,0.00548307,0.00548307,310.2512,33.4954,22.1899,12.5684
180,39600,0.4,"[0.7,1.0)",72,0.742816,1.0,0.00468999,0.00468999,385.8003,33.248,19.5074,14.6127
180,39600,0.4,boundary(r=t),7012,0.0,1.0,0.01084996,0.01084996,117.5773,0.0,0.0,0.0
181,39820,0.396667,"[0.0,0.1)",1842,0.049134,1.0,0.0112279,0.0112279,120.4709,33.8037,30.0601,1.4371
181,39820,0.396667,"[0.1,0.3)",2958,0.191981,1.0,0.00796842,0.00796842,188.2056,33.8821,32.0581,6.2279
181,39820,0.396667,"[0.3,0.5)",1653,0.386105,1.0,0.00521386,0.00521386,360.5357,33.679,32.0435,12.2362
181,39820,0.396667,"[0.5,0.7)",501,0.576116,1.0,0.00547522,0.00547522,293.9889,33.4519,21.5675,12.3028
181,39820,0.396667,"[0.7,1.0)",59,0.755227,1.0,0.00472734,0.00472734,319.7299,33.3669,18.1989,13.7166
181,39820,0.396667,boundary(r=t),7012,0.0,1.0,0.01079071,0.01079071,118.6487,0.0,0.0,0.0
182,40040,0.393333,"[0.0,0.1)",1875,0.049492,1.0,0.01111437,0.01111437,122.9975,33.6669,31.4285,1.5264
182,40040,0.393333,"[0.1,0.3)",2944,0.193689,1.0,0.00792217,0.00792217,197.9936,33.8305,32.8957,6.4741
182,40040,0.393333,"[0.3,0.5)",1608,0.386022,1.0,0.00517944,0.00517944,383.21,33.6945,32.8196,12.5187
182,40040,0.393333,"[0.5,0.7)",527,0.573897,1.0,0.00539996,0.00539996,295.8228,33.4711,21.8365,12.4129
182,40040,0.393333,"[0.7,1.0)",59,0.752097,1.0,0.00472078,0.00472078,332.2685,33.7632,20.1556,15.1294
182,40040,0.393333,boundary(r=t),7012,0.0,1.0,0.01081949,0.01081949,117.6833,0.0,0.0,0.0
183,40260,0.39,"[0.0,0.1)",1776,0.050614,1.0,0.01103836,0.01103836,124.5981,33.5397,30.1287,1.4845
183,40260,0.39,"[0.1,0.3)",2961,0.193835,1.0,0.00791055,0.00791055,190.2299,33.862,31.2333,6.163
183,40260,0.39,"[0.3,0.5)",1705,0.386991,1.0,0.00518071,0.00518071,362.789,33.6578,32.1506,12.2835
183,40260,0.39,"[0.5,0.7)",508,0.579418,1.0,0.00548804,0.00548804,276.5264,33.6116,20.7949,11.9306
183,40260,0.39,"[0.7,1.0)",63,0.748303,1.0,0.00487493,0.00487493,519.2015,32.7827,19.2934,14.5915
183,40260,0.39,boundary(r=t),7012,0.0,1.0,0.01098054,0.01098054,117.1528,0.0,0.0,0.0
184,40480,0.386667,"[0.0,0.1)",1825,0.050257,1.0,0.01111711,0.01111711,122.8797,33.7347,30.5395,1.526
184,40480,0.386667,"[0.1,0.3)",2967,0.193175,1.0,0.00782196,0.00782196,187.0767,33.8479,31.6953,6.171
184,40480,0.386667,"[0.3,0.5)",1605,0.387685,1.0,0.00509306,0.00509306,394.2736,33.7436,32.9582,12.6799
184,40480,0.386667,"[0.5,0.7)",565,0.576797,1.0,0.00545009,0.00545009,324.5793,33.322,21.5987,12.3374
184,40480,0.386667,"[0.7,1.0)",51,0.759606,1.0,0.00511022,0.00511022,349.0977,32.7255,18.8125,14.3564
184,40480,0.386667,boundary(r=t),7012,0.0,1.0,0.01103015,0.01103015,116.3347,0.0,0.0,0.0
185,40700,0.383333,"[0.0,0.1)",1830,0.050108,1.0,0.01098894,0.01098894,124.5918,33.6724,31.9297,1.5728
185,40700,0.383333,"[0.1,0.3)",2951,0.190722,1.0,0.00811546,0.00811546,180.2265,33.8721,31.0362,5.9725
185,40700,0.383333,"[0.3,0.5)",1648,0.387839,1.0,0.00507383,0.00507383,378.0215,33.6415,32.977,12.5995
185,40700,0.383333,"[0.5,0.7)",530,0.573152,1.0,0.00535401,0.00535401,288.1132,33.4694,21.6333,12.2895
185,40700,0.383333,"[0.7,1.0)",54,0.755741,1.0,0.0050265,0.0050265,278.6287,32.9239,18.3665,13.9013
185,40700,0.383333,boundary(r=t),7012,0.0,1.0,0.0108082,0.0108082,117.9865,0.0,0.0,0.0
186,40920,0.38,"[0.0,0.1)",1904,0.049462,1.0,0.01117471,0.01117471,119.9655,33.7445,30.6403,1.4959
186,40920,0.38,"[0.1,0.3)",2854,0.19227,1.0,0.00798159,0.00798159,187.8278,33.8575,32.0575,6.2337
186,40920,0.38,"[0.3,0.5)",1639,0.383858,1.0,0.00521866,0.00521866,369.9239,33.6566,31.7674,12.0396
186,40920,0.38,"[0.5,0.7)",560,0.573626,1.0,0.00553041,0.00553041,267.8873,33.3547,21.0701,11.9752
186,40920,0.38,"[0.7,1.0)",56,0.751681,1.0,0.00409108,0.00409108,355.6804,33.0536,19.4585,14.6089
186,40920,0.38,boundary(r=t),7012,0.0,1.0,0.01099325,0.01099325,116.9611,0.0,0.0,0.0
187,41140,0.376667,"[0.0,0.1)",1828,0.049328,1.0,0.01121971,0.01121971,122.3428,33.6185,30.9368,1.511
187,41140,0.376667,"[0.1,0.3)",2927,0.19079,1.0,0.0081715,0.0081715,191.5495,33.8931,32.2414,6.2592
187,41140,0.376667,"[0.3,0.5)",1650,0.385404,1.0,0.00509545,0.00509545,359.4954,33.7805,31.9879,12.1927
187,41140,0.376667,"[0.5,0.7)",532,0.573289,1.0,0.00546317,0.00546317,267.3443,33.4228,20.7335,11.7622
187,41140,0.376667,"[0.7,1.0)",76,0.74433,1.0,0.00486197,0.00486197,287.0219,32.94,17.6252,13.1116
187,41140,0.376667,boundary(r=t),7012,0.0,1.0,0.01091897,0.01091897,118.2466,0.0,0.0,0.0
188,41360,0.373333,"[0.0,0.1)",1896,0.049874,1.0,0.01132655,0.01132655,121.4405,33.7496,31.0435,1.5367
188,41360,0.373333,"[0.1,0.3)",2922,0.192757,1.0,0.00800025,0.00800025,192.309,33.8072,32.4498,6.373
188,41360,0.373333,"[0.3,0.5)",1618,0.386981,1.0,0.00507071,0.00507071,359.6722,33.6161,31.9928,12.2605
188,41360,0.373333,"[0.5,0.7)",506,0.575963,1.0,0.00557933,0.00557933,267.3132,33.4486,20.9046,11.9019
188,41360,0.373333,"[0.7,1.0)",71,0.748598,1.0,0.00531544,0.00531544,246.3261,33.0811,16.4198,12.3331
188,41360,0.373333,boundary(r=t),7012,0.0,1.0,0.01098513,0.01098513,117.3437,0.0,0.0,0.0
189,41580,0.37,"[0.0,0.1)",1831,0.049705,1.0,0.01136956,0.01136956,119.0632,33.8042,30.8163,1.4962
189,41580,0.37,"[0.1,0.3)",3038,0.193532,1.0,0.00798037,0.00798037,190.4258,33.879,32.1402,6.3297
189,41580,0.37,"[0.3,0.5)",1519,0.386153,1.0,0.0051717,0.0051717,383.9173,33.6464,32.9813,12.585
189,41580,0.37,"[0.5,0.7)",565,0.574416,1.0,0.00515951,0.00515951,310.6522,33.3181,22.4599,12.7164
189,41580,0.37,"[0.7,1.0)",60,0.744755,1.0,0.00554022,0.00554022,254.3375,33.0035,16.8616,12.5671
189,41580,0.37,boundary(r=t),7012,0.0,1.0,0.01087201,0.01087201,118.3245,0.0,0.0,0.0
190,41800,0.366667,"[0.0,0.1)",1944,0.048778,1.0,0.01155208,0.01155208,119.2243,33.8538,30.5421,1.4834
190,41800,0.366667,"[0.1,0.3)",2900,0.191776,1.0,0.00814611,0.00814611,183.5118,33.8412,31.2908,6.0854
190,41800,0.366667,"[0.3,0.5)",1570,0.384418,1.0,0.00519617,0.00519617,357.4394,33.633,32.1482,12.2424
190,41800,0.366667,"[0.5,0.7)",541,0.575101,1.0,0.00535817,0.00535817,299.5138,33.3401,21.6284,12.2669
190,41800,0.366667,"[0.7,1.0)",58,0.746662,1.0,0.00512622,0.00512622,299.1426,33.6491,18.5217,13.8117
190,41800,0.366667,boundary(r=t),7012,0.0,1.0,0.0109955,0.0109955,116.9509,0.0,0.0,0.0
191,42020,0.363333,"[0.0,0.1)",1884,0.048643,1.0,0.01127382,0.01127382,121.7238,33.7957,31.0648,1.4825
191,42020,0.363333,"[0.1,0.3)",2970,0.19172,1.0,0.00824273,0.00824273,183.644,33.7868,31.2575,6.0539
191,42020,0.363333,"[0.3,0.5)",1571,0.386706,1.0,0.0051504,0.0051504,376.3013,33.6879,33.085,12.6751
191,42020,0.363333,"[0.5,0.7)",528,0.575968,1.0,0.00535747,0.00535747,284.9919,33.2812,21.4892,12.2238
191,42020,0.363333,"[0.7,1.0)",60,0.745049,1.0,0.00524095,0.00524095,252.5471,33.1514,16.6054,12.4133
191,42020,0.363333,boundary(r=t),7012,0.0,1.0,0.01102218,0.01102218,116.9828,0.0,0.0,0.0
192,42240,0.36,"[0.0,0.1)",1861,0.050108,1.0,0.01136596,0.01136596,122.2693,33.8789,30.1609,1.4843
192,42240,0.36,"[0.1,0.3)",2968,0.191709,1.0,0.00807697,0.00807697,190.5244,33.797,31.919,6.2357
192,42240,0.36,"[0.3,0.5)",1617,0.385162,1.0,0.00520029,0.00520029,378.9681,33.7097,32.8884,12.4889
192,42240,0.36,"[0.5,0.7)",516,0.573181,1.0,0.00520807,0.00520807,307.177,33.3061,22.0485,12.4766
192,42240,0.36,"[0.7,1.0)",51,0.746149,1.0,0.00427774,0.00427774,420.0619,33.0768,20.0326,15.02
192,42240,0.36,boundary(r=t),7012,0.0,1.0,0.01104196,0.01104196,116.7892,0.0,0.0,0.0
193,42460,0.356667,"[0.0,0.1)",1798,0.050099,1.0,0.01119416,0.01119416,121.6584,33.8004,30.5315,1.5184
193,42460,0.356667,"[0.1,0.3)",2939,0.19261,1.0,0.00817648,0.00817648,184.626,33.8769,31.1056,6.0862
193,42460,0.356667,"[0.3,0.5)",1669,0.387997,1.0,0.00514964,0.00514964,375.6341,33.6337,32.1528,12.3622
193,42460,0.356667,"[0.5,0.7)",536,0.577872,1.0,0.00551486,0.00551486,285.2938,33.5745,21.4026,12.2045
193,42460,0.356667,"[0.7,1.0)",71,0.754884,1.0,0.00495672,0.00495672,294.8284,33.116,18.1714,13.802
193,42460,0.356667,boundary(r=t),7012,0.0,1.0,0.01100077,0.01100077,116.6274,0.0,0.0,0.0
194,42680,0.353333,"[0.0,0.1)",1854,0.049566,1.0,0.01136188,0.01136188,121.3669,33.6946,30.7824,1.513
194,42680,0.353333,"[0.1,0.3)",2938,0.193455,1.0,0.0081526,0.0081526,184.5799,33.9078,31.1061,6.0852
194,42680,0.353333,"[0.3,0.5)",1626,0.387297,1.0,0.00506142,0.00506142,363.3093,33.6355,31.9763,12.2894
194,42680,0.353333,"[0.5,0.7)",535,0.57587,1.0,0.00573837,0.00573837,275.6262,33.3126,20.9856,11.933
194,42680,0.353333,"[0.7,1.0)",60,0.746022,1.0,0.00542735,0.00542735,316.6754,33.0794,18.4028,13.8595
194,42680,0.353333,boundary(r=t),7012,0.0,1.0,0.0110572,0.0110572,116.436,0.0,0.0,0.0
195,42900,0.35,"[0.0,0.1)",1831,0.049366,1.0,0.01120795,0.01120795,121.6265,33.7859,31.3225,1.505
195,42900,0.35,"[0.1,0.3)",3049,0.194966,1.0,0.00806012,0.00806012,188.8192,33.8628,31.4647,6.2537
195,42900,0.35,"[0.3,0.5)",1533,0.386575,1.0,0.00527804,0.00527804,345.8742,33.7575,31.4545,12.0576
195,42900,0.35,"[0.5,0.7)",541,0.574919,1.0,0.00542952,0.00542952,277.8507,33.5296,20.9618,11.9682
195,42900,0.35,"[0.7,1.0)",59,0.746094,1.0,0.00548042,0.00548042,312.8041,33.1897,18.0483,13.5445
195,42900,0.35,boundary(r=t),7012,0.0,1.0,0.01098427,0.01098427,116.74,0.0,0.0,0.0
196,43120,0.346667,"[0.0,0.1)",1903,0.049489,1.0,0.0112151,0.0112151,123.7343,33.7035,31.1296,1.5197
196,43120,0.346667,"[0.1,0.3)",2897,0.191439,1.0,0.00826124,0.00826124,187.5028,33.8708,32.3048,6.2408
196,43120,0.346667,"[0.3,0.5)",1611,0.383135,1.0,0.00517049,0.00517049,370.2757,33.6483,32.7198,12.3692
196,43120,0.346667,"[0.5,0.7)",548,0.577242,1.0,0.00537653,0.00537653,310.5408,33.7075,21.8434,12.5116
196,43120,0.346667,"[0.7,1.0)",54,0.743844,1.0,0.00575988,0.00575988,204.0558,32.9547,16.4734,12.2737
196,43120,0.346667,boundary(r=t),7012,0.0,1.0,0.0109938,0.0109938,116.9304,0.0,0.0,0.0
197,43340,0.343333,"[0.0,0.1)",1897,0.04805,1.0,0.01166919,0.01166919,119.8237,33.7368,30.3188,1.4402
197,43340,0.343333,"[0.1,0.3)",2944,0.191566,1.0,0.00816469,0.00816469,181.9063,33.8751,31.4192,6.0451
197,43340,0.343333,"[0.3,0.5)",1588,0.385141,1.0,0.00519724,0.00519724,361.2997,33.6263,32.1055,12.2331
197,43340,0.343333,"[0.5,0.7)",529,0.576067,1.0,0.00541955,0.00541955,297.9308,33.416,21.4347,12.2348
197,43340,0.343333,"[0.7,1.0)",55,0.752369,1.0,0.00481234,0.00481234,426.6477,33.1671,19.8778,15.0094
197,43340,0.343333,boundary(r=t),7012,0.0,1.0,0.01094451,0.01094451,117.4364,0.0,0.0,0.0
198,43560,0.34,"[0.0,0.1)",1834,0.049127,1.0,0.01132884,0.01132884,121.5917,33.7155,30.4699,1.4849
198,43560,0.34,"[0.1,0.3)",2962,0.195424,1.0,0.00790211,0.00790211,188.4663,33.8476,31.7699,6.273
198,43560,0.34,"[0.3,0.5)",1612,0.387912,1.0,0.00531994,0.00531994,344.6918,33.6744,31.0942,11.9511
198,43560,0.34,"[0.5,0.7)",544,0.573515,1.0,0.00532372,0.00532372,304.7728,33.6232,21.9388,12.5042
198,43560,0.34,"[0.7,1.0)",61,0.744028,1.0,0.00509355,0.00509355,292.0812,33.8464,18.5191,13.6804
198,43560,0.34,boundary(r=t),7012,0.0,1.0,0.01113737,0.01113737,116.1557,0.0,0.0,0.0
199,43780,0.336667,"[0.0,0.1)",1897,0.049286,1.0,0.0111599,0.0111599,122.826,33.7133,30.3686,1.473
199,43780,0.336667,"[0.1,0.3)",2939,0.192833,1.0,0.00826581,0.00826581,186.9693,33.8527,31.0049,6.1062
199,43780,0.336667,"[0.3,0.5)",1605,0.386813,1.0,0.00520761,0.00520761,381.4988,33.6233,32.4302,12.3882
199,43780,0.336667,"[0.5,0.7)",515,0.575835,1.0,0.00557149,0.00557149,294.3759,33.4408,21.4766,12.263
199,43780,0.336667,"[0.7,1.0)",57,0.745471,1.0,0.00482686,0.00482686,332.5218,32.871,18.3868,13.6973
199,43780,0.336667,boundary(r=t),7012,0.0,1.0,0.0111217,0.0111217,116.3696,0.0,0.0,0.0
200,44000,0.333333,"[0.0,0.1)",1890,0.050161,1.0,0.01158468,0.01158468,119.2748,33.8262,30.2565,1.4866
200,44000,0.333333,"[0.1,0.3)",2951,0.192459,1.0,0.00814006,0.00814006,189.1511,33.8601,31.7759,6.2303
200,44000,0.333333,"[0.3,0.5)",1614,0.385735,1.0,0.00523108,0.00523108,357.524,33.7399,32.1142,12.2472
200,44000,0.333333,"[0.5,0.7)",504,0.574903,1.0,0.00565385,0.00565385,271.1444,33.2591,20.4528,11.6593
200,44000,0.333333,"[0.7,1.0)",54,0.747308,1.0,0.0046845,0.0046845,479.9486,33.4033,21.2263,15.8178
200,44000,0.333333,boundary(r=t),7012,0.0,1.0,0.01101701,0.01101701,115.8833,0.0,0.0,0.0
201,44220,0.33,"[0.0,0.1)",1892,0.049788,1.0,0.01139214,0.01139214,121.1754,33.7304,30.5512,1.5073
201,44220,0.33,"[0.1,0.3)",2920,0.192206,1.0,0.00818317,0.00818317,189.3924,33.8759,31.578,6.1796
201,44220,0.33,"[0.3,0.5)",1608,0.388587,1.0,0.00510431,0.00510431,375.4896,33.7607,32.9966,12.6486
201,44220,0.33,"[0.5,0.7)",533,0.576317,1.0,0.00529861,0.00529861,295.178,33.4879,21.456,12.2261
201,44220,0.33,"[0.7,1.0)",60,0.747308,1.0,0.0042596,0.0042596,414.9685,33.5638,20.6777,15.4664
201,44220,0.33,boundary(r=t),7012,0.0,1.0,0.01120921,0.01120921,115.2951,0.0,0.0,0.0
202,44440,0.326667,"[0.0,0.1)",1872,0.049271,1.0,0.0116384,0.0116384,119.4905,33.7888,29.9454,1.4511
202,44440,0.326667,"[0.1,0.3)",2882,0.191886,1.0,0.00820861,0.00820861,191.6753,33.9077,32.0594,6.2554
202,44440,0.326667,"[0.3,0.5)",1647,0.387286,1.0,0.0054307,0.0054307,346.6856,33.7019,31.1299,11.8904
202,44440,0.326667,"[0.5,0.7)",555,0.572857,1.0,0.00547876,0.00547876,286.8236,33.4615,20.9696,11.8953
202,44440,0.326667,"[0.7,1.0)",57,0.75272,1.0,0.00496834,0.00496834,380.8008,32.7846,19.4433,14.7649
202,44440,0.326667,boundary(r=t),7012,0.0,1.0,0.01115979,0.01115979,115.3919,0.0,0.0,0.0
203,44660,0.323333,"[0.0,0.1)",1838,0.049175,1.0,0.01135444,0.01135444,121.6293,33.7572,30.2374,1.4563
203,44660,0.323333,"[0.1,0.3)",2932,0.191081,1.0,0.00819192,0.00819192,185.0458,33.8953,31.7321,6.1494
203,44660,0.323333,"[0.3,0.5)",1640,0.385332,1.0,0.00523117,0.00523117,367.1988,33.6589,32.3304,12.3271
203,44660,0.323333,"[0.5,0.7)",549,0.575206,1.0,0.00538763,0.00538763,308.4159,33.641,21.7474,12.373
203,44660,0.323333,"[0.7,1.0)",54,0.758136,1.0,0.0060679,0.0060679,264.5037,32.9536,16.7041,12.7277
203,44660,0.323333,boundary(r=t),7012,0.0,1.0,0.01117154,0.01117154,114.8217,0.0,0.0,0.0
204,44880,0.32,"[0.0,0.1)",1862,0.04934,1.0,0.01152397,0.01152397,119.7973,33.738,30.2848,1.4932
204,44880,0.32,"[0.1,0.3)",2951,0.191472,1.0,0.00818684,0.00818684,185.5804,33.8729,31.6048,6.1126
204,44880,0.32,"[0.3,0.5)",1605,0.386218,1.0,0.00524229,0.00524229,352.0409,33.7739,31.8613,12.131
204,44880,0.32,"[0.5,0.7)",534,0.572245,1.0,0.00511598,0.00511598,301.2118,33.5454,22.2931,12.6541
204,44880,0.32,"[0.7,1.0)",61,0.741234,1.0,0.00480583,0.00480583,322.0433,33.0911,18.7301,13.8962
204,44880,0.32,boundary(r=t),7012,0.0,1.0,0.01115847,0.01115847,115.3292,0.0,0.0,0.0
205,45100,0.316667,"[0.0,0.1)",1840,0.049337,1.0,0.01130406,0.01130406,122.4138,33.7349,30.5011,1.4769
205,45100,0.316667,"[0.1,0.3)",2968,0.19054,1.0,0.00829218,0.00829218,188.7287,33.8928,32.1274,6.225
205,45100,0.316667,"[0.3,0.5)",1615,0.388611,1.0,0.00536692,0.00536692,358.8488,33.6436,31.4966,12.1242
205,45100,0.316667,"[0.5,0.7)",533,0.575279,1.0,0.00532231,0.00532231,281.796,33.5865,21.2321,12.1095
205,45100,0.316667,"[0.7,1.0)",57,0.742054,1.0,0.00569901,0.00569901,219.6118,32.7565,16.162,12.0348
205,45100,0.316667,boundary(r=t),7012,0.0,1.0,0.0111603,0.0111603,115.6272,0.0,0.0,0.0
206,45320,0.313333,"[0.0,0.1)",1881,0.049648,1.0,0.01127673,0.01127673,119.9877,33.7693,31.4524,1.5222
206,45320,0.313333,"[0.1,0.3)",2914,0.192389,1.0,0.00817433,0.00817433,195.9572,33.9335,32.4834,6.37
206,45320,0.313333,"[0.3,0.5)",1649,0.385266,1.0,0.00521304,0.00521304,351.2475,33.7609,32.115,12.2122
206,45320,0.313333,"[0.5,0.7)",505,0.578791,1.0,0.00536463,0.00536463,273.9138,33.6339,21.1808,12.1772
206,45320,0.313333,"[0.7,1.0)",64,0.756853,1.0,0.00483169,0.00483169,394.6121,33.3166,19.1543,14.5708
206,45320,0.313333,boundary(r=t),7012,0.0,1.0,0.0111121,0.0111121,115.8691,0.0,0.0,0.0
207,45540,0.31,"[0.0,0.1)",1889,0.048211,1.0,0.0113134,0.0113134,121.0078,33.7709,31.1351,1.4739
207,45540,0.31,"[0.1,0.3)",2995,0.193118,1.0,0.00810232,0.00810232,191.9774,33.8838,32.119,6.3095
207,45540,0.31,"[0.3,0.5)",1525,0.388107,1.0,0.005112,0.005112,371.1419,33.6122,32.7302,12.5663
207,45540,0.31,"[0.5,0.7)",555,0.573182,1.0,0.00545327,0.00545327,292.4112,33.5443,21.4291,12.1503
207,45540,0.31,"[0.7,1.0)",49,0.753947,1.0,0.00426315,0.00426315,671.6637,33.7812,23.0905,17.6638
207,45540,0.31,boundary(r=t),7012,0.0,1.0,0.0112837,0.0112837,114.7621,0.0,0.0,0.0
208,45760,0.306667,"[0.0,0.1)",1876,0.049625,1.0,0.01179329,0.01179329,118.8824,33.8057,30.4787,1.5085
208,45760,0.306667,"[0.1,0.3)",2830,0.192679,1.0,0.00818597,0.00818597,189.9558,33.8705,31.7734,6.2303
208,45760,0.306667,"[0.3,0.5)",1686,0.38619,1.0,0.00513026,0.00513026,364.5345,33.777,32.5763,12.4053
208,45760,0.306667,"[0.5,0.7)",572,0.574322,1.0,0.00555347,0.00555347,272.9141,33.3607,20.8465,11.8435
208,45760,0.306667,"[0.7,1.0)",49,0.750956,1.0,0.00491118,0.00491118,337.6978,33.7854,19.0825,14.3986
208,45760,0.306667,boundary(r=t),7012,0.0,1.0,0.01109559,0.01109559,116.6344,0.0,0.0,0.0
209,45980,0.303333,"[0.0,0.1)",1912,0.049964,1.0,0.01162593,0.01162593,117.8726,33.7936,29.9834,1.4619
209,45980,0.303333,"[0.1,0.3)",2977,0.193589,1.0,0.00824073,0.00824073,182.6939,33.8342,30.8307,6.0528
209,45980,0.303333,"[0.3,0.5)",1568,0.384212,1.0,0.00523199,0.00523199,370.96,33.7259,32.7224,12.4208
209,45980,0.303333,"[0.5,0.7)",494,0.573789,1.0,0.00554683,0.00554683,302.5112,33.5365,21.881,12.4383
209,45980,0.303333,"[0.7,1.0)",62,0.749293,1.0,0.00487005,0.00487005,359.0496,32.8356,18.7008,14.0707
209,45980,0.303333,boundary(r=t),7012,0.0,1.0,0.01117365,0.01117365,115.0784,0.0,0.0,0.0
210,46200,0.3,"[0.0,0.1)",1907,0.050122,1.0,0.01130664,0.01130664,121.2675,33.7366,30.6418,1.5227
210,46200,0.3,"[0.1,0.3)",2878,0.192592,1.0,0.00813354,0.00813354,186.4606,33.7975,31.7992,6.2131
210,46200,0.3,"[0.3,0.5)",1649,0.385464,1.0,0.005229,0.005229,358.8061,33.6696,32.259,12.2795
210,46200,0.3,"[0.5,0.7)",523,0.578647,1.0,0.0055176,0.0055176,285.6119,33.5207,21.5808,12.3589
210,46200,0.3,"[0.7,1.0)",56,0.74774,1.0,0.00524653,0.00524653,310.4622,33.0849,18.5946,14.0
210,46200,0.3,boundary(r=t),7012,0.0,1.0,0.01117846,0.01117846,115.5728,0.0,0.0,0.0
211,46420,0.296667,"[0.0,0.1)",1882,0.04998,1.0,0.01144211,0.01144211,120.4323,33.7668,31.0035,1.5258
211,46420,0.296667,"[0.1,0.3)",2952,0.193202,1.0,0.00800481,0.00800481,198.239,33.8266,33.0138,6.5255
211,46420,0.296667,"[0.3,0.5)",1612,0.386551,1.0,0.00518334,0.00518334,370.9558,33.6424,32.7247,12.4816
211,46420,0.296667,"[0.5,0.7)",521,0.574272,1.0,0.00543192,0.00543192,301.7883,33.7696,21.9086,12.438
211,46420,0.296667,"[0.7,1.0)",46,0.744251,1.0,0.00567893,0.00567893,321.3779,33.2063,17.3189,12.9451
211,46420,0.296667,boundary(r=t),7012,0.0,1.0,0.01119111,0.01119111,115.928,0.0,0.0,0.0
212,46640,0.293333,"[0.0,0.1)",1905,0.049378,1.0,0.01119131,0.01119131,122.085,33.709,30.8157,1.5108
212,46640,0.293333,"[0.1,0.3)",2913,0.192743,1.0,0.00806231,0.00806231,188.6743,33.8417,32.1988,6.317
212,46640,0.293333,"[0.3,0.5)",1591,0.384747,1.0,0.00519367,0.00519367,378.4742,33.6835,32.3382,12.3332
212,46640,0.293333,"[0.5,0.7)",539,0.571651,1.0,0.00525096,0.00525096,284.7858,33.7731,21.5148,12.218
212,46640,0.293333,"[0.7,1.0)",65,0.750027,1.0,0.00478252,0.00478252,352.7144,33.4557,19.7184,14.7473
212,46640,0.293333,boundary(r=t),7012,0.0,1.0,0.01111088,0.01111088,116.1675,0.0,0.0,0.0
213,46860,0.29,"[0.0,0.1)",1876,0.049652,1.0,0.0118902,0.0118902,115.9972,33.7747,30.7396,1.4999
213,46860,0.29,"[0.1,0.3)",2933,0.193618,1.0,0.00813835,0.00813835,187.8613,33.9399,31.5084,6.2019
213,46860,0.29,"[0.3,0.5)",1600,0.387097,1.0,0.00521398,0.00521398,368.8242,33.763,32.3713,12.3651
213,46860,0.29,"[0.5,0.7)",546,0.574073,1.0,0.00543081,0.00543081,290.7142,33.4403,21.279,12.0938
213,46860,0.29,"[0.7,1.0)",58,0.738678,1.0,0.00484259,0.00484259,325.5778,32.9736,19.4545,14.3321
213,46860,0.29,boundary(r=t),7012,0.0,1.0,0.01126668,0.01126668,114.8162,0.0,0.0,0.0
214,47080,0.286667,"[0.0,0.1)",1876,0.049814,1.0,0.01156499,0.01156499,119.7895,33.7929,30.0935,1.4845
214,47080,0.286667,"[0.1,0.3)",3025,0.190107,1.0,0.00837408,0.00837408,183.2662,33.9208,31.1945,6.0334
214,47080,0.286667,"[0.3,0.5)",1576,0.385967,1.0,0.0052271,0.0052271,360.5481,33.7092,31.8985,12.1591
214,47080,0.286667,"[0.5,0.7)",482,0.575289,1.0,0.00541804,0.00541804,318.2872,33.5517,21.9029,12.4099
214,47080,0.286667,"[0.7,1.0)",54,0.741551,1.0,0.00475074,0.00475074,304.2847,33.5194,17.8604,13.3681
214,47080,0.286667,boundary(r=t),7012,0.0,1.0,0.01123281,0.01123281,114.5836,0.0,0.0,0.0
215,47300,0.283333,"[0.0,0.1)",1866,0.048973,1.0,0.01153515,0.01153515,120.7382,33.7492,30.5115,1.4905
215,47300,0.283333,"[0.1,0.3)",2906,0.192504,1.0,0.0081665,0.0081665,185.6187,33.9094,31.507,6.1129
215,47300,0.283333,"[0.3,0.5)",1648,0.387734,1.0,0.00531563,0.00531563,343.5053,33.8042,31.1244,11.9451
215,47300,0.283333,"[0.5,0.7)",541,0.577588,1.0,0.00567278,0.00567278,265.5927,33.4372,20.4765,11.7309
215,47300,0.283333,"[0.7,1.0)",52,0.74681,1.0,0.00454271,0.00454271,307.5994,33.001,18.3089,13.7162
215,47300,0.283333,boundary(r=t),7012,0.0,1.0,0.01131044,0.01131044,114.7215,0.0,0.0,0.0
216,47520,0.28,"[0.0,0.1)",1842,0.0488,1.0,0.01171721,0.01171721,118.8551,33.8381,30.8519,1.5005
216,47520,0.28,"[0.1,0.3)",2931,0.192107,1.0,0.00832443,0.00832443,181.4761,33.95,31.5776,6.1451
216,47520,0.28,"[0.3,0.5)",1630,0.386184,1.0,0.00526827,0.00526827,355.9528,33.6918,31.8723,12.1594
216,47520,0.28,"[0.5,0.7)",530,0.578066,1.0,0.00540193,0.00540193,286.3686,33.6298,21.3007,12.2166
216,47520,0.28,"[0.7,1.0)",80,0.749028,1.0,0.00518858,0.00518858,298.6681,33.2413,17.6355,13.2887
216,47520,0.28,boundary(r=t),7012,0.0,1.0,0.01134128,0.01134128,114.9383,0.0,0.0,0.0
217,47740,0.276667,"[0.0,0.1)",1870,0.049869,1.0,0.01142881,0.01142881,120.0749,33.7337,30.3932,1.4938
217,47740,0.276667,"[0.1,0.3)",2942,0.192331,1.0,0.00833062,0.00833062,179.0645,33.9535,30.4791,5.8907
217,47740,0.276667,"[0.3,0.5)",1612,0.385123,1.0,0.0053341,0.0053341,365.9027,33.7127,32.4703,12.3686
217,47740,0.276667,"[0.5,0.7)",539,0.574995,1.0,0.00551526,0.00551526,285.2634,33.4598,21.542,12.2408
217,47740,0.276667,"[0.7,1.0)",50,0.740511,1.0,0.00586683,0.00586683,238.2915,32.721,16.6765,12.3273
217,47740,0.276667,boundary(r=t),7012,0.0,1.0,0.01140066,0.01140066,113.9095,0.0,0.0,0.0
218,47960,0.273333,"[0.0,0.1)",1833,0.049159,1.0,0.01128021,0.01128021,122.5455,33.7307,29.5573,1.4403
218,47960,0.273333,"[0.1,0.3)",2993,0.193754,1.0,0.00848655,0.00848655,184.2317,33.9096,30.9672,6.1039
218,47960,0.273333,"[0.3,0.5)",1613,0.386519,1.0,0.00530113,0.00530113,362.6509,33.8731,32.4296,12.3339
218,47960,0.273333,"[0.5,0.7)",520,0.577004,1.0,0.00542213,0.00542213,293.5603,33.6787,21.3224,12.2123
218,47960,0.273333,"[0.7,1.0)",54,0.742659,1.0,0.00496559,0.00496559,305.2482,33.3155,18.4371,13.7107
218,47960,0.273333,boundary(r=t),7012,0.0,1.0,0.0112854,0.0112854,114.6956,0.0,0.0,0.0
219,48180,0.27,"[0.0,0.1)",1886,0.050556,1.0,0.01136682,0.01136682,119.7447,33.8149,30.8675,1.5522
219,48180,0.27,"[0.1,0.3)",2961,0.193007,1.0,0.00824219,0.00824219,183.1147,33.8063,31.2194,6.1189
219,48180,0.27,"[0.3,0.5)",1569,0.386873,1.0,0.00534316,0.00534316,356.1646,33.7368,31.6726,12.1186
219,48180,0.27,"[0.5,0.7)",533,0.576973,1.0,0.00545657,0.00545657,287.7335,33.6246,21.3984,12.1996
219,48180,0.27,"[0.7,1.0)",64,0.751248,1.0,0.00528699,0.00528699,324.575,33.2747,17.5387,13.2271
219,48180,0.27,boundary(r=t),7012,0.0,1.0,0.01143995,0.01143995,114.6894,0.0,0.0,0.0
220,48400,0.266667,"[0.0,0.1)",1821,0.049243,1.0,0.01140186,0.01140186,121.6889,33.804,30.5787,1.5012
220,48400,0.266667,"[0.1,0.3)",2965,0.192417,1.0,0.00813197,0.00813197,192.506,33.8773,32.2723,6.3248
220,48400,0.266667,"[0.3,0.5)",1645,0.387928,1.0,0.00531453,0.00531453,342.255,33.7006,31.2512,12.0356
220,48400,0.266667,"[0.5,0.7)",530,0.574614,1.0,0.00524743,0.00524743,329.2187,33.6217,22.746,12.9725
220,48400,0.266667,"[0.7,1.0)",52,0.74124,1.0,0.00464681,0.00464681,333.1295,32.7033,19.027,14.1289
220,48400,0.266667,boundary(r=t),7012,0.0,1.0,0.01140974,0.01140974,113.0127,0.0,0.0,0.0
221,48620,0.263333,"[0.0,0.1)",1807,0.04948,1.0,0.01188938,0.01188938,116.799,33.7505,29.9059,1.4551
221,48620,0.263333,"[0.1,0.3)",2943,0.193231,1.0,0.00832246,0.00832246,178.9941,33.9015,30.5328,5.986
221,48620,0.263333,"[0.3,0.5)",1648,0.385779,1.0,0.00542384,0.00542384,353.8272,33.877,31.3008,11.9798
221,48620,0.263333,"[0.5,0.7)",557,0.57426,1.0,0.00554201,0.00554201,305.7891,33.4824,21.6864,12.3482
221,48620,0.263333,"[0.7,1.0)",58,0.757812,1.0,0.00494653,0.00494653,402.2985,33.5491,19.6736,14.9014
221,48620,0.263333,boundary(r=t),7012,0.0,1.0,0.01132499,0.01132499,114.1963,0.0,0.0,0.0
222,48840,0.26,"[0.0,0.1)",1859,0.050999,1.0,0.01140181,0.01140181,119.3027,33.8638,30.5133,1.5504
222,48840,0.26,"[0.1,0.3)",2993,0.193092,1.0,0.00832807,0.00832807,185.0036,33.9635,31.6632,6.2211
222,48840,0.26,"[0.3,0.5)",1583,0.389231,1.0,0.00525137,0.00525137,358.2654,33.775,31.8868,12.2501
222,48840,0.26,"[0.5,0.7)",524,0.576722,1.0,0.0053537,0.0053537,299.1608,33.5802,22.2353,12.6938
222,48840,0.26,"[0.7,1.0)",54,0.744786,1.0,0.00538434,0.00538434,363.0731,33.1003,17.9743,13.4657
222,48840,0.26,boundary(r=t),7012,0.0,1.0,0.01141054,0.01141054,113.7464,0.0,0.0,0.0
223,49060,0.256667,"[0.0,0.1)",1827,0.049697,1.0,0.01163568,0.01163568,120.1621,33.8078,30.3872,1.4816
223,49060,0.256667,"[0.1,0.3)",2968,0.192311,1.0,0.0083587,0.0083587,186.6725,33.9176,31.9856,6.26
223,49060,0.256667,"[0.3,0.5)",1622,0.384753,1.0,0.0052258,0.0052258,381.2884,33.6823,32.6672,12.4918
223,49060,0.256667,"[0.5,0.7)",538,0.572098,1.0,0.0054066,0.0054066,285.8646,33.5943,21.6839,12.2957
223,49060,0.256667,"[0.7,1.0)",58,0.749919,1.0,0.00516305,0.00516305,488.6699,33.3755,20.2915,15.4052
223,49060,0.256667,boundary(r=t),7012,0.0,1.0,0.0114066,0.0114066,114.4059,0.0,0.0,0.0
224,49280,0.253333,"[0.0,0.1)",1836,0.049296,1.0,0.01145913,0.01145913,120.2315,33.7452,29.6054,1.4253
224,49280,0.253333,"[0.1,0.3)",2992,0.193862,1.0,0.00831039,0.00831039,183.2228,33.8052,31.3566,6.1385
224,49280,0.253333,"[0.3,0.5)",1608,0.38741,1.0,0.00537146,0.00537146,367.44,33.784,31.9989,12.2703
224,49280,0.253333,"[0.5,0.7)",522,0.574875,1.0,0.00541699,0.00541699,298.7883,33.565,21.8289,12.4221
224,49280,0.253333,"[0.7,1.0)",55,0.753829,1.0,0.00525412,0.00525412,249.671,32.8826,15.6637,11.8233
224,49280,0.253333,boundary(r=t),7012,0.0,1.0,0.01146885,0.01146885,114.0298,0.0,0.0,0.0
225,49500,0.25,"[0.0,0.1)",1869,0.049719,1.0,0.01177688,0.01177688,117.4063,33.8128,29.6845,1.4561
225,49500,0.25,"[0.1,0.3)",2940,0.194246,1.0,0.00824669,0.00824669,182.5306,33.8407,31.1789,6.1376
225,49500,0.25,"[0.3,0.5)",1583,0.387492,1.0,0.00509005,0.00509005,376.7889,33.7858,32.8343,12.5905
225,49500,0.25,"[0.5,0.7)",554,0.5751,1.0,0.00559284,0.00559284,274.3086,33.6408,21.4061,12.1691
225,49500,0.25,"[0.7,1.0)",67,0.740093,1.0,0.00486998,0.00486998,367.9771,33.8496,18.4508,13.6868
225,49500,0.25,boundary(r=t),7012,0.0,1.0,0.01135266,0.01135266,114.2283,0.0,0.0,0.0
226,49720,0.246667,"[0.0,0.1)",1849,0.050271,1.0,0.01148518,0.01148518,120.682,33.7589,30.2,1.4853
226,49720,0.246667,"[0.1,0.3)",2952,0.191528,1.0,0.00840388,0.00840388,182.1734,33.8465,31.2442,6.0783
226,49720,0.246667,"[0.3,0.5)",1635,0.386808,1.0,0.00525756,0.00525756,361.8792,33.7893,32.5302,12.4106
226,49720,0.246667,"[0.5,0.7)",537,0.573382,1.0,0.00529247,0.00529247,299.2774,33.4646,22.1144,12.5266
226,49720,0.246667,"[0.7,1.0)",40,0.755109,1.0,0.0050695,0.0050695,270.0279,32.6744,16.2958,12.2878
226,49720,0.246667,boundary(r=t),7012,0.0,1.0,0.01133305,0.01133305,114.0591,0.0,0.0,0.0
227,49940,0.243333,"[0.0,0.1)",1850,0.049443,1.0,0.01176969,0.01176969,117.3675,33.8546,30.4292,1.4912
227,49940,0.243333,"[0.1,0.3)",2978,0.191926,1.0,0.0085327,0.0085327,177.6092,33.92,31.0503,5.9908
227,49940,0.243333,"[0.3,0.5)",1605,0.386995,1.0,0.00528827,0.00528827,386.9901,33.744,33.1282,12.7026
227,49940,0.243333,"[0.5,0.7)",528,0.572986,1.0,0.00535856,0.00535856,310.6886,33.4193,22.355,12.7097
227,49940,0.243333,"[0.7,1.0)",52,0.763011,1.0,0.00550889,0.00550889,277.2333,34.0827,17.6394,13.4364
227,49940,0.243333,boundary(r=t),7012,0.0,1.0,0.0115718,0.0115718,113.7345,0.0,0.0,0.0
228,50160,0.24,"[0.0,0.1)",1841,0.050647,1.0,0.01178007,0.01178007,116.8967,33.7742,29.2396,1.4656
228,50160,0.24,"[0.1,0.3)",2956,0.192307,1.0,0.00842165,0.00842165,181.6025,33.8863,31.2167,6.0975
228,50160,0.24,"[0.3,0.5)",1636,0.386385,1.0,0.00530358,0.00530358,366.5185,33.6899,32.3653,12.3134
228,50160,0.24,"[0.5,0.7)",526,0.573446,1.0,0.00588778,0.00588778,270.7827,33.5864,20.709,11.7558
228,50160,0.24,"[0.7,1.0)",54,0.748248,1.0,0.00427988,0.00427988,584.5954,33.9042,22.078,16.6639
228,50160,0.24,boundary(r=t),7012,0.0,1.0,0.01146724,0.01146724,114.461,0.0,0.0,0.0
229,50380,0.236667,"[0.0,0.1)",1846,0.048764,1.0,0.01196999,0.01196999,115.6344,33.993,29.9643,1.4593
229,50380,0.236667,"[0.1,0.3)",2927,0.192914,1.0,0.00818475,0.00818475,184.7511,33.8416,31.6751,6.1761
229,50380,0.236667,"[0.3,0.5)",1628,0.388624,1.0,0.00549984,0.00549984,352.6639,33.7491,31.6206,12.1709
229,50380,0.236667,"[0.5,0.7)",548,0.572867,1.0,0.00537923,0.00537923,296.7284,33.446,21.4883,12.1906
229,50380,0.236667,"[0.7,1.0)",64,0.74013,1.0,0.00574849,0.00574849,226.9702,33.3598,14.9742,11.1092
229,50380,0.236667,boundary(r=t),7012,0.0,1.0,0.01146333,0.01146333,113.7362,0.0,0.0,0.0
230,50600,0.233333,"[0.0,0.1)",1850,0.049046,1.0,0.01171029,0.01171029,119.3749,33.6836,30.4257,1.465
230,50600,0.233333,"[0.1,0.3)",2958,0.191837,1.0,0.00824551,0.00824551,188.5393,33.8555,31.6602,6.1959
230,50600,0.233333,"[0.3,0.5)",1648,0.386224,1.0,0.00526246,0.00526246,348.0665,33.71,31.5646,12.0794
230,50600,0.233333,"[0.5,0.7)",504,0.577462,1.0,0.00562505,0.00562505,293.4175,33.3337,21.1605,12.1229
230,50600,0.233333,"[0.7,1.0)",53,0.738989,1.0,0.00485661,0.00485661,276.2564,33.6826,17.7724,13.1248
230,50600,0.233333,boundary(r=t),7012,0.0,1.0,0.01160118,0.01160118,112.3634,0.0,0.0,0.0
231,50820,0.23,"[0.0,0.1)",1877,0.049606,1.0,0.01177343,0.01177343,117.2244,33.7924,29.8371,1.4491
231,50820,0.23,"[0.1,0.3)",2907,0.193478,1.0,0.00839654,0.00839654,185.3,33.9843,31.6132,6.2214
231,50820,0.23,"[0.3,0.5)",1599,0.387455,1.0,0.00534238,0.00534238,364.7922,33.79,32.2922,12.3479
231,50820,0.23,"[0.5,0.7)",551,0.577984,1.0,0.00554092,0.00554092,278.4245,33.5343,21.0752,12.0867
231,50820,0.23,"[0.7,1.0)",79,0.746068,1.0,0.00508297,0.00508297,345.3189,33.0744,19.0876,14.2227
231,50820,0.23,boundary(r=t),7012,0.0,1.0,0.01140253,0.01140253,114.3243,0.0,0.0,0.0
232,51040,0.226667,"[0.0,0.1)",1855,0.048728,1.0,0.01158349,0.01158349,119.7854,33.7436,30.1668,1.4247
232,51040,0.226667,"[0.1,0.3)",2977,0.194932,1.0,0.00829101,0.00829101,186.6575,33.8474,31.566,6.2525
232,51040,0.226667,"[0.3,0.5)",1579,0.386612,1.0,0.00538562,0.00538562,359.9836,33.831,32.2084,12.2607
232,51040,0.226667,"[0.5,0.7)",557,0.5718,1.0,0.00553825,0.00553825,306.1972,33.4184,21.8646,12.3983
232,51040,0.226667,"[0.7,1.0)",45,0.739873,1.0,0.00566562,0.00566562,285.4654,33.4771,17.1897,12.7547
232,51040,0.226667,boundary(r=t),7012,0.0,1.0,0.01144585,0.01144585,113.7855,0.0,0.0,0.0
233,51260,0.223333,"[0.0,0.1)",1884,0.04954,1.0,0.01168336,0.01168336,117.9955,33.7601,29.359,1.449
233,51260,0.223333,"[0.1,0.3)",3006,0.19307,1.0,0.00858698,0.00858698,179.6419,33.9471,30.8699,6.0418
233,51260,0.223333,"[0.3,0.5)",1567,0.386796,1.0,0.00528347,0.00528347,343.8628,33.6783,31.4109,12.0446
233,51260,0.223333,"[0.5,0.7)",506,0.57656,1.0,0.00530351,0.00530351,303.7605,33.6519,21.7395,12.4161
233,51260,0.223333,"[0.7,1.0)",50,0.746281,1.0,0.00573202,0.00573202,285.4718,33.5408,17.5979,13.2498
233,51260,0.223333,boundary(r=t),7012,0.0,1.0,0.01146464,0.01146464,114.0404,0.0,0.0,0.0
234,51480,0.22,"[0.0,0.1)",1846,0.049092,1.0,0.01166623,0.01166623,119.3455,33.8121,30.0681,1.4556
234,51480,0.22,"[0.1,0.3)",2950,0.191847,1.0,0.00835884,0.00835884,182.5809,33.8505,31.2574,6.102
234,51480,0.22,"[0.3,0.5)",1628,0.387882,1.0,0.00525285,0.00525285,384.4808,33.8673,33.1648,12.7457
234,51480,0.22,"[0.5,0.7)",532,0.579691,1.0,0.00537391,0.00537391,280.3993,33.5339,21.3363,12.2657
234,51480,0.22,"[0.7,1.0)",57,0.751721,1.0,0.0050932,0.0050932,337.4126,33.2031,18.3759,13.9177
234,51480,0.22,boundary(r=t),7012,0.0,1.0,0.01161578,0.01161578,112.7039,0.0,0.0,0.0
235,51700,0.216667,"[0.0,0.1)",1866,0.049245,1.0,0.01165614,0.01165614,118.6351,33.7462,29.0373,1.4114
235,51700,0.216667,"[0.1,0.3)",2937,0.193796,1.0,0.00839167,0.00839167,186.7065,34.0494,31.9969,6.3243
235,51700,0.216667,"[0.3,0.5)",1642,0.386239,1.0,0.00532584,0.00532584,358.5988,33.6285,32.0275,12.2422
235,51700,0.216667,"[0.5,0.7)",516,0.57603,1.0,0.00541438,0.00541438,287.3819,33.3264,21.1322,12.1138
235,51700,0.216667,"[0.7,1.0)",52,0.753608,1.0,0.00484113,0.00484113,351.8393,33.3914,18.3855,13.8915
235,51700,0.216667,boundary(r=t),7012,0.0,1.0,0.0115755,0.0115755,113.0678,0.0,0.0,0.0
236,51920,0.213333,"[0.0,0.1)",1863,0.049332,1.0,0.0116984,0.0116984,117.2149,33.7455,29.8554,1.4597
236,51920,0.213333,"[0.1,0.3)",3001,0.193362,1.0,0.00852078,0.00852078,178.0977,33.9214,31.191,6.0753
236,51920,0.213333,"[0.3,0.5)",1567,0.386347,1.0,0.00546865,0.00546865,346.6975,33.7151,31.6187,12.0906
236,51920,0.213333,"[0.5,0.7)",521,0.572729,1.0,0.00527231,0.00527231,313.5373,33.4508,22.1269,12.5348
236,51920,0.213333,"[0.7,1.0)",61,0.754166,1.0,0.00428287,0.00428287,394.7335,33.5195,20.9399,15.7415
236,51920,0.213333,boundary(r=t),7012,0.0,1.0,0.01145814,0.01145814,113.8072,0.0,0.0,0.0
237,52140,0.21,"[0.0,0.1)",1859,0.049432,1.0,0.01171104,0.01171104,118.8986,33.7483,30.2104,1.4772
237,52140,0.21,"[0.1,0.3)",2924,0.195519,1.0,0.00832621,0.00832621,185.0272,33.957,31.1939,6.1934
237,52140,0.21,"[0.3,0.5)",1632,0.389031,1.0,0.00562882,0.00562882,332.0436,33.7901,30.0455,11.6309
237,52140,0.21,"[0.5,0.7)",531,0.581873,1.0,0.00554951,0.00554951,277.1588,33.3186,20.7601,11.9362
237,52140,0.21,"[0.7,1.0)",67,0.750163,1.0,0.00495437,0.00495437,405.6751,33.4457,19.3995,14.5708
237,52140,0.21,boundary(r=t),7012,0.0,1.0,0.01151024,0.01151024,113.3651,0.0,0.0,0.0
238,52360,0.206667,"[0.0,0.1)",1833,0.049612,1.0,0.01199115,0.01199115,117.7093,33.851,29.4213,1.4395
238,52360,0.206667,"[0.1,0.3)",2998,0.191728,1.0,0.00846814,0.00846814,177.7855,33.8996,30.8364,5.9953
238,52360,0.206667,"[0.3,0.5)",1613,0.384009,1.0,0.00544762,0.00544762,358.0241,33.7029,31.8491,12.1584
238,52360,0.206667,"[0.5,0.7)",504,0.576351,1.0,0.00549601,0.00549601,295.4867,33.5987,21.4235,12.2698
238,52360,0.206667,"[0.7,1.0)",65,0.743008,1.0,0.00448677,0.00448677,343.8605,33.3702,18.9371,14.0298
238,52360,0.206667,boundary(r=t),7012,0.0,1.0,0.01158331,0.01158331,112.9211,0.0,0.0,0.0
239,52580,0.203333,"[0.0,0.1)",1825,0.049094,1.0,0.01153304,0.01153304,120.1006,33.7731,30.2581,1.4538
239,52580,0.203333,"[0.1,0.3)",3008,0.192493,1.0,0.00832468,0.00832468,187.6599,33.8792,31.7107,6.2069
239,52580,0.203333,"[0.3,0.5)",1608,0.38593,1.0,0.00539283,0.00539283,360.9525,33.7734,32.6764,12.4552
239,52580,0.203333,"[0.5,0.7)",517,0.574421,1.0,0.00514316,0.00514316,345.4131,33.4584,23.0308,13.0862
239,52580,0.203333,"[0.7,1.0)",55,0.755986,1.0,0.00454414,0.00454414,488.9124,33.2963,20.7314,15.8605
239,52580,0.203333,boundary(r=t),7012,0.0,1.0,0.01166152,0.01166152,112.0455,0.0,0.0,0.0
240,52800,0.2,"[0.0,0.1)",1836,0.048429,1.0,0.0119267,0.0119267,117.2289,33.8516,29.6982,1.4178
240,52800,0.2,"[0.1,0.3)",2984,0.192698,1.0,0.00841549,0.00841549,183.7137,33.8216,31.3646,6.159
240,52800,0.2,"[0.3,0.5)",1609,0.386525,1.0,0.00539491,0.00539491,361.6495,33.7464,32.1318,12.3456
240,52800,0.2,"[0.5,0.7)",515,0.573189,1.0,0.00537003,0.00537003,284.4404,33.3243,21.5368,12.253
240,52800,0.2,"[0.7,1.0)",69,0.746882,1.0,0.0047898,0.0047898,327.4449,33.4456,18.2261,13.6724
240,52800,0.2,boundary(r=t),7012,0.0,1.0,0.01168964,0.01168964,111.8664,0.0,0.0,0.0
241,53020,0.196667,"[0.0,0.1)",1866,0.049759,1.0,0.01191461,0.01191461,116.5439,33.8976,29.3815,1.4437
241,53020,0.196667,"[0.1,0.3)",2924,0.19366,1.0,0.00851111,0.00851111,179.6495,33.879,30.5766,6.0278
241,53020,0.196667,"[0.3,0.5)",1590,0.384494,1.0,0.00534122,0.00534122,393.1878,33.8503,33.4866,12.7558
241,53020,0.196667,"[0.5,0.7)",574,0.57422,1.0,0.00542767,0.00542767,284.0219,33.4393,21.5425,12.2397
241,53020,0.196667,"[0.7,1.0)",59,0.750074,1.0,0.00464872,0.00464872,319.379,33.3633,18.5547,13.9477
241,53020,0.196667,boundary(r=t),7012,0.0,1.0,0.01169058,0.01169058,112.7262,0.0,0.0,0.0
242,53240,0.193333,"[0.0,0.1)",1903,0.049028,1.0,0.01175868,0.01175868,118.2265,33.8625,29.4923,1.4268
242,53240,0.193333,"[0.1,0.3)",2950,0.192392,1.0,0.00834173,0.00834173,178.9817,33.8407,31.2439,6.071
242,53240,0.193333,"[0.3,0.5)",1592,0.385086,1.0,0.00534393,0.00534393,362.7227,33.7724,32.5289,12.3756
242,53240,0.193333,"[0.5,0.7)",524,0.573441,1.0,0.0053869,0.0053869,304.129,33.6375,22.0983,12.5271
242,53240,0.193333,"[0.7,1.0)",44,0.73829,1.0,0.00558561,0.00558561,289.1357,33.1918,18.1972,13.4466
242,53240,0.193333,boundary(r=t),7012,0.0,1.0,0.01170907,0.01170907,112.0136,0.0,0.0,0.0
243,53460,0.19,"[0.0,0.1)",1919,0.049835,1.0,0.01176122,0.01176122,118.6745,33.7557,29.9492,1.4581
243,53460,0.19,"[0.1,0.3)",2924,0.194404,1.0,0.00850218,0.00850218,180.1216,33.9442,31.0225,6.1135
243,53460,0.19,"[0.3,0.5)",1531,0.386881,1.0,0.00534422,0.00534422,358.8163,33.9119,32.3951,12.3863
243,53460,0.19,"[0.5,0.7)",567,0.577859,1.0,0.00552654,0.00552654,336.6348,33.4188,22.5458,12.8282
243,53460,0.19,"[0.7,1.0)",72,0.746684,1.0,0.00476069,0.00476069,420.5839,33.4578,20.2891,15.2301
243,53460,0.19,boundary(r=t),7012,0.0,1.0,0.01156566,0.01156566,112.897,0.0,0.0,0.0
244,53680,0.186667,"[0.0,0.1)",1866,0.049151,1.0,0.01184313,0.01184313,117.9651,33.755,29.5685,1.4457
244,53680,0.186667,"[0.1,0.3)",2976,0.195888,1.0,0.00846091,0.00846091,186.2985,33.9686,31.8348,6.3118
244,53680,0.186667,"[0.3,0.5)",1601,0.385881,1.0,0.00537303,0.00537303,367.5624,33.7674,32.4149,12.4133
244,53680,0.186667,"[0.5,0.7)",509,0.571414,1.0,0.00550053,0.00550053,290.4516,33.576,21.4243,12.1024
244,53680,0.186667,"[0.7,1.0)",61,0.739141,1.0,0.0049197,0.0049197,457.7183,33.3341,20.6462,15.3441
244,53680,0.186667,boundary(r=t),7012,0.0,1.0,0.01172061,0.01172061,112.4967,0.0,0.0,0.0
245,53900,0.183333,"[0.0,0.1)",1867,0.049405,1.0,0.0120172,0.0120172,116.2096,33.8062,29.6074,1.4487
245,53900,0.183333,"[0.1,0.3)",2994,0.192256,1.0,0.00863241,0.00863241,180.595,33.9042,30.5571,5.9956
245,53900,0.183333,"[0.3,0.5)",1573,0.388191,1.0,0.00526028,0.00526028,346.8504,33.7585,31.7756,12.1516
245,53900,0.183333,"[0.5,0.7)",511,0.575471,1.0,0.00560454,0.00560454,284.9308,33.6707,21.2065,12.1127
245,53900,0.183333,"[0.7,1.0)",68,0.753494,1.0,0.00506724,0.00506724,272.4276,32.8202,17.7241,13.4067
245,53900,0.183333,boundary(r=t),7012,0.0,1.0,0.01173018,0.01173018,111.8003,0.0,0.0,0.0
246,54120,0.18,"[0.0,0.1)",1828,0.049138,1.0,0.01195719,0.01195719,115.0156,33.8472,30.0369,1.4484
246,54120,0.18,"[0.1,0.3)",2909,0.193298,1.0,0.00851795,0.00851795,179.377,33.9978,30.7146,6.0158
246,54120,0.18,"[0.3,0.5)",1712,0.386821,1.0,0.00553341,0.00553341,360.5088,33.8052,31.7307,12.17
246,54120,0.18,"[0.5,0.7)",524,0.574996,1.0,0.00548911,0.00548911,278.1351,33.6114,21.1059,12.0023
246,54120,0.18,"[0.7,1.0)",40,0.753292,1.0,0.00475319,0.00475319,299.8047,32.7666,18.0352,13.635
246,54120,0.18,boundary(r=t),7012,0.0,1.0,0.01173712,0.01173712,111.8191,0.0,0.0,0.0
247,54340,0.176667,"[0.0,0.1)",1776,0.049453,1.0,0.01199378,0.01199378,118.227,33.6595,29.6689,1.4515
247,54340,0.176667,"[0.1,0.3)",3011,0.193964,1.0,0.00841405,0.00841405,185.3017,33.933,31.4641,6.2406
247,54340,0.176667,"[0.3,0.5)",1629,0.385481,1.0,0.00549114,0.00549114,347.1598,33.8556,31.6178,12.056
247,54340,0.176667,"[0.5,0.7)",533,0.575881,1.0,0.00559273,0.00559273,276.6093,33.4949,21.0162,12.0187
247,54340,0.176667,"[0.7,1.0)",64,0.742482,1.0,0.00433092,0.00433092,320.814,33.4948,18.764,13.8968
247,54340,0.176667,boundary(r=t),7012,0.0,1.0,0.01176239,0.01176239,112.0319,0.0,0.0,0.0
248,54560,0.173333,"[0.0,0.1)",1889,0.049193,1.0,0.01224156,0.01224156,113.2645,33.9435,29.8357,1.4436
248,54560,0.173333,"[0.1,0.3)",2909,0.192637,1.0,0.00859781,0.00859781,181.9663,33.8697,31.2925,6.1409
248,54560,0.173333,"[0.3,0.5)",1618,0.386742,1.0,0.00536677,0.00536677,374.7675,33.7669,32.4187,12.4198
248,54560,0.173333,"[0.5,0.7)",524,0.578655,1.0,0.00532501,0.00532501,298.8247,33.5243,21.5979,12.369
248,54560,0.173333,"[0.7,1.0)",73,0.749936,1.0,0.00476558,0.00476558,390.3567,33.2824,19.9267,14.8894
248,54560,0.173333,boundary(r=t),7012,0.0,1.0,0.01178271,0.01178271,111.1,0.0,0.0,0.0
249,54780,0.17,"[0.0,0.1)",1852,0.049651,1.0,0.01156506,0.01156506,120.4622,33.6561,29.8785,1.4594
249,54780,0.17,"[0.1,0.3)",2945,0.192074,1.0,0.00861516,0.00861516,181.6715,33.8651,30.6639,6.0123
249,54780,0.17,"[0.3,0.5)",1614,0.387062,1.0,0.00557723,0.00557723,333.4481,33.7073,30.9143,11.8282
249,54780,0.17,"[0.5,0.7)",535,0.573168,1.0,0.00530305,0.00530305,319.5731,33.5596,22.7332,12.8965
249,54780,0.17,"[0.7,1.0)",67,0.743536,1.0,0.00499823,0.00499823,430.2811,33.4872,18.7575,14.1097
249,54780,0.17,boundary(r=t),7012,0.0,1.0,0.01185051,0.01185051,111.2564,0.0,0.0,0.0
250,55000,0.166667,"[0.0,0.1)",1853,0.049442,1.0,0.01210013,0.01210013,114.6793,33.8095,29.2293,1.4133
250,55000,0.166667,"[0.1,0.3)",2957,0.193032,1.0,0.00846879,0.00846879,184.5569,33.8765,31.1219,6.1222
250,55000,0.166667,"[0.3,0.5)",1606,0.38682,1.0,0.00538002,0.00538002,354.7094,33.7945,31.6761,12.1369
250,55000,0.166667,"[0.5,0.7)",540,0.575907,1.0,0.00541596,0.00541596,293.3339,33.6627,21.5846,12.2953
250,55000,0.166667,"[0.7,1.0)",57,0.750558,1.0,0.00504777,0.00504777,323.2215,33.4088,18.1401,13.6935
250,55000,0.166667,boundary(r=t),7012,0.0,1.0,0.01180869,0.01180869,111.5894,0.0,0.0,0.0
251,55220,0.163333,"[0.0,0.1)",1826,0.048781,1.0,0.01192973,0.01192973,117.5098,33.7516,29.7766,1.4291
251,55220,0.163333,"[0.1,0.3)",2984,0.192027,1.0,0.00861894,0.00861894,176.8758,33.9027,30.8173,5.9797
251,55220,0.163333,"[0.3,0.5)",1605,0.384263,1.0,0.00547757,0.00547757,335.5761,33.8097,31.118,11.8097
251,55220,0.163333,"[0.5,0.7)",526,0.57638,1.0,0.00554177,0.00554177,278.3402,33.3477,20.9692,12.0089
251,55220,0.163333,"[0.7,1.0)",72,0.752318,1.0,0.00455192,0.00455192,571.6505,32.692,21.7792,16.4736
251,55220,0.163333,boundary(r=t),7012,0.0,1.0,0.01185784,0.01185784,110.6384,0.0,0.0,0.0
252,55440,0.16,"[0.0,0.1)",1799,0.049901,1.0,0.01189867,0.01189867,116.0332,33.8798,29.4962,1.4521
252,55440,0.16,"[0.1,0.3)",3048,0.192211,1.0,0.00857383,0.00857383,176.8054,33.8416,30.9015,6.0201
252,55440,0.16,"[0.3,0.5)",1585,0.385421,1.0,0.00547224,0.00547224,360.3346,33.8048,31.794,12.1819
252,55440,0.16,"[0.5,0.7)",528,0.573655,1.0,0.00551672,0.00551672,269.7424,33.4479,20.5257,11.7156
252,55440,0.16,"[0.7,1.0)",53,0.739739,1.0,0.00547849,0.00547849,470.5626,32.7485,19.7553,14.6227
252,55440,0.16,boundary(r=t),7012,0.0,1.0,0.01164056,0.01164056,112.7038,0.0,0.0,0.0
253,55660,0.156667,"[0.0,0.1)",1831,0.049667,1.0,0.01173499,0.01173499,117.793,33.8432,29.8255,1.4602
253,55660,0.156667,"[0.1,0.3)",2979,0.195006,1.0,0.00854287,0.00854287,178.139,33.9545,30.5238,6.0037
253,55660,0.156667,"[0.3,0.5)",1586,0.386877,1.0,0.00556392,0.00556392,326.3953,33.6965,30.3509,11.6747
253,55660,0.156667,"[0.5,0.7)",555,0.57638,1.0,0.00544514,0.00544514,307.7451,33.6064,22.247,12.708
253,55660,0.156667,"[0.7,1.0)",62,0.74386,1.0,0.0045838,0.0045838,480.9736,33.6035,21.1175,15.7299
253,55660,0.156667,boundary(r=t),7012,0.0,1.0,0.0118966,0.0118966,111.9569,0.0,0.0,0.0
254,55880,0.153333,"[0.0,0.1)",1845,0.049384,1.0,0.01216356,0.01216356,115.902,33.6541,29.0337,1.4164
254,55880,0.153333,"[0.1,0.3)",2939,0.192185,1.0,0.00848549,0.00848549,180.517,33.8735,31.2896,6.0947
254,55880,0.153333,"[0.3,0.5)",1650,0.387003,1.0,0.00541038,0.00541038,353.3354,33.7752,32.0954,12.2453
254,55880,0.153333,"[0.5,0.7)",515,0.573451,1.0,0.00557948,0.00557948,301.861,33.4864,22.1023,12.5174
254,55880,0.153333,"[0.7,1.0)",64,0.745037,1.0,0.00476958,0.00476958,356.1632,32.8255,18.4025,13.8276
254,55880,0.153333,boundary(r=t),7012,0.0,1.0,0.01186858,0.01186858,112.3427,0.0,0.0,0.0
255,56100,0.15,"[0.0,0.1)",1837,0.049945,1.0,0.01198498,0.01198498,117.4279,33.7985,29.8715,1.4573
255,56100,0.15,"[0.1,0.3)",2907,0.193173,1.0,0.00842083,0.00842083,187.8509,33.8991,31.6353,6.229
255,56100,0.15,"[0.3,0.5)",1654,0.388539,1.0,0.00554555,0.00554555,359.9479,33.7909,32.0826,12.3417
255,56100,0.15,"[0.5,0.7)",573,0.57534,1.0,0.00549097,0.00549097,290.8797,33.6793,21.4576,12.2603
255,56100,0.15,"[0.7,1.0)",42,0.755422,1.0,0.00482271,0.00482271,372.5926,33.6094,19.7989,15.0163
255,56100,0.15,boundary(r=t),7012,0.0,1.0,0.01175352,0.01175352,111.5021,0.0,0.0,0.0
256,56320,0.146667,"[0.0,0.1)",1818,0.050059,1.0,0.01192544,0.01192544,118.267,33.8707,29.3549,1.4444
256,56320,0.146667,"[0.1,0.3)",2941,0.193086,1.0,0.0084791,0.0084791,180.3467,33.8352,31.0929,6.0886
256,56320,0.146667,"[0.3,0.5)",1660,0.38843,1.0,0.00545516,0.00545516,349.8521,33.6856,31.6519,12.0899
256,56320,0.146667,"[0.5,0.7)",531,0.574167,1.0,0.00553233,0.00553233,288.4965,33.458,21.3915,12.1718
256,56320,0.146667,"[0.7,1.0)",63,0.746563,1.0,0.00510132,0.00510132,351.2639,32.9488,18.2187,13.6595
256,56320,0.146667,boundary(r=t),7012,0.0,1.0,0.01167009,0.01167009,112.3436,0.0,0.0,0.0
257,56540,0.143333,"[0.0,0.1)",1885,0.049674,1.0,0.01184971,0.01184971,117.6573,33.9153,30.1235,1.4556
257,56540,0.143333,"[0.1,0.3)",2969,0.192284,1.0,0.00864713,0.00864713,176.3048,33.8871,30.7315,5.9594
257,56540,0.143333,"[0.3,0.5)",1560,0.386077,1.0,0.00541107,0.00541107,341.4325,33.7679,31.2028,11.9072
257,56540,0.143333,"[0.5,0.7)",543,0.574661,1.0,0.00567191,0.00567191,299.668,33.6125,22.0238,12.5598
257,56540,0.143333,"[0.7,1.0)",56,0.761299,1.0,0.00504759,0.00504759,416.5614,33.2561,18.9172,14.3539
257,56540,0.143333,boundary(r=t),7012,0.0,1.0,0.01194309,0.01194309,110.4595,0.0,0.0,0.0
258,56760,0.14,"[0.0,0.1)",1860,0.049665,1.0,0.01221575,0.01221575,111.9863,33.8912,28.7404,1.4103
258,56760,0.14,"[0.1,0.3)",2923,0.194043,1.0,0.00875542,0.00875542,176.7872,33.9006,30.9872,6.0731
258,56760,0.14,"[0.3,0.5)",1637,0.386135,1.0,0.00551219,0.00551219,344.5094,33.586,31.3417,12.0058
258,56760,0.14,"[0.5,0.7)",536,0.571731,1.0,0.00568129,0.00568129,282.9211,33.4789,21.3968,12.1395
258,56760,0.14,"[0.7,1.0)",57,0.745833,1.0,0.00574992,0.00574992,299.1242,32.9087,16.8488,12.5991
258,56760,0.14,boundary(r=t),7012,0.0,1.0,0.01178072,0.01178072,111.2851,0.0,0.0,0.0
259,56980,0.136667,"[0.0,0.1)",1770,0.049632,1.0,0.01174526,0.01174526,115.4621,33.8837,28.8258,1.4013
259,56980,0.136667,"[0.1,0.3)",2998,0.192237,1.0,0.00881009,0.00881009,172.4949,33.9271,29.8683,5.8251
259,56980,0.136667,"[0.3,0.5)",1626,0.386388,1.0,0.00549552,0.00549552,352.1862,33.8379,31.4865,12.082
259,56980,0.136667,"[0.5,0.7)",550,0.573994,1.0,0.0055072,0.0055072,292.5406,33.7266,21.9224,12.4442
259,56980,0.136667,"[0.7,1.0)",69,0.745048,1.0,0.00465116,0.00465116,340.9931,33.862,18.6017,13.8548
259,56980,0.136667,boundary(r=t),7012,0.0,1.0,0.01192484,0.01192484,110.7751,0.0,0.0,0.0
260,57200,0.133333,"[0.0,0.1)",1765,0.050527,1.0,0.01201887,0.01201887,117.8433,33.8152,29.4807,1.4843
260,57200,0.133333,"[0.1,0.3)",3002,0.193413,1.0,0.00883524,0.00883524,175.4155,33.8718,30.565,6.0036
260,57200,0.133333,"[0.3,0.5)",1661,0.385807,1.0,0.00560255,0.00560255,355.8815,33.7977,31.6021,12.06
260,57200,0.133333,"[0.5,0.7)",528,0.576907,1.0,0.00557348,0.00557348,309.6796,33.5279,21.6003,12.3443
260,57200,0.133333,"[0.7,1.0)",57,0.749635,1.0,0.00560565,0.00560565,298.3229,33.5826,17.1321,12.9111
260,57200,0.133333,boundary(r=t),7012,0.0,1.0,0.01184745,0.01184745,111.0638,0.0,0.0,0.0
261,57420,0.13,"[0.0,0.1)",1875,0.048939,1.0,0.01170873,0.01170873,115.8626,33.7014,29.5116,1.4408
261,57420,0.13,"[0.1,0.3)",2970,0.192716,1.0,0.00879741,0.00879741,178.8098,33.9907,30.6399,6.0105
261,57420,0.13,"[0.3,0.5)",1580,0.384265,1.0,0.00548094,0.00548094,347.2894,33.7208,31.5327,11.9977
261,57420,0.13,"[0.5,0.7)",541,0.577509,1.0,0.0056389,0.0056389,286.9754,33.4151,21.6557,12.3185
261,57420,0.13,"[0.7,1.0)",47,0.743365,1.0,0.00489289,0.00489289,336.6751,32.8612,18.553,13.7795
261,57420,0.13,boundary(r=t),7012,0.0,1.0,0.01188764,0.01188764,110.9783,0.0,0.0,0.0
262,57640,0.126667,"[0.0,0.1)",1814,0.048756,1.0,0.01157482,0.01157482,117.6616,33.8175,29.261,1.404
262,57640,0.126667,"[0.1,0.3)",2959,0.194091,1.0,0.00868792,0.00868792,174.9481,33.992,30.4199,5.9155
262,57640,0.126667,"[0.3,0.5)",1669,0.385849,1.0,0.00549591,0.00549591,337.3647,33.8371,31.2164,11.928
262,57640,0.126667,"[0.5,0.7)",529,0.575004,1.0,0.00560531,0.00560531,293.554,33.5912,21.5584,12.2876
262,57640,0.126667,"[0.7,1.0)",42,0.749842,1.0,0.00464768,0.00464768,286.3292,33.4308,19.541,14.6635
262,57640,0.126667,boundary(r=t),7012,0.0,1.0,0.01192923,0.01192923,111.3373,0.0,0.0,0.0
263,57860,0.123333,"[0.0,0.1)",1848,0.050318,1.0,0.01196959,0.01196959,118.2367,33.674,29.5349,1.4595
263,57860,0.123333,"[0.1,0.3)",2968,0.190694,1.0,0.00876136,0.00876136,180.7132,33.9027,31.1107,6.0335
263,57860,0.123333,"[0.3,0.5)",1633,0.385252,1.0,0.00526616,0.00526616,359.2717,33.7525,32.2045,12.2647
263,57860,0.123333,"[0.5,0.7)",504,0.572787,1.0,0.0054675,0.0054675,302.1909,33.5703,21.8006,12.3724
263,57860,0.123333,"[0.7,1.0)",60,0.744265,1.0,0.00487099,0.00487099,429.9298,33.365,20.2355,15.1757
263,57860,0.123333,boundary(r=t),7012,0.0,1.0,0.01200643,0.01200643,110.2348,0.0,0.0,0.0
264,58080,0.12,"[0.0,0.1)",1842,0.050046,1.0,0.01235212,0.01235212,115.5033,33.8813,29.1976,1.4529
264,58080,0.12,"[0.1,0.3)",2989,0.193096,1.0,0.00861663,0.00861663,184.9463,33.9281,31.1693,6.1354
264,58080,0.12,"[0.3,0.5)",1590,0.386565,1.0,0.00531899,0.00531899,372.2828,33.7533,32.8037,12.5837
264,58080,0.12,"[0.5,0.7)",536,0.573369,1.0,0.00552702,0.00552702,274.6536,33.7315,21.3752,12.1406
264,58080,0.12,"[0.7,1.0)",56,0.750332,1.0,0.00555913,0.00555913,252.5464,33.8488,17.0543,12.8476
264,58080,0.12,boundary(r=t),7012,0.0,1.0,0.01201254,0.01201254,110.7539,0.0,0.0,0.0
265,58300,0.116667,"[0.0,0.1)",1845,0.049684,1.0,0.01208275,0.01208275,117.7904,33.8337,29.4647,1.4438
265,58300,0.116667,"[0.1,0.3)",2942,0.194156,1.0,0.00865669,0.00865669,181.1241,33.8438,30.568,6.0334
265,58300,0.116667,"[0.3,0.5)",1651,0.386852,1.0,0.00546542,0.00546542,344.8215,33.8062,31.2717,11.9473
265,58300,0.116667,"[0.5,0.7)",518,0.574375,1.0,0.00525202,0.00525202,304.2098,33.729,21.9297,12.5318
265,58300,0.116667,"[0.7,1.0)",57,0.736607,1.0,0.00497301,0.00497301,461.8842,33.26,20.6911,15.2958
265,58300,0.116667,boundary(r=t),7012,0.0,1.0,0.01199294,0.01199294,110.3792,0.0,0.0,0.0
266,58520,0.113333,"[0.0,0.1)",1846,0.048796,1.0,0.01247145,0.01247145,113.1169,33.8823,29.0637,1.4211
266,58520,0.113333,"[0.1,0.3)",3009,0.194335,1.0,0.00854017,0.00854017,181.8003,33.8983,30.8827,6.116
266,58520,0.113333,"[0.3,0.5)",1555,0.387257,1.0,0.00550327,0.00550327,371.9308,33.864,32.429,12.4308
266,58520,0.113333,"[0.5,0.7)",546,0.574939,1.0,0.0056172,0.0056172,282.0526,33.4558,21.1739,12.0388
266,58520,0.113333,"[0.7,1.0)",57,0.746442,1.0,0.00547848,0.00547848,265.6688,33.2757,17.5743,13.2545
266,58520,0.113333,boundary(r=t),7012,0.0,1.0,0.01205899,0.01205899,109.8287,0.0,0.0,0.0
267,58740,0.11,"[0.0,0.1)",1858,0.049328,1.0,0.01221594,0.01221594,115.0939,33.8472,29.4224,1.4202
267,58740,0.11,"[0.1,0.3)",2888,0.193687,1.0,0.00858762,0.00858762,180.5939,33.9922,31.1081,6.1524
267,58740,0.11,"[0.3,0.5)",1678,0.385883,1.0,0.00569767,0.00569767,333.2247,33.8279,30.6774,11.672
267,58740,0.11,"[0.5,0.7)",515,0.580129,1.0,0.00573267,0.00573267,281.7583,33.7014,21.3832,12.3126
267,58740,0.11,"[0.7,1.0)",74,0.748046,1.0,0.00507861,0.00507861,320.3145,32.8684,17.8938,13.3786
267,58740,0.11,boundary(r=t),7012,0.0,1.0,0.01204606,0.01204606,110.0127,0.0,0.0,0.0
268,58960,0.106667,"[0.0,0.1)",1801,0.048092,1.0,0.01232262,0.01232262,115.0484,33.8117,28.8591,1.369
268,58960,0.106667,"[0.1,0.3)",2969,0.193496,1.0,0.00880186,0.00880186,177.4103,33.9252,30.5518,6.0045
268,58960,0.106667,"[0.3,0.5)",1668,0.384403,1.0,0.00560984,0.00560984,355.1649,33.7901,31.5817,12.0402
268,58960,0.106667,"[0.5,0.7)",525,0.570832,1.0,0.00562544,0.00562544,297.8455,33.5006,21.7354,12.2956
268,58960,0.106667,"[0.7,1.0)",50,0.741227,1.0,0.00477954,0.00477954,432.1393,33.9236,21.4038,15.873
268,58960,0.106667,boundary(r=t),7012,0.0,1.0,0.01197309,0.01197309,111.0415,0.0,0.0,0.0
269,59180,0.103333,"[0.0,0.1)",1816,0.049624,1.0,0.01202908,0.01202908,116.5593,33.7846,28.964,1.4179
269,59180,0.103333,"[0.1,0.3)",2987,0.193434,1.0,0.00871213,0.00871213,177.4277,33.8998,30.8308,6.0376
269,59180,0.103333,"[0.3,0.5)",1625,0.382436,1.0,0.00558213,0.00558213,345.2191,33.8093,31.8522,12.0789
269,59180,0.103333,"[0.5,0.7)",535,0.580147,1.0,0.0056886,0.0056886,266.2065,33.5789,20.484,11.7775
269,59180,0.103333,"[0.7,1.0)",50,0.752949,1.0,0.00463501,0.00463501,517.3147,33.4941,19.9261,15.1207
269,59180,0.103333,boundary(r=t),7012,0.0,1.0,0.01207733,0.01207733,109.5605,0.0,0.0,0.0
270,59400,0.1,"[0.0,0.1)",1933,0.049219,1.0,0.01191935,0.01191935,115.892,33.8831,29.2399,1.412
270,59400,0.1,"[0.1,0.3)",2855,0.192803,1.0,0.00848578,0.00848578,183.0759,33.9527,31.3805,6.1653
270,59400,0.1,"[0.3,0.5)",1646,0.385283,1.0,0.00576905,0.00576905,348.4905,33.6982,31.5551,12.007
270,59400,0.1,"[0.5,0.7)",528,0.577305,1.0,0.0056926,0.0056926,298.0351,33.4732,21.5709,12.3482
270,59400,0.1,"[0.7,1.0)",51,0.760426,1.0,0.004929,0.004929,348.9997,34.2929,18.8639,14.3636
270,59400,0.1,boundary(r=t),7012,0.0,1.0,0.01204463,0.01204463,110.0638,0.0,0.0,0.0
271,59620,0.096667,"[0.0,0.1)",1878,0.048932,1.0,0.01212364,0.01212364,116.3927,33.8157,30.1265,1.4411
271,59620,0.096667,"[0.1,0.3)",2951,0.193251,1.0,0.00881058,0.00881058,177.8667,34.0148,30.8058,6.037
271,59620,0.096667,"[0.3,0.5)",1611,0.38669,1.0,0.00569628,0.00569628,346.3793,33.6679,30.9765,11.8344
271,59620,0.096667,"[0.5,0.7)",515,0.571624,1.0,0.00559247,0.00559247,292.2703,33.4205,21.6638,12.3039
271,59620,0.096667,"[0.7,1.0)",58,0.752937,1.0,0.00460115,0.00460115,323.3346,33.0348,18.5461,13.9884
271,59620,0.096667,boundary(r=t),7012,0.0,1.0,0.01200645,0.01200645,111.2531,0.0,0.0,0.0
272,59840,0.093333,"[0.0,0.1)",1835,0.050862,1.0,0.01192474,0.01192474,116.4055,33.9013,29.2486,1.4842
272,59840,0.093333,"[0.1,0.3)",2988,0.193865,1.0,0.00886803,0.00886803,181.0221,34.0459,30.7698,6.0467
272,59840,0.093333,"[0.3,0.5)",1605,0.387011,1.0,0.00579365,0.00579365,316.9291,33.8079,30.0345,11.4726
272,59840,0.093333,"[0.5,0.7)",523,0.574205,1.0,0.00533354,0.00533354,305.3916,33.8207,22.1551,12.6141
272,59840,0.093333,"[0.7,1.0)",62,0.74032,1.0,0.00478554,0.00478554,338.9951,33.6291,19.266,14.3949
272,59840,0.093333,boundary(r=t),7012,0.0,1.0,0.01219229,0.01219229,109.1621,0.0,0.0,0.0
273,60060,0.09,"[0.0,0.1)",1828,0.049835,1.0,0.0121124,0.0121124,116.1998,33.9086,29.4737,1.4551
273,60060,0.09,"[0.1,0.3)",2947,0.192095,1.0,0.00880795,0.00880795,177.5598,33.9417,30.9467,6.0496
273,60060,0.09,"[0.3,0.5)",1639,0.388003,1.0,0.00544981,0.00544981,366.6462,33.83,32.5707,12.5353
273,60060,0.09,"[0.5,0.7)",531,0.575352,1.0,0.00549825,0.00549825,303.1142,33.4256,22.0967,12.594
273,60060,0.09,"[0.7,1.0)",68,0.747289,1.0,0.00507929,0.00507929,303.627,33.3074,18.1097,13.5444
273,60060,0.09,boundary(r=t),7012,0.0,1.0,0.01202675,0.01202675,110.7243,0.0,0.0,0.0
274,60280,0.086667,"[0.0,0.1)",1932,0.049614,1.0,0.01221292,0.01221292,115.1142,33.8694,28.7557,1.3988
274,60280,0.086667,"[0.1,0.3)",2865,0.193307,1.0,0.00888079,0.00888079,171.6578,34.0371,30.0115,5.8754
274,60280,0.086667,"[0.3,0.5)",1602,0.387092,1.0,0.00553636,0.00553636,349.8659,33.6858,31.4298,12.0415
274,60280,0.086667,"[0.5,0.7)",563,0.5751,1.0,0.00561409,0.00561409,288.5307,33.6413,21.5096,12.2556
274,60280,0.086667,"[0.7,1.0)",51,0.747297,1.0,0.00465511,0.00465511,395.4294,33.4367,18.9834,14.1928
274,60280,0.086667,boundary(r=t),7012,0.0,1.0,0.0120314,0.0120314,110.8229,0.0,0.0,0.0
275,60500,0.083333,"[0.0,0.1)",1902,0.049122,1.0,0.01234118,0.01234118,113.8642,33.8308,29.1262,1.4101
275,60500,0.083333,"[0.1,0.3)",2951,0.193327,1.0,0.00903304,0.00903304,173.5569,33.9573,30.0961,5.9121
275,60500,0.083333,"[0.3,0.5)",1552,0.385812,1.0,0.00549994,0.00549994,345.305,33.7659,31.2974,11.9316
275,60500,0.083333,"[0.5,0.7)",547,0.576389,1.0,0.00548322,0.00548322,325.9312,33.8529,22.5129,12.8248
275,60500,0.083333,"[0.7,1.0)",61,0.747935,1.0,0.00483824,0.00483824,372.6664,33.655,20.253,15.1692
275,60500,0.083333,boundary(r=t),7012,0.0,1.0,0.01205646,0.01205646,110.0167,0.0,0.0,0.0
276,60720,0.08,"[0.0,0.1)",1853,0.049549,1.0,0.01202557,0.01202557,116.5258,33.8962,29.6844,1.4573
276,60720,0.08,"[0.1,0.3)",2974,0.193875,1.0,0.0088145,0.0088145,177.9648,33.9084,30.6928,6.0467
276,60720,0.08,"[0.3,0.5)",1598,0.38634,1.0,0.00555389,0.00555389,353.7181,33.8304,32.2503,12.3175
276,60720,0.08,"[0.5,0.7)",535,0.577845,1.0,0.00525397,0.00525397,322.677,33.5057,22.7309,13.0715
276,60720,0.08,"[0.7,1.0)",53,0.745107,1.0,0.0057407,0.0057407,404.3961,32.7603,18.5224,13.9542
276,60720,0.08,boundary(r=t),7012,0.0,1.0,0.01210455,0.01210455,109.3893,0.0,0.0,0.0
277,60940,0.076667,"[0.0,0.1)",1752,0.049971,1.0,0.01221378,0.01221378,114.8342,33.9209,29.6558,1.4518
277,60940,0.076667,"[0.1,0.3)",3026,0.192076,1.0,0.00860476,0.00860476,175.5978,33.87,30.1401,5.8805
277,60940,0.076667,"[0.3,0.5)",1603,0.385922,1.0,0.0054183,0.0054183,357.7719,33.8313,32.5653,12.4572
277,60940,0.076667,"[0.5,0.7)",562,0.577509,1.0,0.00558778,0.00558778,301.4422,33.6645,21.8516,12.5071
277,60940,0.076667,"[0.7,1.0)",70,0.745746,1.0,0.00512742,0.00512742,431.9514,34.0916,19.9374,14.9087
277,60940,0.076667,boundary(r=t),7012,0.0,1.0,0.01206257,0.01206257,110.3746,0.0,0.0,0.0
278,61160,0.073333,"[0.0,0.1)",1834,0.050071,1.0,0.01200002,0.01200002,115.3852,33.8637,28.9245,1.4322
278,61160,0.073333,"[0.1,0.3)",2921,0.191989,1.0,0.00904685,0.00904685,172.1823,33.9861,30.2133,5.8624
278,61160,0.073333,"[0.3,0.5)",1613,0.386102,1.0,0.00564218,0.00564218,338.0703,33.7693,31.5462,11.993
278,61160,0.073333,"[0.5,0.7)",585,0.573721,1.0,0.00582019,0.00582019,283.712,33.7104,21.0693,11.9924
278,61160,0.073333,"[0.7,1.0)",60,0.741747,1.0,0.00479513,0.00479513,463.9414,33.2507,20.3206,15.0621
278,61160,0.073333,boundary(r=t),7012,0.0,1.0,0.01215742,0.01215742,110.3939,0.0,0.0,0.0
279,61380,0.07,"[0.0,0.1)",1849,0.049146,1.0,0.01202289,0.01202289,113.6349,33.8378,29.4155,1.4096
279,61380,0.07,"[0.1,0.3)",3010,0.192816,1.0,0.00886728,0.00886728,177.9221,33.9989,30.7315,6.0088
279,61380,0.07,"[0.3,0.5)",1606,0.386218,1.0,0.00553225,0.00553225,362.5405,33.7707,32.2959,12.3449
279,61380,0.07,"[0.5,0.7)",501,0.574857,1.0,0.00558985,0.00558985,295.9213,33.6524,21.7582,12.3275
279,61380,0.07,"[0.7,1.0)",47,0.747862,1.0,0.00529416,0.00529416,300.0592,32.813,17.815,13.3525
279,61380,0.07,boundary(r=t),7012,0.0,1.0,0.01224104,0.01224104,110.2513,0.0,0.0,0.0
280,61600,0.066667,"[0.0,0.1)",1800,0.049044,1.0,0.01169833,0.01169833,118.8695,33.681,29.2899,1.3842
280,61600,0.066667,"[0.1,0.3)",2934,0.192437,1.0,0.00873993,0.00873993,173.2476,33.9818,30.3072,5.9076
280,61600,0.066667,"[0.3,0.5)",1655,0.386129,1.0,0.00574499,0.00574499,348.2287,33.9145,31.6309,12.0335
280,61600,0.066667,"[0.5,0.7)",560,0.572381,1.0,0.00579481,0.00579481,333.0419,33.7719,22.7989,12.8969
280,61600,0.066667,"[0.7,1.0)",64,0.746772,1.0,0.00556035,0.00556035,291.5673,33.4002,18.0948,13.6324
280,61600,0.066667,boundary(r=t),7012,0.0,1.0,0.01209054,0.01209054,110.4936,0.0,0.0,0.0
281,61820,0.063333,"[0.0,0.1)",1843,0.049607,1.0,0.01222565,0.01222565,116.136,33.8162,29.4373,1.436
281,61820,0.063333,"[0.1,0.3)",2902,0.191925,1.0,0.00885955,0.00885955,177.347,33.8473,30.8759,6.0171
281,61820,0.063333,"[0.3,0.5)",1649,0.387376,1.0,0.00561404,0.00561404,339.0722,33.8125,31.3177,12.0337
281,61820,0.063333,"[0.5,0.7)",557,0.574813,1.0,0.00553974,0.00553974,292.661,33.5769,21.4627,12.2236
281,61820,0.063333,"[0.7,1.0)",62,0.749188,1.0,0.00496743,0.00496743,314.7415,33.409,17.8831,13.481
281,61820,0.063333,boundary(r=t),7012,0.0,1.0,0.01215841,0.01215841,110.023,0.0,0.0,0.0
282,62040,0.06,"[0.0,0.1)",1847,0.049018,1.0,0.01228896,0.01228896,117.1511,33.6314,29.2301,1.409
282,62040,0.06,"[0.1,0.3)",2889,0.192824,1.0,0.00890558,0.00890558,178.8401,33.9512,30.8567,6.0626
282,62040,0.06,"[0.3,0.5)",1655,0.385567,1.0,0.00574287,0.00574287,316.2167,33.7953,29.9336,11.4488
282,62040,0.06,"[0.5,0.7)",566,0.577846,1.0,0.00555985,0.00555985,302.2924,33.6768,21.7895,12.4362
282,62040,0.06,"[0.7,1.0)",56,0.744931,1.0,0.00629779,0.00629779,254.6351,32.6343,16.4598,12.2752
282,62040,0.06,boundary(r=t),7012,0.0,1.0,0.01229555,0.01229555,108.702,0.0,0.0,0.0
283,62260,0.056667,"[0.0,0.1)",1886,0.050085,1.0,0.01247636,0.01247636,112.2237,33.9487,28.6863,1.4297
283,62260,0.056667,"[0.1,0.3)",2905,0.19249,1.0,0.00889601,0.00889601,174.7642,33.9037,30.4632,5.9429
283,62260,0.056667,"[0.3,0.5)",1602,0.38653,1.0,0.00572313,0.00572313,354.2389,33.7443,31.3597,12.0114
283,62260,0.056667,"[0.5,0.7)",544,0.573522,1.0,0.00552045,0.00552045,317.782,33.6675,22.2309,12.6608
283,62260,0.056667,"[0.7,1.0)",76,0.743389,1.0,0.00490866,0.00490866,438.812,33.4296,20.6285,15.3274
283,62260,0.056667,boundary(r=t),7012,0.0,1.0,0.01224897,0.01224897,108.8626,0.0,0.0,0.0
284,62480,0.053333,"[0.0,0.1)",1877,0.048413,1.0,0.01220843,0.01220843,114.6301,33.8615,28.6593,1.3698
284,62480,0.053333,"[0.1,0.3)",2947,0.191576,1.0,0.00878433,0.00878433,175.9271,33.9569,30.4574,5.9262
284,62480,0.053333,"[0.3,0.5)",1572,0.385314,1.0,0.00554897,0.00554897,342.8888,33.8467,31.5203,11.9931
284,62480,0.053333,"[0.5,0.7)",558,0.573564,1.0,0.00563005,0.00563005,275.0315,33.4905,21.0064,11.9816
284,62480,0.053333,"[0.7,1.0)",59,0.745041,1.0,0.00588942,0.00588942,246.459,33.1773,16.8378,12.5348
284,62480,0.053333,boundary(r=t),7012,0.0,1.0,0.01243289,0.01243289,108.3247,0.0,0.0,0.0
285,62700,0.05,"[0.0,0.1)",1842,0.049358,1.0,0.012282,0.012282,114.358,33.8562,29.2153,1.4287
285,62700,0.05,"[0.1,0.3)",2919,0.193443,1.0,0.00898199,0.00898199,177.4053,33.9755,30.6498,6.0154
285,62700,0.05,"[0.3,0.5)",1627,0.386908,1.0,0.00577596,0.00577596,344.9406,33.7961,30.9481,11.8742
285,62700,0.05,"[0.5,0.7)",558,0.572941,1.0,0.00548951,0.00548951,306.9713,33.7927,22.133,12.604
285,62700,0.05,"[0.7,1.0)",67,0.742565,1.0,0.00519293,0.00519293,298.9255,33.6718,17.6639,13.0797
285,62700,0.05,boundary(r=t),7012,0.0,1.0,0.01230854,0.01230854,108.4641,0.0,0.0,0.0
286,62920,0.046667,"[0.0,0.1)",1865,0.04872,1.0,0.0124472,0.0124472,114.1808,33.8649,29.5394,1.4146
286,62920,0.046667,"[0.1,0.3)",2906,0.191724,1.0,0.00882394,0.00882394,175.8099,33.938,30.4218,5.9142
286,62920,0.046667,"[0.3,0.5)",1649,0.385089,1.0,0.00573311,0.00573311,328.7916,33.6602,30.7154,11.7403
286,62920,0.046667,"[0.5,0.7)",543,0.574781,1.0,0.00550951,0.00550951,294.198,33.7079,21.8032,12.3911
286,62920,0.046667,"[0.7,1.0)",50,0.748561,1.0,0.00557117,0.00557117,233.7401,33.2473,16.6586,12.4248
286,62920,0.046667,boundary(r=t),7012,0.0,1.0,0.01251496,0.01251496,108.0874,0.0,0.0,0.0
287,63140,0.043333,"[0.0,0.1)",1889,0.048789,1.0,0.01239533,0.01239533,115.8894,33.786,29.66,1.4254
287,63140,0.043333,"[0.1,0.3)",2937,0.192366,1.0,0.00888419,0.00888419,176.9543,33.9515,31.113,6.0538
287,63140,0.043333,"[0.3,0.5)",1602,0.387365,1.0,0.00559415,0.00559415,350.6925,33.7117,31.5095,12.054
287,63140,0.043333,"[0.5,0.7)",519,0.576417,1.0,0.00563657,0.00563657,287.3702,33.578,21.62,12.3823
287,63140,0.043333,"[0.7,1.0)",66,0.748581,1.0,0.00479488,0.00479488,436.0412,32.7702,20.3023,15.2702
287,63140,0.043333,boundary(r=t),7012,0.0,1.0,0.01243221,0.01243221,109.3644,0.0,0.0,0.0
288,63360,0.04,"[0.0,0.1)",1855,0.050283,1.0,0.01262686,0.01262686,114.9551,33.9851,29.4602,1.4616
288,63360,0.04,"[0.1,0.3)",2967,0.19352,1.0,0.00892456,0.00892456,176.787,33.9626,30.6388,6.0352
288,63360,0.04,"[0.3,0.5)",1592,0.385931,1.0,0.00553284,0.00553284,352.8873,33.8231,31.7787,12.1399
288,63360,0.04,"[0.5,0.7)",533,0.576155,1.0,0.00568521,0.00568521,297.2112,33.6622,21.1606,12.1197
288,63360,0.04,"[0.7,1.0)",66,0.738728,1.0,0.00546718,0.00546718,284.3257,33.1842,16.4725,12.2619
288,63360,0.04,boundary(r=t),7012,0.0,1.0,0.01236791,0.01236791,108.2922,0.0,0.0,0.0
289,63580,0.036667,"[0.0,0.1)",1839,0.049355,1.0,0.01215455,0.01215455,116.4469,33.8494,29.6238,1.4434
289,63580,0.036667,"[0.1,0.3)",2959,0.192198,1.0,0.00878146,0.00878146,180.9867,34.0042,31.4114,6.144
289,63580,0.036667,"[0.3,0.5)",1620,0.387109,1.0,0.00564897,0.00564897,352.6833,33.8781,31.7797,12.1998
289,63580,0.036667,"[0.5,0.7)",537,0.577164,1.0,0.00581217,0.00581217,281.6332,33.5981,20.9883,11.9996
289,63580,0.036667,"[0.7,1.0)",58,0.745043,1.0,0.00459176,0.00459176,509.5342,33.2527,22.1178,16.546
289,63580,0.036667,boundary(r=t),7012,0.0,1.0,0.0125195,0.0125195,108.0829,0.0,0.0,0.0
290,63800,0.033333,"[0.0,0.1)",1895,0.049176,1.0,0.01213074,0.01213074,115.519,33.8488,29.3087,1.4273
290,63800,0.033333,"[0.1,0.3)",2916,0.192957,1.0,0.00890999,0.00890999,176.3207,33.9858,30.9036,6.0446
290,63800,0.033333,"[0.3,0.5)",1571,0.383442,1.0,0.00562587,0.00562587,345.8307,33.894,31.9674,12.1544
290,63800,0.033333,"[0.5,0.7)",563,0.576678,1.0,0.00537182,0.00537182,291.7602,33.6836,21.6186,12.3859
290,63800,0.033333,"[0.7,1.0)",68,0.753393,1.0,0.00448995,0.00448995,500.5907,33.4199,21.0301,15.8868
290,63800,0.033333,boundary(r=t),7012,0.0,1.0,0.01245268,0.01245268,109.0463,0.0,0.0,0.0
291,64020,0.03,"[0.0,0.1)",1868,0.048929,1.0,0.01236832,0.01236832,113.4443,33.9796,28.8595,1.4195
291,64020,0.03,"[0.1,0.3)",2961,0.190179,1.0,0.00918202,0.00918202,175.142,34.0289,30.6261,5.9294
291,64020,0.03,"[0.3,0.5)",1630,0.387729,1.0,0.00565298,0.00565298,354.3406,33.6707,31.9999,12.3158
291,64020,0.03,"[0.5,0.7)",492,0.57533,1.0,0.0055594,0.0055594,295.9078,33.7051,21.9078,12.4826
291,64020,0.03,"[0.7,1.0)",62,0.745502,1.0,0.00566794,0.00566794,302.8043,33.3842,18.3799,13.7419
291,64020,0.03,boundary(r=t),7012,0.0,1.0,0.01230878,0.01230878,109.2305,0.0,0.0,0.0
292,64240,0.026667,"[0.0,0.1)",1905,0.049399,1.0,0.01256325,0.01256325,113.2729,33.9065,28.3373,1.3574
292,64240,0.026667,"[0.1,0.3)",2879,0.192627,1.0,0.00896899,0.00896899,176.0193,33.994,30.4241,5.9339
292,64240,0.026667,"[0.3,0.5)",1637,0.384866,1.0,0.00591287,0.00591287,319.747,33.7208,30.2177,11.4794
292,64240,0.026667,"[0.5,0.7)",532,0.57456,1.0,0.00580164,0.00580164,287.237,33.5713,21.0218,11.9997
292,64240,0.026667,"[0.7,1.0)",60,0.744015,1.0,0.00539355,0.00539355,281.3969,32.9312,17.1655,12.8215
292,64240,0.026667,boundary(r=t),7012,0.0,1.0,0.01241847,0.01241847,108.7833,0.0,0.0,0.0
293,64460,0.023333,"[0.0,0.1)",1858,0.049734,1.0,0.01227596,0.01227596,115.0083,33.8193,29.2383,1.426
293,64460,0.023333,"[0.1,0.3)",2979,0.193228,1.0,0.00904387,0.00904387,173.2268,33.9623,30.1861,5.91
293,64460,0.023333,"[0.3,0.5)",1546,0.387051,1.0,0.00575195,0.00575195,323.4415,33.7438,30.5686,11.7457
293,64460,0.023333,"[0.5,0.7)",566,0.576076,1.0,0.00563716,0.00563716,297.8603,33.6747,21.8441,12.4809
293,64460,0.023333,"[0.7,1.0)",64,0.747257,1.0,0.00564537,0.00564537,292.5816,33.0779,17.5257,13.139
293,64460,0.023333,boundary(r=t),7012,0.0,1.0,0.01240282,0.01240282,108.0252,0.0,0.0,0.0
294,64680,0.02,"[0.0,0.1)",1902,0.048928,1.0,0.01249542,0.01249542,112.97,33.988,29.0321,1.3976
294,64680,0.02,"[0.1,0.3)",2923,0.192578,1.0,0.00889789,0.00889789,180.6081,34.0085,30.9719,6.0751
294,64680,0.02,"[0.3,0.5)",1622,0.385755,1.0,0.00576712,0.00576712,337.4345,33.8463,31.3575,11.9933
294,64680,0.02,"[0.5,0.7)",508,0.574193,1.0,0.00537275,0.00537275,328.1491,33.6722,23.2073,13.1457
294,64680,0.02,"[0.7,1.0)",58,0.746389,1.0,0.00471121,0.00471121,346.085,32.6028,18.9653,14.1792
294,64680,0.02,boundary(r=t),7012,0.0,1.0,0.0123315,0.0123315,109.3387,0.0,0.0,0.0
295,64900,0.016667,"[0.0,0.1)",1845,0.048824,1.0,0.01241746,0.01241746,114.5415,33.86,29.1629,1.4093
295,64900,0.016667,"[0.1,0.3)",3009,0.193353,1.0,0.0089479,0.0089479,173.9472,33.9466,30.0648,5.8942
295,64900,0.016667,"[0.3,0.5)",1581,0.386769,1.0,0.00576782,0.00576782,344.5655,33.7644,31.7913,12.129
295,64900,0.016667,"[0.5,0.7)",524,0.576158,1.0,0.00612962,0.00612962,258.6063,33.7314,20.2729,11.6209
295,64900,0.016667,"[0.7,1.0)",54,0.754485,1.0,0.00468111,0.00468111,320.0813,32.911,18.1856,13.8268
295,64900,0.016667,boundary(r=t),7012,0.0,1.0,0.01240942,0.01240942,109.1069,0.0,0.0,0.0
296,65120,0.013333,"[0.0,0.1)",1809,0.048616,1.0,0.01245542,0.01245542,113.9578,33.8718,28.8277,1.3867
296,65120,0.013333,"[0.1,0.3)",3001,0.194514,1.0,0.00907489,0.00907489,177.8941,33.9603,30.588,6.067
296,65120,0.013333,"[0.3,0.5)",1643,0.387765,1.0,0.00567529,0.00567529,336.5969,33.7797,30.6978,11.8453
296,65120,0.013333,"[0.5,0.7)",512,0.57444,1.0,0.00554937,0.00554937,291.3834,33.7553,21.8119,12.434
296,65120,0.013333,"[0.7,1.0)",48,0.754268,1.0,0.00561748,0.00561748,397.3474,33.0121,19.4784,14.5993
296,65120,0.013333,boundary(r=t),7012,0.0,1.0,0.01245468,0.01245468,108.6367,0.0,0.0,0.0
297,65340,0.01,"[0.0,0.1)",1892,0.049503,1.0,0.0125002,0.0125002,113.9991,33.9949,28.9864,1.428
297,65340,0.01,"[0.1,0.3)",2898,0.193834,1.0,0.00901566,0.00901566,179.999,33.872,30.4166,6.0238
297,65340,0.01,"[0.3,0.5)",1646,0.38678,1.0,0.00570842,0.00570842,331.482,33.7845,30.8703,11.8174
297,65340,0.01,"[0.5,0.7)",522,0.576698,1.0,0.00570478,0.00570478,300.7582,33.6466,21.444,12.2785
297,65340,0.01,"[0.7,1.0)",55,0.741309,1.0,0.00522674,0.00522674,352.2107,33.3531,19.5421,14.6104
297,65340,0.01,boundary(r=t),7012,0.0,1.0,0.0123544,0.0123544,108.9994,0.0,0.0,0.0
298,65560,0.006667,"[0.0,0.1)",1847,0.050131,1.0,0.0123191,0.0123191,114.4476,33.8234,28.9673,1.4467
298,65560,0.006667,"[0.1,0.3)",2938,0.192001,1.0,0.00897762,0.00897762,172.583,33.8749,30.0849,5.8567
298,65560,0.006667,"[0.3,0.5)",1624,0.386289,1.0,0.0060802,0.0060802,327.9001,33.7912,30.3598,11.647
298,65560,0.006667,"[0.5,0.7)",536,0.570672,1.0,0.00586212,0.00586212,269.7948,33.6125,20.9697,11.8246
298,65560,0.006667,"[0.7,1.0)",68,0.749274,1.0,0.00478345,0.00478345,354.8158,33.7618,19.6795,14.7426
298,65560,0.006667,boundary(r=t),7012,0.0,1.0,0.01249967,0.01249967,108.3382,0.0,0.0,0.0
299,65780,0.003333,"[0.0,0.1)",1879,0.048825,1.0,0.01226412,0.01226412,115.2897,33.8492,29.2926,1.4039
299,65780,0.003333,"[0.1,0.3)",2939,0.191539,1.0,0.00925506,0.00925506,168.1893,33.9375,29.6547,5.7686
299,65780,0.003333,"[0.3,0.5)",1612,0.385853,1.0,0.00586949,0.00586949,337.687,33.8596,31.1656,11.9494
299,65780,0.003333,"[0.5,0.7)",528,0.579451,1.0,0.0056972,0.0056972,298.1122,33.7494,21.4692,12.3437
299,65780,0.003333,"[0.7,1.0)",55,0.746807,1.0,0.00440013,0.00440013,392.4784,33.522,21.0866,15.8344
299,65780,0.003333,boundary(r=t),7012,0.0,1.0,0.0124256,0.0124256,108.7439,0.0,0.0,0.0
300,66000,0.0,"[0.0,0.1)",1887,0.050228,1.0,0.01283651,0.01283651,112.0809,33.9054,29.1979,1.4627
300,66000,0.0,"[0.1,0.3)",2963,0.191651,1.0,0.00900561,0.00900561,173.9138,33.9547,30.4618,5.929
300,66000,0.0,"[0.3,0.5)",1564,0.384879,1.0,0.00564575,0.00564575,354.8672,33.9707,32.5794,12.4133
300,66000,0.0,"[0.5,0.7)",554,0.580382,1.0,0.00540498,0.00540498,327.3758,33.7316,22.7911,13.0775
300,66000,0.0,"[0.7,1.0)",45,0.746354,1.0,0.00532093,0.00532093,256.7708,33.1256,16.7482,12.5292
300,66000,0.0,boundary(r=t),7012,0.0,1.0,0.01252165,0.01252165,108.2974,0.0,0.0,0.0
