epoch,global_step,schedule_s,beta_mean_train,train_loss_weighted,train_mse,train_u_abs,train_dudt_abs,w_mean,w_median,w_p01,w_p10,w_p25,w_p75,w_p90,w_p99,w_min,w_max,w_std,w_saturation_frac,w_near_lower_frac,delta2_mean,val_imf_mse_fixed,selection_metric,diag_hr_abs_err,diag_morph_corr,diag_amp_ratio,diag_beats_ratio,lr,epoch_time_s,elapsed_s,peak_mem_MiB,is_best,best_epoch,no_improve,event
0,220,0.996667,1.0,0.9999593194235455,0.30071288899264553,0.7569295772393657,0.5605414712060751,0.00406809115917316,0.003880268008188895,0.001614086409972515,0.0023618670824692924,0.003083991685046137,0.004907957393549044,0.00590212054653834,0.007380362171600361,0.0014970353922266937,0.007663673151877116,0.0014724816835454972,0.0,0.0,307.92999756552956,0.2335236604291712,0.2335236604291712,25.338423785653596,0.5253862766051486,1.0833507776260376,1.0283370618941088,0.001,144.2389755458571,144.2389755458571,16904.01611328125,1,0,0,best
1,440,0.993333,1.0,0.9999464904720133,0.2116900688883933,0.8056605745445599,0.5255444587631659,0.00535212577405301,0.0050540769493884665,0.0022568018868200437,0.0032812629257519305,0.004098017446019433,0.006320682709867304,0.007685945495243438,0.010044804816557602,0.0021020828483994014,0.010506376082246954,0.0019226456869298337,0.0,0.0,216.77063019492408,0.22650633669342224,0.22650633669342224,nan,nan,nan,nan,0.001,143.2245677250903,287.4635432709474,16904.01611328125,1,1,0,best
2,660,0.99,1.0,0.9999428285793824,0.19934599501165476,0.8146269101988185,0.5279244888912548,0.00571854307887737,0.005404063581425527,0.0023719091542509637,0.0034043379852929235,0.004338450961619277,0.006845532551365482,0.008242415750018236,0.010605831978715617,0.002189401908121495,0.01104239856781946,0.0020704522168009795,0.0,0.0,204.1303000016646,0.19147419762508622,0.19147419762508622,nan,nan,nan,nan,0.001,143.42954322020523,430.89308649115264,16904.01611328125,1,2,0,best
3,880,0.986667,1.0,0.9999393228780139,0.18874533112076194,0.8201883614063263,0.5159305723553355,0.006068791605701501,0.005710937039376321,0.002413533948261333,0.0035734603615393016,0.0045500902289694,0.0072719411733983596,0.008889695315156132,0.011544778536666524,0.0022174723474150102,0.012057923129759729,0.002283463352994824,0.0,0.0,193.27521948380902,0.1963770491170683,0.1963770491170683,nan,nan,nan,nan,0.001,143.30986426305026,574.2029507542029,16904.01611328125,0,2,1,
4,1100,0.983333,1.0,0.9999381497502327,0.18624797236513008,0.822152455151081,0.5273494578897953,0.00618616063782776,0.005789501610508358,0.002461428615523883,0.0036261707163331184,0.0045971238773993475,0.007437738142272627,0.009111111849250102,0.01193663980494338,0.0022663856254604813,0.012508948073214428,0.002369515598878603,0.0,0.0,190.71792321638628,0.18841354793331244,0.18841354793331244,19.164804490833266,0.5657399832143408,0.9025816917419434,0.9440715883668904,0.001,144.08371710800566,718.2866678622086,16904.01611328125,1,4,0,best
5,1320,0.98,1.0,0.9999359930103475,0.18236839862709694,0.8229130070317875,0.5099061720073224,0.006401869869494641,0.005967882981481538,0.002464948313982776,0.0036752410989720373,0.004713789249283515,0.007664910162037069,0.009512047735254534,0.012716199730692263,0.002270120671693638,0.013352802342904563,0.0025473101993239568,0.0,0.0,186.74523970864036,0.19667754639483573,0.19667754639483573,nan,nan,nan,nan,0.001,143.4771144601982,861.7637823224068,16904.01611328125,0,4,1,
6,1540,0.976667,1.0,0.999935008449988,0.18097296346994965,0.8247714747082103,0.5033241855827245,0.006500305646014485,0.006028105663558977,0.002450446552062534,0.003722605911951343,0.0047438880455129865,0.007801602009302852,0.009604700687553057,0.01319351081143726,0.002226104769810759,0.013846550323069095,0.00264375813157213,0.0,0.0,185.31631403836337,0.19065671949379745,0.19065671949379745,nan,nan,nan,nan,0.001,143.62195304199122,1005.385735364398,16904.01611328125,0,4,2,
7,1760,0.973333,1.0,0.9999349718744105,0.180525652454658,0.8252620813521472,0.505132659863342,0.0065038791624829175,0.005996629310009832,0.0024553864757763224,0.003693955032874576,0.004748098891948096,0.007836562224706127,0.009724925211842426,0.013186459545977414,0.002254306371800009,0.013900594974190675,0.002665095512797548,0.0,0.0,184.8582682869651,0.1846614068672127,0.1846614068672127,nan,nan,nan,nan,0.001,143.71612044004723,1149.1018558044452,16904.01611328125,1,7,0,best
8,1980,0.97,1.0,0.9999337642030283,0.1787016057155349,0.8268852185119282,0.507440752603791,0.006624551005238159,0.006155593424442817,0.002424915024047633,0.003705042761496522,0.004791216320485216,0.007987057680094783,0.009948448359500617,0.013455110898410732,0.0021937312684630426,0.014157628938979046,0.002737290175123648,0.0,0.0,182.99044466885653,0.18839337869450964,0.18839337869450964,nan,nan,nan,nan,0.001,143.68546161497943,1292.7873174194247,16904.01611328125,0,7,1,
9,2200,0.966667,1.0,0.9999330024827611,0.17689795202829622,0.8269277699969032,0.5036468169905922,0.006700786399993707,0.006199819879310036,0.002474790458588607,0.0037431145023385233,0.0048455302794040605,0.008044364045120099,0.01004816413412548,0.013846261517822065,0.002266840634481262,0.014639669569971208,0.0028038562706735153,0.0,0.0,181.1435037092729,0.19361991676066326,0.19361991676066326,18.290306467583545,0.5595331705985425,0.8848690986633301,0.9321401938851603,0.001,143.96013351390138,1436.747450933326,16904.01611328125,0,7,2,
10,2420,0.963333,1.0,0.9999321649020368,0.17880175238983198,0.8287903904914856,0.49766747748309914,0.006784377964636819,0.0062347380571406,0.0023708892877700484,0.003698235623728992,0.004858871463114735,0.0081688074469143,0.010367855083578351,0.014345073187723757,0.0021519926737131423,0.015113473249684003,0.002948594606608491,0.0,0.0,183.092994481867,0.19376434590651018,0.19376434590651018,nan,nan,nan,nan,0.001,143.49759358214214,1580.2450445154682,16904.01611328125,0,7,3,
11,2640,0.96,1.0,0.9999315213073384,0.1780739280310544,0.8292932342399251,0.5020399375395341,0.006848723061425103,0.006271171978336166,0.0023820471863886766,0.003741675179811533,0.004906113499204036,0.008215365909166973,0.01046718113145537,0.014578343165869062,0.0021622941670516,0.015346352260729128,0.0030026670913106167,0.0,0.0,182.34770289334384,0.18253960228705438,0.18253960228705438,nan,nan,nan,nan,0.001,143.73052966804244,1723.9755741835106,16904.01611328125,1,11,0,best
12,2860,0.956667,1.0,0.9999317407608033,0.1783729624003172,0.8294141598723151,0.5067556798458099,0.006826759664214809,0.00627710770773278,0.002371698444238229,0.0037147900015539067,0.0048744359381750904,0.008206673423674973,0.010402128962926905,0.014452852662229402,0.002151612882020841,0.015238314331509174,0.002977953415723856,0.0,0.0,182.65391339388762,0.22302724056729797,0.22302724056729797,nan,nan,nan,nan,0.001,143.5334505289793,1867.50902471249,16904.01611328125,0,11,1,
13,3080,0.953333,1.0,0.9999301200563258,0.1759863814508373,0.8294714174487374,0.50624407292767,0.006988764991348779,0.006372150290884416,0.0023592575383769476,0.003735432897652076,0.004975512776185166,0.008356090010651811,0.010724342394281517,0.015290207587267188,0.0021292864562300648,0.01617497144774957,0.0031602974779988556,0.0,0.0,180.21005436290395,0.18954619733661177,0.18954619733661177,nan,nan,nan,nan,0.001,143.42774196108803,2010.936766673578,16904.01611328125,0,11,2,
14,3300,0.95,1.0,0.9999298446557738,0.1771135891703042,0.8317695306106048,0.5222132773561912,0.007016154668632556,0.006419337415983053,0.0023251817996920595,0.0037274366604502906,0.004954890076028691,0.008441602352964268,0.010769196707670662,0.01538544879506596,0.002088951967876214,0.016304460701278663,0.003192235724153844,0.0,0.0,181.36431534507057,0.19980596911218132,0.19980596911218132,18.287955292487474,0.5237633072711945,0.9263961315155029,0.9716629381058911,0.001,144.0366798201576,2154.9734464937355,16904.01611328125,0,11,3,
15,3520,0.946667,1.0,0.9999298503453081,0.1814872844652696,0.8306881414218382,0.5147491808642041,0.007015690430787138,0.00639177702727135,0.002199862147972453,0.0036778974055778233,0.004884630324192007,0.008495287112468346,0.010896644430150362,0.015579880166544833,0.0019460030394177672,0.016532365268688988,0.003277478130820038,0.0,0.0,185.84297901500355,0.19196175576033686,0.19196175576033686,nan,nan,nan,nan,0.001,143.63122177007608,2298.6046682638116,16904.01611328125,0,11,4,
16,3740,0.943333,1.0,0.9999286386099728,0.17460749565877698,0.831796001710675,0.512396946481683,0.007136954634916037,0.006496450311334973,0.002341970079313879,0.0037948889906560495,0.005011371486100622,0.00854633175556294,0.011046552196653053,0.01598932731007649,0.0021020165612175004,0.0170403640717268,0.0033119390554599126,0.0,0.0,178.7980751731179,0.18506980444297233,0.18506980444297233,nan,nan,nan,nan,0.001,143.8471485679038,2442.4518168317154,16904.01611328125,0,11,5,
17,3960,0.94,1.0,0.9999286300756715,0.17657197578386827,0.8330901355905966,0.5167910011654551,0.007137627759948373,0.006513910712039267,0.0022716553477618038,0.0037413256184663625,0.0049966732622124255,0.008583176746668125,0.011046719546853141,0.01588161903094839,0.0020176850032757186,0.01685453790705651,0.0033123853883642532,0.0,0.0,180.80970365350896,0.21180112466914375,0.21180112466914375,nan,nan,nan,nan,0.001,143.60759441903792,2586.0594112507533,16904.01611328125,0,11,6,
18,4180,0.936667,1.0,0.9999284887855703,0.17750424834137613,0.8334440972317348,0.5167351193726063,0.007151883448982104,0.006482813311529092,0.0022221351181294516,0.003711308148393238,0.004993295245698061,0.008605347023430196,0.011085454412651333,0.016203022868880493,0.001977554304242155,0.017227683906358753,0.0033906198048498483,0.0,0.0,181.76435102982956,0.1886017489387834,0.1886017489387834,nan,nan,nan,nan,0.001,143.15361250494607,2729.2130237556994,16904.01611328125,0,11,7,
19,4400,0.933333,1.0,0.9999272747473283,0.17826528644019907,0.8339019672437148,0.5174889192662456,0.0072731789550744,0.006596460977611555,0.0022189975568670146,0.003705222216244279,0.0050253905604635786,0.008785796077625656,0.011371363150167534,0.016605777060613038,0.001986054825763197,0.017686298218640414,0.003498191659772684,0.0,0.0,182.54365362687545,0.21148464906133982,0.21148464906133982,18.164623144086875,0.5896195181920958,1.0447766780853271,0.9858314690529456,0.001,143.82928370893933,2873.0423074646387,16904.01611328125,0,11,8,
20,4620,0.93,1.0,0.9999271254647862,0.17829761630432173,0.8341288336298682,0.5182040503756566,0.007288157057271085,0.006571483177090572,0.0021757164284777405,0.00369709136324342,0.005052858056098392,0.00874968636463481,0.011485389804213562,0.016780635077421637,0.0019335504718831296,0.01786349969069389,0.0035513591378482736,0.0,0.0,182.5767591303045,0.19178848779018373,0.19178848779018373,nan,nan,nan,nan,0.001,143.5058574890718,3016.5481649537105,16904.01611328125,0,11,9,
21,4840,0.926667,1.0,0.9999274291775443,0.17737078903750939,0.8340364903211593,0.5228766110133041,0.007257829113355415,0.00659519683633169,0.002171079610244223,0.0036892702093940565,0.005038619399684566,0.008766821169675412,0.011345308276147327,0.016628701324489983,0.001923715933331881,0.01774951606692577,0.003502301217469556,0.0,0.0,181.6276879050515,0.19681058034867338,0.19681058034867338,nan,nan,nan,nan,0.001,143.46431310800835,3160.012478061719,16904.01611328125,0,11,10,
22,5060,0.923333,1.0,0.9999274767257951,0.1780126923864538,0.833805522593585,0.5337029406970197,0.00725302220936018,0.006545253036628393,0.0021802093510235533,0.0037396754863121633,0.005010444783626802,0.00875916009430181,0.01130663648205386,0.016608678907240656,0.0019188800328761731,0.01766174724748866,0.003499245242247443,0.0,7.102272727272727e-05,182.28499624078924,0.1819861593279925,0.1819861593279925,nan,nan,nan,nan,0.001,143.5233039020095,3303.5357819637284,16904.01611328125,1,22,0,best
23,5280,0.92,1.0,0.9999267221851782,0.17648234746672892,0.8353103461590681,0.5228342417966235,0.007328536060892723,0.006609186712144451,0.00220737311921601,0.0037442171887960285,0.005069446837296709,0.008812321853739294,0.011556360982781785,0.01676198574926027,0.0019431190437568479,0.01781246244103055,0.003549241055258211,0.0,0.0,180.71792498501864,0.19774492200098398,0.19774492200098398,nan,nan,nan,nan,0.001,143.55329218204133,3447.0890741457697,16904.01611328125,0,22,1,
24,5500,0.916667,1.0,0.9999257376248186,0.17661026665432886,0.8347820483825423,0.5156791898337277,0.00742687209805643,0.00666680157142268,0.0021510169525175695,0.00373400022958363,0.005099036587952552,0.008970537629317153,0.011625178868416696,0.017423045586540616,0.0018867311085738368,0.01859473209955137,0.0036885797363621266,0.0,0.0,180.84891294999557,0.18472185731757593,0.18472185731757593,17.921325920781698,0.59514005608405,0.9068465232849121,0.9343773303504848,0.001,144.13201317191124,3591.221087317681,16904.01611328125,0,22,2,
25,5720,0.913333,1.0,0.9999254807829857,0.17945524389770898,0.8355937354943969,0.518378299948844,0.007452542819506066,0.006668108337643472,0.0021589250543580752,0.0037262157621708782,0.00508863978532397,0.008966768011239103,0.011849854964847592,0.017581487819552422,0.0019150855326519045,0.018751494978046554,0.0037417642332994465,0.0,0.00014204545454545454,183.76216982061212,0.18089130417230537,0.18089130417230537,nan,nan,nan,nan,0.001,143.68054913100787,3734.901636448689,16904.01611328125,1,25,0,best
26,5940,0.91,1.0,0.9999250593510541,0.17467794259163466,0.8362123790112409,0.5225651772862131,0.007494977521921762,0.006719626030165024,0.0022114174110439227,0.003815942255526104,0.005132349678950215,0.00901385168439116,0.011766261141747236,0.017695072178982876,0.0019688686573565727,0.018876717726446012,0.0037453500376696783,0.0,0.0,178.87021241621537,0.1799786214780138,0.1799786214780138,nan,nan,nan,nan,0.001,143.55421643797308,3878.455852886662,16904.01611328125,1,26,0,best
27,6160,0.906667,1.0,0.9999246469952844,0.17627867290919477,0.8366392483765429,0.5119904686104167,0.007536211928395047,0.006714661744296212,0.0021210926805162508,0.003798308796566826,0.005162071838805621,0.009029786722649905,0.011937735373662276,0.018020474950952287,0.0018517346615805185,0.019268972162072632,0.0038189255288505757,0.0,0.0,180.5093606255271,0.20151770428468652,0.20151770428468652,nan,nan,nan,nan,0.001,143.39526229491457,4021.8511151815765,16904.01611328125,0,26,1,
28,6380,0.903333,1.0,0.9999248955737461,0.17535190565342254,0.8366510659456253,0.5119801385158842,0.007510873715562577,0.006721444071312858,0.00217736081335302,0.0037754827025558123,0.00516214037197642,0.009028211379931731,0.011834274418652058,0.017776227283122188,0.0019171425493616633,0.019025229899720712,0.003754108286706138,0.0,0.0,179.56035180525348,0.20131163332515803,0.20131163332515803,nan,nan,nan,nan,0.001,143.56157927401364,4165.41269445559,16904.01611328125,0,26,2,
29,6600,0.9,1.0,0.9999245673418045,0.17565558090467345,0.8366118137132038,0.5221794246949932,0.0075440095652910795,0.006739649273963137,0.0021930018566226036,0.0037744867091532796,0.005138269749427722,0.00905212209962139,0.012000060860406269,0.017910172788172283,0.001927274611609226,0.019120664011941037,0.003806773572631011,0.0,0.0,179.87131456895307,0.1817639054191998,0.1817639054191998,17.54181790382565,0.5427765045586906,0.9852136969566345,0.9090231170768084,0.001,144.01520829088986,4309.42790274648,16904.01611328125,0,26,3,
30,6820,0.896667,1.0,0.999924572083083,0.17757596302438866,0.836616646295244,0.5270336428826505,0.007543558764948764,0.006747225059238686,0.0020589746854305056,0.0037009725050831384,0.005111189344792034,0.009089080699380825,0.011864027249711482,0.018345750239677727,0.0017953239813571352,0.01969442424068058,0.003896108878226104,0.0,0.0,181.837786136974,0.19386105171044932,0.19386105171044932,nan,nan,nan,nan,0.001,143.50020498083904,4452.928107727319,16904.01611328125,0,26,4,
31,7040,0.893333,1.0,0.999924243173816,0.17439339577474378,0.8359622620723465,0.5191259443759918,0.007576277811842208,0.0067835880930281495,0.002208046749464384,0.003763170237123797,0.005144687955246561,0.009125825768040325,0.011958106702447615,0.01805023189253089,0.001954502473447726,0.019310250785201787,0.0038375374088487164,0.0,0.0,178.57883723865856,0.1874189219420247,0.1874189219420247,nan,nan,nan,nan,0.001,143.49276367900893,4596.420871406328,16904.01611328125,0,26,5,
32,7260,0.89,1.0,0.9999243672598492,0.17589187848974358,0.836504016816616,0.5188440232114359,0.007564101470846006,0.006767653132026845,0.002125407375503776,0.0037712865506447004,0.0051462166402912275,0.009081944352312183,0.01203849197534675,0.018004054273478686,0.0018552364551975519,0.019228825991211288,0.0038376914861146362,0.0,0.0,180.1132834001021,0.17702031756770178,0.17702031756770178,nan,nan,nan,nan,0.001,143.49931038287468,4739.920181789203,16904.01611328125,1,32,0,best
33,7480,0.886667,1.0,0.9999233882535588,0.18008122894574297,0.8374318980357863,0.5244211733341217,0.007661886056038466,0.006830063432624395,0.0020310801734012784,0.0036769286390732634,0.005140448353168639,0.009200950953262774,0.012228509855710647,0.01891342842189426,0.0017696560941906434,0.02025516036347571,0.004055696071802893,0.0,0.0,184.40317868319426,0.1841807071182129,0.1841807071182129,nan,nan,nan,nan,0.001,143.58941766410135,4883.509599453304,16904.01611328125,0,32,1,
34,7700,0.883333,1.0,0.999923662705855,0.18203243779187853,0.8375569155270403,0.5200483378361572,0.007634165924338793,0.006799603190103715,0.002027725574324987,0.003726830262828364,0.005144268423001366,0.009234665903601457,0.0122204091145911,0.01844223397783935,0.0017538195921092251,0.019743641853247854,0.003962952151513574,0.0,0.00014204545454545454,186.4012160214511,0.2054634754415058,0.2054634754415058,18.59031360209515,0.5501341265681156,0.8748453855514526,0.9276659209545116,0.001,144.11815143283457,5027.6277508861385,16904.01611328125,0,32,2,
35,7920,0.88,1.0,0.9999241139401089,0.17784450850026173,0.837373073534532,0.5206132151863792,0.007589124500836161,0.006743312272539531,0.002089774363544579,0.003729418066425503,0.005139407189562917,0.009139629974114624,0.012137092679569667,0.018314283080822363,0.0018313980549216715,0.01961031106554649,0.003924062221035869,0.0,0.0,182.11277653087268,0.18585943490444665,0.18585943490444665,nan,nan,nan,nan,0.001,143.5420955780428,5171.169846464181,16904.01611328125,0,32,3,
36,8140,0.876667,1.0,0.9999229100617495,0.17624099706722932,0.8370310712944378,0.5247454450889067,0.007709686094048348,0.0068657062524421645,0.0021029113571289187,0.003699240183447149,0.005174051562260667,0.009281577343459834,0.012335650572045283,0.019031616141596302,0.0018525378538966338,0.020425935125571084,0.004071721318707039,0.0,0.0,180.47078012986617,0.18775005800489775,0.18775005800489775,nan,nan,nan,nan,0.001,143.45799552998506,5314.627841994166,16904.01611328125,0,32,4,
37,8360,0.873333,1.0,0.9999230967326598,0.17575874294747007,0.8372273201292212,0.529060988466848,0.007690938289107924,0.0068593509442342274,0.002137912547782021,0.0037577542672145433,0.00518083451739089,0.009209508072076874,0.01233979827216403,0.01873598025307398,0.001894013151137518,0.019997099113904616,0.004017325587814081,0.0,0.0,179.97695284756747,0.17985609289057797,0.17985609289057797,nan,nan,nan,nan,0.001,143.73413489107043,5458.361976885237,16904.01611328125,0,32,5,
38,8580,0.87,1.0,0.9999221129850908,0.17566799900748514,0.8381205409765243,0.5165923783047632,0.007789509583645585,0.006859348206357523,0.0020679995505237126,0.003783346496691758,0.005191614216892048,0.009339199310422621,0.0124809094323692,0.01952911069701341,0.0018004403041810622,0.021066393138078805,0.004184778926322575,0.0,0.0,179.88403133045543,0.19889293793196916,0.19889293793196916,nan,nan,nan,nan,0.001,143.4529422891792,5601.814919174416,16904.01611328125,0,32,6,
39,8800,0.866667,1.0,0.9999226091937585,0.17478697537021204,0.838863478871909,0.5335724279961803,0.007739759410138835,0.006863987414081666,0.0021351683165862184,0.00381305327728941,0.005230207084043121,0.009304147126915102,0.012397824502973394,0.01883026814215224,0.001862177092847229,0.020086044299585576,0.004030162585497072,0.0,0.0,178.9818626057018,0.1971410720927804,0.1971410720927804,20.397003946797447,0.4653443971336685,0.9053245782852173,0.9425801640566741,0.001,143.8853351951111,5745.700254369527,16904.01611328125,0,32,7,
40,9020,0.863333,1.0,0.9999216706915335,0.17381482835520398,0.8385626864704219,0.5260454841635444,0.007833541529676453,0.006923415360506624,0.0021213704088454094,0.0038003186581508173,0.005214554317486049,0.009410972390535541,0.012533160569992933,0.019518937526101416,0.0018574383837899817,0.020934762234206903,0.004194952309957113,0.0,7.102272727272727e-05,177.98638399297542,0.1879922919844917,0.1879922919844917,nan,nan,nan,nan,0.001,143.49673649086617,5889.196990860393,16904.01611328125,0,32,8,
41,9240,0.86,1.0,0.9999224362048236,0.17331843504851516,0.8381156431003051,0.5237030924043872,0.007756959027822383,0.006879338073882867,0.002133669321814192,0.003821996523501267,0.005214677672748538,0.009326552063099701,0.012440895780243657,0.018935795621523126,0.0018783370124186727,0.02024228788742965,0.00404053002871065,0.0,0.0,177.47807787114922,0.19526660475290317,0.19526660475290317,nan,nan,nan,nan,0.001,143.42961828713305,6032.626609147526,16904.01611328125,0,32,9,
42,9460,0.856667,1.0,0.9999219255013899,0.1745006346397779,0.8381299310109832,0.5263854628259486,0.0078082279736091465,0.006898157435088334,0.002110088169799631,0.003763845081663352,0.005200388662474738,0.009397008661604063,0.0125336551848291,0.019363634324293923,0.0018506981720499674,0.020724754968912087,0.004158590923973613,0.0,0.0,178.68865004452792,0.18516873589376767,0.18516873589376767,nan,nan,nan,nan,0.001,143.71172377816401,6176.33833292569,16904.01611328125,0,32,10,
43,9680,0.853333,1.0,0.9999222950501876,0.18025662201372059,0.8391392046755011,0.5358156830072403,0.007771227528891441,0.006859536598097872,0.002033110418745888,0.0036844994319835678,0.005200166318734939,0.009343948050148107,0.012552928372116929,0.01928572339132767,0.001770528311697655,0.020699477680450815,0.0041533615601524205,0.0,0.0,184.58278052590111,0.19455743063600267,0.19455743063600267,nan,nan,nan,nan,0.001,143.68780063604936,6320.02613356174,16904.01611328125,0,32,11,
44,9900,0.85,1.0,0.9999214657328346,0.17348843325268137,0.8379713076082143,0.5342960300770673,0.007854094275866043,0.0069058795025656846,0.002185460008596155,0.0037966953661948953,0.005255944468080998,0.00941573134623468,0.012641993952407077,0.019503291488879106,0.0019284489689611788,0.02087108190594749,0.004185135664672337,0.0,0.0,177.65215466239235,0.1777836590178581,0.1777836590178581,15.859552459141042,0.5706611049517064,0.8539907932281494,0.9381058911260254,0.001,143.96102524502203,6463.987158806762,16904.01611328125,0,32,12,
45,10120,0.846667,1.0,0.999921484968879,0.175516056726602,0.8384905326095494,0.5290991935540329,0.007852178434206342,0.006926668589850041,0.0020917230400135105,0.0037650374801490795,0.005215040609685027,0.009420049460393123,0.012692507455887443,0.01974352187561718,0.0018307167952364332,0.021263841109942984,0.004231667354575951,0.0,0.0,179.72844210537997,0.18064934741886815,0.18064934741886815,nan,nan,nan,nan,0.001,143.64832415501587,6607.635482961778,16904.01611328125,0,32,13,
46,10340,0.843333,1.0,0.999921759150245,0.17588092522187668,0.8389800243756987,0.5299821100451729,0.007824777881614864,0.0069481440798633476,0.0021254639406503304,0.003782886025940322,0.0052424203742041505,0.009467457587280395,0.012584292147816582,0.019162543439729646,0.0018649487017682986,0.020525702671147884,0.004119679829190401,0.0,7.102272727272727e-05,180.10206675095992,0.1896843526901053,0.1896843526901053,nan,nan,nan,nan,0.001,143.40220653102733,6751.037689492805,16904.01611328125,0,32,14,
47,10560,0.84,1.0,0.999920630319552,0.1743366805667227,0.8395407810807228,0.5380618727342649,0.007937277538109232,0.006966540113684128,0.0020432999812659215,0.0037202631337673996,0.005246242461196909,0.009532107315449552,0.012854329945350235,0.020361954532563686,0.0017760478800813541,0.021916635882702065,0.0043856447620783,0.0,0.0,178.5207609696822,0.1890724629433834,0.1890724629433834,nan,nan,nan,nan,0.001,143.54106277087703,6894.578752263682,16904.01611328125,0,32,15,
48,10780,0.836667,1.0,0.999920984425328,0.1764554719694636,0.8398888781666756,0.5323517636141993,0.007902131591584873,0.00695118285313418,0.002072432414967228,0.0037232600602278994,0.005252172070851719,0.009519939707719128,0.012690128333104605,0.02010582346384498,0.001799225967194864,0.02174006938426332,0.004317259771050885,0.0,0.0,180.6904033834284,0.18196702572812715,0.18196702572812715,nan,nan,nan,nan,0.001,143.2860273970291,7037.864779660711,16904.01611328125,0,32,16,
49,11000,0.833333,1.0,0.9999204956672408,0.1760504920543595,0.8397614584727721,0.536177619682117,0.00795082440493967,0.006962597208224576,0.002031282318586653,0.00369055535226256,0.00528804097187028,0.009568984145086936,0.012907039130699228,0.02042649760630659,0.0017694569188858044,0.022095425354994157,0.004398323487575081,0.0,0.0,180.27570362091063,0.1777215835734688,0.1777215835734688,16.798116515061825,0.6119469869620864,0.9208295345306396,0.9582401193139448,0.001,143.84611089504324,7181.710890555754,16904.01611328125,0,32,17,
50,11220,0.83,1.0,0.9999209899793972,0.17662621408023618,0.8398609711365266,0.5387657649815083,0.007901693917599253,0.006963871814183552,0.002042027262756495,0.0037465193290369247,0.005271189354508268,0.009450379674407568,0.01282630248672583,0.019764757869680495,0.0017910739419593567,0.02115940984592519,0.004266792918894102,0.0,7.102272727272727e-05,180.865242767334,0.18986240288392564,0.18986240288392564,nan,nan,nan,nan,0.001,143.60275277099572,7325.31364332675,16904.01611328125,0,32,18,
51,11440,0.826667,1.0,0.9999210596084595,0.17525581769983878,0.8389155875552784,0.5424419692971489,0.007894458599515599,0.006962287975263528,0.002076513729116414,0.0037780140558342367,0.005244733640839431,0.009494694122324952,0.012735114796933802,0.019672929516739466,0.0018017624638477256,0.021063827276653187,0.004236818561647934,0.0,0.0,179.46195718591864,0.19022219973286097,0.19022219973286097,nan,nan,nan,nan,0.001,143.61895952001214,7468.932602846762,16904.01611328125,0,32,19,
52,11660,0.823333,1.0,0.9999201104044915,0.175619398328391,0.8398523762822151,0.5473488970236344,0.007989477607506243,0.007012128807731312,0.0020758421217826916,0.003762447453813035,0.0052530693107242276,0.009585290174634957,0.012985641301863573,0.02045026286928491,0.001809596503748749,0.021967625399966807,0.004416583137935959,0.0,0.0,179.83426383625377,0.1760322009431483,0.1760322009431483,nan,nan,nan,nan,0.001,143.78111211396754,7612.71371496073,16904.01611328125,1,52,0,best
53,11880,0.82,1.0,0.9999204899777066,0.1743911755017259,0.8395737607370723,0.5384503071958369,0.007951457187829709,0.006978573109319603,0.001998775148372674,0.0037383491221011024,0.00524564367740161,0.009615546530535953,0.012846448566679927,0.02017578501889313,0.0017335910517596693,0.021737183539450845,0.0043679261056240645,0.0,7.102272727272727e-05,178.57656390450217,0.1856722609295611,0.1856722609295611,nan,nan,nan,nan,0.001,143.61689137900248,7756.330606339732,16904.01611328125,0,52,1,
54,12100,0.816667,1.0,0.9999202934178439,0.1732638962736184,0.8400334947488525,0.5488350709730928,0.007971332992681048,0.0070045555825345215,0.002052063539568652,0.0038077000266639517,0.005286565211347558,0.009569737715223296,0.012840163081207058,0.020281563060019502,0.001780846450591608,0.021877476687289097,0.004370225258489055,0.0,0.0,177.42222999225964,0.18459971142054976,0.18459971142054976,13.319406078260894,0.5619029461487629,0.8003093004226685,0.9776286353467561,0.001,143.88705367199145,7900.217660011724,16904.01611328125,0,52,2,
55,12320,0.813333,1.0,0.9999195961789651,0.17234477307647467,0.8398109931837429,0.5511521667919376,0.008040814237161116,0.007040418218821287,0.0020701079345599284,0.003780734476591037,0.005301705742551183,0.009614242461975665,0.013043784428472547,0.020568152203817257,0.0017800315734678984,0.022193472586910835,0.004444608820962127,0.0,0.0,176.48104874004017,0.1897631782254453,0.1897631782254453,nan,nan,nan,nan,0.001,143.8494809200056,8044.067140931729,16904.01611328125,0,52,3,
56,12540,0.81,1.0,0.9999192198569125,0.17133578124710105,0.8408147019418803,0.5419330292804675,0.00807848574530164,0.0070947695057839155,0.0021225049034745264,0.0037796832938593898,0.00528563865439289,0.009694188366517085,0.013116524707187306,0.020568403861993417,0.0018708369472733466,0.022090480698865246,0.004448528083528138,0.0,0.0,175.447840274464,0.18470040626105852,0.18470040626105852,nan,nan,nan,nan,0.001,143.5355464720633,8187.6026874037925,16904.01611328125,0,52,4,
57,12760,0.806667,1.0,0.9999190765348348,0.17291261110116135,0.8411388991908594,0.5462351018732244,0.008092959970235824,0.007042980255474421,0.0020465139506003734,0.003797836918701333,0.005268133643866432,0.0096740620972758,0.013211301597766578,0.021113268978131764,0.0017764525048485004,0.022784517413343894,0.004567770625263537,0.0,0.0,177.06251399300317,0.1767175586187634,0.1767175586187634,nan,nan,nan,nan,0.001,143.60622138390318,8331.208908787696,16904.01611328125,0,52,5,
58,12980,0.803333,1.0,0.9999192416667938,0.17376797040077774,0.8405892988497561,0.5454121993346648,0.008076229055454447,0.007057475798170675,0.0020749062620531978,0.003791381941780194,0.005295324543575672,0.009704321658831429,0.013151403484781358,0.020817954031835225,0.0018250790557927262,0.022444578277116472,0.004508088889468292,0.0,7.102272727272727e-05,177.93840200250798,0.19207875152751738,0.19207875152751738,nan,nan,nan,nan,0.001,143.56788974208757,8474.776798529783,16904.01611328125,0,52,6,
59,13200,0.8,1.0,0.9999185201796619,0.17153383180160414,0.8410053698854013,0.5354727589271285,0.008148703767537055,0.007095198064449836,0.002127909934113797,0.00388130775972968,0.005347804135156118,0.009741869145496325,0.013325215969234704,0.021003755008463156,0.001861791712723392,0.02256025504532524,0.004537331382744014,0.0,0.0,175.65064348741012,0.18719230621071592,0.18719230621071592,17.652033772341085,0.5648427449948283,0.9138201475143433,0.9612229679343773,0.001,143.97534655290656,8618.75214508269,16904.01611328125,0,52,7,
60,13420,0.796667,1.0,0.9999191998080774,0.17061128342016177,0.8406520449302414,0.5379242187873884,0.00808054072867063,0.007084232329560274,0.002100712579439542,0.00375732040212659,0.00532088732632639,0.00971731093966148,0.013138168216259643,0.02083377937828614,0.0018490274422881404,0.02250593909993768,0.004490891740847887,0.0,0.0,174.70595453435723,0.17381609575435927,0.17381609575435927,nan,nan,nan,nan,0.001,143.58709554909728,8762.339240631787,16904.01611328125,1,60,0,best
61,13640,0.793333,1.0,0.999918854507533,0.1722581254149025,0.8411657739769328,0.5329159431159496,0.008115138752724637,0.007101891732732342,0.00208603165070103,0.0038059627925659616,0.005331326805224473,0.009708705101035197,0.01319806993811984,0.0210850790143013,0.0018179304679837183,0.02282479076476937,0.004538658835967495,0.0,0.0,176.39231997403232,0.19295864175942543,0.19295864175942543,nan,nan,nan,nan,0.001,143.64673483395018,8905.985975465737,16904.01611328125,0,60,1,
62,13860,0.79,1.0,0.9999188918959011,0.17195940994742243,0.8406425722620704,0.5522415376522324,0.008111407268072732,0.007091156356248327,0.0020352605923438785,0.0038054971249287272,0.005303188734052872,0.009736620016734709,0.01318594849964773,0.021002658079801634,0.0017548675220909486,0.022614811881530014,0.004550759452500973,0.0,0.0,176.08643606359308,0.19040148321022038,0.19040148321022038,nan,nan,nan,nan,0.001,143.37920045596547,9049.365175921703,16904.01611328125,0,60,2,
63,14080,0.786667,1.0,0.9999181384390051,0.17284384418956258,0.8411222246560184,0.5525249120186676,0.00818664031738246,0.007126743904187937,0.0020332786959029775,0.0037972267111234196,0.005334868077294563,0.009859970537945628,0.013317351805215533,0.02125394526996057,0.0017641060566430415,0.022864951815625482,0.0046143421114803376,0.0,0.0,176.99209612066096,0.18796751776975304,0.18796751776975304,nan,nan,nan,nan,0.001,143.40124599286355,9192.766421914566,16904.01611328125,0,60,3,
64,14300,0.783333,1.0,0.9999191410162233,0.17526235971599818,0.8407615471969951,0.5512864780696956,0.008086665763138708,0.007039750612933528,0.002033079847652433,0.0037531771617729894,0.005287850408455018,0.00975616420936686,0.013199317368509418,0.02083220539445227,0.0017841894756036873,0.02251501257785342,0.004521318416068838,0.0,0.0,179.46865686936812,0.17534994564219242,0.17534994564219242,18.833030039318366,0.5725445330907531,0.8438288569450378,0.9574944071588367,0.001,144.1128175179474,9336.879239432514,16904.01611328125,0,60,4,
65,14520,0.78,1.0,0.9999184188517657,0.1745536519214511,0.8408385880968787,0.5555696516551755,0.008158668042795563,0.007134177821519022,0.0020662264909664043,0.003756927222870714,0.005307331892386587,0.00982619344193319,0.013253933819942176,0.021409673294560477,0.0018147104020582363,0.023151310601017692,0.004634416915624487,0.0,0.0,178.74293989701704,0.1912487973430244,0.1912487973430244,nan,nan,nan,nan,0.001,143.8505279289093,9480.729767361423,16904.01611328125,0,60,5,
66,14740,0.776667,1.0,0.9999186656691811,0.17394571693783456,0.8406163035468621,0.5507160391319882,0.00813382470197129,0.007108807034621184,0.0020344919492675797,0.0037942191014405002,0.0053071068187074905,0.009813177764458074,0.0132649704602293,0.02086300598880784,0.0017553160413544076,0.022412607797675514,0.004536745175507597,0.0,0.0,178.12041334672406,0.17806795696298913,0.17806795696298913,nan,nan,nan,nan,0.001,143.42204775707796,9624.151815118501,16904.01611328125,0,60,6,
67,14960,0.773333,1.0,0.9999180963093585,0.17376880149611018,0.8414087384939194,0.5494880874725905,0.00819084170401435,0.00715159778483212,0.0020200369824041526,0.0037292554836974227,0.005266507263083689,0.009837952817112885,0.013474603642878885,0.02145425782919946,0.0017629838044657927,0.023039617541838777,0.004686365282395855,0.0,7.102272727272727e-05,177.9392530267889,0.196076369570168,0.196076369570168,nan,nan,nan,nan,0.001,143.63783037196845,9767.78964549047,16904.01611328125,0,60,7,
68,15180,0.77,1.0,0.9999177825721828,0.16966221403669227,0.8413068340583281,0.5445257974619215,0.008222158054228533,0.0071564672588878735,0.0021258125882675154,0.0038822340665236963,0.005362202096412974,0.0097756988146681,0.013486370446414432,0.021401393409310417,0.0018613119780308228,0.022980766114778818,0.004628308095164936,0.0,0.0,173.7341070868752,0.18792560068473785,0.18792560068473785,nan,nan,nan,nan,0.001,143.64707677508704,9911.436722265556,16904.01611328125,0,60,8,
69,15400,0.766667,1.0,0.9999180108308792,0.17208193923262033,0.8416129276156425,0.5478998193686658,0.008199267388871787,0.007170518310952254,0.00205832837845347,0.003827224782170643,0.005375547905516049,0.009877870264674791,0.01346594283822924,0.021046121359210124,0.0018043635794211612,0.022639507840556853,0.004568282266634262,0.0,0.0,176.21190520199863,0.18405992051571687,0.18405992051571687,19.83252422610039,0.5584520672990599,0.8850517868995667,0.9835943325876212,0.001,144.01021095598117,10055.446933221538,16904.01611328125,0,60,9,
70,15620,0.763333,1.0,0.9999175051396544,0.17178620325232094,0.8412006424231963,0.5439155991781842,0.008249966698614034,0.007109186920041049,0.002053700137581803,0.0037551736811027776,0.005303924161390486,0.009907185915984553,0.013672212297520176,0.021775286212902176,0.0017822498508228983,0.02344437612813305,0.00476455603916706,0.0,0.0,175.90907303203235,0.17574745373657116,0.17574745373657116,nan,nan,nan,nan,0.001,143.46833019703627,10198.915263418574,16904.01611328125,0,60,10,
71,15840,0.76,1.0,0.9999179501425136,0.17343540723350914,0.8414087011055513,0.5411232665858485,0.00820554090579125,0.0071402126986702735,0.0020339299450411502,0.003760122324985621,0.005307602624154904,0.009902073913888837,0.013379111181182618,0.021493135424415496,0.0017756976017236329,0.023141889879480005,0.004680071120806546,0.0,0.0,177.5978573885831,0.17703615139369466,0.17703615139369466,nan,nan,nan,nan,0.001,143.64240438397974,10342.557667802554,16904.01611328125,0,60,11,
72,16060,0.756667,1.0,0.999917581948367,0.17096708933399482,0.841339715773409,0.547864476997744,0.00824238089421256,0.007178055333100598,0.0020729450004926715,0.0038434615567728707,0.005371560031992637,0.009947889762803573,0.013584780043245039,0.021093115773559972,0.001802112127056303,0.0226113786815073,0.00459519882675853,0.0,7.102272727272727e-05,175.07029861103405,0.1820787611482525,0.1820787611482525,nan,nan,nan,nan,0.001,143.76167786493897,10486.319345667493,16904.01611328125,0,60,12,
73,16280,0.753333,1.0,0.9999168885025111,0.17250536495650357,0.8410148420117118,0.5571788280524991,0.008311833317433907,0.007185367650394751,0.0020434862152879677,0.0037731216823555193,0.005368399452841417,0.009976449773900888,0.013706348876638168,0.02202722995795987,0.001778915483770437,0.02367530418559909,0.004805195187641816,0.0,0.0,176.64549329931086,0.18954188387534662,0.18954188387534662,nan,nan,nan,nan,0.001,143.74538728804328,10630.064732955536,16904.01611328125,0,60,13,
74,16500,0.75,1.0,0.9999174430966378,0.17423029944977977,0.8420678893273527,0.5376667295667258,0.00825623228553344,0.007124195222488859,0.0019943074657930993,0.0037782943590586497,0.005335403951308266,0.009926405845379288,0.01353577996223149,0.02196378788106482,0.001715518692848987,0.023750403502278708,0.004779959143541584,0.0,7.102272727272727e-05,178.41182637648149,0.18976880440687732,0.18976880440687732,17.613177346092986,0.5501976733359996,0.8401328921318054,0.9545115585384042,0.001,143.80271300300956,10773.867445958545,16904.01611328125,0,60,14,
75,16720,0.746667,1.0,0.9999169173565778,0.17461909343573181,0.841876048933376,0.5507370556620035,0.008308931162834845,0.007192764698993414,0.0020087251967528244,0.0037732065898704935,0.005369484938405962,0.009967011732938276,0.013723098203031855,0.022003642492927612,0.001726162416459622,0.02368467628998174,0.004812823986867443,0.0,7.102272727272727e-05,178.80995176488702,0.21864172269176002,0.21864172269176002,nan,nan,nan,nan,0.001,143.50177787803113,10917.369223836577,16904.01611328125,0,60,15,
76,16940,0.743333,1.0,0.9999173581600189,0.17256683766503225,0.8422146252610466,0.5466556412929838,0.008264561380598355,0.007164745386266573,0.0020417319127525183,0.0038042079834584995,0.005343529988948086,0.009878684527410026,0.013542630453594029,0.022078636796637015,0.0017765357314188308,0.023887140064669604,0.004785142995586449,0.0,0.0,176.70844145688145,0.18955972947008992,0.18955972947008992,nan,nan,nan,nan,0.001,143.5417753069196,11060.910999143496,16904.01611328125,0,60,16,
77,17160,0.74,1.0,0.9999172241850333,0.17294363711367955,0.8413995498960668,0.5484487254511227,0.008278247891840609,0.007174352024131539,0.002004615228228927,0.003772843130652539,0.0053574906794396655,0.00995876502711326,0.013674478592689741,0.021798364386301148,0.0017449146964447044,0.023410960200073366,0.004762850718212907,0.0,0.0,177.09428419633346,0.17401097657588813,0.17401097657588813,nan,nan,nan,nan,0.001,143.63330586184748,11204.544305005344,16904.01611328125,0,60,17,
78,17380,0.736667,1.0,0.9999161396514286,0.17548685920509424,0.8423576121980494,0.5508689020845023,0.008386637558313934,0.007211354406635192,0.001995070670686387,0.0038231047346595336,0.0053893070477484305,0.01001609709452499,0.013900225129063156,0.02241342739752409,0.0017151207845183141,0.02418445203537968,0.004907541412500326,0.0,7.102272727272727e-05,179.6985436699607,0.17902484604846736,0.17902484604846736,nan,nan,nan,nan,0.001,143.5873310470488,11348.131636052392,16904.01611328125,0,60,18,
79,17600,0.733333,1.0,0.9999170132658698,0.17563338145952334,0.842077102850784,0.5414216754111376,0.008299263681031087,0.007197311252821237,0.001954686370233751,0.0038397723912070927,0.0053685659177559,0.009958425609775903,0.013646298655393449,0.02212806874886155,0.001681719659179428,0.024055451370606367,0.004792288428341801,0.0,0.0,179.84858334281228,0.18161726911460846,0.18161726911460846,14.051990947337575,0.5517879118974787,0.9151149988174438,0.9686800894854586,0.001,144.2580208380241,11492.389656890417,16904.01611328125,0,60,19,
80,17820,0.73,1.0,0.9999162660403685,0.17219396780499002,0.8418967484073205,0.5578290637921203,0.008374056811656126,0.007212972162630071,0.0020216321193650155,0.00380612438893877,0.005388935243139382,0.00996793188281696,0.013859994732774794,0.022550048291767863,0.0017417431323503312,0.024308838123794307,0.004909562848677689,0.0,0.0,176.32662239074708,0.19165982446648927,0.19165982446648927,nan,nan,nan,nan,0.001,143.48490368179046,11635.874560572207,16904.01611328125,0,60,20,historical_early_stop(patience=20)
81,18040,0.726667,1.0,0.9999160658229481,0.17096986086531119,0.8423335582017899,0.5442580064589327,0.008393914326602085,0.007255076596894386,0.0020706327447524843,0.0038365233379987662,0.005421308809044686,0.010018516904462807,0.013832293160852384,0.02258813542483205,0.0018015439286087217,0.02445996010422029,0.004895690067628906,0.0,0.0,175.07313794222745,0.18312704738700528,0.18312704738700528,nan,nan,nan,nan,0.001,143.54124529403634,11779.415805866243,16904.01611328125,0,60,21,
82,18260,0.723333,1.0,0.9999160629781809,0.17203280600634488,0.841969366913492,0.5518456108868122,0.008394344634672797,0.007192460123703561,0.00205813988584189,0.003843414376288737,0.005394569088556719,0.01003482597562569,0.013927277442152526,0.02242191087835553,0.0017724584782792424,0.024099064341068944,0.004901646947572854,0.0,7.102272727272727e-05,176.16159392270174,0.18628803127100255,0.18628803127100255,nan,nan,nan,nan,0.001,143.32090771594085,11922.736713582184,16904.01611328125,0,60,22,
83,18480,0.72,1.0,0.9999158532782034,0.17152307045392015,0.842667203057896,0.5467656579207291,0.0084151882159693,0.007268694518345662,0.0019979024745142935,0.0038314270210156047,0.0053822396571790295,0.010080115013459527,0.013899845481765542,0.022560353850183838,0.0016990169063071583,0.024290892373855143,0.004926106122068384,0.0,7.102272727272727e-05,175.63962435288863,0.18543277693719698,0.18543277693719698,nan,nan,nan,nan,0.001,143.6035992889665,12066.34031287115,16904.01611328125,0,60,23,
84,18700,0.716667,1.0,0.9999153750863943,0.17134477824650027,0.8419597377831286,0.539233633401719,0.008463249687867408,0.007245202230247246,0.0020421326775249327,0.003818815999495035,0.005393568423724818,0.010125018064652316,0.014039384370500391,0.02302667521659962,0.001762487316624505,0.024956096823073246,0.005029822207077152,0.0,0.0,175.45705337524413,0.20000426634276577,0.20000426634276577,15.16123380465455,0.5058579731727908,0.8953943252563477,0.9701715137956749,0.001,143.96443006093614,12210.304742932087,16904.01611328125,0,60,24,
85,18920,0.713333,1.0,0.9999156786636872,0.17542411571537905,0.84198531860655,0.5472638338804245,0.008432379065462473,0.0072680390873839235,0.0019655796126409604,0.0037871187293521042,0.005370832355269654,0.010121588001493365,0.01394690963312645,0.022837956082499163,0.001689767568727389,0.024677635020237756,0.004996452607023953,0.0,0.0,179.63429438851097,0.17493852939058152,0.17493852939058152,nan,nan,nan,nan,0.001,143.79195005493239,12354.09669298702,16904.01611328125,0,60,25,
86,19140,0.71,1.0,0.9999151733788577,0.17276178312233903,0.8423143363811753,0.5412465085360136,0.008483254740184003,0.007285058565056798,0.0019742636276615403,0.0038174175535625014,0.005426754735791209,0.010147884326182645,0.014092141199349002,0.02298446971161122,0.0016924138997307058,0.024784706295891242,0.005031960269182243,0.0,7.102272727272727e-05,176.9080657785589,0.19248368021901152,0.19248368021901152,nan,nan,nan,nan,0.001,143.519910689909,12497.616603676928,16904.01611328125,0,60,26,
87,19360,0.706667,1.0,0.9999160666357387,0.17549102077768608,0.8420391352339225,0.5578503690659999,0.008393967202441259,0.007236266229301691,0.0019225846899974964,0.003725308122706007,0.0053486578415190295,0.010117068598893556,0.013999592191116376,0.022501184211366557,0.0016532564143496777,0.024276269413530827,0.004950165802570568,0.0,0.0,179.70280518965288,0.19036824740700023,0.19036824740700023,nan,nan,nan,nan,0.001,143.69703094405122,12641.31363462098,16904.01611328125,0,60,27,
88,19580,0.703333,1.0,0.9999160209839995,0.17167489667507735,0.8423291802406311,0.5417272061786869,0.008398574006489731,0.007229908957908099,0.0020190106618842535,0.003814924452771348,0.005377526116684418,0.010059871285391802,0.013920211768709122,0.02253386711871082,0.0017367740148157198,0.0243448388106613,0.004922644337850877,0.0,7.102272727272727e-05,175.7950944033536,0.18272046308559353,0.18272046308559353,nan,nan,nan,nan,0.001,143.66763159795664,12784.981266218936,16904.01611328125,0,60,28,
89,19800,0.7,1.0,0.9999155502427708,0.16958067132668062,0.8420102279294621,0.5452844134785912,0.008445282875221562,0.007256799258969047,0.0020382945498568007,0.0038098423080307176,0.005423126036343588,0.010106738418637013,0.014191140369935469,0.022352079247039826,0.001769433224432181,0.024015752696008846,0.004908530093433166,0.0,0.0,173.6506074211814,0.18482153168216572,0.18482153168216572,14.577672465652533,0.5749984986163074,1.0255587100982666,0.9761372110365399,0.001,143.96852174098603,12928.949787959922,16904.01611328125,0,60,29,
90,20020,0.696667,1.0,0.9999154100363905,0.17124031094664877,0.8427625383843075,0.5354161523282528,0.008459328655788505,0.007250491633418609,0.002036582523578545,0.0037926069484621456,0.0054022354052656076,0.01012702216711742,0.014128058693710376,0.022829829869707198,0.0017647715202904445,0.024691501236520707,0.004991587056164545,0.0,7.102272727272727e-05,175.35007866946134,0.18550565273597322,0.18550565273597322,nan,nan,nan,nan,0.001,143.34677644097246,13072.296564400895,16904.01611328125,0,60,30,
91,20240,0.693333,1.0,0.9999151549556039,0.17295093002983114,0.8420610612088983,0.5401588702066378,0.008485323424578051,0.007288572346706959,0.001948731442296941,0.003779886169253256,0.005408228652297773,0.010153396552513268,0.014013097147372635,0.02333724363707006,0.0016695851044046734,0.02533031664577059,0.005102333955106918,0.0,0.0,177.10175295743076,0.1869834153777092,0.1869834153777092,nan,nan,nan,nan,0.001,143.44109337311238,13215.737657774007,16904.01611328125,0,60,31,
92,20460,0.69,1.0,0.9999154256148772,0.17466419450938703,0.8429543077945709,0.5471176116303964,0.008457910645202819,0.007282693150707267,0.001973290764263683,0.0037687354734357954,0.005418572314506905,0.01014101033162495,0.014150710577483882,0.02239815235053274,0.0017191520668844037,0.024157267493534494,0.004943117878759618,0.0,7.102272727272727e-05,178.85613500421698,0.2049979954911849,0.2049979954911849,nan,nan,nan,nan,0.001,143.49080359004438,13359.228461364051,16904.01611328125,0,60,32,
93,20680,0.686667,1.0,0.9999151755462993,0.1726255615665154,0.8430295862934806,0.5440583145076578,0.008482995722442866,0.007262750051449984,0.0019458109498373232,0.0038015151078897445,0.005387094931740483,0.010191659759518436,0.014179266007109122,0.02300628979097713,0.0016645397737606387,0.02480118209707805,0.00505608226574788,0.0,0.0,176.76857572035357,0.19989629223560676,0.19989629223560676,nan,nan,nan,nan,0.001,143.41372506320477,13502.642186427256,16904.01611328125,0,60,33,
94,20900,0.683333,1.0,0.9999145179986954,0.17315849252045154,0.8430558887394992,0.532028133760799,0.008548732767601243,0.00735232926143164,0.0019798344839562724,0.003841295100706206,0.005469796183751896,0.010285849689336662,0.014158340035514399,0.023175842405974187,0.0017187815792732925,0.025041510410268197,0.005063763324340636,0.0,7.102272727272727e-05,177.31429658369584,0.1896415686763487,0.1896415686763487,17.29153043080306,0.5490658371833403,0.9177266359329224,0.9202087994034303,0.001,144.03879239200614,13646.680978819262,16904.01611328125,0,60,34,
95,21120,0.68,1.0,0.9999139432202686,0.1701476741920818,0.8431549694050442,0.5418432142246853,0.008606243461624466,0.007351814207239923,0.0020177833635402335,0.0037946613169465722,0.005440815261416984,0.010280956028410318,0.014573353615758771,0.023325341353616254,0.0017407812869681617,0.025105940040454945,0.005153910996159539,0.0,7.102272727272727e-05,174.23121712424538,0.20557432286079008,0.20557432286079008,nan,nan,nan,nan,0.001,143.58098319685087,13790.261962016113,16904.01611328125,0,60,35,
96,21340,0.676667,1.0,0.9999148912050507,0.17100673212923787,0.8426963212815198,0.5338304170830683,0.008511303036092696,0.007316595509605991,0.0020411235861750106,0.0038162725591312416,0.0054182861905164,0.010235195016403768,0.01408794637430798,0.02314547641329806,0.0017713298134780912,0.02499994637275284,0.0050458851534957916,0.0,0.0,175.1108936136419,0.19067638338429016,0.19067638338429016,nan,nan,nan,nan,0.001,143.47899952414446,13933.740961540258,16904.01611328125,0,60,36,
97,21560,0.673333,1.0,0.9999149184335362,0.17054929939860647,0.8429010502316735,0.530814036659219,0.008508756118614904,0.007286429809491066,0.0019984777399010703,0.0037650220418899236,0.005417478942333466,0.010145020245743746,0.014304629745046524,0.02316131728320298,0.0017227686671090355,0.024924100063402545,0.005094006223159588,0.0,0.0,174.64248353784734,0.20299096762224914,0.20299096762224914,nan,nan,nan,nan,0.001,143.5579129140824,14077.29887445434,16904.01611328125,0,60,37,
98,21780,0.67,1.0,0.9999132160436023,0.17002936914901842,0.8429701568050818,0.5308765221048485,0.008678827549076893,0.0073224652114070275,0.0020493861831544728,0.0038772497971711513,0.005439543050438674,0.010419992776587606,0.01458919068205763,0.023998257348483258,0.0017699580376343378,0.02597753399009393,0.005272639714266089,0.0,0.0,174.11007312427867,0.19603705937149882,0.19603705937149882,nan,nan,nan,nan,0.001,143.42348667490296,14220.722361129243,16904.01611328125,0,60,38,
99,22000,0.666667,1.0,0.9999152878468687,0.1738350766964934,0.8443440849130804,0.5304505351592194,0.00847181093625047,0.0072867698946290395,0.0019873128240181937,0.003765210325152359,0.005377876513044943,0.010219318191097542,0.01414550157814202,0.02265314572406086,0.0017129969418006525,0.02433653970841657,0.00499309307355857,0.0,0.0,178.00711848519066,0.1871312689480794,0.1871312689480794,18.2240769669529,0.5465120616733684,1.0446312427520752,1.005965697240865,0.001,143.88366776215844,14364.606028891401,16904.01611328125,0,60,39,
100,22220,0.663333,1.0,0.9999140878969973,0.1715600138868798,0.8433314426378771,0.5357639467174357,0.00859159126094627,0.0073456791980954055,0.001991791134059895,0.003762352365513586,0.005450816856252707,0.010309038798070767,0.014363859236155721,0.02328525379681113,0.0017151615434903016,0.02507455544969575,0.0051382810210766775,0.0,0.0,175.67745428952304,0.18375278831970945,0.18375278831970945,nan,nan,nan,nan,0.001,143.8177470189985,14508.4237759104,16904.01611328125,0,60,40,
101,22440,0.66,1.0,0.9999145736748521,0.1701692372560501,0.8427068943327124,0.5388081811368466,0.008542909770569002,0.0073196743456223476,0.002033263028451157,0.00381311304861976,0.005445363786897029,0.010290616053283554,0.014268886964683506,0.022947386453266848,0.0017801595536267004,0.02475293063854968,0.005036947975697165,0.0,0.0,174.25329922762785,0.18833007279595743,0.18833007279595743,nan,nan,nan,nan,0.001,143.48427739692852,14651.908053307328,16904.01611328125,0,60,41,
102,22660,0.656667,1.0,0.9999138546260921,0.1707775740460916,0.8434419023719701,0.5277822215448726,0.008614953235850077,0.007373759570658545,0.002017117807620459,0.0038040381340331145,0.005436505425975404,0.010311259117654778,0.014311966803771529,0.023780394171957264,0.001738832572631178,0.025650210365314376,0.005202295734356581,0.0,0.0,174.8762361353094,0.18194166013919916,0.18194166013919916,nan,nan,nan,nan,0.001,143.45065095694736,14795.358704264276,16904.01611328125,0,60,42,
103,22880,0.653333,1.0,0.9999140574173494,0.1695087483152747,0.8424566890705716,0.5382384098388932,0.008594768592791463,0.007334731999700042,0.0020184756780508907,0.0038082718290917746,0.005480558778667315,0.010281907075973736,0.014345708548684012,0.02350116077260199,0.0017501085615632208,0.02540067271964455,0.0051564605340403925,0.0,7.102272727272727e-05,173.57695791071112,0.1881351947033437,0.1881351947033437,nan,nan,nan,nan,0.001,143.59520623111166,14938.953910495387,16904.01611328125,0,60,43,
104,23100,0.65,1.0,0.9999141080812974,0.17491942662745713,0.8440545503388751,0.5453476532616398,0.008589892781508917,0.00734823982083154,0.0019281357046565973,0.0036914979583922434,0.005414608798243783,0.010330317257268523,0.014362875107591126,0.023664423696358097,0.0016581704903728678,0.025616782829588788,0.00522579492482526,0.0,0.00014204545454545454,179.11749198219994,0.18184662106011318,0.18184662106011318,14.728778488521426,0.4879337877736897,0.8491615056991577,0.9052945563012678,0.001,143.91030173096806,15082.864212226355,16904.01611328125,0,60,44,
105,23320,0.646667,1.0,0.9999133986505595,0.17469729147851468,0.8431372685865922,0.5345461438325319,0.00866066676628014,0.0073042150174098255,0.001915236488738711,0.003759682542295195,0.005473433354001662,0.01037178676660088,0.01461797432169657,0.02408898760649291,0.001638714088502721,0.026101785028268668,0.005312382329297675,0.0,0.00014204545454545454,178.89002633528276,0.18884268512078137,0.18884268512078137,nan,nan,nan,nan,0.001,143.66085235588253,15226.525064582238,16904.01611328125,0,60,45,
106,23540,0.643333,1.0,0.9999129337343302,0.16889441897245971,0.8436715112491088,0.5225555803965438,0.008707104411653496,0.00741262515287169,0.0020559760350972118,0.0038754366237712516,0.0054694699112918565,0.01038773571437394,0.014516312222589147,0.02398334564852782,0.001773231350605122,0.025819735722192986,0.005286339346573434,0.0,0.0,172.94788551330566,0.1817750102329001,0.1817750102329001,nan,nan,nan,nan,0.001,143.46653166692704,15369.991596249165,16904.01611328125,0,60,46,
107,23760,0.64,1.0,0.9999137912284244,0.17255962421609597,0.8436781189658425,0.5338550222190943,0.008621387027034706,0.007369817729870027,0.0019519530816151844,0.0037774963465794413,0.005406107111643492,0.010382054350338876,0.014479895298030567,0.02353424624201249,0.0016613396006670716,0.025314620712941344,0.005208159799010239,0.0,0.0,176.7010552666404,0.1799867435479512,0.1799867435479512,nan,nan,nan,nan,0.001,143.44843179406598,15513.440028043231,16904.01611328125,0,60,47,
108,23980,0.636667,1.0,0.9999135221947323,0.17228120150552553,0.8432900859550996,0.5332940361039205,0.00864826559131457,0.007388302409725094,0.0019640891672844936,0.0038024243914564562,0.005468207964440808,0.010261678588788278,0.014341959871605716,0.024379375703971494,0.0016773745969740875,0.02645648763811385,0.005325810893290592,0.0,0.0,176.4159499428489,0.18442663897378955,0.18442663897378955,nan,nan,nan,nan,0.001,143.3708912380971,15656.810919281328,16904.01611328125,0,60,48,
109,24200,0.633333,1.0,0.9999123552983458,0.1700227799063379,0.8437236516313119,0.5296263041144068,0.00876493908528408,0.0073875704473307865,0.0020045184904037426,0.0038020414014516227,0.0054584372180133045,0.010472312710374932,0.014972764037718828,0.02468024334785613,0.0017289648379863304,0.026670005631802433,0.0054552832115653226,0.0,0.0,174.10332632931795,0.18916631452278107,0.18916631452278107,16.909268682267538,0.5340761161397619,0.9306254386901855,0.9589858314690529,0.001,144.0510525458958,15800.861971827224,16904.01611328125,0,60,49,
110,24420,0.63,1.0,0.9999132618308068,0.17079951829192314,0.8435642173344439,0.5279121905565262,0.008674221359912984,0.007396515846167776,0.002008001300022112,0.0038217555771222,0.0054635412948714065,0.010310465693262152,0.014549226387911899,0.024164719921960072,0.0017297706144249374,0.02622025112663819,0.005298293510515412,0.0,7.102272727272727e-05,174.8987065748735,0.19533233647090634,0.19533233647090634,nan,nan,nan,nan,0.001,143.59640027489513,15944.458372102119,16904.01611328125,0,60,50,
111,24640,0.626667,1.0,0.9999124040657824,0.16858262331648308,0.8432937044988978,0.5301805377006531,0.008760159674354576,0.007476302721029656,0.0019987553569080774,0.0038077606277180497,0.005490879068913108,0.01041999224531041,0.014663932802663609,0.02463601866991005,0.0016994197627685605,0.02669831737664274,0.005405240754639222,0.0,0.0,172.6286058772694,0.17955610292093296,0.17955610292093296,nan,nan,nan,nan,0.001,143.4999436920043,16087.958315794123,16904.01611328125,0,60,51,
112,24860,0.623333,1.0,0.9999126629395918,0.1706033539196307,0.8441012249751525,0.5372986830770969,0.00873421622038057,0.0074527070868167684,0.0019938474206190387,0.0038236440196421674,0.005484737324083901,0.01050233608005907,0.014678966969420964,0.023871377842839468,0.0017225853454047781,0.02572622064458714,0.0052802733420817686,0.0,0.0,174.69783404957164,0.2060334376091587,0.2060334376091587,nan,nan,nan,nan,0.001,143.57293432601728,16231.53125012014,16904.01611328125,0,60,52,
113,25080,0.62,1.0,0.9999117687344551,0.1710463382473046,0.844195608659224,0.5273236425762827,0.008823842191222038,0.00746980797584084,0.0020213099911581428,0.0038087911893274974,0.005502343233886429,0.01058413649549369,0.01495046976911412,0.02443809188606048,0.001752850708048341,0.02628375326325609,0.005412895428757607,0.0,7.102272727272727e-05,175.1514508854259,0.1970497077111909,0.1970497077111909,nan,nan,nan,nan,0.001,143.54755820380524,16375.078808323946,16904.01611328125,0,60,53,
114,25300,0.616667,1.0,0.9999127946116707,0.16935620160604065,0.8444148470054973,0.520849796384573,0.00872079634890807,0.007409602835435759,0.0020231909096764867,0.0038493507488800045,0.005494164618324827,0.010457795432938094,0.01458862732926553,0.024158011065711353,0.0017474398117800858,0.026086604736999353,0.005313001779458401,0.0,0.0,173.42075061798096,0.19680090498749025,0.19680090498749025,15.11785644545898,0.5418431843147931,0.949723482131958,0.9582401193139448,0.001,143.92833517305553,16519.007143497,16904.01611328125,0,60,54,
115,25520,0.613333,1.0,0.9999127793041143,0.1730184250257232,0.8442105621099472,0.5271067229861562,0.008722598279233683,0.007403850357513874,0.0019711760675735685,0.0038596604302504355,0.0054952270340767094,0.010415009903425181,0.014698419654318555,0.02414712957529859,0.001674524675036082,0.026210503083315084,0.00531601594411768,0.0,0.0,177.17086746909402,0.19787371691042982,0.19787371691042982,nan,nan,nan,nan,0.001,143.57393852504902,16662.58108202205,16904.01611328125,0,60,55,
116,25740,0.61,1.0,0.9999117324298078,0.165977484207939,0.8442470810630105,0.5202977263791995,0.008827285246330906,0.0074791108512065625,0.0020877561951982153,0.0038469914508327333,0.0055133161193225535,0.010587832983583212,0.014946552793580023,0.024475736884315584,0.001835141704809344,0.026432294631376863,0.005411038701210848,0.0,0.0,169.96094381159003,0.1753880485355406,0.1753880485355406,nan,nan,nan,nan,0.001,143.65838499809615,16806.239467020147,16904.01611328125,0,60,56,
117,25960,0.606667,1.0,0.9999117164449258,0.16820734212683006,0.844439509510994,0.5173874794759533,0.008828706508079036,0.007426989480683749,0.0020145567594392396,0.0038522652024932376,0.005476025654405186,0.010657568682323803,0.015108456716618755,0.02426243088504469,0.0017285771208579801,0.02605178265155039,0.005410138934596695,0.0,0.0,172.24431814713913,0.18873191457060615,0.18873191457060615,nan,nan,nan,nan,0.001,143.7474742338527,16949.986941254,16904.01611328125,0,60,57,
118,26180,0.603333,1.0,0.9999128156087616,0.17064556476067413,0.8445106588981368,0.521074909649112,0.008718947677830742,0.007440477868923071,0.0019508634697889317,0.0037862318607618695,0.005489820086884058,0.010458034863272174,0.014809229811230167,0.024008177658966318,0.001670231659624154,0.02588170719629323,0.005310884601732885,0.0,0.0,174.74105897383257,0.1837153180043693,0.1837153180043693,nan,nan,nan,nan,0.001,143.83783361804672,17093.824774872046,16904.01611328125,0,60,58,
119,26400,0.6,1.0,0.9999123578721827,0.17103239057416267,0.8441900610923767,0.5263429149307988,0.008764477018055251,0.007422128561037508,0.0019798201543876942,0.003817772450433536,0.005479146565035494,0.010478523741899566,0.014889708895828914,0.024431321723386645,0.0017101405339252035,0.026330299059521747,0.005394678437468511,0.0,0.0,175.13716782656584,0.21488417130520288,0.21488417130520288,15.005363895612826,0.5359576461124104,0.9780052304267883,0.9373601789709173,0.001,143.96468645101413,17237.78946132306,16904.01611328125,0,60,59,
120,26620,0.596667,1.0,0.9999116885391148,0.1712605978954922,0.8444190935655074,0.5297162420370362,0.008831556640904058,0.007507414838553153,0.0019405270429904869,0.0037775722067718478,0.00549974385807714,0.010552930702794004,0.015008258995261382,0.024701479578983377,0.001658404469146097,0.026761734974570572,0.005465216388587248,0.0,0.0,175.37085259177468,0.1850026395718652,0.1850026395718652,nan,nan,nan,nan,0.001,143.75755924615078,17381.54702056921,16904.01611328125,0,60,60,
121,26840,0.593333,1.0,0.9999129856174642,0.1737856913357973,0.8447777573357929,0.530914421244101,0.008702113504775545,0.007424387691373175,0.0019053226680791175,0.003797172040636228,0.005453752382891253,0.010443927035455339,0.014612736337056214,0.02417009812144732,0.0016280388238638724,0.02619481473864818,0.005342388702344826,0.0,0.0,177.9565478064797,0.20951897924178,0.20951897924178,nan,nan,nan,nan,0.001,144.4902270620223,17526.037247631233,16904.01611328125,0,60,61,
122,27060,0.59,1.0,0.9999115178530866,0.1716281880709258,0.844760361449285,0.5208681871945208,0.008848813265054063,0.007453999883198941,0.001996767244748877,0.003779782504319552,0.005474316923011264,0.010500345218249343,0.015008107200264931,0.025543391046283597,0.0017429283852834487,0.02772339725739915,0.0056449553558856926,0.0,7.102272727272727e-05,175.747265625,0.19066514320520042,0.19066514320520042,nan,nan,nan,nan,0.001,144.30428971908987,17670.341537350323,16904.01611328125,0,60,62,
123,27280,0.586667,1.0,0.9999100602485916,0.16739629288627342,0.8442472819577563,0.5256968114186417,0.008994434289210899,0.007553488810927692,0.0020248508199239785,0.0038767274344784462,0.005519245252203704,0.0108564423376017,0.01533920644697818,0.025376298778097738,0.001739656164417366,0.027499650113961913,0.005633885617664253,0.0,0.0,171.41380467848344,0.187452038807694,0.187452038807694,nan,nan,nan,nan,0.001,144.1764738301281,17814.51801118045,16904.01611328125,0,60,63,
124,27500,0.583333,1.0,0.9999113180420616,0.17189288019117985,0.8450267076492309,0.5193033337593078,0.008868621361695908,0.007509755465964025,0.001935888627684273,0.003788116032162427,0.00547999001362107,0.010621575522236526,0.015117004335942593,0.024865963642316108,0.0016675371059219205,0.02683619950813326,0.0055303200994702905,0.0,0.0,176.01830895163795,0.1965461214287923,0.1965461214287923,14.08886561254959,0.5614634602459572,0.8948585987091064,0.9284116331096197,0.001,144.4499769518152,17958.967988132266,16904.01611328125,0,60,64,
125,27720,0.58,1.0,0.999911286749623,0.16932276050475512,0.8449679218909957,0.5189608961343766,0.008871686799367043,0.007471136304295876,0.0019572229497002397,0.0038072155092694713,0.0055218545709397986,0.010649625143163245,0.015122690316374329,0.024920175508172673,0.001688261007141343,0.026901857095601205,0.005539986087453806,0.0,0.0,173.38650677420875,0.19103161550590572,0.19103161550590572,nan,nan,nan,nan,0.001,143.76436418807134,18102.732352320338,16904.01611328125,0,60,65,
126,27940,0.576667,1.0,0.9999105607921427,0.16719946688549084,0.8447424207221378,0.5092863880775191,0.008944467322858559,0.007530478331980042,0.002007767222345468,0.0038706549228994516,0.005553375275022435,0.01068349689541554,0.015212257242422889,0.025098133921115234,0.0017150963552508486,0.027194658865813504,0.005564811269604516,0.0,7.102272727272727e-05,171.21225504441693,0.20750119940605868,0.20750119940605868,nan,nan,nan,nan,0.001,143.91935268603265,18246.65170500637,16904.01611328125,0,60,66,
127,28160,0.573333,1.0,0.9999115071513436,0.1718277309936556,0.844898850673979,0.5199239054186777,0.008849697805602443,0.0074859981202859095,0.001915454202985116,0.0038213703672888436,0.00549276824246838,0.01054480576104569,0.0149884739107537,0.025226722755046053,0.0016349918994158295,0.027386713777245445,0.005567415828541429,0.0,0.0,175.95159738714045,0.1854075860894169,0.1854075860894169,nan,nan,nan,nan,0.001,143.98841299698688,18390.640118003357,16904.01611328125,0,60,67,
128,28380,0.57,1.0,0.999911212108352,0.16869684483178637,0.845281328802759,0.5168485839258541,0.008879207707518204,0.00754573086001487,0.001969869299368425,0.0038389666979624466,0.0055630649540531025,0.010642901080956852,0.015021848466924646,0.024847584404051305,0.0016844157974198672,0.027030859305523337,0.005485970834905113,0.0,0.0,172.74556855288418,0.1805127606217467,0.1805127606217467,nan,nan,nan,nan,0.001,143.78170524607413,18534.42182324943,16904.01611328125,0,60,68,
129,28600,0.566667,1.0,0.9999115099961108,0.16931856799532066,0.844982381706888,0.5194182116199624,0.008849300338294019,0.00749378051312471,0.002032282047068954,0.0038867211203482423,0.005569450913886116,0.010562477454500781,0.014751197075979276,0.024781460545703092,0.0017494350166089134,0.026855115799910644,0.005450913782591339,0.0,0.0,173.38221393931997,0.19486740277133138,0.19486740277133138,14.699584129713912,0.5657917049652691,0.9666355848312378,0.964951528709918,0.001,144.12963509489782,18678.55145834433,16904.01611328125,0,60,69,
130,28820,0.563333,1.0,0.9999112630432302,0.16769991955635222,0.8449897416613319,0.5159461078996008,0.00887425135270777,0.007501879466739907,0.0019991585446405224,0.003845487118021331,0.005573258024576882,0.010550952996973964,0.014990785415284336,0.025077672783200715,0.0017248389351317945,0.027191865412433715,0.005512650337451222,0.0,0.0,171.72471748698842,0.18139148809206793,0.18139148809206793,nan,nan,nan,nan,0.001,143.6826364728622,18822.23409481719,16904.01611328125,0,60,70,
131,29040,0.56,1.0,0.9999114514751868,0.16857287861745465,0.8448587707497857,0.5169069475748322,0.008855384549083696,0.0074994158211418175,0.0019936655681125227,0.003797996026432057,0.005470927783542059,0.01060453486755829,0.01516559656328437,0.024765621093948455,0.0017311522942525864,0.026676218211650848,0.005501648708542978,0.0,0.0,172.61862701069225,0.18198258211386614,0.18198258211386614,nan,nan,nan,nan,0.001,143.87397196306847,18966.10806678026,16904.01611328125,0,60,71,
132,29260,0.556667,1.0,0.9999110792170871,0.17062584430995312,0.8451416021043604,0.5210746094584465,0.008892527813176539,0.0075381100717508654,0.0019677107968494633,0.0038191759315933187,0.005502151537538421,0.01068714999022301,0.015243878886526958,0.02493661380245943,0.001692231540337988,0.02707469627176496,0.0055355272033590485,0.0,0.0,174.72086540568958,0.20591351816597026,0.20591351816597026,nan,nan,nan,nan,0.001,143.96499026799574,19110.073057048256,16904.01611328125,0,60,72,
133,29480,0.553333,1.0,0.9999108468944377,0.16806280819529837,0.8449290863492273,0.519683164358139,0.008915872578720816,0.007506178933280435,0.0020059921133824075,0.003877361305322583,0.00550789804758758,0.010636254857209596,0.015190880517051978,0.025400625859302552,0.0017279084816519488,0.02759383942254565,0.005623259856259789,0.0,0.0,172.0963166323575,0.18046498634448155,0.18046498634448155,nan,nan,nan,nan,0.001,143.82843519980088,19253.901492248056,16904.01611328125,0,60,73,
134,29700,0.55,1.0,0.9999108761548996,0.1673476401885802,0.8453031668608839,0.5204056611792608,0.008913067751564085,0.007556772766507823,0.002006648323003901,0.0038334897671699186,0.0055558833394157275,0.010699733858928084,0.015105803554284978,0.02465784326195717,0.001719504922584747,0.026550728277387945,0.005480784955117004,0.0,0.0,171.3639838478782,0.1672501974268944,0.1672501974268944,14.527963185338423,0.5215618962615985,0.8395885229110718,0.9000745712155108,0.001,144.19576835702173,19398.09726060508,16904.01611328125,1,134,0,best
135,29920,0.546667,1.0,0.9999101510102099,0.16601180154830217,0.8447575174949385,0.5268283927305178,0.008985545525369659,0.00756600793260573,0.0020437313885353927,0.003822982836440629,0.0055496319419365715,0.01076204569438811,0.015288340971297162,0.025417089961807835,0.0017772192878923803,0.02749630472284149,0.005637860241536559,0.0,0.0,169.9960851322521,0.1826327251390637,0.1826327251390637,nan,nan,nan,nan,0.001,143.8946211291477,19541.991881734226,16904.01611328125,0,134,1,
136,30140,0.543333,1.0,0.9999104765328494,0.1673284038054672,0.8442938472736966,0.5214255954731595,0.008952695099552247,0.007546351731500842,0.0020151714076663747,0.0038747080906019124,0.0055713496080980725,0.010676269774028862,0.015213200775906443,0.025088938704522497,0.0017187555189262969,0.02706569512163035,0.0055531900492496785,0.0,7.102272727272727e-05,171.3442856355147,0.18744862130344914,0.18744862130344914,nan,nan,nan,nan,0.001,143.81022904906422,19685.80211078329,16904.01611328125,0,134,2,
137,30360,0.54,1.0,0.9999113329432228,0.17107299943877893,0.8453138486905531,0.5196078236807476,0.00886724583635276,0.007476193963719363,0.0019948278199907773,0.0037972834360764617,0.005521759586620398,0.010593124606053937,0.015129036930474368,0.024941851808266205,0.0017353465220697796,0.026935426395555788,0.005524697932097214,0.0,0.00014204545454545454,175.17875237898394,0.20570481833725984,0.20570481833725984,nan,nan,nan,nan,0.001,143.93503161892295,19829.737142402213,16904.01611328125,0,134,3,
138,30580,0.536667,1.0,0.9999111346223137,0.16994707157666034,0.8447171564806591,0.5159216911277987,0.008886798606677489,0.007510420462031933,0.0019875891869146887,0.003823406128503848,0.005529595335776156,0.010624553603966806,0.015030438522808253,0.025089718261733653,0.0017040496036150382,0.027239196612076327,0.005531822346066209,0.0,7.102272727272727e-05,174.02580091303045,0.1916870356073799,0.1916870356073799,nan,nan,nan,nan,0.001,143.91042751795612,19973.64756992017,16904.01611328125,0,134,4,
139,30800,0.533333,1.0,0.9999094873666763,0.17158456490459767,0.8452256614511663,0.5098505219275301,0.00905188856413588,0.007617083363319663,0.0019232929121988655,0.0038224255925425415,0.00554638076256114,0.01076385442442684,0.015247232729399747,0.026268756939944897,0.0016459161718475198,0.028529258078726177,0.005801482795504853,0.0,0.0,175.7025939941406,0.19367038172189638,0.19367038172189638,15.867566105573268,0.5450392505829129,0.8591175079345703,0.9254287844891872,0.001,144.34706032904796,20117.994630249217,16904.01611328125,0,134,5,
140,31020,0.53,1.0,0.9999096422032876,0.16849305123429406,0.844884906573729,0.5155421933667226,0.009036124023524198,0.0076313422749411655,0.001989175841035004,0.003810520834469406,0.005519202204992656,0.010805719723628664,0.015574212569150736,0.025567372687245633,0.0016999544701486063,0.027649802875451067,0.005702589320505715,0.0,7.102272727272727e-05,172.53688474134967,0.19301830291102462,0.19301830291102462,nan,nan,nan,nan,0.001,143.88232098310255,20261.87695123232,16904.01611328125,0,134,6,
141,31240,0.526667,1.0,0.9999098226428031,0.16767937971109695,0.8459759504957632,0.5157199792563916,0.009018013083418323,0.007587057020811533,0.001962289984724273,0.0038218315174824305,0.005549702645194801,0.010809416208543221,0.015477373594926163,0.025362685223279353,0.00169109249859916,0.02735268627293408,0.005649427979634228,0.0,0.0,171.70368517095392,0.20548128027709367,0.20548128027709367,nan,nan,nan,nan,0.001,144.05748508917168,20405.93443632149,16904.01611328125,0,134,7,
142,31460,0.523333,1.0,0.9999104468659921,0.17260023489255796,0.8450730405070564,0.5195918693461201,0.008955947231416675,0.007458988140040839,0.001908093076119919,0.0037531193467492067,0.005502994634761391,0.010764653969090432,0.015237360703758895,0.0258080046412281,0.0016266343943987687,0.0280990308446979,0.005728527690834281,0.0,0.0,176.74264063401657,0.18844265288695575,0.18844265288695575,nan,nan,nan,nan,0.001,143.76967654703185,20549.704112868523,16904.01611328125,0,134,8,
143,31680,0.52,1.0,0.9999096684835174,0.17208784881301903,0.8453593657775359,0.5218129918656566,0.009033572817729279,0.007603550955272195,0.0019107754936240698,0.003799525905527513,0.005604114682434804,0.010799050731161101,0.015376975027505646,0.025811303688467225,0.0016273505958286642,0.0279205717315728,0.005739177010995759,0.0,0.0,176.21795682040127,0.19067426176558913,0.19067426176558913,nan,nan,nan,nan,0.001,143.74376029404812,20693.44787316257,16904.01611328125,0,134,9,
144,31900,0.516667,1.0,0.99990923919461,0.1677735897289081,0.8456164966930043,0.5118285275995731,0.009076586953067983,0.007604617992712354,0.001988126018444415,0.003899022893958979,0.005578408109299331,0.010790061648003757,0.015465693715536459,0.026270464098673653,0.0017057925186897839,0.02841709105043926,0.005822006246307865,0.0,0.0,171.80015543157404,0.18067786919824272,0.18067786919824272,14.916159119003794,0.5399918839846394,0.8213736414909363,0.9328859060402684,0.001,144.17725723912008,20837.62513040169,16904.01611328125,0,134,10,
145,32120,0.513333,1.0,0.9999099926515059,0.1683190067383376,0.8452450414950198,0.5202246315777301,0.009001341033515266,0.00756158981133591,0.0020015331118140075,0.0038316796782468868,0.005567081767367199,0.010803626948671246,0.015428374402902343,0.02537134982306849,0.0017273576824663906,0.02740158543879674,0.0056261309364344925,0.0,0.0,172.35866239721125,0.20048896429169294,0.20048896429169294,nan,nan,nan,nan,0.001,143.77885961113498,20981.403990012826,16904.01611328125,0,134,11,
146,32340,0.51,1.0,0.9999101644212549,0.17068069763481616,0.8452088009227406,0.5144466989419677,0.008983827563299036,0.007557501379315826,0.0019809027814269276,0.003762157040711662,0.005471446976827627,0.010772742428393527,0.01550981305031614,0.025460864091292022,0.0017213144364260106,0.027493138863197104,0.0056988696408966045,0.0,0.0,174.77703411795875,0.19021887196331663,0.19021887196331663,nan,nan,nan,nan,0.001,144.03543434804305,21125.43942436087,16904.01611328125,0,134,12,
147,32560,0.506667,1.0,0.9999090980399739,0.17143052149225366,0.845592665401372,0.5151637936180288,0.009090718838640235,0.007656085169450803,0.0019194425682309718,0.0038328182743333113,0.0055660204723773695,0.010895804953973062,0.01558398974805393,0.026071571700528942,0.0016436270128079658,0.02833582634444941,0.005795616766078059,0.0,7.102272727272727e-05,175.5448545109142,0.18561113029421958,0.18561113029421958,nan,nan,nan,nan,0.001,143.6940331188962,21269.133457479766,16904.01611328125,0,134,13,
148,32780,0.503333,1.0,0.9999085565859621,0.16591684323820202,0.8453861817717552,0.5180214304138314,0.009144954261666333,0.007719143021809445,0.002027559600736078,0.0038984554954698647,0.005663374311883341,0.010913498428734866,0.015562656303783033,0.02594131676226177,0.0017621174004737192,0.02808777496261014,0.005733407025796954,0.0,0.0,169.89884751059793,0.20272708666090097,0.20272708666090097,nan,nan,nan,nan,0.001,143.64923333213665,21412.782690811902,16904.01611328125,0,134,14,
149,33000,0.5,1.0,0.9999087780714035,0.1673138142478737,0.8463694594123147,0.5155643337829546,0.009122632468246262,0.00763359222963283,0.0020052366427659183,0.0038782661923588337,0.005566369774433868,0.010922518954612315,0.015708673097701235,0.026061352124353024,0.0017317469127275135,0.028203659481368958,0.005798748156733134,0.0,0.0,171.3293463273482,0.1974291578511634,0.1974291578511634,16.226117351819997,0.52177075268478,0.9713447093963623,0.9239373601789709,0.001,144.2852898479905,21557.067980659893,16904.01611328125,0,134,15,
150,33220,0.496667,1.0,0.9999096015637571,0.16781525191935626,0.8456181236288765,0.5128909449685704,0.009040382512929764,0.007639181573705917,0.001972229465172859,0.0038149208573899653,0.005571224682287059,0.010855118826624344,0.015433216056871143,0.025584503398700192,0.0017022903648467036,0.027738352909430185,0.005682661199667068,0.0,0.0,171.842818329551,0.1879103720817257,0.1879103720817257,nan,nan,nan,nan,0.001,143.50459868181497,21700.572579341708,16904.01611328125,0,134,16,
151,33440,0.493333,1.0,0.9999085741964253,0.16695369131524454,0.8459138852628795,0.5130477972328663,0.009143160813784397,0.0076537102810107175,0.00200514365668906,0.0038445843931351024,0.005610499079127542,0.01093421704982492,0.015723736133341763,0.025980597571469845,0.0017196169391602532,0.02799239578995515,0.005788230768997561,0.0,0.0,170.96057952534068,0.20480609357284563,0.20480609357284563,nan,nan,nan,nan,0.001,143.71172599191777,21844.284305333626,16904.01611328125,0,134,17,
152,33660,0.49,1.0,0.9999086901545524,0.16788132962855426,0.8459014215252616,0.5072462169961496,0.00913153269476342,0.007661349072375081,0.001949033200931312,0.0038431725250451234,0.005557780709138817,0.010902819241693413,0.015681834002448755,0.026314391335472465,0.0016743547291381137,0.02852176258086481,0.005869686912046745,0.0,0.0,171.91048117550937,0.1855265910018344,0.1855265910018344,nan,nan,nan,nan,0.001,143.5643484678585,21987.848653801484,16904.01611328125,0,134,18,
153,33880,0.486667,1.0,0.9999091836539182,0.16717896065251395,0.8458515175364234,0.5138564505360343,0.009082145621703768,0.007629393385088241,0.002028119993304823,0.00385936813254375,0.005607833186249164,0.010814296582248062,0.01556678758722476,0.02589432547207583,0.0017595291066589364,0.02799150240819224,0.005742683347356929,0.0,0.0,171.19125612432308,0.19845811644722203,0.19845811644722203,nan,nan,nan,nan,0.001,143.72363092494197,22131.572284726426,16904.01611328125,0,134,19,
154,34100,0.483333,1.0,0.9999075072732839,0.1620889546518976,0.8462754851037806,0.5096769773147323,0.009250074839854443,0.007690657907038588,0.002046034212980885,0.003933808510720899,0.0056951359215996825,0.011067502456717193,0.015846168353560973,0.0266592651351609,0.0017657717570810664,0.028900846066376704,0.0059214924605012955,0.0,0.0,165.979090014371,0.17570833704548794,0.17570833704548794,13.792538355107709,0.5350738630708045,0.991984486579895,0.9388516032811335,0.001,143.99351728498004,22275.565802011406,16904.01611328125,0,134,20,
155,34320,0.48,1.0,0.9999075095761906,0.16577995275570587,0.8454691334204241,0.5122816557911309,0.009249335700984705,0.0076965070858767085,0.0019876642611052374,0.00389188855743586,0.00563282383214259,0.011105607816187496,0.016086427202786913,0.026434831029142847,0.0017009511480203152,0.028501587007618085,0.00592010996135121,0.0,0.0,169.7586714137684,0.19707490766633412,0.19707490766633412,nan,nan,nan,nan,0.001,143.61728070001118,22419.183082711417,16904.01611328125,0,134,21,
156,34540,0.476667,1.0,0.9999083677476103,0.16820747114040635,0.8464157566428184,0.5120324509387667,0.009163614766756919,0.00767670893216167,0.001939060899299379,0.00382613601104822,0.005608138383302669,0.011036004286936739,0.015463447500951587,0.026527696782299742,0.0016382186495982089,0.028731475055048413,0.005900237325113267,0.0,0.0,172.24445105465975,0.19996537690262528,0.19996537690262528,nan,nan,nan,nan,0.001,143.55908393394202,22562.74216664536,16904.01611328125,0,134,22,
157,34760,0.473333,1.0,0.999908468533646,0.1670226743614132,0.846081871742552,0.5088307205248963,0.009153374917381867,0.007697177316400815,0.001980417986421592,0.003890181160584854,0.005596373654605652,0.010990573552606459,0.015568111320449548,0.026095861425115302,0.0016901152318578997,0.028263309331272135,0.005808235364119438,0.0,0.0,171.0312189102173,0.1810250346829652,0.1810250346829652,nan,nan,nan,nan,0.001,143.69614657014608,22706.438313215505,16904.01611328125,0,134,23,
158,34980,0.47,1.0,0.9999080870639194,0.17094855987551538,0.8461240928281437,0.5120237616652792,0.009191715183921836,0.007709489344746213,0.0019511530918283494,0.0038866417003605006,0.005689336137253452,0.011055464303882961,0.015772455107336016,0.025841625140641224,0.0016604922807924925,0.027874358866194434,0.005781858598030257,0.0,0.00014204545454545454,175.05132489637896,0.18195175644830464,0.18195175644830464,nan,nan,nan,nan,0.001,143.5859175969381,22850.024230812443,16904.01611328125,0,134,24,
159,35200,0.466667,1.0,0.999908419359814,0.16742919233034959,0.8459651613777334,0.5130380732769316,0.009158513708759777,0.007739090380809185,0.0019506183960236905,0.0038974921563005244,0.005638490509855646,0.010972498564726927,0.015529787798666142,0.026216213608329948,0.0016539795823601626,0.028527294956570998,0.005801949830492958,0.0,0.0,171.44749332774768,0.21837387140428566,0.21837387140428566,14.61989007183476,0.5246445463039628,0.9858289361000061,0.9604772557792692,0.001,144.43352477205917,22994.457755584503,16904.01611328125,0,134,25,
160,35420,0.463333,1.0,0.9999076699668711,0.16775222617116842,0.8461305905472148,0.5066089477051389,0.009233247563877904,0.007699400342111899,0.0019369295172509738,0.0038690113936106422,0.005620146385097707,0.01102197666821832,0.015964986868626015,0.026865284809504043,0.001670154428773623,0.029264551555653186,0.005991864599689672,0.0,0.0,171.7782792004672,0.18066151328319,0.18066151328319,nan,nan,nan,nan,0.001,143.60735510615632,23138.06511069066,16904.01611328125,0,134,26,
161,35640,0.46,1.0,0.9999080439860171,0.16391635098579255,0.8455785957249728,0.521385724300688,0.009196024119261313,0.007684971931898458,0.002019158352182289,0.003918927162885666,0.00562052528469146,0.011058219183575023,0.015725819463841616,0.026241708957505498,0.0017313293238575252,0.02854055743452839,0.005835298662052743,0.0,0.0,167.85034408569337,0.20653569038255779,0.20653569038255779,nan,nan,nan,nan,0.001,143.9355424658861,23282.000653156545,16904.01611328125,0,134,27,
162,35860,0.456667,1.0,0.9999080685052004,0.16690116766840218,0.8465368740937926,0.5193108461797238,0.009193547641519795,0.007746021367016841,0.0019704056564395695,0.0038647107203194702,0.005644494170767509,0.010991130185059525,0.015751974274065685,0.026085134007206016,0.00169458848864782,0.028214441891759635,0.005820013986455954,0.0,0.0,170.90679520693692,0.19656700211405015,0.19656700211405015,nan,nan,nan,nan,0.001,143.9658679009881,23425.966521057533,16904.01611328125,0,134,28,
163,36080,0.453333,1.0,0.9999073670669035,0.16648838289759377,0.8465937212109566,0.5112658222290603,0.009263983379456808,0.00779449370033531,0.001953901858690766,0.003959602049276741,0.005732130699537017,0.011106264355211434,0.015962740730240264,0.02596563660455021,0.001658882639697946,0.02797533479857851,0.005821679820391265,0.0,7.102272727272727e-05,170.4841040351174,0.18082868618105072,0.18082868618105072,nan,nan,nan,nan,0.001,143.9789312169887,23569.94545227452,16904.01611328125,0,134,29,
164,36300,0.45,1.0,0.9999080790714784,0.1699955964122306,0.8465108886361122,0.5093003008853305,0.009192654805850577,0.0076770005123266444,0.0019031177475963804,0.0038480981951579452,0.005640364725100384,0.011054556956514716,0.015832859933884308,0.026399635953236033,0.0016112632081951067,0.028549997142346746,0.005888505983272229,0.0,7.102272727272727e-05,174.07549003254283,0.19590641026880024,0.19590641026880024,17.55219575690024,0.538549872323823,0.8891504406929016,0.9567486950037286,0.001,144.25439059990458,23714.199842874426,16904.01611328125,0,134,30,
165,36520,0.446667,1.0,0.9999077947302298,0.16969833834604783,0.8466440757567232,0.5105377117341215,0.009220798150636256,0.007735418326179073,0.0018712096778802912,0.0038282491888491097,0.00563026744692417,0.011054664666087113,0.015881429331123152,0.026532418630085885,0.0015608507381991577,0.02875090671533888,0.00590359984992326,0.0,7.102272727272727e-05,173.7710985877297,0.1958948837858349,0.1958948837858349,nan,nan,nan,nan,0.001,143.84797297604382,23858.04781585047,16904.01611328125,0,134,31,
166,36740,0.443333,1.0,0.9999066304076801,0.16598785973408006,0.846260132979263,0.5071577223864469,0.009337457309646363,0.007765682123135775,0.001979702695726618,0.0038943521458846093,0.00568696262833493,0.011219122984700583,0.016062469746578822,0.02671395749785006,0.001691947864971801,0.028910672226497396,0.0059805714922152794,0.0,7.102272727272727e-05,169.97156916531648,0.21718611133924687,0.21718611133924687,nan,nan,nan,nan,0.001,143.79362259292975,24001.8414384434,16904.01611328125,0,134,32,
167,36960,0.44,1.0,0.9999081321737983,0.16788620088588108,0.8464373810724779,0.5101321508261291,0.009187025172551247,0.007744115264027972,0.0019647095649402632,0.003852144289835864,0.005647725460585206,0.011046515221030197,0.015716111012311143,0.026237664651125668,0.0016900585742405383,0.028383325484835287,0.005825511467198587,0.0,0.0,171.91547012329102,0.19115001448388125,0.19115001448388125,nan,nan,nan,nan,0.001,143.6562964869663,24145.497734930366,16904.01611328125,0,134,33,
168,37180,0.436667,1.0,0.9999076003378088,0.16668883612887425,0.846668594669212,0.503373385220766,0.009240274840373206,0.007733888041482053,0.0019599541450258007,0.003896858391553079,0.0056573958792300386,0.011005826171656902,0.015802607414397325,0.026883062586950307,0.0016921118729111516,0.029237692726945336,0.005964600056177005,0.0,7.102272727272727e-05,170.68936720761386,0.18950533138952036,0.18950533138952036,nan,nan,nan,nan,0.001,143.74753173207864,24289.245266662445,16904.01611328125,0,134,34,
169,37400,0.433333,1.0,0.9999074177308516,0.1677253899418495,0.8466076906431805,0.5058128629895774,0.009258755066813054,0.007702434867281806,0.001926919826060343,0.0038029280499110676,0.005598592152289877,0.01109402085527439,0.016004437358457257,0.027272719068622046,0.0016368622264549644,0.029701916069131005,0.006088654296895997,0.0,0.0,171.75079935247248,0.1898783218382366,0.1898783218382366,14.935378640336396,0.5287154367122615,0.7994903326034546,0.9030574198359433,0.001,144.29304871801287,24433.538315380458,16904.01611328125,0,134,35,
170,37620,0.43,1.0,0.999906443872235,0.16131280564110387,0.84599799730561,0.5091943940655752,0.009356150818480687,0.007860982519659129,0.002023767626286082,0.0039327590070156885,0.005680286112791774,0.011245480897328393,0.016119952851229094,0.026235355620949783,0.0017402808273221705,0.028115027918565003,0.005895453619516709,0.0,0.0,165.1843132539229,0.20777950605672352,0.20777950605672352,nan,nan,nan,nan,0.001,143.69415126810782,24577.232466648566,16904.01611328125,0,134,36,
171,37840,0.426667,1.0,0.999906206808307,0.1671393398195505,0.846791212125258,0.5066797005859288,0.009379829073705796,0.0077240798569453714,0.001987892053412824,0.003843933404740793,0.005687950970605015,0.011173700424842536,0.01629577637226744,0.027501026943156665,0.0017022268600571393,0.02977834204846824,0.006181872495852242,0.0,0.0,171.15068380182439,0.19376181701410672,0.19376181701410672,nan,nan,nan,nan,0.001,143.6152656171471,24720.847732265713,16904.01611328125,0,134,37,
172,38060,0.423333,1.0,0.9999066270210526,0.16386971206150272,0.8465987523848361,0.5006345339796759,0.009337771045763723,0.007754036280411211,0.001973660921595927,0.0038575500625566664,0.0056436471921518785,0.011189598965839568,0.016090614505281504,0.02740304686171426,0.0017090093392405172,0.029828168477185748,0.006104416428239678,0.0,0.0,167.80258409326726,0.18682790864802482,0.18682790864802482,nan,nan,nan,nan,0.001,143.6838222600054,24864.531554525718,16904.01611328125,0,134,38,
173,38280,0.42,1.0,0.9999063356356187,0.16552149744873698,0.8460436764088544,0.5046403507617387,0.009367062773724849,0.0077373327401636,0.0019627255501373756,0.00385384567595214,0.00563853406929411,0.011202431050002236,0.016351917381821707,0.027292419493791055,0.0016852428537194183,0.02943277900869196,0.006128862854728306,0.0,0.0,169.49401416778565,0.19252506889910112,0.19252506889910112,nan,nan,nan,nan,0.001,143.69933969900012,25008.23089422472,16904.01611328125,0,134,39,
174,38500,0.416667,1.0,0.9999066344716332,0.164808097041466,0.8469597194682468,0.5093874431469224,0.00933710690587759,0.007818885207895867,0.001966255692307393,0.0038113036489283497,0.005636359183964404,0.011183600153096697,0.015973509494638577,0.027429969735782257,0.0016916642401404466,0.02980097712186927,0.006118368451081386,0.0,0.0,168.76349185596814,0.19419679898113196,0.19419679898113196,15.485403985861378,0.5782627036138488,0.8408879637718201,0.9291573452647278,0.001,144.13363281986676,25152.364527044585,16904.01611328125,0,134,40,
175,38720,0.413333,1.0,0.9999063871123574,0.16771425532007758,0.8466156788847663,0.5076353487643328,0.009361894649919123,0.0077903935325924645,0.0019310453375510407,0.0038461148815589364,0.005639726582343098,0.011220794378525831,0.0162617277354002,0.027070860319178214,0.001649008764764982,0.029247067335315725,0.006068283904724839,0.0,7.102272727272727e-05,171.73939696225253,0.18863528047109418,0.18863528047109418,nan,nan,nan,nan,0.001,143.74234018707648,25296.10686723166,16904.01611328125,0,134,41,
176,38940,0.41,1.0,0.9999069193547422,0.16817753308198669,0.8465222859924489,0.5161789487708699,0.009308373080354862,0.007747429429384118,0.0019405522895712321,0.003809826669219712,0.005613811573394659,0.011169051893309436,0.016180530097335576,0.026936142000539058,0.0016688158674117981,0.029148639167066327,0.0060287177425131875,0.0,0.0,172.21379359852185,0.1902261256552396,0.1902261256552396,nan,nan,nan,nan,0.001,143.86632258212194,25439.973189813783,16904.01611328125,0,134,42,
177,39160,0.406667,1.0,0.9999063462018967,0.16476902253925801,0.8468009504404935,0.5070374744182283,0.00936579992994666,0.00777568337507546,0.0019857851808245124,0.0039008513606280425,0.0057112380502406844,0.011203468493609266,0.01610559153751555,0.02733172740236941,0.0017154870976148894,0.0296230931956829,0.006085221564122052,0.0,7.102272727272727e-05,168.72347911487927,0.18964070161914898,0.18964070161914898,nan,nan,nan,nan,0.001,143.9661905700341,25583.939380383817,16904.01611328125,0,134,43,
178,39380,0.403333,1.0,0.9999070307070559,0.16792233174836094,0.8467559580098499,0.5062840790233829,0.009297281594692983,0.007780154773288152,0.0019748997610639146,0.0038891246288337493,0.005650690533961593,0.01111794031987136,0.015980258031578903,0.02688901463777504,0.0016951648555484347,0.029193858313374222,0.005990986553528769,0.0,0.0,171.95246869867498,0.1927153083580611,0.1927153083580611,nan,nan,nan,nan,0.001,144.14071531407535,25728.080095697893,16904.01611328125,0,134,44,
179,39600,0.4,1.0,0.9999059690670533,0.1684313296594403,0.8468452962962064,0.5075634539127349,0.009403717953881079,0.007864150145641444,0.0019397977064231368,0.0038310685779751196,0.005666239095047455,0.011346867934546687,0.016427632556720213,0.02688380311539566,0.0016637127940736139,0.029104515338655223,0.006049796522975984,0.0,0.0,172.47368224750866,0.19528512024608047,0.19528512024608047,15.701933542938693,0.511366366401827,0.8058687448501587,0.9217002237136466,0.001,144.4136109848041,25872.493706682697,16904.01611328125,0,134,45,
180,39820,0.396667,1.0,0.9999062726443464,0.1651961112394929,0.8470598406412385,0.5054740674116395,0.009373297566674989,0.007776378934398632,0.001949675526801994,0.0038895392380337316,0.00570925579152324,0.011280671873299236,0.01619751400695267,0.02699380482081324,0.0016517752771588593,0.029082466621713883,0.006044070227389139,0.0,0.0,169.16081830804998,0.19578269540367665,0.19578269540367665,nan,nan,nan,nan,0.001,143.8329008501023,26016.3266075328,16904.01611328125,0,134,46,
181,40040,0.393333,1.0,0.9999063020402735,0.16928926643661477,0.8465694756670432,0.5135913064534013,0.009370115738023412,0.007769622790246186,0.0019302788148210807,0.003868609861026264,0.005683789582690224,0.011236683199901811,0.016171265770257875,0.02735877418467267,0.0016487324718168978,0.029664724224924364,0.006118638493882661,0.0,0.0,173.35220893513073,0.19806074048042507,0.19806074048042507,nan,nan,nan,nan,0.001,143.95298123988323,26160.279588772682,16904.01611328125,0,134,47,
182,40260,0.39,1.0,0.9999059767885642,0.16711154155094515,0.8464703851125457,0.4970800875940106,0.009402760807213119,0.007777899260294031,0.001970578483286028,0.0038441166482781146,0.005693055879832668,0.011255208199674432,0.016454389585520732,0.027309071880087934,0.0017006134597316056,0.02957422812680968,0.006146192985629155,0.0,0.00014204545454545454,171.12221870422363,0.21906514919036052,0.21906514919036052,nan,nan,nan,nan,0.001,143.8337332699448,26304.113322042627,16904.01611328125,0,134,48,
183,40480,0.386667,1.0,0.9999056481502273,0.169029764323072,0.8471491259607402,0.5060832789675755,0.009435515303630381,0.007850253686774522,0.0019475606378612364,0.003888414192690768,0.0057159978451884605,0.011274162444963374,0.016151983117346058,0.02769834241745147,0.0016612688620460342,0.030010251789777117,0.006173641032496975,0.0,0.00014204545454545454,173.0864783893932,0.20314091093554948,0.20314091093554948,nan,nan,nan,nan,0.001,143.64225118909962,26447.755573231727,16904.01611328125,0,134,49,
184,40700,0.383333,1.0,0.9999062425710938,0.16541170875795863,0.8472542245279658,0.5069961057467894,0.009375971673183481,0.0077764336294917896,0.001987062288720732,0.003924174803118644,0.005693466452860527,0.011225725824690677,0.01632523955565623,0.027153603120876307,0.0017030630089224857,0.029427956345237115,0.006081325977786698,0.0,0.0,169.3815893866799,0.2017523579062296,0.2017523579062296,13.614786345488444,0.5087089037533197,0.7470124363899231,0.8933631618195377,0.001,144.17040055897087,26591.925973790698,16904.01611328125,0,134,50,
185,40920,0.38,1.0,0.9999052030119029,0.1651007576930252,0.8472247268665921,0.5048988572575829,0.00947994586948136,0.007885970039801165,0.0020224632346402026,0.003927740871916864,0.005739330601433969,0.011335149585184726,0.016555569136769258,0.02737704881212928,0.0017390486181118998,0.02950018495532938,0.006141048423755406,0.0,0.00014204545454545454,169.0631755655462,0.18949720674053586,0.18949720674053586,nan,nan,nan,nan,0.001,143.7892584509682,26735.715232241666,16904.01611328125,0,134,51,
186,41140,0.376667,1.0,0.9999054045839744,0.1651646426455541,0.8468856937505982,0.5086711318655448,0.00945995341647755,0.007782022196757184,0.0019757527024591003,0.0038994663204489784,0.005717029073275625,0.0112871650214815,0.016390035472894936,0.028080798588185147,0.0017128497442999188,0.03049632094334811,0.006275487610731613,0.0,7.102272727272727e-05,169.12859441583808,0.19019024062878678,0.19019024062878678,nan,nan,nan,nan,0.001,143.8447638079524,26879.55999604962,16904.01611328125,0,134,52,
187,41360,0.373333,1.0,0.9999050537293608,0.1642393455078656,0.8471248026598583,0.5051454309712756,0.009495070394636556,0.007841443865221332,0.001999860100807961,0.00383513348034202,0.00566687829665501,0.011409271188842302,0.016680416424589402,0.027541912683624437,0.0017353102627318798,0.02976739707995545,0.006228764062027701,0.0,0.0,168.181089071794,0.1913618981808582,0.1913618981808582,nan,nan,nan,nan,0.001,143.8254200569354,27023.385416106554,16904.01611328125,0,134,53,
188,41580,0.37,1.0,0.9999053780328143,0.16696942748332566,0.8472525854002345,0.5032220079817555,0.009462533704936504,0.007864987189796838,0.00191245728492504,0.0038717341049711897,0.005709132314024663,0.011320487934757362,0.016367501875554972,0.027673483786003834,0.0016265418910486253,0.02992337277709422,0.006223091437079182,0.0,0.0,170.97669403769754,0.19134291636763318,0.19134291636763318,nan,nan,nan,nan,0.001,143.71718645002693,27167.10260255658,16904.01611328125,0,134,54,
189,41800,0.366667,1.0,0.9999041214585305,0.16174284895374016,0.8471779878843915,0.5011307225308635,0.009588416627692905,0.007879468311809681,0.0019941900855470025,0.004010385903529823,0.005790855231779543,0.011510307712226428,0.016801440423693168,0.027760742365551944,0.0017038425754104867,0.029986802461049095,0.006236251047812402,0.0,0.0,165.62467738064854,0.19810568574885157,0.19810568574885157,14.137409443583092,0.530126270775076,0.8871423602104187,0.941834451901566,0.001,144.16398675506935,27311.26658931165,16904.01611328125,0,134,55,
190,42020,0.363333,1.0,0.99990419420329,0.16374392279169775,0.8472132145003839,0.5059742924841968,0.009581061229321428,0.007902474536306478,0.0019381855988864448,0.003953584062401205,0.0057370597602460875,0.011431150862269781,0.016751218496144495,0.028125752201727167,0.0016399620009906358,0.030434494412673468,0.006327022832225669,0.0,0.0,167.67377688667992,0.19227692287227519,0.19227692287227519,nan,nan,nan,nan,0.001,143.68315610918216,27454.949745420832,16904.01611328125,0,134,56,
191,42240,0.36,1.0,0.9999045294794169,0.16735431213270535,0.8469547561623834,0.5002963321452791,0.00954767341662029,0.0078684274117801,0.0018881058407714591,0.0038674294022546913,0.005700168344298039,0.011431865436448292,0.01681752546521073,0.02801936013116078,0.0015859251734416996,0.030303733579983765,0.006336342571938241,0.0,0.0,171.37081534645773,0.19251410674491518,0.19251410674491518,nan,nan,nan,nan,0.001,143.7074070388917,27598.657152459724,16904.01611328125,0,134,57,
192,42460,0.356667,1.0,0.9999049977822737,0.1655819059772925,0.8471734408627857,0.49638367688113993,0.009500688804440539,0.007864306612067263,0.0019920837642778432,0.0038766238393939355,0.005754234878854318,0.01137475541750477,0.01651330746879632,0.027831009665334767,0.0017150211664556992,0.030319518233988096,0.006220080637881024,0.0,7.102272727272727e-05,169.5558721368963,0.19137611927400375,0.19137611927400375,nan,nan,nan,nan,0.001,143.76026683906093,27742.417419298785,16904.01611328125,0,134,58,
193,42680,0.353333,1.0,0.9999043027108366,0.16324643899093974,0.8471521716226231,0.5006646805188872,0.009569928855423562,0.007884224559265103,0.001997022391349839,0.0039198324203343045,0.005759039910679514,0.011371848131106659,0.016580730807882818,0.028670847227542914,0.0017123045181506313,0.031224772448397494,0.006411274671237069,0.0,0.0,167.16435298919677,0.1950643144722511,0.1950643144722511,nan,nan,nan,nan,0.001,143.79457250400446,27886.21199180279,16904.01611328125,0,134,59,
194,42900,0.35,1.0,0.9999048126014796,0.1611089123920961,0.8475426431406629,0.5032954360951077,0.00951922169505534,0.007882006605028767,0.002043171389430592,0.003941250298521481,0.005779260906539011,0.011424892040138895,0.016559781481257894,0.027620524578643117,0.0017466777098888997,0.0299501699056815,0.006168745418968187,0.0,0.0,164.97552663629705,0.20212205646643588,0.20212205646643588,15.152273111962428,0.5047060909658464,0.8550279140472412,0.9194630872483222,0.001,144.22353245597333,28030.435524258763,16904.01611328125,0,134,60,
195,43120,0.346667,1.0,0.9999045777049932,0.16539498520168391,0.8473506997932088,0.5065347836098888,0.009542591445444322,0.007845567413394086,0.0020054054254366994,0.0038637137593468653,0.005714762825730511,0.011378819216042757,0.01674053760414774,0.02813955884723162,0.001719480074164246,0.030534144300459462,0.006323247420897877,0.0,0.00014204545454545454,169.36446489854293,0.1956126411485788,0.1956126411485788,nan,nan,nan,nan,0.001,143.6129731698893,28174.048497428652,16904.01611328125,0,134,61,
196,43340,0.343333,1.0,0.9999043121933937,0.16313653683120555,0.8468837561932477,0.5087368146939711,0.009569406944369389,0.007851720312398605,0.0020501751872044143,0.003980860360686413,0.005693160757337781,0.011384552327746695,0.016751703558574346,0.02840822785034437,0.0017632252958388894,0.030882978483780542,0.006368061328116297,0.0,0.0,167.05181295221502,0.19776693735004894,0.19776693735004894,nan,nan,nan,nan,0.001,143.86601500608958,28317.91451243474,16904.01611328125,0,134,62,
197,43560,0.34,1.0,0.9999043919823386,0.16253841238265687,0.8476373455741189,0.5054823513058099,0.009561092989646237,0.007902346407486634,0.002032080556025242,0.0038842132106021218,0.005714546490079638,0.011434821088121019,0.016701058560813015,0.028140244876373222,0.0017524536618690365,0.030519493432207542,0.006305733113020489,0.0,0.0,166.4393339503895,0.18228079718195897,0.18228079718195897,nan,nan,nan,nan,0.001,143.6561459589284,28461.57065839367,16904.01611328125,0,134,63,
198,43780,0.336667,1.0,0.9999037882143801,0.16631926938214087,0.8473812146620316,0.5016870105808432,0.009621463521299037,0.008001402454366062,0.0019739573114334647,0.0039305774439443745,0.005780209935354916,0.011631129616448148,0.01689928373829885,0.027629653269171037,0.001676362242257958,0.029847147430039266,0.006246758446055041,0.0,7.102272727272727e-05,170.31093238483777,0.1877829288103668,0.1877829288103668,nan,nan,nan,nan,0.001,143.8017103120219,28605.37236870569,16904.01611328125,0,134,64,
199,44000,0.333333,1.0,0.9999040269038894,0.1625699271363291,0.8472388056191531,0.508126567507332,0.009597644638481805,0.007924232064661654,0.0019931045139607952,0.003939811990130692,0.00580500473363579,0.011521616012958641,0.01666337080638517,0.02787424276201901,0.0017119153662034396,0.030261720807968892,0.006260642234701663,0.0,0.0,166.47160452062434,0.1986006173156169,0.1986006173156169,16.375893439396826,0.4948584495462153,0.6450726389884949,0.8933631618195377,0.001,144.14037858415395,28749.512747289846,16904.01611328125,0,134,65,
200,44220,0.33,1.0,0.9999034574086015,0.16532313705167986,0.8481880563226614,0.5024292819879271,0.009654791739938611,0.00800380632810464,0.0019137450694953176,0.0038666265429293904,0.005745058996729891,0.011618864468552849,0.016929833665066823,0.02824953474019739,0.0016327276299720821,0.03065595021471381,0.006391704149163243,0.0,0.0,169.290892496976,0.19236391359342347,0.19236391359342347,nan,nan,nan,nan,0.001,143.6916357630398,28893.204383052886,16904.01611328125,0,134,66,
201,44440,0.326667,1.0,0.9999029476534237,0.1626207448034124,0.8476147360422395,0.49951961501078174,0.009705871303396469,0.00800519778541374,0.0020011500993859952,0.00398678203637246,0.005788681909590113,0.011563777777535672,0.01717751838944175,0.028290136183866044,0.001703482594182953,0.030610818140716714,0.006400628284741701,0.0,7.102272727272727e-05,166.5236424706199,0.19057503155211133,0.19057503155211133,nan,nan,nan,nan,0.001,143.93416917184368,29037.13855222473,16904.01611328125,0,134,67,
202,44660,0.323333,1.0,0.9999038128690286,0.16439865427938374,0.8480620309710503,0.4994191345843402,0.009618953936098313,0.007971482042392546,0.0019349072536649393,0.003896457543437877,0.005779774733607404,0.011551278173415499,0.01668096959844909,0.028308297211134977,0.00166408094172022,0.030671605783176015,0.0063561142067721284,0.0,0.0,168.34422182603316,0.18296383959953497,0.18296383959953497,nan,nan,nan,nan,0.001,143.89920768910088,29181.03775991383,16904.01611328125,0,134,68,
203,44880,0.32,1.0,0.9999036371707917,0.16188768549737606,0.8474779561161995,0.4979497102173892,0.009636639843864198,0.007975302943536504,0.002014896197380784,0.0038801539183954117,0.005778373407453976,0.01157312505370514,0.016700387191535396,0.02818352718922225,0.0017382933190343796,0.030585578340105713,0.006349758678962561,0.0,0.0,165.77298989729448,0.18898202454511515,0.18898202454511515,nan,nan,nan,nan,0.001,143.85849764896557,29324.896257562796,16904.01611328125,0,134,69,
204,45100,0.316667,1.0,0.999903424626047,0.1626392632892186,0.8476128499616277,0.5077444345436313,0.009658036141825671,0.007919047297698191,0.001972575145456093,0.003933169441403483,0.005808662852822719,0.011615207545797934,0.016804732198149642,0.028426807551560077,0.0016845846467979507,0.030856956691819835,0.0063785572160585694,0.0,0.0,166.54260649247604,0.19076786362207854,0.19076786362207854,13.013431430828744,0.5098646257019978,0.8015472888946533,0.9052945563012678,0.001,144.5822095000185,29469.478467062814,16904.01611328125,0,134,70,
205,45320,0.313333,1.0,0.9999041148207405,0.1638956774364818,0.8478800845417109,0.5120666392824866,0.009588777748021212,0.00797029059083963,0.0019370477769619107,0.003903317041906782,0.005747901122297414,0.011455397048584101,0.01675593064547601,0.0281993871237236,0.0016692304347254157,0.030591310691935096,0.006350201736098494,0.0,0.0,167.82917310541328,0.18968367478279125,0.18968367478279125,nan,nan,nan,nan,0.001,143.7362319729291,29613.214699035743,16904.01611328125,0,134,71,
206,45540,0.31,1.0,0.9999030904336409,0.1647829570384188,0.8475337632677772,0.5061774024231868,0.009691435468002137,0.007960756493478336,0.0019512659511581826,0.0039022354782156815,0.005778630402214317,0.011684658520177684,0.01697623188480396,0.02860369459641251,0.001687173572331217,0.030949146819131617,0.006448735009921207,0.0,7.102272727272727e-05,168.73774819807574,0.19575917223924616,0.19575917223924616,nan,nan,nan,nan,0.001,143.87612025183626,29757.09081928758,16904.01611328125,0,134,72,
207,45760,0.306667,1.0,0.9999037280678749,0.16508144577118483,0.8476225640286099,0.5061279787258668,0.009627564437687397,0.00793848841726272,0.0019299548175529873,0.0038631375204369596,0.005735280306014994,0.011555945672179487,0.016981673693623054,0.028523197084326636,0.0016527516514708456,0.030918050747872752,0.006437792234249752,0.0,0.0,169.04340060840954,0.1954660184095119,0.1954660184095119,nan,nan,nan,nan,0.001,143.7246097768657,29900.815429064445,16904.01611328125,0,134,73,
208,45980,0.303333,1.0,0.9999027586796067,0.1643072357062589,0.8479628573764454,0.4994758515195413,0.009724701347295195,0.008021394499916245,0.001988943966584471,0.00395251950354908,0.005835576288783076,0.011717705843462186,0.016918577023104512,0.028431319720535114,0.0016825937299555253,0.03079824649347839,0.006399046256609092,0.0,0.0,168.25060870430687,0.2042926428880737,0.2042926428880737,nan,nan,nan,nan,0.001,143.903656746028,30044.719085810473,16904.01611328125,0,134,74,
209,46200,0.3,1.0,0.9999036400155588,0.16255601349879395,0.8474891793998804,0.5049987357448448,0.009636448995760558,0.007952661576299843,0.0020134098709439223,0.00394438024959527,0.005749849959234284,0.011589116353372281,0.01685613406906751,0.028334191866981034,0.0017359779347977812,0.03074705629736524,0.006380023536357013,0.0,0.0,166.45735763203015,0.1917342514138929,0.1917342514138929,15.006438229158189,0.5275736848398287,0.7152760028839111,0.8672632363907532,0.001,144.28105193190277,30189.000137742376,16904.01611328125,0,134,75,
210,46420,0.296667,1.0,0.9999033480882644,0.16644942137328061,0.8479538692669435,0.5141551440412347,0.009665566439401698,0.008013200973668559,0.001881154585664097,0.0038663775877053426,0.0057310221251100305,0.011726716858207841,0.01699748176615685,0.02796942590608854,0.0015753444263034246,0.030238598422147333,0.006362055499233644,0.0,0.0,170.4442084052346,0.19432004646725037,0.19432004646725037,nan,nan,nan,nan,0.001,143.68018139898777,30332.680319141364,16904.01611328125,0,134,76,
211,46640,0.293333,1.0,0.9999044421044263,0.16533769140528007,0.8475912782278928,0.5058337856422771,0.009556270360057666,0.00786771968070587,0.001968289983911249,0.003926836962769316,0.005760673447300426,0.011495959900573574,0.01655285207512365,0.027994588542390952,0.001671810725615201,0.030302779854867946,0.006270968070020899,0.0,7.102272727272727e-05,169.30579613772306,0.1875762636884454,0.1875762636884454,nan,nan,nan,nan,0.001,143.66230372106656,30476.34262286243,16904.01611328125,0,134,77,
212,46860,0.29,1.0,0.9999025239185854,0.16291615107858723,0.8479904413223267,0.5015961217609319,0.00974795205349272,0.007979777655352585,0.001984314333028372,0.0039598046979253095,0.005834939909717915,0.011670151467181065,0.017042708020149306,0.029008515513586727,0.0016918978313366427,0.03136695415543562,0.006533081840131093,0.0,0.0,166.82613965814764,0.19314096912175127,0.19314096912175127,nan,nan,nan,nan,0.001,143.67163783311844,30620.01426069555,16904.01611328125,0,134,78,
213,47080,0.286667,1.0,0.9999025017023087,0.1617116421291774,0.8483187053691257,0.5002541194585237,0.009750179263805463,0.008019357188393108,0.0020144178267483682,0.003991069888897155,0.005841303905154663,0.011698151100426912,0.017089335455305197,0.02849540989845991,0.0017074432903179762,0.030761384091932666,0.0064244789621708065,0.0,7.102272727272727e-05,165.5927218697288,0.1997084684627152,0.1997084684627152,nan,nan,nan,nan,0.001,143.76866644900292,30763.78292714455,16904.01611328125,0,134,79,
214,47300,0.283333,1.0,0.9999026490883394,0.15980686404826966,0.8471877886490389,0.5006982188333164,0.009735693222716111,0.007996706049677662,0.00203290031257149,0.003931270636861551,0.005790760759158398,0.011648776003328915,0.017141629073938184,0.02883857467677444,0.0017489979763261297,0.03125578662041913,0.006494455531091345,0.0,0.0,163.642228195884,0.17767402052609244,0.17767402052609244,14.884057590389915,0.4950616995013195,0.7825255990028381,0.9194630872483222,0.001,144.2259237600956,30908.008850904647,16904.01611328125,0,134,80,
215,47520,0.28,1.0,0.9999020485715433,0.16124879494309424,0.8482274044643748,0.5025232810188424,0.00979556235992773,0.007958070364442061,0.00205815650803164,0.003921143025218043,0.005763100722106174,0.011786107945425266,0.017339586172337558,0.028942855928008528,0.001780856227527362,0.0313406139569865,0.006571396448734132,0.0,0.0,165.11876673264936,0.1977799648862039,0.1977799648862039,nan,nan,nan,nan,0.001,143.94652849296108,31051.95537939761,16904.01611328125,0,134,81,
216,47740,0.276667,1.0,0.9999019174413247,0.16071303229440342,0.8479688034816222,0.4972964275966991,0.009808855304833162,0.008025700061328031,0.002030188869155774,0.004020561796179126,0.005841599000004035,0.011714548930864443,0.017117427856746047,0.02940962158185853,0.001739847174361454,0.031937925405377016,0.006601539583855563,0.0,0.0,164.5701451214877,0.1898228988993442,0.1898228988993442,nan,nan,nan,nan,0.001,143.88146882504225,31195.83684822265,16904.01611328125,0,134,82,
217,47960,0.273333,1.0,0.999902368946509,0.16248104697601362,0.8482489302754402,0.49324095093391157,0.0097634076744064,0.008026376622729004,0.002033426535159709,0.0039209483201954175,0.005823507101740688,0.011723772271282294,0.017148862550543112,0.02910449584438042,0.0017641312623626702,0.03173994290303778,0.006542675950119949,0.0,0.0,166.38059154857288,0.1829342880046652,0.1829342880046652,nan,nan,nan,nan,0.001,143.58678927994333,31339.423637502594,16904.01611328125,0,134,83,
218,48180,0.27,1.0,0.9999018154361031,0.16037603374570608,0.8476127289912917,0.5006698427552526,0.009818797846409407,0.008018960631240836,0.0020454812406652226,0.003956380687833933,0.005814809405075555,0.011746965378353541,0.017332564810798926,0.029511397890746593,0.0017499577043384885,0.032158948328684676,0.006634495105192235,0.0,0.0,164.22505834752863,0.18312563094500678,0.18312563094500678,nan,nan,nan,nan,0.001,143.7873952500522,31483.211032752646,16904.01611328125,0,134,84,
219,48400,0.266667,1.0,0.9999026047912511,0.16278749535029585,0.8477019734003327,0.5015766976231878,0.00973975305784155,0.008029958528508855,0.0019794398903534537,0.0038986065118065613,0.005773286791835827,0.011706103519959883,0.017179949693805114,0.02874084254303439,0.0017083497835218705,0.031208105173639276,0.00648611158831045,0.0,0.0,166.6943945798007,0.20768925190386944,0.20768925190386944,12.715445183596167,0.4761974747983871,0.7085383534431458,0.9105145413870246,0.001,144.2551018409431,31627.46613459359,16904.01611328125,0,134,85,
220,48620,0.263333,1.0,0.9999018789692359,0.1617736173624342,0.8484707580371337,0.4949116032909263,0.009812462654769082,0.008091938272330233,0.0020086063277796546,0.003969458495901728,0.005865251583004878,0.011762806673703547,0.01720567442138087,0.028870112616145475,0.0017046516496934188,0.03118167129472237,0.00650058231972666,0.0,0.0,165.65618482069536,0.19817731020087748,0.19817731020087748,nan,nan,nan,nan,0.001,143.8941562550608,31771.36029084865,16904.01611328125,0,134,86,
221,48840,0.26,1.0,0.9999020053581757,0.16119542977010662,0.8485917977311395,0.49793332849036565,0.009799709961622615,0.008079167575025085,0.002045938848128902,0.0038986923509086906,0.005850957330337471,0.011799782628870823,0.017078323412517256,0.029212773411365394,0.0017889914424978831,0.03197178003505211,0.006538689641324295,0.0,0.0,165.06411989385433,0.19663172904122045,0.19663172904122045,nan,nan,nan,nan,0.001,143.96021772688255,31915.320508575533,16904.01611328125,0,134,87,
222,49060,0.256667,1.0,0.9999018812721426,0.1654438702389598,0.8485420908440243,0.5051039211452008,0.009812139926097271,0.007990164817734197,0.001951275355333399,0.003939397475385869,0.005789920564381067,0.011657518029890276,0.017315006670965388,0.029770714611831037,0.0016606402943084091,0.03234322994566438,0.006720920534148305,0.0,0.0,169.4145228472623,0.20508140417937415,0.20508140417937415,nan,nan,nan,nan,0.001,143.72882870701142,32059.049337282544,16904.01611328125,0,134,88,
223,49280,0.253333,1.0,0.9999015740372917,0.16331151593476534,0.8476672247052193,0.49673485430804165,0.009842980636114424,0.008062488465061919,0.0019789420542524155,0.00397516753159421,0.005833584105130285,0.011715514862655915,0.01723810973661867,0.029860208860852503,0.0016709257313116475,0.032570515242828564,0.006698935867858712,0.0,0.0,167.2309926813299,0.18690316998305098,0.18690316998305098,nan,nan,nan,nan,0.001,143.73447184776887,32202.783809130313,16904.01611328125,0,134,89,
224,49500,0.25,1.0,0.9999020888046785,0.16248978290029548,0.8484223938801072,0.499358332766728,0.009791547986043786,0.008042061830532144,0.0019580749987322963,0.003985477674657225,0.005797357254513455,0.011727297350510278,0.017160071460106834,0.029289352989078244,0.0016675665528799238,0.031855305489576,0.006587029090786184,0.0,0.0,166.38953815806997,0.202940596134182,0.202940596134182,12.13883714271718,0.5337376443996213,0.780142068862915,0.9120059656972409,0.001,144.19910476915538,32346.98291389947,16904.01611328125,0,134,90,
225,49720,0.246667,1.0,0.999902279810472,0.16183506646616894,0.8482003767382015,0.5036413129757751,0.009772383683064783,0.008055488738781688,0.0019825243174802216,0.003939911908078515,0.0057971178146544846,0.011662412303584543,0.017080532060936092,0.029345180513337253,0.001691836211168927,0.03187471445734528,0.006584546328733929,0.0,0.0,165.71910767988726,0.19623653809222946,0.19623653809222946,nan,nan,nan,nan,0.001,143.7386606268119,32490.72157452628,16904.01611328125,0,134,91,
226,49940,0.243333,1.0,0.9999002161351117,0.16301046934994784,0.8484843271699819,0.5011418497697874,0.009978639529171315,0.00813939683985981,0.001983805132542991,0.0038973509160727684,0.005849154109918428,0.011860410274345088,0.01763995627618649,0.03038166716313836,0.0016972718378052709,0.03295257392720404,0.006863223257559267,0.0,0.0,166.92272101315584,0.20973965992194218,0.20973965992194218,nan,nan,nan,nan,0.001,143.8119015530683,32634.53347607935,16904.01611328125,0,134,92,
227,50160,0.24,1.0,0.9999010268937457,0.1628577584400773,0.8481338037685915,0.495526509122415,0.009897840074898506,0.008082920454696498,0.0019576560085459442,0.003925188722628677,0.005850198676026511,0.011777613665485246,0.017471478473056447,0.03007039428392256,0.00164816691649321,0.03287973207929595,0.006765422227644277,0.0,7.102272727272727e-05,166.76634420915084,0.2006893492889262,0.2006893492889262,nan,nan,nan,nan,0.001,143.70809992891736,32778.241576008266,16904.01611328125,0,134,93,
228,50380,0.236667,1.0,0.9999012311751192,0.16044757278128105,0.8486416226083582,0.4936802432618358,0.009877216186247427,0.008101973869964819,0.0019904046521829017,0.003939525877781721,0.0058727019445293325,0.011847312354736707,0.01728352288800207,0.02954782921270552,0.0017024516504369042,0.03200518161651086,0.006653514597035775,0.0,0.0,164.29831425059925,0.20507272511266111,0.20507272511266111,nan,nan,nan,nan,0.001,143.69517772784457,32921.93675373611,16904.01611328125,0,134,94,
229,50600,0.233333,1.0,0.9999008411710912,0.16044355932284485,0.8479192632165822,0.49908083216710525,0.009916051166047426,0.008074517859230664,0.001980527301996269,0.003993819222457453,0.005870628462236544,0.01175898914648728,0.0174409893066199,0.029906698388301515,0.0016858249652366133,0.032361325280825526,0.0067388444218191915,0.0,0.0,164.29420523210004,0.19529820117970992,0.19529820117970992,12.983341832301551,0.5524393775481383,0.9226170778274536,0.9589858314690529,0.001,144.0687786899507,33066.00553242606,16904.01611328125,0,134,95,
230,50820,0.23,1.0,0.999901234832677,0.1616459350016984,0.8487084463238717,0.49839543483474036,0.009877213247289712,0.008054375538433139,0.001997848998210181,0.003952605737669563,0.005852858378784731,0.011763836501631885,0.017459999831308696,0.0298793813764033,0.0017172525908377297,0.03252049319827083,0.006736415536777878,0.0,0.0,165.52543766715308,0.1939170303154213,0.1939170303154213,nan,nan,nan,nan,0.001,143.73433828516863,33209.73987071123,16904.01611328125,0,134,96,
231,51040,0.226667,1.0,0.9999014047059146,0.161849804866043,0.8475710797038946,0.5036293049427596,0.009860030449503525,0.008098311199467969,0.002001910089430484,0.003994773163999939,0.005819918226387183,0.011864599205595865,0.017361508834768426,0.029394595890136606,0.001712145345366232,0.0319359379185533,0.006619127113266256,0.0,0.0,165.7342011538419,0.20748750835815222,0.20748750835815222,nan,nan,nan,nan,0.001,143.59281456982717,33353.33268528106,16904.01611328125,0,134,97,
232,51260,0.223333,1.0,0.9999006672339006,0.15804807792671702,0.8481747001409531,0.49360890490087594,0.009933602815197612,0.008092422755858437,0.002027381039012901,0.003992381291093559,0.005881644802866503,0.011936511579816315,0.017528679181652313,0.030142237995327874,0.0017330351717894453,0.0330042896961624,0.006773221263111653,0.0,0.0,161.84123169292104,0.19520692384343144,0.19520692384343144,nan,nan,nan,nan,0.001,143.83493449282832,33497.167619773885,16904.01611328125,0,134,98,
233,51480,0.22,1.0,0.9999006471850655,0.1633366239511154,0.8483138058673252,0.5005728508938443,0.009935818050607023,0.008123406953051348,0.001963702558979011,0.003948532985470427,0.005849468467799439,0.011865216971967707,0.01759497939651324,0.029947724800810895,0.0016810314033136819,0.032535476438616484,0.006775684278479523,0.0,7.102272727272727e-05,167.25670188557018,0.2026440205133193,0.2026440205133193,nan,nan,nan,nan,0.001,143.65226987190545,33640.81988964579,16904.01611328125,0,134,99,
234,51700,0.216667,1.0,0.9999003516002135,0.16120501870120113,0.8487063905054872,0.49771620339967987,0.009965293728534809,0.008091260161547159,0.001966840465254129,0.0039090579410020095,0.005818263140231879,0.012017761587842622,0.017776577794839713,0.029663609493185174,0.0016906071651729606,0.032072213865731926,0.006767579181839458,0.0,0.0,165.07393968755548,0.197898805623991,0.197898805623991,14.875839255407595,0.500849351731875,0.7625488042831421,0.9134973900074571,0.001,144.40282600210048,33785.22271564789,16904.01611328125,0,134,100,
235,51920,0.213333,1.0,0.9999007211490111,0.15888258151032708,0.8474194357340986,0.5062800372866068,0.009928401685531505,0.008146286783316596,0.002048665880085371,0.004033535331043161,0.005892164007739418,0.011936566066420214,0.017554986009120265,0.029341872654516588,0.001764524627056248,0.03185765132392672,0.006629237275972793,0.0,0.0,162.69576403877952,0.2007466455399463,0.2007466455399463,nan,nan,nan,nan,0.001,143.60063973092474,33928.823355378816,16904.01611328125,0,134,101,
236,52140,0.21,1.0,0.9999006987972693,0.15833741119978104,0.8486144489862703,0.4914742968299172,0.00993063425729898,0.008124283309602602,0.0020446127633807587,0.004029504644462246,0.005871868447337131,0.011920261713252826,0.017584953651848166,0.02938638432163068,0.0017323015437465405,0.03170921205204319,0.006645030344159088,0.0,0.0,162.13750858306884,0.2051063442963425,0.2051063442963425,nan,nan,nan,nan,0.001,143.5662365211174,34072.38959189993,16904.01611328125,0,134,102,
237,52360,0.206667,1.0,0.9998998013409701,0.1592350097881122,0.8486293253573505,0.4895240821621635,0.010020182219291613,0.008121766899289055,0.002027400291196748,0.0040417002791814,0.005860117569946768,0.011973453962921418,0.017626654661514543,0.0307835386431014,0.0017242673482872884,0.03356474118137902,0.006922094096874141,0.0,0.0,163.0566496588967,0.20313454873589792,0.20313454873589792,nan,nan,nan,nan,0.001,143.78066093404777,34216.17025283398,16904.01611328125,0,134,103,
238,52580,0.203333,1.0,0.9999007563699376,0.16451802277429536,0.8487533539533615,0.5014723151922226,0.009924852217293598,0.008108931526922705,0.0019186646383869547,0.0038634896857812156,0.005824658483139832,0.011887851983986118,0.01765039203773168,0.029975593289021742,0.001629649267570957,0.03259165313899178,0.006780667073855346,0.0,0.0,168.466454818032,0.20774079887418753,0.20774079887418753,nan,nan,nan,nan,0.001,143.6140391768422,34359.78429201082,16904.01611328125,0,134,104,
239,52800,0.2,1.0,0.9998996153473854,0.15999253558164292,0.8483920018781316,0.48860076794570145,0.010039065199353816,0.008185133690395478,0.0019904619146969213,0.003925942675083537,0.005922863240861757,0.012088509746403856,0.017753256114453754,0.0301966927501119,0.0017166420068282274,0.032758813290010125,0.006845083204627207,0.0,0.0,163.8323564009233,0.19358979101654283,0.19358979101654283,14.18475084649337,0.5017752317080105,0.6921184062957764,0.8911260253542133,0.001,144.23607173305936,34504.02036374388,16904.01611328125,0,134,105,
240,53020,0.196667,1.0,0.9998994391072881,0.16275693606585265,0.8492115157571706,0.4927302288738164,0.01005641450279985,0.00819611940850419,0.001957747058953497,0.003941200122724033,0.00590204818026078,0.011993730305270716,0.01793505095199428,0.03063294457864355,0.0016912564605676876,0.03350084479263222,0.006936431707369841,0.0,0.0,166.66310143904252,0.19706479168993568,0.19706479168993568,nan,nan,nan,nan,0.001,143.81461736792699,34647.83498111181,16904.01611328125,0,134,106,
241,53240,0.193333,1.0,0.9998998598618941,0.15984277283264833,0.8490507488900965,0.4991705271330747,0.010014470723796296,0.008122495783027261,0.002002980813267641,0.003934102740128186,0.0058518663863651454,0.011947397905698215,0.017834815977733922,0.030571462093344465,0.0017283914000720622,0.033170644388618796,0.006901428661182184,0.0,0.0,163.67899915521795,0.20009339386869013,0.20009339386869013,nan,nan,nan,nan,0.001,143.59004442510195,34791.42502553691,16904.01611328125,0,134,107,
242,53460,0.19,1.0,0.9998999549583956,0.16104423007504506,0.8485143784772265,0.49457987790757957,0.01000507499239492,0.008161181555425917,0.001990549270042472,0.0040105263152244415,0.00585545231746933,0.011966955052180723,0.017528542785227978,0.0304205148501999,0.001694327753416887,0.03315078878182579,0.006852296233939176,0.0,7.102272727272727e-05,164.90929048711604,0.20608291162340964,0.20608291162340964,nan,nan,nan,nan,0.001,143.92087326012552,34935.34589879704,16904.01611328125,0,134,108,
243,53680,0.186667,1.0,0.9998993995514783,0.16200435916808517,0.8487488766962832,0.4917703488333659,0.010060583775736053,0.008119128010532056,0.001986520657241768,0.0039452981005359275,0.005844780604820699,0.012038716654801234,0.01794723849320276,0.03082515942356126,0.0017022506721828408,0.03342225231357258,0.006984329943820326,0.0,0.0,165.89246425628662,0.19930604395352033,0.19930604395352033,nan,nan,nan,nan,0.001,143.85851433989592,35079.20441313693,16904.01611328125,0,134,109,
244,53900,0.183333,1.0,0.9998988257213073,0.15681606124747882,0.8487551416863095,0.4893725268542767,0.010117719797629186,0.008169942982071503,0.002062109063130761,0.004005314434074204,0.0059316514895974915,0.012070499940521338,0.01810919825749641,0.030519548170691864,0.0017621654573800201,0.033194949458861214,0.006921831172869795,0.0,0.0,160.5796471335671,0.19759665175475294,0.19759665175475294,11.32932814835444,0.5284565010006482,0.8387120962142944,0.9500372856077554,0.001,144.37096714414656,35223.57538028108,16904.01611328125,0,134,110,
245,54120,0.18,1.0,0.9998993043195118,0.1598672995174473,0.8491968299854885,0.4913267884064804,0.01007004109401764,0.008175211362752385,0.0020015688492342385,0.004013999963486144,0.005925545439293438,0.012033801064403219,0.017857556726614182,0.030479906649667432,0.0017044969400475648,0.03315647507340393,0.006889812543522567,0.0,7.102272727272727e-05,163.7041152087125,0.19266831079064797,0.19266831079064797,nan,nan,nan,nan,0.001,143.81763172498904,35367.39301200607,16904.01611328125,0,134,111,
246,54340,0.176667,1.0,0.9998992533846335,0.1591216140511361,0.8488026129928502,0.4972256654365496,0.010074921211608771,0.008188613263932481,0.001983343905389616,0.0039438404838702725,0.005855131493246352,0.012139223571020093,0.018049964194440028,0.03041086108000441,0.0016899772810575087,0.03304732629648325,0.006916532200358977,0.0,0.0,162.9405330137773,0.1933585177945627,0.1933585177945627,nan,nan,nan,nan,0.001,143.75021864194423,35511.14323064801,16904.01611328125,0,134,112,
247,54560,0.173333,1.0,0.9998982505364852,0.16091056146066296,0.8497484150257978,0.4953905832361091,0.010175438326868144,0.008252541042483326,0.0020006502283980475,0.003988392428833653,0.0059192769912029194,0.012229184696281498,0.017891390024769034,0.03139169760768048,0.0017120528438681504,0.034221520683389496,0.0070851861541582776,0.0,7.102272727272727e-05,164.77241472764447,0.19591424102004812,0.19591424102004812,nan,nan,nan,nan,0.001,143.73991850484163,35654.883149152854,16904.01611328125,0,134,113,
248,54780,0.17,1.0,0.999898808110844,0.1587310870940035,0.8486247471787712,0.4922610309313644,0.010119746114254336,0.008239568187855184,0.0020466682507090314,0.0039959150363839315,0.005901780041908338,0.012009480341591619,0.017744366921992466,0.031403656117618084,0.0017593861543156726,0.03420457818164405,0.007047597008270465,0.0,0.0,162.54063280278987,0.19749344507220778,0.19749344507220778,nan,nan,nan,nan,0.001,143.73492829618044,35798.618077449035,16904.01611328125,0,134,114,
249,55000,0.166667,1.0,0.9998985462568023,0.15911976674740966,0.8491241493008354,0.48853009952740234,0.010145832352678885,0.008177952845157547,0.002054363004704514,0.004016462874609384,0.005887050247772343,0.012204470862211152,0.018218169185671616,0.030306704964658076,0.00176648842000511,0.03266022275201976,0.00695670551027764,0.0,0.0,162.93864099329167,0.18489896450735213,0.18489896450735213,12.729424202120484,0.5912837917363405,0.8398740291595459,0.9395973154362416,0.001,144.05418808502145,35942.672265534056,16904.01611328125,0,134,115,
250,55220,0.163333,1.0,0.9998983479358933,0.15634015569971366,0.8487144750627604,0.490973560037938,0.010165429062379355,0.008228014350276102,0.002094124047024789,0.003983959071179428,0.005897829567336223,0.01223255448170345,0.017971028561111203,0.03068842017515139,0.0018175087392261378,0.03319548700343479,0.0069719538267236205,0.0,0.0,160.09231957522306,0.19483164269361847,0.19483164269361847,nan,nan,nan,nan,0.001,143.74193405918777,36086.414199593244,16904.01611328125,0,134,116,
251,55440,0.16,1.0,0.999899530952627,0.15852434553883293,0.8482465147972107,0.49166253093968737,0.010047204373404384,0.00819996136282994,0.002086240274696717,0.004031426459815438,0.005875587567094375,0.012043937663971023,0.01780853055586869,0.030126836978491733,0.001794293697854631,0.03262225254862146,0.006803380854067985,0.0,0.00014204545454545454,162.32892941561613,0.2161241035733889,0.2161241035733889,nan,nan,nan,nan,0.001,143.8190143839456,36230.23321397719,16904.01611328125,0,134,117,
252,55660,0.156667,1.0,0.9998982914469459,0.15652881970798427,0.849538594077934,0.4908306732096455,0.010171471179505303,0.008231103267859328,0.0020650417943463913,0.00401930984781674,0.00590438813669607,0.012143377761822194,0.018095281927592376,0.030945948581211268,0.001789325826889994,0.03354813532522795,0.007019037064376541,0.0,0.0,160.28551216125487,0.19498248756834358,0.19498248756834358,nan,nan,nan,nan,0.001,143.74891629908234,36373.98213027627,16904.01611328125,0,134,118,
253,55880,0.153333,1.0,0.9998982074585828,0.16120553626255554,0.8483179651878097,0.49774334173310886,0.010179493321232837,0.008130565947133371,0.0019888197065897244,0.003957598796114325,0.005886262079002336,0.012202493027275937,0.01843560665888204,0.031541562038050454,0.001693218024328499,0.03437493022488938,0.00718259854210456,0.0,0.0,165.07446932359176,0.18465486885428062,0.18465486885428062,nan,nan,nan,nan,0.001,143.83842578995973,36517.82055606623,16904.01611328125,0,134,119,
254,56100,0.15,1.0,0.9998990401625634,0.16165675258433276,0.8486158239570532,0.49437116838314316,0.010096185408871283,0.008232516148762609,0.0019257426384270233,0.003894060580800711,0.005922545663038777,0.012035201902670616,0.017848409064622088,0.03095949294511229,0.0016447771126463936,0.03384240360888229,0.006996685677652501,0.0,0.0,165.53651565204967,0.20010037025869892,0.20010037025869892,12.756537930989559,0.5654130992467336,0.8618103265762329,0.9485458612975392,0.001,144.35499036102556,36662.17554642726,16904.01611328125,0,134,120,
255,56320,0.146667,1.0,0.9998996118252927,0.15920565753159197,0.8480805765498768,0.4910619281909683,0.010039068081162193,0.008212257822213525,0.0020144567769338293,0.003974915527347052,0.005881392006995156,0.011999968278475784,0.017753765628334472,0.03026859456546266,0.0017301671677407947,0.0330126052680002,0.006843054656532,0.0,0.0,163.0265936764804,0.20476347925742572,0.20476347925742572,nan,nan,nan,nan,0.001,144.03883024305105,36806.21437667031,16904.01611328125,0,134,121,
256,56540,0.143333,1.0,0.9998977406458421,0.15608989233997736,0.8496515414931557,0.49193947301669555,0.010226118967826055,0.008275596562518993,0.002119690858208659,0.003998008373574439,0.005945664901942523,0.012216034470210699,0.01825680113820867,0.03144714152440429,0.0018430080628439266,0.034304295103489,0.007119937361196869,0.0,7.102272727272727e-05,159.83604906255547,0.19414251804793176,0.19414251804793176,nan,nan,nan,nan,0.001,143.8464982220903,36950.0608748924,16904.01611328125,0,134,122,
257,56760,0.14,1.0,0.9998978945341978,0.15584558778527108,0.8488951547579332,0.48801978223703124,0.0102108267379332,0.008326539541171355,0.002054298398698765,0.00405719023229639,0.005992738501994278,0.012239522476341915,0.01791553470433097,0.031029102913188663,0.00177138195828196,0.03378914541945877,0.006979824106251313,0.0,0.0,159.5858819441362,0.19130571976725663,0.19130571976725663,nan,nan,nan,nan,0.001,143.8489549108781,37093.90982980328,16904.01611328125,0,134,123,
258,56980,0.136667,1.0,0.9998980211940679,0.15707263924520123,0.8494453184983947,0.4813405655324459,0.010198353888170624,0.008283752635841003,0.0020058109718692403,0.004025225422810763,0.005937183776404708,0.012153166384351525,0.018080454372631557,0.03126441208349372,0.0016942147609370294,0.03401610414412889,0.007066806036428633,0.0,0.0,160.8423826044256,0.18538596279998198,0.18538596279998198,nan,nan,nan,nan,0.001,144.0033984419424,37237.91322824522,16904.01611328125,0,134,124,
259,57200,0.133333,1.0,0.9998978123068809,0.1593964001502503,0.8492553850466554,0.49370085956020787,0.010219250367531045,0.008257328127299181,0.0020128533023208465,0.003978686078599739,0.005939238797873258,0.012283968957225708,0.018191167020069603,0.03141601976980878,0.0017120762572383021,0.034160908066074955,0.007114508967126973,0.0,0.0,163.22191382321444,0.1952022218057321,0.1952022218057321,12.229986463181296,0.5442133701603341,0.8613095283508301,0.941834451901566,0.001,144.40819298313,37382.32142122835,16904.01611328125,0,134,125,
260,57420,0.13,1.0,0.999897729808634,0.15625559033995326,0.8488750158385797,0.49175889119505883,0.010227334945970638,0.0082695037571036,0.002055537029611349,0.004035252777975984,0.005969696732724763,0.01236600176092576,0.018314696156250483,0.0304927307667888,0.0017626182585941438,0.03293539117386734,0.006944429772821339,0.0,0.0,160.00572431737726,0.18874843971133495,0.18874843971133495,nan,nan,nan,nan,0.001,143.79975891998038,37526.12118014833,16904.01611328125,0,134,126,
261,57640,0.126667,1.0,0.9998981066725471,0.1559035062281923,0.8493988035754724,0.4888966556977142,0.010189648084765808,0.008224934140558948,0.002089119494617493,0.00399007416060406,0.005954872936920517,0.012116751341487873,0.018079614522866903,0.03121213142717765,0.0018205118856382217,0.03383959355467761,0.007077962067507377,0.0,0.0,159.64518997885963,0.19893517001646477,0.19893517001646477,nan,nan,nan,nan,0.001,143.69200594699942,37669.81318609533,16904.01611328125,0,134,127,
262,57860,0.123333,1.0,0.9998972965912385,0.15942704284732992,0.8493259023536336,0.49134789116003297,0.01027071774958379,0.008266864343419332,0.0020248622288239525,0.004002328011979857,0.005927990455794232,0.012227326017719779,0.01824832117311995,0.032021994465454055,0.0017385772407909495,0.03487853901884095,0.007262722515522248,0.0,0.0,163.25329184098678,0.19534502638574724,0.19534502638574724,nan,nan,nan,nan,0.001,143.93586834799498,37813.749054443324,16904.01611328125,0,134,128,
263,58080,0.12,1.0,0.9998967808755961,0.15960430563850836,0.8489144445820288,0.4869768363508311,0.010322342927313663,0.008290024565278806,0.0020210048703699036,0.003937376101517161,0.005913772558878092,0.012307762519710443,0.018577089535326444,0.03202330436430533,0.0017641641964225776,0.034946771958758206,0.00732529123514806,0.0,0.0,163.4348097887906,0.19741557126784093,0.19741557126784093,nan,nan,nan,nan,0.001,143.8587747879792,37957.6078292313,16904.01611328125,0,134,129,
264,58300,0.116667,1.0,0.999897538125515,0.15862282905727626,0.8487867526032707,0.49011165526780215,0.010246520550836894,0.008265277300961316,0.001998696295975771,0.003968228601363742,0.005923863377062265,0.012255097316070036,0.01815831596243449,0.03154300487261604,0.0017064504675628003,0.034397555830549785,0.007152491755550727,0.0,0.0,162.42977652116255,0.19498792437261758,0.19498792437261758,13.293039698370428,0.5336218272100042,0.761737048625946,0.8978374347501864,0.001,144.41902212798595,38102.02685135929,16904.01611328125,0,134,130,
265,58520,0.113333,1.0,0.9998965295878324,0.15832503390583125,0.8494416813958775,0.4895115815103054,0.010347354974047365,0.008375238882250745,0.0020429637472923127,0.004021916790092788,0.0060446645678232675,0.012380262079056013,0.01830782380844043,0.03210804922802543,0.0017621011635624614,0.03505900931883265,0.007233705525074832,0.0,0.0,162.12483463287353,0.2037359385773421,0.2037359385773421,nan,nan,nan,nan,0.001,143.88794149807654,38245.914792857366,16904.01611328125,0,134,131,
266,58740,0.11,1.0,0.9998968311331489,0.15561851066621868,0.8496460947123441,0.4926156167956916,0.010317340782123872,0.008303359005896543,0.0020880641831106253,0.003995182233153503,0.005939509378301657,0.012288992223329843,0.01849916854195974,0.03190657486504113,0.0018105084800812288,0.034626406896859405,0.007248905505879189,0.0,0.0,159.3533558065241,0.1934417589056239,0.1934417589056239,nan,nan,nan,nan,0.001,143.88411261606961,38389.798905473435,16904.01611328125,0,134,132,
267,58960,0.106667,1.0,0.9998968142000112,0.15886194951493632,0.8495837409387935,0.48890262354503977,0.010318989879240029,0.008288717799058015,0.0020311769386435943,0.004023069767969322,0.0059759758963164955,0.012216108004477892,0.018358932971023024,0.03258762657854029,0.0017437016284516588,0.03565442943733863,0.0073578455914023585,0.0,0.0,162.67463661540637,0.20161750817310747,0.20161750817310747,nan,nan,nan,nan,0.001,143.76013911305927,38533.559044586495,16904.01611328125,0,134,133,
268,59180,0.103333,1.0,0.9998967220837419,0.1557345149191943,0.8493179758841342,0.48855305124412884,0.010328305817463182,0.008279608041894707,0.0020302181678496047,0.003982223342014053,0.005989556644238871,0.012413952533494343,0.018498891647058455,0.031584498116915875,0.0017362663866317069,0.0341616937043992,0.00719638275755146,0.0,0.0,159.47214294780383,0.20542999277933838,0.20542999277933838,nan,nan,nan,nan,0.001,143.7268615241628,38677.28590611066,16904.01611328125,0,134,134,
269,59400,0.1,1.0,0.9998970569534735,0.1577279435301369,0.8492675758220932,0.4899231049824845,0.010294657027010214,0.008346891595812684,0.0020325320678900674,0.004039077619249425,0.005958890055560253,0.012243126138028774,0.018333868034691975,0.03173988989385014,0.0017486176700251897,0.03466882433064959,0.007177328786135397,0.0,0.0,161.5134145563299,0.1996372496885446,0.1996372496885446,13.31605880623694,0.5230668861021108,0.8842805624008179,0.9515287099179717,0.001,144.35922853299417,38821.64513464365,16904.01611328125,0,134,135,
270,59620,0.096667,1.0,0.9998965503139929,0.15709756504405628,0.8489973400126803,0.495276163789359,0.010345223225356841,0.008313811830752953,0.002086102747621639,0.0040269146379697226,0.0059571846472946085,0.012309860603206537,0.018401339501989158,0.032303469014269386,0.0018012388062826094,0.035298542434942314,0.007308596045583148,0.0,0.0,160.8679067438299,0.19982289398545244,0.19982289398545244,nan,nan,nan,nan,0.001,143.83702803379856,38965.48216267745,16904.01611328125,0,134,136,
271,59840,0.093333,1.0,0.9998956978321075,0.15466131229292263,0.8500636008652773,0.48499760248444296,0.010430647920690138,0.008364452434365045,0.002110880009951705,0.004084498120408336,0.006009867669887502,0.012439351245252923,0.01871568740514869,0.0323952881809832,0.0018282678337444933,0.03529364637691866,0.007373385120246729,0.0,0.0,158.3731837532737,0.21300879645529414,0.21300879645529414,nan,nan,nan,nan,0.001,143.86692556994967,39109.3490882474,16904.01611328125,0,134,137,
272,60060,0.09,1.0,0.9998968412930315,0.1595610884102908,0.8493149720809676,0.4935634795237671,0.010316262020602483,0.00830751460638236,0.001992148907480772,0.004001242741519077,0.0059715141039553355,0.012315737070854415,0.0182902633826333,0.03217768926088783,0.0017018282970887165,0.03494767995593561,0.0073023514647502456,0.0,0.0,163.39055434140292,0.21132033412483917,0.21132033412483917,nan,nan,nan,nan,0.001,143.81480957195163,39253.16389781935,16904.01611328125,0,134,138,
273,60280,0.086667,1.0,0.9998961623419415,0.15559621304273605,0.8494154171510176,0.4821197291666811,0.010384103856896134,0.008335220829626037,0.0020964146620165345,0.004047103964628398,0.005998384898041629,0.012365660752931778,0.018470312350175596,0.03255494296847081,0.0018095086212600688,0.03555606449107555,0.007370762061856857,0.0,0.0,159.33052238117565,0.19651152983235376,0.19651152983235376,nan,nan,nan,nan,0.001,143.8722289968282,39397.03612681618,16904.01611328125,0,134,139,
274,60500,0.083333,1.0,0.9998954366553914,0.15585258323699236,0.849409758638252,0.48821284384890035,0.010456683847587555,0.008320418908260763,0.002068194476239362,0.004093807433276776,0.0060010010048493065,0.012513016911477527,0.01882966673848304,0.032668910088779576,0.0017772874603410442,0.035527871559712695,0.007448540566044605,0.0,0.0,159.59304497458717,0.18594989262415865,0.18594989262415865,14.774371500292187,0.557448441092443,0.8213235139846802,0.9224459358687547,0.001,144.3640344729647,39541.400161289144,16904.01611328125,0,134,140,
275,60720,0.08,1.0,0.999896362694827,0.15820032547820698,0.849661484631625,0.49481853090903977,0.01036413989495486,0.008371258121703497,0.001941538131160831,0.003979817370683039,0.005964589762416753,0.012440163775516504,0.01831095074091784,0.03217060836667025,0.0016554400810491643,0.035137380107136615,0.007306834349451078,0.0,0.0,161.99713254408402,0.1939425578161376,0.1939425578161376,nan,nan,nan,nan,0.001,143.71978415106423,39685.11994544021,16904.01611328125,0,134,141,
276,60940,0.076667,1.0,0.999897186729041,0.15859972897239707,0.8494635889475995,0.49258769554170695,0.010281628320543941,0.008278522074264898,0.002003210675188298,0.003936993431257592,0.005896507463396781,0.012250910745933652,0.01850956613621251,0.03184726018119942,0.0016994286762796534,0.034759662452746524,0.007252780416853387,0.0,0.0,162.40612319599498,0.19561309598807894,0.19561309598807894,nan,nan,nan,nan,0.001,143.95223704585806,39829.07218248607,16904.01611328125,0,134,142,
277,61160,0.073333,1.0,0.9998956588181582,0.15501902032304893,0.8497735320167108,0.48774800314144656,0.010434619239954786,0.008365154203916477,0.002037615345166573,0.004028175097879615,0.006049092402893372,0.012455059342424978,0.018615559507584707,0.03252024693541567,0.001753155579386988,0.03545044654006647,0.007356831500179727,0.0,0.0,158.7394761692394,0.20719043967486167,0.20719043967486167,nan,nan,nan,nan,0.001,143.86063859891146,39972.93282108498,16904.01611328125,0,134,143,
278,61380,0.07,1.0,0.9998954789205031,0.1575960987670855,0.8499158225276253,0.4892324627800421,0.010452356368345631,0.008353302933656695,0.0020015269302265633,0.003997280297070657,0.0059903237973974845,0.012414773181080817,0.018711409872313116,0.03294449626383456,0.0016960538717037045,0.035862833335572344,0.007488995734390548,0.0,0.0,161.37840572703968,0.22369542014706884,0.22369542014706884,nan,nan,nan,nan,0.001,143.98858366417699,40116.921404749155,16904.01611328125,0,134,144,
279,61600,0.066667,1.0,0.9998968586325645,0.158457105318931,0.8493634843013503,0.49043774767355486,0.010314597361932763,0.008246889634227211,0.001991545406979805,0.004064485969932073,0.005930690143511377,0.012290623788298531,0.01829909810330719,0.032777432032691484,0.0017058744042019085,0.03591984765688804,0.007384040661748838,0.0,0.0,162.26007596796208,0.1941658057993777,0.1941658057993777,12.384674514649745,0.49902997759776435,0.7671859264373779,0.9060402684563759,0.001,144.23705394007266,40261.15845868923,16904.01611328125,0,134,145,
280,61820,0.063333,1.0,0.9998957353559408,0.15592596996575595,0.8492157012224197,0.49217054437507285,0.010426659001545473,0.008338177413679659,0.002025553873748074,0.004006139776373113,0.0059933378133626486,0.012485238096930765,0.018626032255335965,0.032950241660529914,0.0017470820149107814,0.03609679385765709,0.007459598536793651,0.0,0.0,159.66819279410623,0.19408313360536236,0.19408313360536236,nan,nan,nan,nan,0.001,143.84114079293795,40404.999599482166,16904.01611328125,0,134,146,
281,62040,0.06,1.0,0.9998945811932737,0.15323896592652256,0.8492003138769757,0.4918996745889837,0.010542158352803777,0.008346774311609228,0.002139827748429856,0.0040578676252731715,0.005998085688968951,0.01257460306567902,0.018778981194323436,0.033889580435458234,0.0018689025244053813,0.03722299110906368,0.007655509366040034,0.0,0.0,156.91670168096368,0.1932406253868979,0.1932406253868979,nan,nan,nan,nan,0.001,143.85078275599517,40548.85038223816,16904.01611328125,0,134,147,
282,62260,0.056667,1.0,0.9998945607380434,0.15704981161450798,0.8496141471646049,0.4874778674407439,0.010544245092155919,0.00845085155240006,0.002051493348831586,0.00406575906751889,0.006044489139987325,0.012476065995129333,0.018924389375289057,0.03320779344278642,0.0017441845885100933,0.036234113279814746,0.00754050745321861,0.0,7.102272727272727e-05,160.81900709325618,0.2147072054788299,0.2147072054788299,nan,nan,nan,nan,0.001,143.69612659700215,40692.54650883516,16904.01611328125,0,134,148,
283,62480,0.053333,1.0,0.9998943319374864,0.15303073467856104,0.8496359344233166,0.4805460313504392,0.010567182950167493,0.008404775875070217,0.0021135889237153937,0.004083306885546666,0.006005707185778936,0.012568945727649737,0.018871323969638483,0.033804456042972476,0.001815777365978151,0.037103686735711315,0.007649465582587502,0.0,0.0,156.70347244956275,0.20320157675775777,0.20320157675775777,nan,nan,nan,nan,0.001,143.86569149699062,40836.41220033215,16904.01611328125,0,134,149,
284,62700,0.05,1.0,0.9998944403095679,0.15585010703653096,0.8506137801842256,0.4903477156026797,0.010556511901615356,0.008444724186450581,0.0020935358151539483,0.00408081972669937,0.006037090884902599,0.012584156634032048,0.01875847556882284,0.03353698650713671,0.0017956377969312598,0.036860066474500026,0.007576741137414832,0.0,0.0,159.5905093973333,0.2018505057763015,0.2018505057763015,14.849583788569541,0.5034753809171963,0.763507604598999,0.9023117076808352,0.001,144.3167581241578,40980.72895845631,16904.01611328125,0,134,150,
285,62920,0.046667,1.0,0.9998932734131813,0.15270632791586897,0.8497439578175545,0.4836118309335275,0.010672968065112151,0.008432401698717678,0.0020724747390803797,0.004042350031721236,0.006037365051981231,0.012756441920911047,0.01925609209574759,0.03402418388815766,0.001795496824012265,0.0373105452565307,0.007762167447733439,0.0,0.0,156.37128030603583,0.2057445097638905,0.2057445097638905,nan,nan,nan,nan,0.001,143.80972076579928,41124.53867922211,16904.01611328125,0,134,151,
286,63140,0.043333,1.0,0.9998938376253301,0.15633122892203657,0.8497635807503353,0.4890701661055738,0.010616652049462903,0.008446596998890693,0.002062586649051148,0.004000224160898308,0.005948913289996033,0.012613034254701977,0.01910352949899706,0.0344008586073125,0.0017749251623668401,0.03796682243489406,0.0078111886565404185,0.0,7.102272727272727e-05,160.08317777460272,0.2060064427014424,0.2060064427014424,nan,nan,nan,nan,0.001,143.68804331193678,41268.22672253405,16904.01611328125,0,134,152,
287,63360,0.04,1.0,0.9998938422311436,0.15567344593053514,0.8499580501155419,0.4910324094647711,0.010616003548387777,0.00841647307917645,0.00206088228422397,0.0040265708463266495,0.006008801748976111,0.012712967361916195,0.019193253221667626,0.03379425203893334,0.0017692470054250654,0.037013207945380024,0.00769154390330765,0.0,0.0,159.40960851149126,0.20317502455517425,0.20317502455517425,nan,nan,nan,nan,0.001,143.87320854398422,41412.09993107803,16904.01611328125,0,134,153,
288,63580,0.036667,1.0,0.9998940362171693,0.15747977771203625,0.8502754957838492,0.49390351528471166,0.01059649082810872,0.008417502720840275,0.002007453199753813,0.003992552857909521,0.005983592511620372,0.012670581451278518,0.019120784398083658,0.033937180165032096,0.0017396066061006754,0.03725090065801685,0.007742497509620576,0.0,0.0,161.25929239446467,0.21960466043491683,0.21960466043491683,nan,nan,nan,nan,0.001,143.67673997813836,41555.77667105617,16904.01611328125,0,134,154,
289,63800,0.033333,1.0,0.9998942139473829,0.15607332092794504,0.8499936909838156,0.492556407302618,0.010578920342959463,0.008396877244707536,0.0019964830365841574,0.0040137155489488084,0.0059843077737076035,0.01248282667842101,0.018928427187810567,0.03436773412818597,0.001713835856075589,0.037592333495955574,0.007777314046291973,0.0,0.0,159.81908059553666,0.1986145681588788,0.1986145681588788,14.674088531686092,0.5065339741810654,0.8344241380691528,0.9582401193139448,0.001,144.2849505660124,41700.06162162218,16904.01611328125,0,134,155,
290,64020,0.03,1.0,0.9998938189311461,0.1558083714409308,0.850270137461749,0.49223844036459924,0.010618281482972882,0.008437053515279496,0.002036554781013613,0.004030570185436359,0.006046627243896099,0.012606822781857442,0.019359194466166876,0.033645915896208446,0.0017292513472387907,0.03668606398119168,0.007668023149017244,0.0,0.0,159.5477727543224,0.18998575673350498,0.18998575673350498,nan,nan,nan,nan,0.001,143.82606069091707,41843.8876823131,16904.01611328125,0,134,156,
291,64240,0.026667,1.0,0.9998931168155236,0.1516402405602011,0.8502935681830753,0.48301438276063313,0.010688812329052862,0.008413238413843581,0.0021220837691957556,0.004149112151141956,0.006094343769787388,0.012610386796718972,0.019111156309108167,0.034687359309331936,0.001835685632249806,0.037969699552790684,0.007850605878576805,0.0,0.0,155.27960565740412,0.20245376407151514,0.20245376407151514,nan,nan,nan,nan,0.001,143.79740980197676,41987.685092115076,16904.01611328125,0,134,157,
292,64460,0.023333,1.0,0.9998937169259244,0.15135504764250735,0.8505691238424995,0.4885809973559596,0.010628621614622798,0.008494079536335035,0.002178664855322991,0.004073864021550187,0.006047919854013757,0.012538514514877037,0.018933865485120226,0.03420006908815015,0.0019006647225151855,0.037450045834041455,0.007717394537758082,0.0,0.0,154.98756791895087,0.19168783126647604,0.19168783126647604,nan,nan,nan,nan,0.001,143.7345113309566,42131.41960344603,16904.01611328125,0,134,158,
293,64680,0.02,1.0,0.999894200807268,0.15626042967831547,0.8504715360023759,0.4903064908629114,0.010580425732769072,0.008386964281089603,0.002049340593459254,0.004040550776302222,0.006006224131719633,0.012555898527022113,0.019067232408137486,0.03400934038853103,0.0017466118068775606,0.03725893352265385,0.00772030744807456,0.0,0.0,160.01068014665083,0.19348719540841805,0.19348719540841805,nan,nan,nan,nan,0.001,143.85091619892046,42275.27051964495,16904.01611328125,0,134,159,
294,64900,0.016667,1.0,0.9998934675346721,0.15300788301974536,0.849660853499716,0.4854464982043613,0.010653414751868696,0.008401413950857452,0.0020829556353088594,0.004070358931097541,0.006027205390538174,0.012698494994335554,0.019153831374238837,0.03413396133321591,0.0017997062782590298,0.03723946384323591,0.007765572371532802,0.0,0.0,156.68007210818203,0.20018397413266642,0.20018397413266642,11.819729666890236,0.5048208090881321,0.8179948925971985,0.9239373601789709,0.001,144.2107577349525,42419.481277379906,16904.01611328125,0,134,160,
295,65120,0.013333,1.0,0.9998935305259444,0.15499309406361797,0.8502051155675542,0.4869502063501965,0.010647349831097844,0.00843334387331693,0.00207424259483973,0.003949988406913524,0.005998315924609249,0.012586559981785038,0.019250079333274203,0.03443093098784712,0.0017916591308593608,0.03752421165223826,0.007830663112690673,0.0,7.102272727272727e-05,158.71292804371228,0.18978253527191177,0.18978253527191177,nan,nan,nan,nan,0.001,143.6038331349846,42563.08511051489,16904.01611328125,0,134,161,
296,65340,0.01,1.0,0.9998938150026582,0.15486175504259087,0.8497903569178148,0.49237961450761014,0.010618676769081504,0.008434908202087338,0.0020861077085349033,0.004095746454814533,0.005979042357384143,0.012723956066607074,0.019123372875831345,0.03371593448629772,0.0017912469546982638,0.03691655690781772,0.007682210255139084,0.0,7.102272727272727e-05,158.57843647003173,0.1974937604076561,0.1974937604076561,nan,nan,nan,nan,0.001,143.8584022067953,42706.943512721686,16904.01611328125,0,134,162,
297,65560,0.006667,1.0,0.9998931084166873,0.15184427740221673,0.8491842164234682,0.4834842784838243,0.010689522042362527,0.008434823079204018,0.0021036234475931533,0.004116547438157299,0.006043785905190321,0.01278737444345924,0.019203979344191876,0.03426308525853198,0.0018158678789900891,0.03747615546453744,0.007798851156522605,0.0,0.0,155.48853997317227,0.20969840089084826,0.20969840089084826,nan,nan,nan,nan,0.001,143.82158409408294,42850.76509681577,16904.01611328125,0,134,163,
298,65780,0.003333,1.0,0.9998931248079647,0.15308283367617564,0.8498422842134129,0.48674221302975307,0.010687936387363482,0.008501093107571994,0.0020829575196495915,0.0040818381049162284,0.006078155628744174,0.012650942730463363,0.01931196798316457,0.03433897973630916,0.0017842789609114169,0.037520516001280736,0.007782983867747878,0.0,7.102272727272727e-05,156.75682128559458,0.20481503618161412,0.20481503618161412,nan,nan,nan,nan,0.001,143.89941218006425,42994.66450899583,16904.01611328125,0,134,164,
299,66000,0.0,1.0,0.9998925038359382,0.15544038077985697,0.8505837653170932,0.49116956862536343,0.010750137689650397,0.008472939968024465,0.00198306367846354,0.004046787054076875,0.006026183873076331,0.012715294180353257,0.019401357375847344,0.035304169471121645,0.0016845623642769748,0.03876156216825951,0.008013297712155195,0.0,0.0,159.17094990123402,0.20490569714868523,0.20490569714868523,12.375969853916178,0.5321883467541053,0.7973282337188721,0.9052945563012678,0.001,144.08371076895855,43138.74821976479,16904.01611328125,0,134,165,
