patient,n_windows,n_omega_hr,ham_K1_S5,ham_K1_S10,ham_K2_S5,ham_K1_S15,ham_K3_S5,ham_K1_S20,ham_K2_S10,ham_K4_S5,ham_K1_S25,ham_K5_S5,ham_K16_S5,ham_K16_S10,ham_K16_S15,ham_K16_S20,ham_K16_S25,proj_K1_S5,proj_K1_S10,proj_K2_S5,proj_K1_S15,proj_K3_S5,proj_K1_S20,proj_K2_S10,proj_K4_S5,proj_K1_S25,proj_K5_S5,proj_K16_S5,proj_K16_S10,proj_K16_S15,proj_K16_S20,proj_K16_S25,ppg_findpeaks,ppg_official,mech_I_S5,mech_C_S5,mech_G_S5,mech_SD_S5,mech_MAD_S5,mech_wRMS_S5,mech_I_S10,mech_C_S10,mech_G_S10,mech_SD_S10,mech_MAD_S10,mech_wRMS_S10,mech_I_S15,mech_C_S15,mech_G_S15,mech_SD_S15,mech_MAD_S15,mech_wRMS_S15,mech_I_S20,mech_C_S20,mech_G_S20,mech_SD_S20,mech_MAD_S20,mech_wRMS_S20,mech_I_S25,mech_C_S25,mech_G_S25,mech_SD_S25,mech_MAD_S25,mech_wRMS_S25
4,15.0,15.0,0.243786,0.259116,0.214595,0.273008,0.205881,0.278928,0.221677,0.204208,0.336614,0.200152,0.168466,0.175346,0.178169,0.18151,0.176972,0.484641,0.90773,0.454969,1.240346,0.280084,1.322893,0.866023,0.276001,1.350257,0.276365,0.266521,0.258962,0.263474,0.267503,0.259166,0.243876,,0.243786,0.168466,0.07532,0.168195,0.110839,0.998424,0.259116,0.175346,0.08377,0.195497,0.126255,1.058577,0.273008,0.178169,0.094839,0.211991,0.138227,1.075979,0.278928,0.18151,0.097418,0.221878,0.138149,1.083534,0.336614,0.176972,0.159643,0.477304,0.145231,1.087716
5,15.0,15.0,3.184772,4.39179,3.037993,4.033275,1.73539,3.779409,4.619791,2.165177,4.489936,1.736634,1.566117,2.725875,2.909722,2.739387,2.93855,6.927168,7.005503,6.456433,7.16329,5.086927,7.146277,6.814795,5.306528,7.233563,5.131779,5.288416,5.139472,4.818171,4.665989,4.706107,2.542117,,0.611318,0.367044,0.244274,0.843187,0.174887,1.026564,0.818582,0.328194,0.490387,1.476591,0.225786,1.089025,1.091158,0.306078,0.785079,2.292155,0.242943,1.1061,1.091842,0.319222,0.77262,2.35754,0.275098,1.111874,1.115073,0.299637,0.815436,2.543515,0.258574,1.114355
6,15.0,15.0,16.789748,16.767925,16.676715,16.766611,16.956662,16.868241,16.645175,16.948461,16.917916,16.970533,16.967534,16.956708,16.934006,16.929218,16.940187,31.785409,31.764779,31.78083,31.74119,31.760043,31.742798,31.757592,31.776482,31.684863,31.76352,31.772551,31.767381,31.770209,31.767637,31.767778,17.000099,,16.789748,16.967534,-0.177786,1.331446,0.158653,1.060284,16.767925,16.956708,-0.188783,1.546716,0.186613,1.113488,16.766611,16.934006,-0.167395,1.645323,0.198655,1.128952,16.868241,16.929218,-0.060976,1.396491,0.197056,1.134513,16.917916,16.940187,-0.02227,1.270322,0.201281,1.137011
17,15.0,15.0,8.261815,8.654064,8.140302,9.387741,8.403376,9.164998,8.213975,7.807481,10.006466,8.123586,8.232149,7.511009,8.209867,8.140454,8.696982,7.301584,9.265561,6.838449,9.350172,3.766263,9.2441,8.904842,3.512104,8.957216,3.245942,2.987372,2.974905,4.33307,3.662702,4.374096,4.262099,,2.608724,2.627469,-0.018745,1.242623,0.332188,1.006611,2.73291,2.591578,0.141332,1.844394,0.334694,1.066067,2.946723,2.684577,0.262146,1.870723,0.354849,1.082756,2.829138,2.682631,0.146508,2.518989,0.389443,1.089088,3.155376,2.67714,0.478236,2.616042,0.432229,1.091716
19,15.0,15.0,5.684029,6.363074,5.62544,6.239621,5.70427,6.270089,5.918388,5.637657,6.332001,5.646547,5.605006,5.720319,5.684324,5.687619,5.693423,3.445999,3.255976,3.616181,3.35671,3.061977,3.309328,2.807136,2.603366,3.113338,2.734489,2.612537,2.414211,2.4251,2.678421,2.302621,5.860543,,4.693283,4.44409,0.249193,0.838925,0.181212,1.073613,5.149678,4.469051,0.680627,2.548802,0.20202,1.131404,5.160474,4.472919,0.687555,2.448857,0.220951,1.145314,5.191435,4.484643,0.706792,2.58916,0.228102,1.149789,5.299149,4.480264,0.818885,3.181751,0.232736,1.151619
32,31.0,31.0,4.116813,4.057418,4.025227,3.987084,3.805876,4.433486,3.90214,3.592741,4.097065,4.029874,3.735865,3.386389,3.57646,3.742232,3.581575,5.17169,6.30949,5.043238,6.769103,4.953049,6.801446,5.90049,4.995549,6.645978,4.931866,4.684515,6.024972,6.25114,5.917147,5.727472,3.322194,,2.049206,1.911911,0.137295,1.033208,0.58078,1.000953,2.096035,1.806496,0.289539,1.221368,0.529399,1.051665,2.16029,1.779781,0.38051,1.518233,0.682557,1.06663,2.417878,1.911775,0.506102,1.778637,0.54637,1.072435,2.228432,1.743014,0.485418,1.987566,0.719424,1.075312
33,16.0,16.0,0.214791,0.297232,0.169279,0.321424,0.143156,0.329272,0.245407,0.137062,0.386028,0.135682,0.101002,0.113602,0.100105,0.107114,0.111268,1.787947,2.756116,1.748757,2.888969,0.296564,2.977015,2.694063,0.281204,2.842174,0.295656,0.245867,0.270289,0.239541,0.235365,0.246016,0.670398,,0.212513,0.100437,0.112076,0.240494,0.130098,1.006739,0.293438,0.11388,0.179558,0.505389,0.141689,1.064635,0.327602,0.099731,0.227871,0.601594,0.151097,1.081246,0.334983,0.106776,0.228207,0.60668,0.163379,1.088067,0.396255,0.111208,0.285047,0.806586,0.169382,1.0917
51,15.0,15.0,0.235267,0.257992,0.198936,0.349719,0.192001,0.353838,0.212859,0.173669,0.380532,0.176251,0.145327,0.163356,0.161934,0.161705,0.170593,0.5807,0.689818,0.546475,0.791135,0.210305,0.814942,0.645926,0.197827,0.833992,0.205472,0.168177,0.167387,0.172607,0.172435,0.175837,1.977547,,0.235267,0.145327,0.08994,0.223197,0.130403,1.047712,0.257992,0.163356,0.094637,0.253327,0.148799,1.112633,0.349719,0.161934,0.187785,0.571173,0.15918,1.132548,0.353838,0.161705,0.192132,0.546417,0.167639,1.141498,0.380532,0.170593,0.209939,0.629475,0.163101,1.145985
52,15.0,15.0,3.960943,3.318825,3.801466,3.493023,3.700997,3.497729,3.102445,2.968178,3.762521,3.176329,2.441559,2.554346,2.475261,2.352254,3.24353,2.012556,2.353193,1.986506,3.200708,1.290781,3.319494,2.191963,1.281809,3.610918,1.457468,0.901033,1.160383,1.01296,1.570125,1.568476,6.876084,,2.536129,2.463732,0.072397,0.188352,0.114342,1.002995,2.552999,2.465385,0.087614,0.2153,0.114301,1.064761,2.557336,2.45966,0.097676,0.223914,0.128708,1.082791,2.556899,2.449728,0.107171,0.228006,0.126362,1.089616,2.561005,2.449995,0.11101,0.234967,0.134707,1.093036
53,15.0,15.0,1.631689,1.703984,1.607786,1.793525,1.424839,1.846094,1.670465,1.429253,1.739504,1.370762,1.344576,1.395068,1.368307,1.374982,1.374159,0.835574,0.769614,0.810905,0.800804,0.699771,0.806098,0.734761,0.69058,0.834175,0.700919,0.675139,0.669289,0.67409,0.680343,0.679106,2.157149,,1.631689,1.344576,0.287113,0.927487,0.140205,1.020109,1.703984,1.395068,0.308916,0.839186,0.227608,1.088903,1.793525,1.368307,0.425218,1.105183,0.205987,1.109176,1.846094,1.374982,0.471112,1.424784,0.212587,1.116807,1.739504,1.374159,0.365345,1.171015,0.223651,1.120531
60,15.0,15.0,4.629842,4.142093,4.332321,4.289142,3.981171,4.024045,3.811946,3.836512,4.122155,3.621979,3.094261,3.138006,3.683585,3.179989,3.54932,4.465382,2.259703,4.535528,3.396027,3.877674,4.172791,2.220945,4.356101,4.400014,4.513834,4.505282,0.911094,0.80636,3.703131,3.772113,10.922759,,0.520113,0.225192,0.294921,1.097205,0.171111,1.067777,0.573005,0.239704,0.3333,1.178058,0.191513,1.121877,0.625529,0.242227,0.383302,1.322275,0.202472,1.136256,0.539403,0.246991,0.292412,0.928177,0.215898,1.142054,0.631953,0.254392,0.377561,1.228891,0.221544,1.144843
61,16.0,16.0,2.515667,2.31641,2.363461,2.601217,1.729465,2.596634,2.214139,1.986647,2.273599,1.858001,1.954545,2.082614,2.120399,2.251,1.937972,3.297449,4.017273,3.291325,4.289522,0.856288,3.878547,3.438945,1.749207,3.931749,0.843187,1.731948,1.612178,2.429715,1.622605,1.576893,3.679288,,1.224178,1.19151,0.032668,0.144627,0.097855,0.954631,1.237402,1.190643,0.046759,0.169129,0.123265,1.031218,1.242393,1.192238,0.050155,0.179922,0.123955,1.055034,1.267096,1.194468,0.072628,0.271477,0.121389,1.065873,1.267934,1.194302,0.073631,0.264849,0.124863,1.071737
62,15.0,15.0,6.862552,6.869717,6.848964,6.873038,6.846297,6.873668,6.853045,6.84184,6.900076,6.843302,6.82694,6.823857,6.823866,6.833608,6.834256,2.554628,2.560559,2.526681,2.559564,2.514844,2.576685,2.532369,2.521411,2.560445,2.498692,2.473624,2.483255,2.475945,2.478555,2.481163,15.69063,,6.862552,6.82694,0.035612,0.164933,0.099402,1.027642,6.869717,6.823857,0.045859,0.192133,0.114319,1.084975,6.873038,6.823866,0.049172,0.19842,0.122102,1.104286,6.873668,6.833608,0.040059,0.345143,0.128588,1.112441,6.900076,6.834256,0.065821,0.454275,0.130681,1.116456
66,15.0,15.0,2.378772,3.247543,2.214044,2.856869,2.086399,3.550201,3.11344,2.045148,3.82471,1.768531,1.886666,2.360364,2.624379,2.699656,2.639959,4.007567,4.330796,3.356571,4.53731,1.931434,4.421505,3.988989,1.546216,4.292853,1.29256,0.467194,0.894007,0.801568,1.372299,1.473072,10.520725,,0.331245,0.12665,0.204595,0.541412,0.134203,0.992853,0.430378,0.125982,0.304396,0.850784,0.145889,1.060335,0.565052,0.138782,0.42627,0.962532,0.173094,1.078421,0.632975,0.129157,0.503818,1.071043,0.17289,1.085934,0.556865,0.132647,0.424218,0.803927,0.162645,1.089696
76,15.0,15.0,49.022863,48.990472,49.022863,49.008088,49.018953,48.976228,48.990472,49.004425,48.832624,49.015018,49.008957,48.994836,48.997706,48.987289,48.962756,44.234633,44.391574,44.234633,44.363383,44.366684,44.34942,44.178774,44.341302,44.222136,44.365352,44.353461,44.388246,44.321016,44.35611,44.323284,49.280558,,49.022863,49.008957,0.013906,0.331704,0.180193,1.020966,48.990472,48.994836,-0.004364,0.479956,0.195991,1.0805,49.008088,48.997706,0.010383,0.564492,0.194318,1.097986,48.976228,48.987289,-0.011061,0.517137,0.19774,1.104803,48.832624,48.962756,-0.130132,0.877817,0.255779,1.108078
79,15.0,15.0,1.770374,1.274319,1.166324,1.377149,0.897827,1.180041,1.099879,0.863395,1.313114,0.635234,0.732344,0.352025,0.229096,0.523392,0.502078,2.094492,2.175488,1.840996,2.327234,1.472632,2.529523,2.098821,1.539144,2.7306,1.108932,1.666678,0.758987,0.750907,0.846148,1.015924,6.614847,,0.272214,0.213324,0.05889,0.24809,0.128375,1.014675,0.465657,0.21093,0.254726,0.943721,0.145186,1.081115,0.502561,0.209745,0.292816,1.067971,0.154331,1.101168,0.557875,0.211666,0.346209,1.184515,0.171425,1.109449,0.501606,0.206488,0.295118,1.02308,0.175078,1.113674
92,15.0,15.0,2.605046,3.88853,2.541216,4.737715,2.101688,4.904817,3.568196,2.029031,5.196044,1.754623,1.61824,2.656568,3.176189,3.10403,3.158879,13.573013,14.285168,12.329284,13.972794,12.189254,14.02475,12.402587,11.195498,14.218565,12.106639,11.232779,10.88538,11.365728,11.296495,12.239468,6.246598,,1.321953,0.302488,1.019465,2.080387,0.329197,0.974831,1.956377,0.380321,1.576056,3.416758,0.389917,1.032894,2.765797,0.799414,1.966383,4.418688,0.760597,1.049909,3.189569,1.049007,2.140562,4.816663,0.941005,1.056146,3.431696,1.131851,2.299845,4.96582,0.97449,1.058813
95,15.0,15.0,2.572865,2.591502,2.064427,2.634515,2.102071,2.657268,2.240964,2.233472,2.932228,2.350464,1.970082,2.126875,2.259934,2.154464,2.152243,8.401894,8.53133,8.426575,8.719189,5.854631,9.111266,8.618831,5.921192,9.206568,5.515362,4.49645,3.653707,2.651869,3.119348,3.175903,2.238031,,0.353522,0.154827,0.198695,0.520499,0.160096,0.950584,0.610069,0.149547,0.460522,1.115893,0.20004,1.010145,0.817965,0.135733,0.682232,1.672464,0.219364,1.027304,1.040547,0.145498,0.895049,2.252838,0.240551,1.034933,0.946855,0.139792,0.807063,1.924274,0.238641,1.039069
97,15.0,15.0,2.173932,2.270717,2.147047,2.291911,2.089209,2.391373,2.236325,2.097768,2.334154,2.077971,2.0716,2.09414,2.096286,2.08375,2.089116,1.622301,1.747349,1.566708,2.195198,0.817038,2.313914,1.696203,0.786409,2.240337,0.791763,0.750975,0.788866,0.787415,0.834663,0.803395,6.267172,,2.173932,2.0716,0.102332,0.339518,0.145629,1.004932,2.270717,2.09414,0.176577,0.511257,0.199355,1.06885,2.291911,2.096286,0.195625,0.492792,0.20063,1.087721,2.391373,2.08375,0.307623,0.705805,0.227402,1.095344,2.334154,2.089116,0.245038,0.614608,0.203859,1.099219
99,16.0,16.0,17.268103,16.587317,16.889376,16.791212,17.238659,16.344504,16.595667,17.339626,16.463468,17.232731,17.337075,16.206147,16.697548,16.34923,16.381672,18.951546,20.021994,18.930798,19.41479,18.386288,19.58841,20.102639,18.841632,19.617685,18.460156,18.57363,20.748449,20.242218,20.26227,20.266474,15.230104,,15.467695,15.364438,0.103257,1.128012,0.16022,1.053574,15.383501,15.373815,0.009687,0.391917,0.181824,1.107933,15.353345,15.368062,-0.014717,0.678132,0.192028,1.12487,15.358439,15.363353,-0.004913,0.491043,0.198111,1.131654,15.429494,15.367289,0.062205,0.919694,0.196579,1.135003
102,16.0,16.0,0.58812,0.795449,0.510182,0.931192,0.205123,0.941573,0.710352,0.16754,0.834441,0.168597,0.153871,0.141911,0.145408,0.159168,0.156848,0.298318,0.446046,0.223734,0.593166,0.192768,0.687991,0.354368,0.149906,0.728667,0.151021,0.137802,0.146016,0.153527,0.15876,0.161073,0.089935,,0.613222,0.158884,0.454338,1.570838,0.202157,1.081724,0.713856,0.151369,0.562486,1.940421,0.230462,1.135184,0.801893,0.151595,0.650298,2.114504,0.238935,1.148408,0.844317,0.167985,0.676331,2.183155,0.255975,1.153089,0.724765,0.16704,0.557725,1.738651,0.258301,1.15518
106,15.0,15.0,8.671298,7.5422,8.774923,7.055594,7.896299,7.707868,7.014171,8.089512,8.049758,8.095529,7.924717,6.88469,6.189951,6.837135,7.268802,7.759355,10.055999,7.449434,9.370695,4.748128,8.868397,9.957511,4.340515,9.052923,3.254504,2.639288,2.947457,3.460455,2.783339,3.834861,7.75014,,2.982885,2.968961,0.013924,1.397795,0.936067,0.941419,3.567106,2.911897,0.655209,3.283969,0.642756,1.004928,3.617268,2.988697,0.628571,3.124572,0.663877,1.019177,4.150927,3.046179,1.104748,3.340191,0.751235,1.025727,4.045956,3.037979,1.007977,3.007831,0.705628,1.030183
109,15.0,15.0,2.241161,2.493733,2.17199,3.110629,1.802125,2.71657,2.36609,1.845253,2.409382,1.719267,1.666513,2.016778,2.25532,1.97563,1.967743,2.08667,2.112661,1.778373,2.385466,1.856982,2.942549,1.711619,1.847974,2.885244,1.773155,0.920046,0.701965,1.283705,1.028092,1.089721,15.673959,,0.740228,0.266018,0.474211,1.188442,0.164781,1.06892,0.858241,0.274431,0.58381,1.632495,0.210284,1.134326,0.894737,0.28684,0.607897,1.694514,0.23178,1.145359,0.708533,0.282532,0.426001,1.090965,0.23331,1.148228,0.797214,0.287233,0.509982,1.284752,0.238477,1.149151
110,15.0,15.0,8.958037,7.960584,7.989035,8.510509,7.216415,8.415552,7.702701,7.35144,8.195199,6.531692,6.193297,6.458479,6.413061,6.718523,6.693715,9.209935,7.506113,8.365999,8.266248,8.217594,8.294552,7.280602,6.989369,8.698397,8.184616,6.979693,3.461311,3.528291,4.365353,5.005596,15.677474,,2.464007,0.790697,1.67331,3.227822,1.275963,1.022652,2.210585,1.010904,1.19968,2.399117,0.788606,1.095719,2.132487,0.817032,1.315455,2.254556,0.829887,1.112749,2.185666,0.802076,1.38359,2.346739,0.915333,1.11853,1.897528,0.754977,1.142551,2.004595,0.500167,1.121127
111,15.0,15.0,0.202778,0.239751,0.161133,0.25124,0.158604,0.24938,0.191403,0.141931,0.248848,0.131426,0.126588,0.142166,0.1415,0.142109,0.141414,9.553796,9.886115,9.34915,10.126551,9.44528,10.026705,9.67481,9.435041,9.928164,9.437642,9.439106,9.434391,9.431894,9.432144,9.433296,0.508918,,0.202778,0.126588,0.07619,0.190635,0.137417,1.006969,0.239751,0.142166,0.097585,0.264702,0.150134,1.067795,0.25124,0.1415,0.10974,0.284595,0.16602,1.085439,0.24938,0.142109,0.107272,0.280873,0.172651,1.09278,0.248848,0.141414,0.107435,0.28234,0.168876,1.096411
112,15.0,15.0,7.244685,7.139718,7.148868,7.453677,6.791188,7.06705,6.600603,6.398502,7.346141,6.113794,5.656751,6.317275,6.244204,6.00669,6.284105,10.020624,9.754816,8.481012,9.344336,6.593265,9.170312,8.527749,5.504671,9.052098,4.525068,4.791574,5.330298,4.578151,4.584013,4.851901,8.034875,,5.203647,4.534577,0.66907,2.015901,0.413233,0.969664,5.468541,4.890949,0.577592,2.143125,0.554161,1.029759,5.465148,5.098152,0.366996,1.80057,0.605278,1.044498,5.53575,5.179054,0.356696,1.912274,0.674757,1.049537,5.666258,5.180328,0.485931,2.071636,0.772507,1.051743
115,15.0,15.0,4.626675,5.469034,3.992065,4.710436,3.265122,4.790425,5.260158,3.299607,4.875892,3.146961,2.71909,3.628454,2.943435,2.66295,2.774006,7.308049,6.319336,6.189442,6.332261,4.632946,6.633505,5.766521,4.614928,6.827606,4.440786,2.961723,2.176678,2.037027,2.524828,2.306748,7.964264,,4.065897,2.905118,1.16078,2.720846,0.764524,0.957697,4.881894,3.709903,1.171991,3.373302,1.425596,1.012639,4.413736,2.844957,1.568779,3.069479,1.343881,1.031434,4.175232,2.643512,1.531719,2.811615,0.761297,1.03815,4.167899,2.646627,1.521271,2.873872,0.751135,1.041059
118,15.0,15.0,24.046564,25.370541,23.617616,24.982945,23.86611,25.153157,24.83713,23.186771,23.890374,23.254088,23.286274,24.273173,24.102025,24.941353,23.097001,47.036039,40.336874,47.584701,38.912214,46.94003,37.523469,40.095352,48.035259,36.66764,47.73092,47.022968,39.524136,38.058113,36.21876,35.270027,30.671092,,18.49913,18.031497,0.467633,1.501728,0.172192,0.951883,18.513043,18.021351,0.491692,1.891573,0.18594,1.023243,18.568396,18.032387,0.536009,1.92937,0.190668,1.042128,18.622037,18.01737,0.604667,2.111612,0.202912,1.050833,18.685027,18.00873,0.676297,2.060536,0.19377,1.054888
119,15.0,15.0,3.908102,4.188501,3.599678,4.440604,3.632107,4.331217,3.918382,3.57552,4.137556,3.537365,3.522567,3.789996,3.263813,3.400553,3.171715,4.805644,6.067516,4.719574,5.500361,3.819518,5.561389,5.380715,3.163122,5.532224,2.369606,1.484537,3.812567,2.961668,2.840679,3.305502,5.734747,,0.798016,0.748007,0.050009,0.218685,0.133663,1.013628,0.846906,0.743674,0.103232,0.369877,0.161499,1.073636,0.879651,0.738767,0.140885,0.462341,0.183244,1.091261,0.887797,0.737561,0.150236,0.480229,0.191254,1.099441,0.887825,0.731593,0.156232,0.486333,0.186718,1.104112
121,16.0,16.0,2.433576,2.425957,2.354045,2.461673,2.185356,2.495466,2.34304,2.207326,2.441704,2.186712,2.229729,2.175558,2.168826,2.191457,2.155453,5.9625,6.969449,5.307503,7.303445,3.9298,7.350275,6.070563,3.570515,7.218271,3.349764,3.155132,3.153988,3.151797,3.127786,3.03191,3.140589,,2.433576,2.229729,0.203847,0.879335,0.253739,1.001227,2.425957,2.175558,0.250399,0.987319,0.32549,1.055593,2.461673,2.168826,0.292846,1.134382,0.334031,1.070799,2.495466,2.191457,0.304009,1.490108,0.330825,1.076188,2.441704,2.155453,0.286251,1.267466,0.365808,1.078124
125,15.0,15.0,4.865323,5.514072,4.62078,4.791915,4.335892,5.047236,5.370537,4.097217,5.110285,3.968979,3.808272,4.665209,4.297569,4.400659,4.292753,5.784005,3.191393,5.457169,2.885301,5.435199,2.789207,2.986416,5.039855,2.646584,5.095306,4.951834,0.882515,1.303853,1.732035,1.742266,5.693295,,0.548077,0.122438,0.425639,1.514425,0.148817,1.062332,0.639863,0.127206,0.512658,1.534475,0.185761,1.118015,0.638344,0.130874,0.50747,1.697671,0.194499,1.133713,0.985131,0.128693,0.856438,2.752963,0.197144,1.138334,1.101477,0.136163,0.965314,2.663862,0.21332,1.140255
128,30.0,30.0,8.166093,8.095466,8.128968,8.263619,8.18515,8.395821,8.058297,8.136786,8.294323,8.240314,8.318892,8.317798,8.34439,8.41521,8.473799,4.461231,5.188621,4.425302,5.170284,4.111877,5.014783,5.068846,3.8021,5.254175,3.673345,2.524622,2.516512,2.595789,2.793305,2.780343,7.782856,,7.84319,7.989636,-0.146446,1.284616,0.420185,0.984051,7.819144,7.977742,-0.158598,1.367856,0.446036,1.054719,7.807601,8.031581,-0.223981,1.254433,0.501893,1.076016,7.95688,8.030382,-0.073503,1.382767,0.553435,1.085104,7.838003,7.998926,-0.160923,1.29686,0.352481,1.090283
134,16.0,16.0,15.627475,16.686265,15.41678,15.008818,15.686368,15.19828,16.585348,15.282088,14.765749,14.94006,15.377667,16.483687,15.131548,15.547268,14.492469,10.923985,10.543892,10.861647,9.764679,10.235214,9.991105,9.537028,10.072793,10.742905,9.244339,7.831603,8.287998,7.136579,6.256633,6.609834,15.60758,,9.691543,9.650399,0.041144,0.192727,0.117773,1.009532,9.703816,9.649153,0.054663,0.222468,0.142974,1.065974,9.714686,9.65653,0.058156,0.241702,0.158259,1.085408,9.718993,9.654815,0.064178,0.251621,0.162908,1.093814,9.718088,9.651527,0.06656,0.25318,0.151524,1.098204
140,15.0,15.0,5.815822,5.130873,5.481377,5.473009,4.447641,5.694187,5.050581,4.904403,5.602817,4.62591,4.976385,4.270635,4.392719,4.372083,4.405121,16.976431,15.934,15.425696,15.061965,15.230019,15.245601,13.958213,15.19406,15.038798,15.298681,15.570239,13.911882,12.82115,13.719101,13.702534,4.259775,,0.633296,0.226111,0.407186,1.120865,0.188702,1.025131,0.895646,0.210299,0.685347,1.710466,0.21301,1.068562,0.974152,0.208521,0.765631,1.957938,0.214788,1.078108,1.134868,0.21995,0.914918,2.170359,0.222769,1.079909,1.412722,0.217307,1.195415,3.213467,0.229852,1.079916
142,15.0,15.0,0.784523,0.810286,0.754391,0.953199,0.762368,1.0021,0.774785,0.744086,0.997566,0.738416,0.742505,0.722744,0.724466,0.722178,0.726221,3.708,3.578879,3.682577,3.707963,3.749443,3.769022,3.541992,3.735543,3.815447,3.734533,3.739158,3.740047,3.741715,3.740973,3.742367,0.785155,,0.784523,0.742505,0.042018,0.196076,0.127083,0.996126,0.810286,0.722744,0.087542,0.286952,0.15521,1.056099,0.953199,0.724466,0.228733,0.748224,0.158562,1.076038,1.0021,0.722178,0.279922,0.872499,0.172442,1.085108,0.997566,0.726221,0.271344,0.826706,0.179438,1.090036
158,15.0,15.0,5.935705,5.841476,5.851303,5.582244,5.896419,6.023958,5.717624,5.750809,5.679454,5.714881,5.812462,5.625512,5.540917,5.914627,5.601316,3.346716,4.522758,3.397685,4.606926,2.60223,4.47753,4.391244,2.254221,4.534898,3.422849,3.055888,3.396045,3.388356,3.334994,3.366789,4.827034,,3.167145,3.08782,0.079325,0.201943,0.132839,0.9886,3.208862,3.088806,0.120056,0.330486,0.148587,1.059454,3.210906,3.07783,0.133076,0.423659,0.160616,1.079639,3.243382,3.073299,0.170083,0.618885,0.160373,1.088363,3.245924,3.072752,0.173172,0.621246,0.157874,1.093039
173,15.0,15.0,12.025069,12.462497,11.780226,12.981835,11.533385,13.765864,12.277922,11.078469,13.791946,11.20799,10.79662,11.383862,12.0844,12.885149,12.549194,13.954931,14.239936,13.522332,14.809474,12.773931,15.201876,13.801875,12.400544,15.32574,12.468607,11.269655,12.552748,12.429606,12.924787,12.989243,12.193926,,10.325845,9.195663,1.130182,4.107402,2.404262,0.916177,10.980847,10.128066,0.852781,4.54973,2.905544,0.972428,11.525633,10.667635,0.857998,5.101372,3.154419,0.981159,11.958955,11.183778,0.775177,5.439522,3.639107,0.982719,11.850752,11.012005,0.838748,5.293945,3.703466,0.983106
182,15.0,15.0,14.359213,14.474518,14.316777,14.502838,14.268748,14.550266,14.41799,14.265277,14.540708,14.239304,14.213954,14.21637,14.301421,14.295802,14.308083,17.391699,17.751471,17.329928,17.942301,17.408949,17.944957,17.697117,17.423235,18.028294,17.421788,17.38426,17.409875,17.403088,17.406458,17.451623,32.120209,,15.310973,15.223626,0.087347,0.239701,0.145076,1.012895,15.325327,15.228594,0.096733,0.274741,0.168546,1.077296,15.351497,15.233981,0.117515,0.325398,0.184435,1.095656,15.360954,15.233883,0.127071,0.344001,0.193667,1.10281,15.36521,15.236195,0.129014,0.345925,0.201495,1.10638
184,15.0,15.0,4.878597,4.459115,4.800519,4.331186,4.159922,4.169794,3.982798,4.108706,4.40049,4.131386,4.056522,3.340282,3.40112,3.32708,3.869457,2.419648,2.343809,2.067585,2.514689,2.311621,2.613187,2.096711,2.223119,2.921586,2.01117,1.332627,1.296558,0.955766,1.012458,1.181394,4.201948,,3.171373,2.857519,0.313854,1.187855,0.135713,1.08266,3.155461,2.849698,0.305763,1.051745,0.155585,1.13809,3.04434,2.848171,0.19617,0.58557,0.180524,1.150565,3.36308,2.858796,0.504284,1.775571,0.166712,1.154888,3.422377,2.858431,0.563945,1.94457,0.179733,1.156731
194,30.0,30.0,1.524259,1.570542,1.495518,1.600151,1.484338,1.657375,1.53072,1.48163,1.669474,1.482403,1.471784,1.463087,1.463882,1.46293,1.465461,0.242193,0.270025,0.202788,0.297675,0.18173,0.308832,0.222109,0.175911,0.320074,0.175138,0.164705,0.164209,0.16554,0.164713,0.158396,1.445923,,1.524259,1.471784,0.052475,0.21503,0.130796,1.011739,1.570542,1.463087,0.107455,0.363359,0.150629,1.079448,1.600151,1.463882,0.136268,0.458018,0.155505,1.101562,1.657375,1.46293,0.194445,0.583085,0.169398,1.111236,1.669474,1.465461,0.204012,0.661685,0.171792,1.116328
195,15.0,15.0,0.250992,0.304717,0.223685,0.301669,0.214657,0.544181,0.275546,0.205861,0.570337,0.198716,0.190449,0.186285,0.180419,0.188282,0.191163,0.252392,0.738414,0.221297,0.78416,0.196686,0.821402,0.695114,0.200166,0.828272,0.183132,0.175763,0.170247,0.168478,0.171743,0.178537,0.717819,,0.250992,0.190449,0.060543,0.202526,0.131971,1.021015,0.304717,0.186285,0.118431,0.372315,0.148127,1.082305,0.301669,0.180419,0.12125,0.338306,0.155833,1.101493,0.544181,0.188282,0.3559,1.279506,0.172034,1.109657,0.570337,0.191163,0.379174,1.373804,0.173963,1.113974
206,15.0,15.0,2.091614,1.99011,1.989163,1.891976,1.91243,1.919886,1.895529,1.895312,1.983554,2.030936,1.966848,1.890546,1.715685,1.866677,1.881754,1.641779,1.622307,1.58712,1.750709,1.47423,1.817823,1.554114,1.521175,1.821711,1.405598,1.252053,0.961178,1.301228,1.183327,1.2468,3.704136,,2.091614,1.966848,0.124767,1.618755,0.558817,1.018744,1.99011,1.890546,0.099564,1.548764,0.676709,1.067758,1.891976,1.715685,0.176291,1.42865,0.616385,1.082698,1.919886,1.866677,0.053209,1.385282,0.649159,1.090737,1.983554,1.881754,0.1018,1.364891,0.726087,1.095098
215,15.0,15.0,4.550891,5.362309,4.31044,4.619924,4.002216,4.738746,5.492142,4.210224,5.118861,4.131615,3.856732,4.902162,4.165339,4.065521,4.087258,4.27705,4.967314,3.375981,4.462251,3.818375,4.741813,3.570094,2.994317,4.853817,3.341866,2.552266,1.4835,1.189729,1.24804,1.393661,16.732576,,1.963873,1.948413,0.01546,1.006781,0.73832,0.994222,1.809692,1.832262,-0.02257,1.16529,0.605717,1.049349,2.004621,1.955134,0.049488,1.610328,0.646782,1.066988,1.969757,1.545561,0.424196,1.507312,0.566285,1.072895,2.042777,1.610016,0.43276,1.571518,0.596249,1.075115
217,16.0,16.0,5.813611,4.690822,5.515683,4.745843,4.727568,4.583929,4.687078,4.49027,4.986409,4.69939,4.735416,3.8964,3.962945,3.819834,4.16492,5.459745,6.737814,5.47132,6.861606,3.970737,7.098788,5.993896,3.94767,7.204525,3.065468,2.684667,2.965895,2.507519,2.68448,2.584529,10.250098,,1.133272,0.146775,0.986497,2.13555,0.142896,0.97891,1.408167,0.322283,1.085884,2.250855,0.361082,1.036928,1.451002,0.315443,1.13556,2.249226,0.348825,1.05297,1.557218,0.498573,1.058645,2.335233,0.536373,1.059546,1.68105,0.553102,1.127948,2.409756,0.574709,1.06296
221,15.0,15.0,1.228754,1.124774,1.18288,1.149291,1.253815,1.212874,1.069574,1.189959,1.26701,1.243724,1.198245,1.197629,1.156894,1.186962,1.181211,2.745905,2.722672,2.687655,2.939947,2.031284,2.975742,2.657157,1.566239,3.102394,0.742975,0.702883,0.683648,0.69489,0.901337,0.916238,5.231796,,0.222332,0.098535,0.123797,0.268483,0.153488,1.006989,0.311801,0.109574,0.202227,0.513945,0.182008,1.081153,0.339871,0.09804,0.241831,0.590171,0.200316,1.098447,0.359983,0.107834,0.252149,0.638114,0.210002,1.104653,0.412016,0.11159,0.300426,0.738741,0.218056,1.107479
235,15.0,15.0,10.860289,9.936932,10.882212,10.848826,10.961319,9.881882,9.727978,10.966794,9.635472,10.747858,10.675267,9.785629,10.135336,9.630864,9.216449,43.436295,40.859283,43.265308,39.736308,43.197848,39.182175,39.566014,43.597016,39.797364,44.050923,42.740347,39.933306,38.536904,39.019094,39.092967,9.113408,,1.842249,1.783121,0.059128,0.234123,0.15045,0.985393,1.996698,1.796642,0.200056,0.707937,0.183516,1.058336,1.921052,1.805434,0.115619,0.602101,0.175836,1.075423,1.873618,1.802004,0.071614,0.841138,0.195639,1.082292,1.880611,1.808393,0.072219,0.848308,0.205915,1.085183
240,15.0,15.0,8.770203,9.323666,8.41785,8.790877,7.055307,8.483196,8.873938,6.980027,8.283689,7.173757,7.203698,7.414707,7.99516,8.520879,8.009225,13.869587,11.918513,12.801017,11.342128,12.693503,11.325397,10.846227,12.588392,10.989719,12.759439,9.673162,7.760713,6.023859,6.336859,5.617016,8.319106,,0.469727,0.296309,0.173417,0.668284,0.180514,1.054668,0.424488,0.274726,0.149762,0.515584,0.208931,1.112088,0.741176,0.284102,0.457073,1.665873,0.219143,1.122715,0.641501,0.255025,0.386475,1.228692,0.238545,1.123418,0.623153,0.257386,0.365767,1.131056,0.250277,1.122634
244,15.0,15.0,0.755725,0.904653,0.703621,0.87509,0.37315,0.944804,0.852126,0.351205,1.043992,0.346648,0.294772,0.329892,0.338123,0.33483,0.331966,0.293933,0.412023,0.238711,0.627956,0.248672,0.904443,0.3484,0.229309,0.478985,0.228113,0.189638,0.213147,0.198323,0.2093,0.209871,0.300133,,0.755725,0.294772,0.460953,1.397086,0.204721,1.055724,0.904653,0.329892,0.574761,1.990628,0.229544,1.117595,0.87509,0.338123,0.536967,1.771045,0.233746,1.133567,0.944804,0.33483,0.609975,1.973464,0.233633,1.13903,1.043992,0.331966,0.712026,2.216546,0.245713,1.141235
245,15.0,15.0,1.532252,2.805014,1.057754,2.226713,1.112123,3.005847,2.473268,0.702198,2.994748,0.816799,0.852205,1.392693,1.469496,1.527911,1.549695,3.838198,3.610439,3.614632,3.906847,1.893759,3.772589,3.234998,1.88972,3.948649,1.838253,1.644824,0.773669,0.464507,0.533355,0.530746,6.371684,,0.38654,0.297629,0.088911,0.288322,0.153942,1.020621,0.411382,0.303654,0.107727,0.33814,0.183871,1.084803,0.496659,0.307803,0.188856,0.646858,0.19957,1.104512,0.567545,0.301818,0.265727,0.92363,0.201174,1.1122,0.630608,0.31081,0.319798,1.161473,0.213195,1.115986
247,15.0,15.0,10.741552,9.766013,9.42817,9.388505,8.722928,8.547488,8.965273,7.966313,9.16836,7.593551,7.467596,7.330235,6.245301,5.696442,6.161289,17.142914,13.268061,16.630992,12.479984,15.462844,12.658837,12.950886,14.948425,13.167445,15.538381,12.61906,8.442595,7.602861,7.316987,8.222388,19.788721,,0.834307,0.712185,0.122122,0.587259,0.170993,1.073724,0.893048,0.744981,0.148067,0.70483,0.201132,1.121939,1.063259,0.755666,0.307593,1.340662,0.204982,1.134142,0.88054,0.762038,0.118503,0.603831,0.200088,1.137655,1.028884,0.755911,0.272974,1.146742,0.217657,1.138885
250,16.0,16.0,5.951957,6.147301,5.730916,5.887033,5.389382,6.140262,6.079109,5.636695,6.882026,5.453364,5.26764,5.82534,5.832597,6.246901,6.721908,7.008164,9.284545,6.472712,9.031634,5.056907,9.079186,8.454152,4.147032,9.242948,3.747805,3.862104,4.973532,4.533341,4.647489,5.118673,4.037833,,0.639433,0.358039,0.281394,0.829078,0.245591,1.028411,0.638245,0.4127,0.225545,0.871897,0.251306,1.093949,0.599099,0.439819,0.15928,0.685122,0.265044,1.106651,0.68415,0.420698,0.263452,1.001541,0.271608,1.110422,0.770613,0.420528,0.350085,1.283168,0.293432,1.111715
257,15.0,15.0,15.429337,14.532109,14.342374,14.194159,13.464981,14.76199,14.493494,14.23779,14.664991,13.560967,14.130028,12.200459,13.166736,13.753466,13.237159,19.902528,15.66318,20.809026,13.851813,19.169272,13.095079,14.98975,19.264315,12.901269,17.66722,15.301199,10.270848,6.052788,5.529438,5.250375,14.58641,,4.605224,4.895236,-0.290012,1.947046,0.158505,1.070399,5.041268,4.903612,0.137656,0.764202,0.177259,1.12093,5.130177,4.914623,0.215553,0.903536,0.197447,1.1294,5.076425,4.924042,0.152382,0.721962,0.198564,1.130826,5.172239,4.903468,0.268771,1.075207,0.193869,1.132091
261,15.0,15.0,3.171532,3.381109,2.864467,3.275,2.755421,3.419997,3.213929,2.547497,3.229978,2.850995,2.811911,2.680595,2.936107,3.077489,2.840816,4.042937,3.615045,3.666418,3.714041,4.424352,3.748597,3.396885,3.865219,3.891815,3.441618,3.646896,2.619715,2.887238,2.188452,2.432784,3.048632,,2.063269,1.874049,0.18922,0.647692,0.139758,1.014146,2.025269,1.875087,0.150183,0.469103,0.158296,1.07948,2.02705,1.872065,0.154986,0.467721,0.178201,1.098802,2.034125,1.867123,0.167002,0.477517,0.184637,1.106045,2.12487,1.86286,0.26201,0.799371,0.183091,1.10984
265,15.0,15.0,1.988058,1.619719,2.00836,1.511291,1.547823,1.67347,1.523827,1.977109,1.924319,1.568378,1.740421,1.144283,1.164707,1.199451,1.28117,4.11394,2.336164,4.165688,2.55264,3.970484,2.402255,2.335646,3.81765,2.327146,4.226045,4.303072,0.253329,0.827885,0.795079,0.762385,2.815546,,0.240898,0.18855,0.052349,0.1994,0.127062,0.998927,0.273286,0.187852,0.085434,0.274595,0.140857,1.054307,0.275684,0.181967,0.093717,0.288289,0.147814,1.069509,0.298167,0.184773,0.113394,0.319078,0.152964,1.076712,0.302831,0.185725,0.117105,0.322899,0.158525,1.081111
272,15.0,15.0,16.207727,16.211971,16.1892,16.382998,16.157576,16.413009,16.188566,16.169939,16.378491,16.189625,16.178222,16.183173,16.18963,16.191555,16.189059,13.150191,13.430278,13.072804,13.473634,12.946677,13.45974,13.138299,12.998161,13.534288,12.916689,12.931129,12.944577,12.954581,12.946363,12.949676,30.626935,,17.339871,17.315075,0.024796,0.225016,0.139333,1.014195,17.336783,17.312938,0.023845,0.255787,0.150973,1.070183,17.356423,17.31176,0.044663,0.323095,0.160663,1.084072,17.366651,17.313763,0.052887,0.340748,0.185186,1.08924,17.288311,17.31285,-0.024538,0.715191,0.179052,1.091534
279,16.0,16.0,3.591348,3.214053,3.357129,2.268366,2.560616,2.509129,3.334399,2.497253,2.536109,2.680482,1.39828,1.584476,1.249368,1.457547,0.950436,2.657178,3.886311,2.57953,4.117526,2.260469,4.027605,2.947326,1.857915,4.216398,1.815104,1.627143,1.648195,0.994644,1.247179,1.419406,2.522581,,0.672736,0.156896,0.51584,1.942367,0.12876,1.010691,0.255795,0.150455,0.10534,0.257968,0.145925,1.066997,0.324028,0.155709,0.168319,0.488568,0.157397,1.085319,0.326639,0.16066,0.165978,0.492785,0.171281,1.092608,0.270589,0.162415,0.108174,0.283302,0.174961,1.095973
285,16.0,16.0,0.373551,0.68871,0.319793,0.950838,0.278698,0.733238,0.616618,0.248641,1.019159,0.277199,0.178527,0.174312,0.187519,0.17599,0.165938,1.190193,1.331986,1.145316,1.449125,0.848098,1.528237,1.16872,0.855623,1.704008,0.749283,0.776853,0.567845,0.56431,0.587442,0.580757,4.145163,,0.322787,0.155318,0.167469,0.329689,0.178156,0.983756,0.641776,0.150574,0.491202,1.502968,0.198299,1.048997,0.805044,0.163521,0.641523,2.125185,0.21187,1.065723,0.691602,0.154052,0.53755,1.676264,0.22468,1.073269,0.850976,0.154717,0.696259,2.303232,0.223992,1.078152
292,15.0,15.0,7.566111,7.234341,7.145056,7.019397,6.600704,6.57932,6.797019,5.845569,6.769547,6.390635,5.577615,6.63579,6.063204,5.621299,5.355446,8.129484,8.06385,7.736638,7.284715,8.323105,7.726903,6.964737,7.65299,7.902776,8.006377,5.454851,4.49513,2.78089,3.171461,3.11815,13.419918,,0.339741,0.283528,0.056213,0.218708,0.150554,1.047007,0.444631,0.293001,0.15163,0.599388,0.193862,1.104469,0.426176,0.291219,0.134957,0.513927,0.200949,1.11842,0.445374,0.306179,0.139195,0.556708,0.202826,1.123242,0.486052,0.299656,0.186396,0.650274,0.211269,1.125248
294,15.0,15.0,6.772391,7.309386,6.091926,6.903405,6.053804,7.22819,6.792884,5.531242,7.154263,5.247786,4.910021,6.071468,5.487773,5.663449,6.030547,23.107019,21.62779,22.979237,20.91989,22.688008,21.071353,19.962202,22.892617,20.94486,22.671058,21.568108,20.286379,18.447068,19.852747,20.004138,9.537321,,0.5831,0.485548,0.097552,0.192668,0.12549,0.997919,0.607303,0.49765,0.109652,0.229214,0.133619,1.054144,0.610369,0.49275,0.117619,0.233853,0.14179,1.07289,0.616122,0.490391,0.12573,0.241795,0.149399,1.08193,0.618168,0.493585,0.124583,0.247137,0.162959,1.087169
308,15.0,15.0,3.69946,2.831013,3.330329,3.14947,3.423298,3.25332,2.523979,2.432155,2.745121,2.813119,2.886232,2.740124,3.057512,2.6249,1.442831,6.021349,3.684628,5.724689,3.665255,5.988713,3.714978,3.571649,5.136832,3.525857,6.406578,5.592139,1.793712,2.203679,1.948614,1.726881,10.537579,,0.372324,0.210289,0.162035,0.703052,0.122107,0.982183,0.361712,0.196613,0.1651,0.574075,0.134281,1.044254,0.438615,0.196347,0.242267,0.853438,0.153535,1.060609,0.37684,0.20865,0.168191,0.586957,0.166401,1.068461,0.624027,0.213005,0.411022,1.540208,0.16678,1.072905
318,15.0,15.0,0.300709,0.396668,0.254981,0.412218,0.19044,0.498182,0.342864,0.182357,0.467752,0.181524,0.170935,0.187799,0.185482,0.177776,0.181499,4.123312,4.385796,4.042705,5.206543,2.334253,5.149894,4.264863,1.924249,5.040305,1.877407,0.214611,0.241808,0.239253,0.242676,0.269892,1.567702,,0.279646,0.169602,0.110043,0.396638,0.141844,0.977809,0.378698,0.175267,0.203432,0.611519,0.177904,1.0371,0.321001,0.182546,0.138455,0.456398,0.177986,1.055883,0.323911,0.180571,0.14334,0.462937,0.186739,1.064546,0.362529,0.17993,0.182599,0.619939,0.182481,1.06908
319,15.0,15.0,5.712254,6.710777,5.518934,6.403682,5.506092,6.196676,6.525425,5.540092,6.031718,5.526992,5.276964,6.281449,6.095449,5.798356,5.96759,34.26821,33.224778,34.31557,32.843152,33.060603,32.41073,32.894264,34.259897,32.784049,34.426995,34.996114,33.499036,33.202022,32.943485,32.710659,9.23786,,4.361296,4.211866,0.14943,1.825624,0.200082,1.003517,4.544645,4.200976,0.343669,2.688982,0.238619,1.060173,4.161382,4.176478,-0.015097,2.221985,0.276646,1.076096,4.14235,4.177514,-0.035163,2.181163,0.2839,1.08099,4.031969,4.162259,-0.13029,2.243044,0.309203,1.083111
329,15.0,15.0,2.002821,2.221627,1.907782,2.473925,1.734718,2.610596,2.130134,1.883366,2.175878,2.026149,1.555895,2.274652,2.459181,2.366205,2.263458,2.880165,2.455687,2.836175,2.634454,2.506128,2.492703,2.449869,2.511968,2.52524,2.51392,3.182538,1.546247,1.358332,1.373021,1.150932,3.569833,,0.515858,0.460135,0.055724,0.210718,0.134796,0.973918,0.5318,0.464309,0.067491,0.242364,0.155436,1.042684,0.540717,0.458454,0.082263,0.263342,0.165609,1.063809,0.602051,0.454256,0.147795,0.491661,0.181907,1.073103,0.546185,0.458172,0.088014,0.273272,0.180522,1.077843
344,15.0,15.0,0.67203,0.712713,0.562971,0.795759,0.536152,0.77135,0.578232,0.538677,0.806232,0.499234,0.416804,0.506649,0.461488,0.433371,0.430677,2.121144,2.521341,2.025271,2.618106,0.811801,2.768018,2.335057,0.820157,2.875097,0.782169,0.634545,0.698631,0.679889,0.691636,0.701773,0.628913,,0.67203,0.416804,0.255226,0.592137,0.31617,1.043099,0.712713,0.506649,0.206064,0.618168,0.442948,1.094229,0.795759,0.461488,0.334271,0.920726,0.361099,1.104704,0.77135,0.433371,0.337979,0.780169,0.395463,1.107946,0.806232,0.430677,0.375555,0.892413,0.375708,1.109433
349,15.0,15.0,2.099187,2.109445,2.073151,2.126898,2.06954,2.305177,2.078033,2.069013,2.385883,2.05915,2.043673,2.050355,2.03948,2.043842,2.041431,0.919297,1.237241,0.884878,1.24669,0.667367,1.267881,1.19345,0.662062,1.316718,0.653705,0.646134,0.632842,0.637577,0.630414,0.620446,1.650735,,2.099187,2.043673,0.055514,0.192974,0.130699,1.018081,2.109445,2.050355,0.059091,0.215482,0.152595,1.084712,2.126898,2.03948,0.087419,0.282019,0.158708,1.105374,2.305177,2.043842,0.261335,0.968701,0.170058,1.113981,2.385883,2.041431,0.344452,1.295533,0.173272,1.118708
356,15.0,15.0,8.858749,7.878443,8.246954,8.366874,8.201088,8.035062,6.872303,6.956437,7.751622,7.171906,6.460378,6.127102,6.527336,7.012959,6.492048,9.606291,10.103674,8.727081,10.277272,9.022013,9.732086,9.149981,6.882646,9.516059,7.221013,5.651311,6.174412,5.249227,5.291244,4.193464,12.181989,,2.653191,2.602056,0.051135,0.340604,0.128614,1.03592,2.85483,2.631596,0.223234,0.765396,0.169045,1.092066,2.730428,2.618044,0.112384,0.561519,0.179393,1.107465,2.82423,2.614282,0.209948,0.98477,0.172083,1.113696,2.969913,2.611647,0.358266,1.254819,0.173807,1.116384
358,15.0,15.0,1.196106,1.205653,1.153527,1.204995,1.101008,1.355811,1.160869,1.083657,1.447918,1.10022,1.06454,1.063777,1.058697,1.067326,1.066115,1.43893,1.732956,1.396955,1.719467,1.038285,1.837211,1.671509,1.036537,1.901408,1.041455,1.006383,1.022211,1.010592,1.01445,1.012161,1.026628,,1.258395,1.124378,0.134017,0.490624,0.162096,1.031759,1.22751,1.121188,0.106322,0.349307,0.182666,1.095928,1.247974,1.11818,0.129795,0.404945,0.199017,1.110846,1.320704,1.127658,0.193046,0.613767,0.201077,1.11582,1.338822,1.126125,0.212696,0.68566,0.207937,1.117965
371,15.0,15.0,2.438181,2.386023,2.26566,2.71166,2.233205,3.065817,2.372275,2.121106,2.846526,2.001011,2.133988,1.992938,1.986298,2.598421,2.303465,2.480645,2.080298,2.174411,2.40098,2.235132,2.533085,1.859239,2.264698,2.559397,2.522692,2.716057,0.508319,0.492271,0.641702,0.635064,1.884629,,0.222725,0.14661,0.076116,0.209025,0.129497,1.012563,0.250968,0.153023,0.097945,0.265196,0.159549,1.072627,0.441539,0.153788,0.287751,0.996507,0.161742,1.092226,0.542176,0.158081,0.384095,1.353619,0.169801,1.100287,0.586133,0.149916,0.436216,1.513927,0.172142,1.10421
379,15.0,15.0,3.078371,2.905434,2.398785,2.907115,2.061727,2.933271,2.617677,2.206958,3.241959,1.890378,2.074776,2.201469,1.819397,1.818844,2.654402,5.739811,4.346892,5.684215,5.374339,4.237139,5.405708,3.112051,5.045988,5.250431,4.324021,4.345604,0.813798,3.538999,3.153921,1.81288,3.794472,,0.357811,0.265017,0.092794,0.290318,0.185863,1.069538,0.387472,0.273723,0.11375,0.354539,0.217829,1.127324,0.413893,0.277737,0.136156,0.422688,0.229553,1.143411,0.443897,0.294099,0.149798,0.472288,0.254659,1.147731,0.440296,0.278561,0.161735,0.481845,0.27525,1.149352
381,15.0,15.0,2.765135,3.170257,2.082471,3.167093,2.314855,3.041515,3.067956,2.148933,3.227962,2.021214,2.201785,2.492003,2.930865,2.438078,2.830597,39.480932,39.281788,39.050931,38.584118,39.318878,38.613996,38.390984,39.500717,38.600826,39.535341,39.30887,38.312361,37.601961,37.717856,37.92061,2.142195,,1.27862,1.202028,0.076592,0.17443,0.099626,1.004118,1.29647,1.211581,0.084889,0.207033,0.122296,1.063509,1.301935,1.212386,0.089549,0.214569,0.13479,1.080039,1.44516,1.212678,0.232482,0.761416,0.140155,1.087189,1.624958,1.217201,0.407758,1.462199,0.132699,1.091287
382,15.0,15.0,16.559042,16.177208,15.984846,15.674856,15.172175,15.795439,15.558771,14.897518,15.291764,16.118789,15.64174,14.94446,14.777772,15.762171,15.406284,14.681847,14.605567,14.168877,13.487004,11.532771,13.669421,13.283619,11.741773,13.202938,10.402228,9.752343,8.55446,6.44051,5.455085,6.354083,19.46027,,0.735687,0.649647,0.08604,0.537058,0.188372,0.986126,0.721095,0.633333,0.087762,0.549106,0.202111,1.03311,0.797969,0.629385,0.168584,0.807244,0.204321,1.052952,0.832177,0.631133,0.201044,0.928416,0.207702,1.063753,0.830262,0.614827,0.215435,0.933232,0.218249,1.0694
392,15.0,15.0,4.353758,4.903981,4.544674,4.790583,4.276262,4.930051,4.682892,4.076535,4.914068,3.935018,3.923293,4.355704,4.514824,3.984379,4.265869,3.24818,2.564159,3.207688,2.153057,2.330888,2.478043,2.504399,2.317326,2.383574,2.320575,2.823914,2.564298,1.517713,1.643996,1.452479,6.779687,,2.67251,2.548772,0.123738,0.449954,0.161327,1.008136,2.819511,2.554597,0.264914,1.036963,0.180643,1.077784,3.047838,2.546214,0.501624,1.735888,0.186439,1.09767,3.149,2.552597,0.596403,2.213914,0.196053,1.105078,3.121826,2.559197,0.562629,2.071342,0.203521,1.108841
393,15.0,15.0,6.085958,5.850805,5.019563,5.76019,4.114009,5.51977,5.421342,4.112793,5.076275,3.807137,4.070822,5.074371,4.657249,4.341618,3.848082,9.115813,7.889566,8.814452,8.198896,7.695522,7.878576,8.110983,7.238705,7.47923,6.69452,7.327837,5.581256,5.922952,5.168521,5.860853,9.650618,,1.281334,0.545565,0.735769,2.089179,0.254359,1.012879,1.231106,0.56566,0.665446,1.759952,0.231195,1.078969,1.654351,0.540887,1.113464,2.701163,0.279114,1.088895,1.739596,0.561035,1.178561,2.999441,0.310065,1.091261,2.008285,0.562101,1.446185,3.542757,0.357427,1.09315
394,15.0,15.0,17.008909,16.697517,16.989961,17.187815,16.105852,16.695883,16.59754,16.326083,16.528988,15.996869,15.608515,16.399548,16.977807,16.972466,16.83749,6.740409,8.274061,6.420308,8.436311,4.555772,8.861282,7.66721,4.696207,9.030899,4.068344,4.091605,5.012112,5.12073,5.144769,5.335019,19.448151,,18.152887,17.901445,0.251441,1.45027,0.202741,1.007288,17.65338,17.87519,-0.22181,2.251451,0.191305,1.067925,17.758614,17.872673,-0.114059,2.662691,0.225566,1.082536,17.232242,17.709683,-0.477441,2.669972,0.439602,1.087696,17.012648,17.550758,-0.538111,2.595625,0.609345,1.089594
398,15.0,15.0,1.408108,1.422798,1.022016,2.208207,0.926485,2.295318,1.172218,0.688339,1.885546,0.741064,0.48595,0.440857,1.231396,1.027777,1.346164,2.446622,2.950955,2.086066,2.92368,2.37033,2.68566,2.833181,1.607373,2.947921,1.632202,1.011294,1.08857,1.145849,1.134673,1.648554,22.358148,,0.304555,0.224443,0.080112,0.265125,0.177841,1.041516,0.369371,0.215634,0.153737,0.474632,0.198164,1.095651,0.416036,0.231477,0.184559,0.595921,0.196351,1.112171,0.480991,0.233362,0.247629,0.800593,0.213043,1.118822,0.465522,0.229875,0.235647,0.731361,0.21565,1.122294
402,15.0,15.0,8.835426,9.03226,8.893031,9.675161,8.536587,9.395435,8.805406,8.619108,9.440114,8.945777,8.957401,8.270281,8.832462,8.535483,8.506752,13.509175,12.415394,13.424007,12.867091,8.570587,12.371951,11.770745,9.665979,12.613396,8.210943,7.71734,6.158131,5.958945,5.851674,5.599204,10.653289,,3.978532,3.805317,0.173215,0.626926,0.140687,0.987672,3.982819,3.792471,0.190348,0.650486,0.152823,1.046005,4.065807,3.81432,0.251487,0.892788,0.159637,1.059296,4.238314,3.819879,0.418436,1.100585,0.175212,1.062922,4.240456,3.826519,0.413937,1.099524,0.173659,1.064236
411,15.0,15.0,0.370668,0.386029,0.343301,0.397029,0.345584,0.462407,0.351592,0.329854,0.467848,0.331824,0.324695,0.32043,0.324498,0.324353,0.322203,3.172885,3.204171,3.139751,3.209548,2.863507,3.220309,3.16299,2.85351,3.219672,2.848148,2.839309,2.848352,2.849202,2.84909,2.844433,0.340992,,0.370668,0.324695,0.045973,0.159619,0.085352,1.007999,0.386029,0.32043,0.065599,0.192259,0.113396,1.066871,0.397029,0.324498,0.072532,0.210788,0.120339,1.085442,0.462407,0.324353,0.138053,0.457312,0.12425,1.094135,0.467848,0.322203,0.145644,0.462559,0.131465,1.098928
413,15.0,15.0,4.823939,4.613539,4.209929,4.433425,3.796275,4.74048,4.182245,3.273265,3.917137,3.236174,3.400505,2.59903,2.792397,2.576082,2.269831,6.055657,4.581255,6.459733,4.95316,4.421189,5.05213,4.145859,4.115256,4.894872,4.305364,4.535969,1.937725,1.3606,1.449614,1.502948,2.407896,,1.869556,0.653763,1.215793,3.057245,0.891634,1.029733,2.061199,0.68181,1.379389,3.869963,0.656986,1.074892,1.94349,0.647151,1.296338,3.130807,0.787154,1.083377,2.801215,0.695468,2.105747,6.356357,0.801839,1.084202,2.157846,0.625688,1.532157,4.123709,0.775692,1.083374
418,15.0,15.0,13.282562,12.6941,12.109628,12.720036,12.541913,12.985662,12.045433,12.560012,13.165369,12.534024,12.508494,11.500259,12.563731,12.228591,12.369569,10.114367,9.286315,9.212273,9.062033,9.322043,8.63571,8.140853,7.649022,8.598778,8.592142,8.039242,5.405189,6.314419,5.506491,5.061632,14.673501,,9.853383,9.809113,0.044271,0.200949,0.133317,1.033036,9.878791,9.817711,0.06108,0.265174,0.167067,1.082341,9.876865,9.81627,0.060595,0.26434,0.171214,1.094073,9.972359,9.805391,0.166968,0.542044,0.178148,1.097827,10.074043,9.801472,0.272571,0.920035,0.179265,1.099417
419,15.0,15.0,1.021374,1.225373,0.983533,1.166651,0.986265,1.204769,1.180934,0.974554,1.239843,0.970651,0.948641,0.955969,0.952213,0.958605,0.958582,3.132636,3.722089,3.053264,3.813505,1.866714,4.167724,3.563117,1.870159,4.202292,1.895318,1.899882,1.905558,1.904979,1.902327,1.890311,0.534248,,1.021374,0.948641,0.072732,0.180794,0.123138,0.987898,1.225373,0.955969,0.269404,0.936091,0.138053,1.047895,1.166651,0.952213,0.214438,0.684227,0.146714,1.065648,1.204769,0.958605,0.246164,0.750139,0.146962,1.072826,1.239843,0.958582,0.281261,0.945988,0.153732,1.076474
422,16.0,16.0,2.433746,1.749479,2.253813,1.91412,2.563196,1.769849,1.394932,2.416809,2.175889,2.107901,2.020198,1.639972,1.881267,1.624846,1.893748,2.994895,4.433289,2.853957,4.573897,1.062221,4.625634,3.965533,1.414141,4.716458,0.87083,0.875717,0.534714,0.636278,0.505647,0.771784,2.118435,,0.182296,0.082166,0.10013,0.220925,0.114616,0.992233,0.278226,0.078108,0.200118,0.511498,0.134983,1.053974,0.287522,0.077746,0.209776,0.52443,0.141223,1.072541,0.388531,0.083854,0.304677,0.695355,0.153287,1.080215,0.392709,0.074506,0.318202,0.702074,0.159947,1.083928
423,15.0,15.0,18.844036,18.355294,18.739244,19.08661,18.333081,19.638306,18.102822,17.882249,19.831207,17.846554,17.906031,17.750977,17.297892,18.159789,17.871057,16.899986,18.453734,15.986668,19.082623,14.446344,19.222564,17.400213,13.671929,19.443579,13.739434,12.058588,15.693503,15.083176,15.042903,15.224705,3.597629,,8.811508,8.157403,0.654105,3.234432,0.735072,1.006443,7.509576,7.279852,0.229725,4.334908,1.05309,1.06516,8.434934,7.271616,1.163318,3.758514,1.138097,1.072013,8.76853,7.270857,1.497673,5.411494,1.06642,1.073355,8.667498,6.985901,1.681597,6.994027,1.269418,1.073598
424,15.0,15.0,3.632226,3.232584,3.392793,3.032004,2.402605,3.278681,3.059409,2.535204,3.45674,2.73549,2.042583,2.631974,2.753352,2.450685,2.93756,3.295871,3.209608,3.277676,3.65858,2.4754,3.592078,3.261174,2.619048,3.727522,2.759215,1.9914,1.677418,2.256794,1.74684,1.744523,3.433012,,0.719659,0.658618,0.061041,0.347704,0.175375,1.031238,0.892097,0.666358,0.225739,1.109704,0.20232,1.086235,0.77263,0.661658,0.110972,0.550565,0.217949,1.102933,1.151774,0.651327,0.500447,1.905887,0.237882,1.111032,1.387219,0.669482,0.717737,2.797102,0.253892,1.115181
426,15.0,15.0,0.253805,0.418972,0.228173,0.572971,0.223305,0.444937,0.382249,0.219218,0.424423,0.199641,0.18233,0.194462,0.19387,0.186371,0.187105,1.130357,1.503897,1.104781,1.65973,0.680759,1.547509,1.389084,0.670792,1.720528,0.673561,0.651127,0.636679,0.626457,0.625891,0.630091,1.49136,,0.253805,0.18233,0.071475,0.209517,0.115798,1.037557,0.418972,0.194462,0.22451,0.75441,0.135534,1.093402,0.572971,0.19387,0.379101,1.235326,0.152939,1.107194,0.444937,0.186371,0.258566,0.761421,0.157204,1.112706,0.424423,0.187105,0.237319,0.691884,0.157227,1.115716
428,15.0,15.0,3.417997,3.105087,3.308443,2.617611,3.044437,3.026281,2.849424,2.827806,2.793143,2.920413,3.051477,2.674046,1.796772,2.038491,1.814351,4.662773,4.207974,4.613602,4.273319,3.649304,3.941182,4.352372,3.95174,4.186855,3.560639,2.814463,2.557918,2.311957,1.374451,1.119916,3.9711,,0.202482,0.142953,0.059529,0.181517,0.10523,1.044746,0.279154,0.148312,0.130841,0.427024,0.132505,1.098457,0.43748,0.148933,0.288547,1.015307,0.143702,1.114379,0.518542,0.155969,0.362573,1.323625,0.145556,1.120828,0.497265,0.15758,0.339685,1.235069,0.147599,1.123807
432,15.0,15.0,2.694586,3.285203,2.602289,3.68488,2.219091,3.184251,3.158679,2.241229,3.504059,2.138745,2.17808,2.666951,3.110089,2.884662,3.073118,3.560865,4.607401,3.614287,4.725139,2.741695,4.558798,4.295667,3.257745,4.594707,3.161829,3.342214,4.156813,3.679747,3.550167,3.544344,1.117177,,1.175449,1.000794,0.174655,0.643543,0.132046,0.980902,1.23208,1.022104,0.209977,0.768547,0.146503,1.043352,1.345178,1.032628,0.312551,1.062093,0.156931,1.064044,1.239435,1.040494,0.198941,0.61591,0.177634,1.072317,1.366037,1.037372,0.328665,1.000661,0.177663,1.076381
440,15.0,15.0,1.507174,1.553285,1.478884,1.57546,1.35742,1.62595,1.514976,1.192396,1.744837,1.190149,1.171932,1.181036,1.178325,1.197321,1.2032,8.786482,8.649499,8.43176,8.747325,7.740255,9.083525,8.166231,7.493255,9.109252,7.521523,7.484485,7.476247,7.452561,7.467741,7.480525,5.199351,,1.507174,1.171932,0.335243,1.143224,0.15541,1.008218,1.553285,1.181036,0.372249,0.984001,0.157144,1.065525,1.57546,1.178325,0.397134,1.070006,0.18061,1.082062,1.62595,1.197321,0.428629,1.021333,0.200942,1.089328,1.744837,1.2032,0.541637,1.354086,0.212439,1.093543
465,15.0,15.0,1.326953,1.339788,1.308583,1.346411,1.305036,1.346498,1.318588,1.300049,1.346119,1.299194,1.294176,1.294218,1.292713,1.290443,1.287064,1.908173,2.209559,1.881528,2.262134,1.138035,2.331053,2.179125,1.12109,2.334573,1.1331,1.120448,1.124687,1.124354,1.116945,1.120492,2.302266,,1.326953,1.294176,0.032777,0.183414,0.108103,1.005532,1.339788,1.294218,0.04557,0.211038,0.118417,1.076976,1.346411,1.292713,0.053699,0.223941,0.12013,1.098279,1.346498,1.290443,0.056055,0.233403,0.126518,1.106878,1.346119,1.287064,0.059056,0.237923,0.129799,1.111229
470,16.0,16.0,3.865618,4.068266,3.664645,4.401564,2.992536,4.298371,3.726721,2.952044,4.54867,2.629744,2.976995,2.165454,2.473478,2.219274,2.625217,5.612005,5.632908,5.144163,5.649312,5.128221,6.139991,4.861837,4.913306,5.846669,4.551954,3.404965,2.302156,2.366338,2.210815,2.13784,3.645312,,3.125035,2.25658,0.868455,3.241631,1.196512,0.958269,3.682702,1.791913,1.89079,4.579421,1.416284,1.005841,3.926774,1.894422,2.032352,5.079187,1.697748,1.010986,3.844302,1.753151,2.091151,5.123596,1.582665,1.012414,4.183793,2.222154,1.961638,5.324343,1.900136,1.012494
473,15.0,15.0,2.16044,2.193859,2.126117,2.224368,2.130557,2.197274,2.155374,2.10843,2.232141,2.123723,2.094696,2.099212,2.093888,2.102937,2.102216,1.150955,1.206723,1.113296,1.243975,1.099362,1.227502,1.161814,1.092893,1.21096,1.088527,1.075165,1.096265,1.091451,1.095973,1.077954,4.562321,,2.16044,2.094696,0.065744,0.21334,0.134423,1.020447,2.193859,2.099212,0.094647,0.307603,0.165135,1.083378,2.224368,2.093888,0.13048,0.417279,0.163877,1.104269,2.197274,2.102937,0.094337,0.302555,0.163077,1.113043,2.232141,2.102216,0.129925,0.381723,0.17129,1.117568
475,15.0,15.0,2.010348,2.076881,1.991129,2.235495,1.979383,2.318699,2.051836,1.98456,2.346071,1.989196,1.982118,1.983209,1.987686,1.988144,1.990553,4.016331,5.178354,3.78153,5.287166,2.638006,5.304593,4.918816,2.644861,5.329172,2.65546,2.619314,2.610142,2.623004,2.627767,2.627196,1.465169,,2.010348,1.982118,0.028229,0.151461,0.105596,0.9735,2.076881,1.983209,0.093672,0.367279,0.137365,1.036738,2.235495,1.987686,0.247809,0.636006,0.140638,1.058246,2.318699,1.988144,0.330555,1.125626,0.147584,1.067075,2.346071,1.990553,0.355518,1.217408,0.143992,1.0718
479,15.0,15.0,26.371134,26.871891,25.696844,27.138955,25.838644,27.091457,26.783598,26.17628,27.329739,26.174068,25.490736,26.234931,26.506248,26.337324,26.873273,26.469018,27.947299,26.417613,28.390834,26.020759,27.659891,27.309229,25.896251,27.659281,26.297361,25.399031,26.992701,27.173266,24.744329,24.072393,22.332869,,24.024916,24.011103,0.013814,0.803109,0.240389,1.052908,24.09157,23.992186,0.099384,1.047327,0.281986,1.098066,24.08209,24.014835,0.067255,1.34769,0.3021,1.107379,24.111399,23.999544,0.111855,1.310693,0.325212,1.108019,24.127362,23.985061,0.142301,1.579809,0.322939,1.107157
485,15.0,15.0,14.367894,13.906481,14.045542,13.752951,13.741719,14.057934,13.443942,13.344208,14.099848,13.984469,13.775905,13.758897,13.277275,13.464687,13.138195,15.472453,14.731052,15.025405,14.676632,14.83413,15.247619,14.596022,15.394741,15.60438,15.064611,15.303086,14.272077,13.277374,13.647312,13.698102,15.090429,,11.321994,11.132291,0.189703,2.322324,0.29249,1.010528,11.541642,11.119885,0.421757,4.304516,0.338546,1.074601,11.393227,11.188937,0.20429,3.567361,0.324815,1.091917,11.310095,11.113122,0.196973,3.998897,0.386208,1.097262,11.494918,11.139372,0.355547,4.015749,0.396361,1.099544
486,15.0,15.0,4.477904,4.534783,4.44582,4.612292,4.497761,4.633782,4.491804,4.48808,4.720967,4.465938,4.457059,4.454839,4.466734,4.484469,4.518148,8.217963,8.740781,8.124539,8.832792,5.92725,8.880715,8.632387,5.804826,8.895816,5.816143,5.677745,5.843169,5.694419,5.811189,5.765021,4.213534,,4.477904,4.457059,0.020845,0.60371,0.196867,1.00385,4.534783,4.454839,0.079945,0.671824,0.224262,1.0656,4.612292,4.466734,0.145557,1.008995,0.306247,1.080362,4.633782,4.484469,0.149313,1.199547,0.350661,1.08513,4.720967,4.518148,0.20282,1.050241,0.295928,1.086573
487,15.0,15.0,1.999229,2.014803,1.979753,2.024339,1.963231,2.126417,1.986993,1.954266,2.128494,1.947809,1.947323,1.945061,1.949906,1.944067,1.945433,2.093966,2.265315,1.991187,2.56558,1.828406,2.641516,2.181459,1.823429,2.879597,1.831571,1.828829,1.836006,1.832146,1.822992,1.820451,2.754536,,1.999229,1.947323,0.051906,0.213681,0.109844,0.971515,2.014803,1.945061,0.069742,0.240616,0.129464,1.039643,2.024339,1.949906,0.074434,0.253042,0.138464,1.0592,2.126417,1.944067,0.18235,0.641814,0.146308,1.067637,2.128494,1.945433,0.183061,0.644775,0.141331,1.072443
495,16.0,16.0,11.086887,11.512034,10.880866,12.378892,9.634929,13.292444,11.50088,9.824088,12.7187,9.376913,9.721509,10.426025,11.248848,11.528339,10.958648,25.103951,24.574113,23.78038,23.760037,24.161011,23.473601,23.252933,23.983204,23.413078,23.853223,24.051458,20.928878,22.162244,20.119039,19.882244,0.75761,,1.205256,0.117362,1.087893,2.872656,0.150386,0.992588,2.094418,0.165546,1.928872,3.958988,0.20254,1.048089,2.544893,0.296999,2.247894,4.606796,0.359937,1.062937,3.002325,0.487471,2.514854,5.168256,0.491244,1.067143,3.064821,0.490837,2.573984,5.260433,0.492225,1.068346
496,30.0,30.0,2.243027,2.609396,2.111377,2.915341,1.891063,2.634066,2.518304,1.926351,2.889138,1.759632,1.891956,2.26966,2.22076,2.259449,2.443515,3.356427,3.429584,3.276524,3.519628,1.768254,3.484609,3.098299,2.065336,3.713735,1.703281,1.463361,1.257834,1.413034,1.548104,1.548882,1.360347,,0.412682,0.17593,0.236753,0.623135,0.134641,0.999738,0.566706,0.167971,0.398734,1.182558,0.160723,1.062277,0.491956,0.167561,0.324395,0.785568,0.167234,1.079389,0.578746,0.176134,0.402612,1.106127,0.180273,1.0865,0.694825,0.195396,0.499429,1.13156,0.187775,1.090189
499,15.0,15.0,13.772648,14.630395,13.733385,14.319625,12.39388,14.487991,14.534009,12.274767,14.785462,11.884112,12.516648,12.734571,12.652861,13.017583,13.536939,17.362908,17.808607,17.302718,17.4588,15.729021,17.414248,17.532971,15.652952,17.531108,14.706132,14.360413,13.349931,13.74751,14.525371,14.607542,11.043108,,12.257481,10.881607,1.375874,7.603733,3.947944,0.864816,12.962402,11.37482,1.587582,8.204803,4.10832,0.924081,12.540279,10.998091,1.542188,7.137413,4.163567,0.938665,12.655084,11.234501,1.420583,7.293711,4.30326,0.944126,12.933982,11.828217,1.105765,7.239596,4.554343,0.946367
500,15.0,15.0,25.013397,25.323522,24.93717,24.832265,25.238935,24.961256,25.25826,25.197816,25.180565,25.233725,25.271698,25.683153,24.654309,24.767772,25.357374,21.520581,21.342486,21.387031,21.348621,21.725005,21.062438,21.031531,21.031731,21.028395,21.372382,21.674064,19.93023,20.050808,19.873753,20.266704,24.816281,,23.626546,23.613759,0.012788,0.247955,0.135396,1.014185,23.662117,23.615637,0.04648,0.454378,0.15863,1.073058,23.673686,23.589126,0.08456,0.487342,0.168325,1.091072,23.628204,23.593322,0.034882,0.910205,0.185243,1.099025,23.622297,23.591955,0.030341,1.101978,0.20673,1.103329
502,15.0,15.0,6.306474,6.348721,6.268736,6.357276,6.241287,6.362537,6.306994,6.236754,6.406737,6.232267,6.217747,6.218514,6.220768,6.223905,6.21932,4.168763,4.188904,4.070204,4.381597,2.481535,4.347858,4.06586,2.63461,4.242181,2.406701,2.375854,2.357552,2.365683,2.36377,2.363837,6.288649,,6.306474,6.217747,0.088727,0.220627,0.120512,0.977146,6.348721,6.218514,0.130207,0.340287,0.143249,1.041202,6.357276,6.220768,0.136509,0.348444,0.149339,1.061641,6.362537,6.223905,0.138632,0.362958,0.140127,1.070406,6.406737,6.21932,0.187417,0.538665,0.143619,1.075042
503,16.0,16.0,8.31289,8.389128,7.965987,8.326962,7.987734,8.48167,7.810653,7.917811,8.589921,8.447782,8.597937,7.650207,7.644383,7.713645,7.824794,7.650653,7.493139,6.790836,7.236672,5.580533,7.592965,6.542743,5.836117,7.559689,4.414348,2.917987,3.012187,3.548712,3.994877,3.742463,10.223043,,5.339028,5.691625,-0.352596,2.525352,1.949759,1.012358,5.439124,5.504959,-0.065836,2.825067,1.956283,1.06499,5.309981,5.263635,0.046346,2.717739,2.092157,1.079859,5.381158,5.07388,0.307278,2.804414,2.309257,1.085048,5.543343,5.246001,0.297343,3.110516,2.170842,1.087626
509,15.0,15.0,5.167887,5.730437,4.866641,6.248052,4.867674,6.310151,5.577839,4.681456,6.421703,4.554747,4.21655,4.731272,4.803178,4.486041,4.124355,32.264516,30.569017,31.510592,30.533868,34.766573,29.906547,29.645387,33.560124,30.018439,35.05648,33.881062,32.554169,31.814417,31.099141,31.859906,4.677367,,2.898333,2.889546,0.008787,1.795401,0.129943,0.988998,3.393927,2.895373,0.498554,3.327184,0.162661,1.043528,3.72852,2.894179,0.834342,3.81109,0.201828,1.054932,3.855388,2.567119,1.28827,3.992895,0.55767,1.058212,4.053225,2.175241,1.877984,4.306066,0.934489,1.05958
510,15.0,15.0,0.481031,0.502981,0.449556,0.536371,0.455,0.547264,0.465027,0.440592,0.555734,0.427133,0.414401,0.413984,0.422017,0.421583,0.427352,16.390458,17.512586,16.338078,17.66053,15.691088,17.673843,17.456442,15.582665,17.73699,15.430687,15.419909,15.420943,15.429397,15.437319,15.442921,2.17617,,0.501466,0.435279,0.066187,0.171257,0.119606,0.978295,0.520483,0.437668,0.082815,0.200241,0.125095,1.046347,0.558363,0.445838,0.112525,0.316016,0.123557,1.064851,0.569557,0.446157,0.1234,0.335556,0.130941,1.071917,0.577753,0.45077,0.126984,0.351336,0.13957,1.075042
512,15.0,15.0,6.534407,6.425345,6.221619,6.169575,6.202176,6.09383,6.19624,5.958623,6.246489,6.013635,6.130338,6.09795,5.689866,5.576101,5.736311,15.408912,14.571862,15.39115,13.84229,15.086861,14.077854,14.422199,15.384324,14.01802,15.651057,17.093905,13.361284,12.244171,12.709865,12.841618,5.302597,,5.398693,5.34342,0.055273,0.213616,0.142041,1.044365,5.432218,5.344805,0.087413,0.300233,0.1711,1.108933,5.446969,5.36609,0.080879,0.334484,0.167251,1.125698,5.45605,5.370584,0.085467,0.356776,0.171405,1.132361,5.471186,5.363208,0.107978,0.409679,0.182901,1.136132
517,15.0,15.0,6.598888,5.927279,5.645238,6.013138,5.473873,6.022412,5.406064,4.80854,6.060037,4.810553,4.045745,4.114472,4.435457,4.382813,4.538064,5.545387,6.405698,5.257181,6.897782,5.17232,6.318842,6.173685,5.056215,6.378965,5.350611,3.64427,4.296232,7.192219,6.235712,6.064389,5.273623,,4.204121,4.055091,0.149031,0.394177,0.208513,1.073701,4.525969,4.057097,0.468872,1.451816,0.232127,1.126372,4.540913,4.056574,0.484339,1.576719,0.247241,1.141588,4.42975,4.054095,0.375655,1.148479,0.252927,1.148397,4.468326,4.050787,0.417539,1.242741,0.266777,1.151956
519,15.0,15.0,7.338596,6.932664,6.897664,7.720136,6.295618,7.276626,6.500111,6.560987,7.205784,6.189931,7.48174,4.973638,6.588901,5.557873,5.791973,25.755192,24.664901,25.364865,23.597142,24.881866,24.984871,24.251653,26.099056,24.605405,24.599324,23.227391,22.910278,21.708987,22.671217,22.555005,5.801587,,1.079742,0.6399,0.439842,1.323062,0.38587,1.01959,1.482506,0.673525,0.808982,2.218006,0.388499,1.069577,1.786618,0.666859,1.119759,2.988699,0.406735,1.07851,1.900021,0.73571,1.164311,3.233571,0.429988,1.08057,1.967221,0.747918,1.219303,3.081305,0.452222,1.081193
526,15.0,15.0,2.397434,2.441756,2.4637,2.355021,2.225273,2.633539,2.301098,2.055783,2.776364,1.936851,1.934496,2.516554,2.242546,2.26046,2.172122,8.960549,9.19996,7.94144,9.215683,7.497303,9.358553,8.425246,6.629712,9.344587,5.262517,5.10834,5.644125,5.940904,5.696443,5.696174,0.0541,,0.633568,0.181226,0.452342,1.260773,0.177708,0.990737,0.748496,0.189983,0.558513,1.075683,0.216998,1.049046,0.906547,0.197158,0.70939,1.388216,0.237707,1.064664,1.026105,0.212698,0.813407,1.762398,0.259607,1.068722,1.157437,0.216816,0.940622,2.254224,0.268605,1.070095
529,15.0,15.0,3.400419,3.551764,3.396026,3.511117,3.084796,3.989287,3.466244,3.045687,4.055793,2.597059,2.504837,3.330302,3.069836,3.374681,3.196541,2.206504,2.370759,1.68736,2.407849,1.610571,2.647931,2.145146,1.55015,2.591485,1.393911,0.555441,1.480382,1.227156,1.095933,1.170803,8.337979,,0.890075,0.205048,0.685027,1.625359,0.341877,1.063187,0.788692,0.245306,0.543386,1.144661,0.381678,1.122066,0.94989,0.246998,0.702892,1.548469,0.566252,1.134394,1.066835,0.287777,0.779058,1.928592,0.573088,1.139422,1.227134,0.289721,0.937413,2.51476,0.504113,1.141951
535,14.0,14.0,0.676046,0.82741,0.642487,0.971199,0.595841,0.856519,0.79822,0.615074,0.785536,0.60858,0.555992,0.581525,0.586746,0.589449,0.569374,0.714257,1.439957,0.646504,1.574782,0.566272,1.552605,1.262555,0.56757,1.617013,0.552381,0.535498,0.516363,0.513822,0.509103,0.511548,0.461722,,0.676046,0.555992,0.120054,0.337234,0.152592,0.996433,0.82741,0.581525,0.245885,0.618612,0.174091,1.064206,0.971199,0.586746,0.384453,0.969512,0.196953,1.081878,0.856519,0.589449,0.267071,0.667723,0.202643,1.088326,0.785536,0.569374,0.216162,0.57771,0.212728,1.092101
540,15.0,15.0,1.660745,1.474968,1.58854,1.647815,1.142136,1.627289,1.384049,0.948118,1.6968,0.92273,0.788413,0.711509,0.524472,0.602851,0.802851,3.524041,3.358853,3.051979,3.671986,3.414086,3.495497,3.059579,3.145074,3.85552,4.257439,2.619786,1.918627,1.937896,2.198285,2.192583,0.10175,,1.738529,0.83683,0.901699,3.05385,0.721488,1.073228,1.56374,0.751645,0.812095,2.394981,0.681554,1.124895,1.660099,0.548867,1.111233,3.308627,0.616014,1.135206,1.661693,0.632841,1.028853,3.119694,0.646387,1.137533,1.687287,0.844513,0.842773,2.880407,0.861424,1.138148
542,15.0,15.0,0.589368,0.462788,0.418434,0.665848,0.313127,0.765701,0.295954,0.288638,0.802991,0.203934,0.214686,0.210299,0.205497,0.173403,0.292954,1.940427,2.514866,1.830447,2.542116,0.757994,3.055386,2.354153,0.562869,3.29136,0.27592,0.269935,0.312316,0.309146,0.323249,0.319562,1.319002,,0.589368,0.214686,0.374682,0.845093,0.350163,0.970498,0.462788,0.210299,0.252489,0.645098,0.290826,1.03548,0.665848,0.205497,0.460352,0.989174,0.372524,1.054627,0.765701,0.173403,0.592298,1.237448,0.391452,1.063035,0.802991,0.292954,0.510037,1.326205,0.379701,1.067562
545,16.0,16.0,3.776241,3.47427,3.83864,3.582448,4.163943,3.906911,3.548817,3.830733,3.70399,4.161791,3.458852,3.3574,3.486934,3.613106,3.647748,2.479068,1.63092,2.425954,2.600941,2.410602,2.322422,1.178657,2.392642,2.46819,2.373473,2.013619,0.2964,1.741658,1.569709,1.500736,3.771761,,0.27241,0.160731,0.111679,0.246715,0.158398,1.053694,0.395058,0.16904,0.226018,0.660899,0.176859,1.113076,0.352254,0.170344,0.18191,0.439669,0.18484,1.127957,0.39497,0.170819,0.224151,0.573358,0.194483,1.132737,0.364634,0.171259,0.193375,0.456976,0.202012,1.134716
548,15.0,15.0,0.200979,0.341387,0.157528,0.419036,0.144479,0.505642,0.293604,0.13286,0.560077,0.136484,0.124599,0.122105,0.124476,0.128961,0.132337,0.282943,1.076149,0.236457,1.273254,0.176216,1.479241,1.030223,0.16876,1.469382,0.1667,0.137899,0.152511,0.149737,0.156676,0.152388,0.654359,,0.200979,0.124599,0.07638,0.20849,0.141764,1.038765,0.341387,0.122105,0.219282,0.593353,0.158253,1.093873,0.419036,0.124476,0.29456,0.78181,0.177709,1.111097,0.505642,0.128961,0.376681,0.982947,0.187013,1.117599,0.560077,0.132337,0.42774,1.001455,0.197079,1.120871
556,16.0,16.0,0.856154,0.961138,0.763104,1.098925,0.788025,0.962779,0.854183,0.777174,1.015483,0.778829,0.74126,0.745798,0.749076,0.746468,0.747298,1.062918,1.108531,1.039988,1.083983,1.004852,1.092134,1.081725,1.004689,1.113308,0.996025,0.98303,0.981072,0.972164,0.970452,0.964272,1.74372,,0.856154,0.74126,0.114894,0.603767,0.150056,1.075191,0.961138,0.745798,0.21534,0.943645,0.170155,1.137921,1.098925,0.749076,0.349849,1.461488,0.179177,1.153041,0.962779,0.746468,0.216312,0.886195,0.198059,1.158107,1.015483,0.747298,0.268185,1.077134,0.203502,1.160293
562,16.0,16.0,3.824661,3.369629,3.805863,3.775864,3.778959,3.415499,3.418638,3.640234,3.287728,3.739695,3.699646,3.424801,3.618521,2.943191,3.004247,3.695006,2.851354,3.65025,2.846865,2.828747,3.379758,2.799198,0.318418,3.262623,0.331609,0.301568,1.044581,2.042379,2.623522,1.985336,2.011221,,0.450579,0.41208,0.038499,0.270101,0.161825,1.027058,0.469788,0.395181,0.074606,0.319753,0.193608,1.083568,0.46917,0.394252,0.074918,0.325702,0.21461,1.100106,0.494647,0.397817,0.096831,0.426793,0.224253,1.107295,0.522243,0.403298,0.118945,0.53988,0.223533,1.11069
565,15.0,15.0,4.760482,5.416361,4.60177,4.841892,4.627538,5.188613,5.322644,4.428283,5.089832,3.531918,3.333057,3.569752,3.512814,3.642913,3.612934,6.86823,4.742821,6.935692,5.051476,5.774345,5.374357,4.141637,5.382523,5.329782,5.785108,6.297197,2.195512,1.966679,3.099976,2.870544,20.057626,,2.497217,2.39353,0.103687,1.019741,0.754135,0.968847,3.422762,3.058121,0.364641,1.57578,0.989828,1.033892,3.342825,3.146247,0.196577,1.369454,0.858717,1.052321,3.291211,3.203721,0.08749,1.508832,0.885582,1.0609,3.25714,3.224663,0.032478,1.513317,0.866548,1.064625
568,15.0,15.0,1.407631,1.492585,1.332823,1.529609,1.034059,1.607625,1.426987,0.97549,1.565085,0.862207,0.856957,0.815332,0.818292,0.824766,0.86533,13.458375,13.081223,12.454137,12.615784,12.31892,12.440027,11.889847,12.597271,12.284452,12.041783,12.28272,12.571423,10.896998,10.936035,10.889228,1.849479,,1.025447,0.866319,0.159128,0.776705,0.465055,0.99211,1.295095,0.844323,0.450772,1.498615,0.558488,1.057622,1.291851,0.816475,0.475376,1.456182,0.630873,1.075376,1.381005,0.85325,0.527755,1.639114,0.605108,1.081647,1.359353,0.861536,0.497817,1.429697,0.624032,1.084547
576,16.0,16.0,3.593537,3.4616,3.569624,3.538122,3.38908,3.517992,3.283188,3.146569,3.416037,3.328265,3.192556,2.839514,2.91991,3.061627,3.049331,2.272236,2.631853,2.102875,3.136865,1.921993,3.562829,2.479144,1.908635,3.612654,1.886823,1.228719,1.725872,1.953158,2.116511,2.124953,1.579513,,1.508001,1.356934,0.151067,0.623047,0.152519,0.964183,1.425187,1.362012,0.063175,0.268661,0.16947,1.029408,1.653221,1.375833,0.277388,1.282093,0.184817,1.047424,1.746759,1.373827,0.372932,1.521491,0.18099,1.055173,1.532239,1.364223,0.168016,0.73205,0.186359,1.059936
579,15.0,15.0,1.514533,1.530988,1.49355,1.533969,1.465525,1.558585,1.497516,1.466653,1.572965,1.455805,1.440773,1.435781,1.433256,1.43589,1.440034,2.361982,2.435513,2.33817,2.470959,2.319938,2.50353,2.390166,2.329325,2.585645,2.319951,2.30112,2.289558,2.283352,2.280484,2.274555,2.712479,,1.514533,1.440773,0.07376,0.338577,0.178958,1.008552,1.530988,1.435781,0.095207,0.350807,0.20907,1.071811,1.533969,1.433256,0.100714,0.362045,0.216106,1.090324,1.558585,1.43589,0.122695,0.421981,0.220372,1.098459,1.572965,1.440034,0.132931,0.470775,0.227399,1.102723
582,15.0,15.0,8.102653,8.034424,7.831401,7.972095,7.819195,8.326501,7.979379,7.616601,8.325162,7.667389,7.024449,6.583413,6.595904,6.618041,6.579612,7.977544,8.625909,7.631575,8.411449,6.626709,8.619161,7.741882,5.737444,8.823464,5.258844,3.147943,3.670356,4.44971,4.693799,4.963898,4.807077,,4.47545,3.547244,0.928207,2.277573,0.139412,1.002112,4.787636,3.555517,1.232119,2.713084,0.171022,1.0592,5.052101,3.586971,1.46513,3.064723,0.198412,1.071899,5.221241,3.594318,1.626923,3.547149,0.2104,1.076221,5.32431,3.602415,1.721895,3.555873,0.226054,1.078059
592,15.0,15.0,4.706298,3.835484,3.489162,3.893866,2.914352,3.901025,3.256595,2.119214,3.82991,1.810114,1.279379,1.203845,1.182844,1.247047,1.950453,8.56358,6.628667,7.828025,6.667674,7.710053,6.09603,5.353582,6.649344,5.639391,6.882286,8.505917,4.467509,3.929844,2.776339,2.61329,7.101137,,1.240909,1.130248,0.110661,0.338731,0.168393,1.020531,1.258586,1.135623,0.122964,0.369887,0.19733,1.081076,1.309395,1.138967,0.170428,0.531134,0.201508,1.097863,1.3515,1.128366,0.223134,0.625276,0.206523,1.104733,1.39093,1.132816,0.258115,0.724969,0.230566,1.108377
606,16.0,16.0,2.575218,2.696055,2.548552,2.861344,2.505611,3.013261,2.604411,2.590811,2.82249,2.49302,2.505615,2.358509,2.026331,2.932297,2.683074,24.64405,24.730626,23.569601,24.278821,23.88248,24.421859,23.856203,23.691248,24.781067,23.885879,23.63565,24.372,24.566225,24.76388,25.19087,1.224576,,0.280202,0.206926,0.073276,0.178952,0.102908,0.966725,0.329815,0.209399,0.120416,0.30544,0.116876,1.030951,0.32809,0.197133,0.130957,0.311195,0.109735,1.048746,0.335146,0.191691,0.143454,0.32061,0.122541,1.055934,0.334294,0.196967,0.137327,0.321709,0.122108,1.059793
618,15.0,15.0,20.289684,18.967748,19.104568,19.767618,18.72693,17.59711,18.095498,19.112784,18.18608,18.560008,18.942898,17.628222,18.464874,16.589949,17.336658,31.520112,26.960298,30.532546,27.822345,28.760775,27.244886,25.356867,29.702886,26.023483,28.106289,28.370862,17.552545,20.828503,19.921605,17.293665,29.156218,,4.136885,3.231651,0.905233,3.816732,1.729092,1.030006,4.080213,3.622132,0.458081,4.093575,2.495655,1.080408,3.936652,3.023903,0.912749,3.619197,1.684846,1.089238,3.690078,3.014024,0.676054,3.623295,1.710329,1.091057,3.980945,3.506249,0.474696,3.730951,1.492534,1.090468
621,15.0,15.0,1.370172,1.198346,1.297075,1.358126,1.107999,1.299377,1.127611,1.070581,1.291201,1.040577,1.031196,1.0368,1.045852,1.018216,0.983669,1.454868,1.913974,1.372828,1.98691,0.815901,2.228311,1.742366,0.827504,2.262947,0.796182,0.758145,0.732536,0.73868,0.748067,0.748116,0.970957,,1.370172,1.031196,0.338976,1.142117,0.208657,0.99527,1.198346,1.0368,0.161546,0.519635,0.268646,1.052449,1.358126,1.045852,0.312275,0.984033,0.286284,1.066752,1.299377,1.018216,0.281162,0.712875,0.284147,1.072004,1.291201,0.983669,0.307531,0.778319,0.305811,1.074314
623,15.0,15.0,6.329836,6.639396,5.862549,5.736631,5.157257,5.808375,6.337609,5.693819,5.91227,5.483688,3.882409,4.245467,4.126425,4.399564,4.410593,18.576979,16.944964,18.329018,16.97995,17.601885,16.4496,15.57773,16.706455,16.483839,17.091839,15.272507,12.397864,13.58999,12.258775,12.195999,6.218486,,2.758033,2.167457,0.590576,1.439533,0.659465,0.982012,2.564657,2.216106,0.348552,1.161801,0.517704,1.048276,3.029629,2.259286,0.770342,1.835545,0.602373,1.067795,2.797157,2.179178,0.617979,1.62211,0.528545,1.076447,2.772142,2.494413,0.277729,1.332395,0.742769,1.081487
627,15.0,15.0,6.297558,6.359221,6.033373,5.976754,5.780127,5.857466,6.03804,5.422616,5.735873,5.623027,5.863158,5.687682,5.463043,5.565972,5.036987,9.654234,9.781653,9.598621,9.025442,9.288912,8.24987,9.806482,8.958745,7.807566,8.673294,9.808308,10.003276,8.920765,8.061807,7.572502,4.986886,,1.135777,0.456833,0.678945,1.803677,0.34547,0.999528,0.909525,0.425831,0.483694,1.376846,0.31598,1.062428,1.010504,0.492434,0.51807,1.499753,0.375867,1.079777,1.026722,0.515986,0.510736,1.415707,0.423914,1.085689,1.169448,0.491116,0.678332,1.833635,0.418765,1.088147
629,15.0,15.0,2.169179,2.184427,2.148042,2.188715,2.140973,2.192768,2.158636,2.125104,2.196665,2.112842,2.115748,2.110872,2.113734,2.112656,2.110347,26.456226,26.469357,26.433185,26.477126,26.523835,26.472658,26.444781,26.530142,26.5864,26.535174,26.542043,26.53165,26.537233,26.52966,26.525614,3.543365,,2.169179,2.115748,0.053431,0.176551,0.121846,1.030909,2.184427,2.110872,0.073555,0.199667,0.132018,1.086227,2.188715,2.113734,0.074981,0.211322,0.141945,1.103426,2.192768,2.112656,0.080111,0.217258,0.146236,1.109997,2.196665,2.110347,0.086318,0.221416,0.147265,1.113001
631,15.0,15.0,1.162285,1.197268,1.128208,1.232039,1.089888,1.249008,1.160245,1.089023,1.274237,1.092985,1.07037,1.078695,1.086203,1.083743,1.087997,1.35481,1.619526,1.243203,1.744016,0.657246,1.842304,1.499875,0.954245,1.864082,0.639157,0.6076,0.612493,0.615693,0.651128,0.651344,4.253471,,1.162285,1.07037,0.091915,0.300202,0.115442,1.000086,1.197268,1.078695,0.118572,0.371969,0.123145,1.059594,1.232039,1.086203,0.145836,0.515811,0.133257,1.079587,1.249008,1.083743,0.165265,0.577664,0.135465,1.088101,1.274237,1.087997,0.186241,0.649425,0.14002,1.092523
639,16.0,16.0,6.981007,7.549734,6.689585,7.103392,6.532614,7.253608,7.284279,6.712875,7.496338,6.576908,6.426203,7.167004,6.439141,6.886798,6.817357,6.635774,7.377057,6.190643,7.69787,4.78276,7.703581,6.404971,4.141755,7.976873,5.033289,4.498992,4.372911,4.646717,4.452785,4.271472,18.766984,,5.05227,4.977198,0.075072,0.409374,0.140284,0.990291,5.074137,4.984443,0.089694,0.47929,0.162426,1.053636,5.213846,4.979029,0.234817,1.011991,0.173942,1.069271,5.27958,4.969447,0.310133,1.198255,0.176267,1.075306,5.315569,4.974765,0.340804,1.315198,0.194982,1.078083
641,15.0,15.0,2.699063,2.525912,2.660588,3.109996,2.276118,2.926077,2.518142,2.499008,2.841545,2.370622,2.617435,2.21057,2.88283,3.027948,2.976353,1.951264,1.274592,1.586953,1.150809,1.245231,1.318438,1.123503,1.48386,1.337426,1.406761,1.477186,0.680469,0.709809,0.317379,0.315341,1.930063,,0.300415,0.147572,0.152843,0.506131,0.128682,1.065453,0.314826,0.149618,0.165208,0.522242,0.157794,1.117643,0.311745,0.150683,0.161062,0.482177,0.167367,1.13074,0.343602,0.148159,0.195443,0.527609,0.166602,1.135412,0.384431,0.147952,0.236479,0.627973,0.169364,1.137424
644,15.0,15.0,1.070402,1.014304,0.989519,1.080901,0.880579,1.05277,0.905934,0.923031,1.25586,0.892668,0.864898,0.590253,0.616715,0.60776,0.6044,0.83649,1.411969,0.670273,1.629275,0.317756,1.775089,1.252546,0.392313,1.849905,0.203638,0.131242,0.169757,0.189887,0.215692,0.234786,1.648328,,1.070402,0.864898,0.205504,0.878956,0.300554,1.022938,1.014304,0.590253,0.424051,1.107366,0.572636,1.085917,1.080901,0.616715,0.464186,1.138422,0.67008,1.099893,1.05277,0.60776,0.445011,1.128132,0.655384,1.105426,1.25586,0.6044,0.65146,1.875089,0.722577,1.108662
648,15.0,15.0,2.571355,2.641592,2.558609,2.733212,2.556288,2.756111,2.625374,2.558919,2.740085,2.553436,2.548955,2.557869,2.543898,2.548784,2.556142,2.713562,2.748752,2.686545,2.759584,2.669688,2.765907,2.712148,2.666588,2.769643,2.655614,2.621343,2.620302,2.621508,2.621196,2.625813,4.525317,,2.571355,2.548955,0.0224,0.187645,0.116269,1.031475,2.641592,2.557869,0.083724,0.437879,0.142603,1.09311,2.733212,2.543898,0.189314,0.807314,0.156384,1.112268,2.756111,2.548784,0.207327,0.85427,0.157248,1.120667,2.740085,2.556142,0.183943,0.787533,0.157762,1.125233
658,15.0,15.0,6.647388,6.851756,6.553309,7.257343,6.606588,6.792149,6.617146,6.274795,6.709146,6.130833,6.109559,6.287159,6.700948,6.879306,6.784432,3.284535,3.696293,3.215814,4.362484,3.06044,4.161483,3.517051,3.045022,3.887623,3.047803,1.803198,1.757697,1.822164,1.833102,2.26538,6.449125,,5.497597,5.364041,0.133555,0.697611,0.178032,1.022244,5.244057,5.364645,-0.120587,0.888917,0.18329,1.088532,5.4507,5.370712,0.079988,2.057784,0.211551,1.10578,5.106544,5.362561,-0.256017,1.513556,0.236669,1.112053,5.164731,5.331521,-0.16679,2.011696,0.252038,1.115044
663,15.0,15.0,3.383691,2.982951,3.325332,2.844676,2.48667,2.988428,2.938639,2.41654,2.922406,2.442196,2.132306,2.614972,2.697903,2.958585,2.800375,5.003896,4.654916,4.758341,4.965203,3.09316,5.311545,4.284346,2.996619,4.990725,2.691784,2.19946,2.98522,3.287473,3.278253,3.043942,1.329486,,0.372345,0.127185,0.24516,0.722291,0.149079,1.004915,0.41825,0.129388,0.288863,0.836921,0.178989,1.065225,0.437241,0.115376,0.321865,0.871993,0.199539,1.083275,0.5167,0.103561,0.41314,1.111863,0.200907,1.089444,0.534953,0.101642,0.433311,1.174293,0.20133,1.09207
666,15.0,15.0,15.581179,15.74953,15.000254,15.161862,13.76634,15.179633,14.222828,13.529806,15.46786,13.630731,12.902294,11.07775,12.865241,10.398337,10.247584,18.453761,16.94847,17.241161,16.644312,17.881782,16.632828,15.47995,17.342118,15.85399,16.62776,14.388579,10.972987,9.633393,9.130531,8.4906,40.887985,,13.825972,12.161969,1.664003,5.790942,0.39531,1.020603,12.515573,12.121693,0.39388,2.668157,0.482646,1.09712,12.533357,12.138963,0.394394,2.604369,0.558974,1.101916,12.44967,12.107547,0.342123,2.493643,0.605704,1.099579,12.903058,12.159001,0.744057,4.037431,0.652671,1.096827
667,15.0,15.0,2.165304,2.506746,2.112377,2.184088,2.144296,2.247981,2.349905,2.364039,2.377464,2.319246,2.498284,2.467809,2.350907,2.281496,2.278692,3.007401,4.049427,2.740298,4.139592,1.097119,4.224603,3.856349,0.913111,4.187792,0.997985,0.933827,0.876089,0.532212,0.532278,0.532163,1.426154,,0.228478,0.162571,0.065907,0.19271,0.131933,0.996272,0.584096,0.166832,0.417265,1.482896,0.146329,1.05868,0.355175,0.173194,0.181982,0.450025,0.167315,1.076555,0.40882,0.177256,0.231564,0.627967,0.169619,1.084295,0.396557,0.174681,0.221877,0.579916,0.17367,1.088466
671,15.0,15.0,3.842476,3.646666,3.001121,2.790532,2.787846,2.721962,3.252827,2.296281,2.506202,2.509282,1.720948,1.486396,1.529072,1.478241,1.530891,3.95266,3.060074,3.783354,2.632035,3.382475,2.705674,3.150884,3.174802,2.976289,2.617759,1.024162,1.69292,1.171262,1.113438,1.167706,4.453902,,2.177719,1.475095,0.702624,2.307439,0.178485,1.055015,2.006573,1.483821,0.522752,1.834658,0.202021,1.113714,1.99051,1.481979,0.508532,1.84629,0.221754,1.12898,1.975102,1.482063,0.493038,1.773455,0.230061,1.13571,2.038903,1.484496,0.554407,2.026637,0.236335,1.138722
689,15.0,15.0,5.85021,5.395,5.940851,4.439748,5.80203,4.935937,4.874692,5.580164,5.411144,5.234916,4.954839,4.933624,4.196968,4.562923,4.856947,7.442252,6.503136,7.32727,6.419152,7.110682,6.37551,6.547812,6.589595,6.026043,6.802469,8.214378,6.54003,6.938664,5.569444,5.919106,1.489073,,0.202929,0.122906,0.080023,0.205244,0.147638,1.050707,0.244558,0.130554,0.114004,0.300652,0.161568,1.101255,0.27589,0.136857,0.139033,0.35943,0.179827,1.116773,0.343444,0.136732,0.206712,0.511965,0.189735,1.123134,0.397281,0.124864,0.272416,0.791268,0.19661,1.126482
694,15.0,15.0,2.358891,2.387839,2.323151,2.401629,2.201241,2.434206,2.34057,2.181976,2.50029,2.204181,2.15792,2.137108,2.124283,2.130102,2.129711,0.702981,0.893638,0.655578,0.767102,0.6369,0.894779,0.835344,0.615565,1.008454,0.63697,0.598656,0.590975,0.60675,0.585147,0.577831,1.689896,,2.358891,2.15792,0.200971,0.706692,0.16154,1.092888,2.387839,2.137108,0.250731,0.738217,0.191628,1.143948,2.401629,2.124283,0.277346,0.740191,0.193293,1.156006,2.434206,2.130102,0.304105,0.832209,0.187178,1.160451,2.50029,2.129711,0.370579,1.060221,0.204117,1.161866
698,15.0,15.0,2.820788,2.678831,2.885615,3.032466,2.714729,2.995982,2.595659,2.756535,2.562131,2.639812,2.898046,2.650777,3.084711,2.798037,2.41077,3.553612,3.523695,3.750132,3.890041,2.500216,3.959724,3.394113,2.514892,3.609129,2.272243,2.188542,1.141471,0.998449,1.230335,0.547206,3.113815,,0.620676,0.576057,0.044619,0.141807,0.094177,0.990509,0.632661,0.576481,0.05618,0.16629,0.109161,1.055477,0.634368,0.577291,0.057078,0.197298,0.114309,1.075796,0.638278,0.575265,0.063013,0.204164,0.118692,1.083028,0.643565,0.575732,0.067833,0.211822,0.122656,1.086311
702,15.0,15.0,1.761278,1.623435,1.726774,1.727571,1.607161,2.093693,1.506339,1.449199,1.847103,1.664058,1.578689,1.005664,1.551808,1.910325,1.440251,1.009046,1.220779,1.049911,1.458505,1.14106,1.716046,1.104846,0.29884,1.782907,1.031126,0.130604,0.169261,0.380487,0.638169,0.585368,3.214502,,1.10704,1.023258,0.083783,0.288309,0.167174,1.02794,1.114599,1.025224,0.089375,0.267656,0.186863,1.085616,1.184009,1.030826,0.153183,0.501919,0.187,1.102552,1.232321,1.034019,0.198302,0.681953,0.194979,1.10901,1.244831,1.038138,0.206693,0.649976,0.206591,1.112068
709,16.0,16.0,4.621358,4.51677,4.557372,4.909218,4.757654,4.770598,4.467937,4.553843,4.787201,4.754004,4.592716,4.293782,4.468055,4.520998,4.432595,5.502292,5.989386,5.596028,6.480783,4.831149,6.570523,5.617712,4.94425,6.993714,4.556194,4.447024,5.297693,5.387154,5.813962,5.971007,2.879116,,1.769584,1.594619,0.174965,0.657909,0.137038,1.024375,1.854857,1.614284,0.240574,1.101015,0.1823,1.090039,1.816979,1.61282,0.204159,1.317436,0.200934,1.107392,1.841522,1.633333,0.208189,1.134609,0.209264,1.113542,2.074644,1.643297,0.431347,1.678179,0.224451,1.116668
712,16.0,16.0,8.849265,8.902807,8.856368,9.116514,8.679925,9.505114,8.855127,8.840734,9.302607,8.827478,8.996303,8.458358,8.799361,8.625508,8.608571,4.118621,4.548584,4.321759,4.270558,3.751875,4.563014,3.863949,3.260293,4.612764,3.877767,3.839602,3.97179,3.981745,4.396055,3.984565,8.051258,,6.399515,6.349643,0.049872,0.192677,0.11864,0.994934,6.432952,6.346069,0.086883,0.287674,0.124974,1.070446,6.544041,6.34981,0.19423,0.713052,0.144363,1.093033,6.54616,6.354996,0.191163,0.716661,0.160462,1.10247,6.555369,6.351891,0.203479,0.74903,0.164352,1.1075
724,15.0,15.0,31.263299,29.660711,30.904136,31.05947,30.605397,30.760314,29.421061,30.229265,29.73262,31.264759,30.389254,28.855369,30.4337,29.631215,29.205541,36.71812,36.345707,35.749434,34.671899,36.244911,34.358961,35.187504,35.86943,34.651057,35.967648,36.248279,36.899461,34.558167,33.591631,33.206568,17.685985,,29.944863,30.181197,-0.236334,4.22887,1.663726,0.989436,30.433372,30.456202,-0.02283,4.022505,1.205042,1.049465,30.62665,30.172882,0.453768,4.975435,1.030168,1.055716,30.533045,30.093197,0.439848,5.182835,1.057449,1.055042,30.020603,29.918616,0.101987,5.718063,1.036119,1.055267
733,15.0,15.0,2.183321,2.350611,2.151148,2.344594,2.09029,2.304711,2.316368,2.089139,2.231601,2.092471,2.07769,2.067819,2.069744,2.075863,2.074119,1.077722,1.146303,1.039151,1.178459,0.788532,1.183067,1.095924,0.771333,1.18643,0.785738,0.744809,0.734382,0.746643,0.752877,0.741002,4.167974,,2.183321,2.07769,0.105631,0.445922,0.175001,1.031808,2.350611,2.067819,0.282792,1.0602,0.188832,1.089521,2.344594,2.069744,0.27485,1.034606,0.202831,1.107686,2.304711,2.075863,0.228848,0.846021,0.20502,1.113345,2.231601,2.074119,0.157481,0.55564,0.20772,1.115359
736,15.0,15.0,4.473565,4.808354,4.364488,4.902462,4.509873,4.598569,4.484941,4.366058,4.538888,4.122293,4.133448,4.793186,4.844708,4.253252,4.425634,5.287464,5.332396,5.290904,5.679506,4.619931,5.798308,5.315806,4.984352,5.370139,4.641732,4.44571,4.661791,4.649991,4.362577,4.219324,4.349537,,3.400683,3.364138,0.036545,0.228447,0.140699,1.02157,3.409686,3.357547,0.052139,0.27177,0.18448,1.085799,3.415795,3.372778,0.043017,0.292785,0.183065,1.105851,3.42184,3.362317,0.059523,0.379478,0.189983,1.11393,3.409329,3.349593,0.059736,0.37361,0.19237,1.118068
737,15.0,15.0,10.646558,11.376214,10.636834,11.849226,9.158729,12.898224,11.368052,9.352083,13.105158,9.207975,8.071404,10.416568,10.235563,12.401614,12.513799,9.755636,10.392978,9.578755,12.166045,7.341715,11.985158,9.940745,7.123716,12.552601,7.046488,6.485662,6.339343,9.099335,7.871903,9.43147,7.322944,,6.146223,3.476157,2.670066,5.441897,1.241167,0.9595,6.494825,5.292352,1.202473,5.236681,2.594957,1.014803,7.278497,5.276884,2.001613,6.019848,2.061585,1.030547,7.936805,7.098458,0.838347,6.032908,3.635033,1.036905,7.717876,6.97789,0.739986,5.108161,2.98511,1.039573
740,15.0,15.0,0.386972,0.378829,0.350412,0.557136,0.174358,0.614324,0.358958,0.159867,0.607831,0.147293,0.116272,0.127966,0.132694,0.133496,0.133659,1.834122,1.960362,1.776172,2.043075,1.112678,2.082304,1.839487,1.004571,2.186515,0.46194,0.129338,0.116065,0.105907,0.10621,0.114692,1.892815,,0.407706,0.122403,0.285303,0.892638,0.160183,1.011504,0.373617,0.132757,0.24086,0.659791,0.181746,1.076723,0.587641,0.141845,0.445797,1.296924,0.203648,1.097377,0.648883,0.142705,0.506178,1.503278,0.20508,1.105709,0.640786,0.142879,0.497908,1.388961,0.2067,1.109627
749,15.0,15.0,4.580467,5.33505,4.186891,4.988349,4.652648,5.026761,5.361457,3.667966,4.896857,3.769497,2.959699,4.720815,4.001089,4.551178,3.954058,5.586265,6.480227,4.973592,7.259428,3.559783,6.718552,6.080699,3.333205,6.880444,4.918294,2.697897,2.731087,4.02265,3.611614,4.002631,8.963122,,0.47502,0.334449,0.14057,0.527648,0.140641,1.05442,0.443567,0.338149,0.105417,0.346585,0.168129,1.108931,0.50508,0.328194,0.176886,0.62753,0.183756,1.124223,0.530122,0.339513,0.190609,0.674871,0.170556,1.130045,0.536,0.350104,0.185896,0.683324,0.175778,1.13265
750,30.0,30.0,8.381976,7.451971,7.929561,7.684004,7.43269,7.376142,6.977929,7.245681,7.734732,7.429002,7.061261,6.58228,6.710224,6.459661,6.572499,5.912024,5.958641,5.901863,5.404885,5.584606,5.016059,5.822816,5.291041,5.232694,5.392344,5.370821,5.26467,4.111561,3.21622,3.051966,8.72025,,7.489369,7.24578,0.243589,1.687084,0.644725,1.034564,6.980333,6.80497,0.175364,1.438109,0.58228,1.090434,7.260615,6.951794,0.308821,1.680719,0.459885,1.105534,6.925545,6.814729,0.110816,1.286247,0.457734,1.112075,7.218823,6.894272,0.324551,1.514397,0.593194,1.115565
763,15.0,15.0,2.433797,1.458436,1.983352,1.601115,2.029647,1.654935,1.219385,1.848308,1.824037,1.461902,1.458313,0.201514,0.900702,0.636471,0.489764,9.269993,9.123879,9.026569,8.68563,8.951943,8.769969,9.026123,8.48667,8.541934,8.481614,7.192398,8.408732,6.877098,7.171362,7.399484,2.130819,,0.232455,0.176144,0.056311,0.199592,0.124235,1.057659,0.313649,0.173042,0.140606,0.476054,0.138042,1.117184,0.33855,0.179969,0.158581,0.543887,0.149897,1.131108,0.389401,0.180193,0.209207,0.748243,0.155673,1.137475,0.545749,0.175695,0.370054,1.333089,0.160355,1.141132
765,16.0,16.0,0.476054,0.472516,0.419393,0.594893,0.404276,0.606479,0.40895,0.37355,0.66022,0.378094,0.343095,0.342582,0.334018,0.330999,0.332653,0.350207,0.381821,0.294096,0.428834,0.266613,0.491877,0.313302,0.246094,0.526764,0.247091,0.242878,0.245783,0.231452,0.236089,0.23634,2.671508,,0.476054,0.343095,0.132958,0.29986,0.146239,1.051749,0.472516,0.342582,0.129934,0.398532,0.184237,1.102918,0.594893,0.334018,0.260875,0.78089,0.200387,1.119565,0.606479,0.330999,0.27548,0.819969,0.200295,1.126381,0.66022,0.332653,0.327567,1.007298,0.206561,1.129707
774,15.0,15.0,9.168572,8.458328,8.075191,8.873016,8.352971,9.001501,7.643584,7.911771,10.33592,7.537372,7.6574,7.098862,7.536274,8.31734,8.670811,13.821929,9.799784,11.908419,7.992915,12.441181,7.955527,8.539661,11.612577,8.518924,11.754098,9.984084,5.147861,4.390029,4.663597,4.099564,15.02604,,4.361181,3.102384,1.258797,4.425558,2.19685,0.991095,3.338489,3.074555,0.263934,3.016075,2.170183,1.061695,3.974787,2.76846,1.206327,4.29247,1.726879,1.076654,3.517374,2.670856,0.846518,3.26584,1.108693,1.081679,3.489597,2.644358,0.845238,3.494269,1.319212,1.082605
784,15.0,15.0,9.727474,10.656052,9.108508,9.325057,9.986071,9.694733,10.495109,9.808507,9.655891,9.934957,10.278899,10.440731,9.860141,9.697279,9.216874,6.626533,8.294576,7.242706,7.689414,6.989335,7.369525,7.8044,6.73006,7.523326,5.885373,3.466574,8.301353,7.911055,7.657812,7.468768,6.950351,,0.368943,0.283485,0.085458,0.230213,0.164471,1.047602,0.493591,0.283907,0.209684,0.634017,0.176272,1.102162,0.67836,0.286972,0.391387,1.333648,0.191905,1.119369,0.673845,0.288596,0.385249,1.302312,0.189033,1.126019,0.68719,0.29093,0.39626,1.338903,0.194549,1.129264
802,16.0,16.0,10.556312,10.049227,10.005306,9.435951,9.46395,9.486599,9.780799,9.060879,9.32748,8.718533,8.719395,8.982063,8.794751,8.542455,8.67223,7.806641,7.93649,6.413586,7.794837,7.247262,7.98492,7.034315,6.896856,8.311455,6.80114,6.442838,5.990491,6.384058,6.577333,7.098429,9.025074,,9.698085,9.132521,0.565565,1.915507,0.178781,0.992709,9.769291,9.112041,0.657249,2.846197,0.20038,1.053155,9.468133,9.109043,0.35909,1.924367,0.211354,1.068881,9.510092,9.102511,0.407581,2.028407,0.213213,1.075923,9.203976,9.100405,0.103571,1.39747,0.221872,1.079933
807,15.0,15.0,6.993543,6.42156,6.716278,5.897727,6.361016,6.409651,5.911363,6.152724,6.144728,5.807339,5.787976,4.81201,4.091777,5.748662,4.939719,9.978692,7.595734,9.452994,7.625327,10.21005,7.646562,6.125392,9.718502,7.353548,9.233984,8.730188,4.973866,4.53076,5.797671,4.985346,20.834185,,3.760266,3.792449,-0.032183,1.950552,1.386656,1.024986,4.06815,4.25245,-0.184301,1.70792,0.911749,1.086116,3.971748,3.545832,0.425916,2.341545,1.025919,1.101664,4.04473,4.007193,0.037537,2.33167,1.181427,1.106687,4.050654,3.938883,0.111772,2.379044,1.322421,1.109498
814,15.0,15.0,9.498362,9.245968,9.472029,8.866516,9.252074,8.936429,9.175772,9.205718,8.974675,9.035877,9.298013,8.950717,8.837556,8.864053,8.80413,3.635378,3.875154,3.609397,3.961152,3.453053,3.942187,3.879706,3.484682,4.012468,3.149611,3.918669,3.918645,3.942554,3.759457,4.054016,14.608972,,6.715759,6.679346,0.036413,0.189595,0.1406,1.02736,6.600974,6.670874,-0.0699,0.749222,0.152152,1.094774,6.609574,6.671632,-0.062058,0.764948,0.159983,1.114566,6.687032,6.677538,0.009495,1.033584,0.174512,1.122518,6.688971,6.676346,0.012625,1.038057,0.167718,1.126521
815,15.0,15.0,1.500358,1.619915,1.452316,1.60358,1.031443,1.840091,1.371808,1.421229,1.686259,1.177867,0.649962,1.298683,1.0336,1.585896,1.360057,1.867846,2.524361,1.700852,2.183351,1.255818,2.104458,2.509371,1.205298,1.856749,1.017239,0.878744,0.987513,0.455816,0.233282,0.22663,3.607359,,0.259206,0.165625,0.09358,0.273707,0.159911,0.989335,0.327442,0.191023,0.136419,0.364695,0.193926,1.056813,0.334671,0.196428,0.138243,0.374875,0.199868,1.08071,0.42093,0.185615,0.235315,0.604557,0.207366,1.091988,0.432604,0.193116,0.239488,0.633019,0.214443,1.097333
823,15.0,15.0,8.390711,8.702147,8.306486,9.127036,7.974137,8.985761,8.480091,8.129247,9.029827,7.659266,7.456934,8.748939,8.366674,8.330936,8.213259,9.888201,10.278346,9.208343,10.446316,7.304253,10.82501,9.193919,6.605933,10.971365,7.109432,5.99763,6.279843,6.67323,7.066383,6.984304,6.116898,,3.494914,2.94454,0.550374,1.654157,0.142672,1.008998,3.755394,2.972772,0.782622,2.82586,0.166653,1.057782,3.923592,2.961463,0.96213,2.907784,0.194781,1.068697,3.905993,2.97588,0.930114,2.843792,0.198636,1.071767,3.924614,2.979261,0.945353,2.905251,0.197869,1.072588
824,15.0,15.0,6.226034,5.896283,5.281394,5.329275,4.373161,5.825011,5.21386,4.701108,5.860755,3.186347,1.991831,4.691913,3.677541,4.141739,3.40115,11.208959,7.499222,10.709184,7.149753,9.359645,7.88094,7.943577,9.702283,7.90839,8.570759,9.874158,3.213523,2.407695,4.002077,4.36119,15.304908,,1.189766,0.658652,0.531114,1.538551,0.285017,1.008207,1.203836,0.672101,0.531734,1.393012,0.313955,1.083468,1.237119,0.660958,0.576161,1.429359,0.352388,1.102133,1.343233,0.635532,0.707702,1.741832,0.385434,1.107772,1.312729,0.593807,0.718923,1.822008,0.396769,1.110065
831,15.0,15.0,21.924481,21.852292,21.647341,21.545553,21.546643,21.661207,21.488652,21.543584,21.634781,21.740274,21.299431,20.92514,21.134266,21.106904,20.914521,42.83307,42.468524,42.878597,42.567815,43.43184,42.536329,42.227348,43.497236,42.350567,43.372092,42.994237,42.497538,41.820004,42.348033,42.349856,21.542125,,22.368538,22.338233,0.030305,0.199956,0.128114,1.015925,22.330813,22.324713,0.0061,0.49988,0.15384,1.076315,22.33176,22.315438,0.016321,0.513518,0.174812,1.09522,22.350426,22.32498,0.025446,0.561572,0.178736,1.103087,22.363265,22.324836,0.038429,0.606601,0.175942,1.107279
840,15.0,15.0,1.439401,1.378591,1.193076,1.471261,1.088423,1.527984,1.235408,0.8213,1.565805,0.669795,0.456422,0.616047,0.500252,0.594416,0.56171,1.12916,1.668758,1.163892,2.070946,0.869406,2.573178,1.586304,0.670392,2.389596,0.684212,0.771777,0.532455,0.586186,0.888008,1.031002,2.389767,,0.683942,0.466433,0.217509,0.735772,0.291021,1.054665,0.702503,0.486908,0.215595,0.712269,0.315874,1.112027,0.905888,0.484402,0.421485,1.310824,0.287422,1.125728,0.969801,0.484641,0.48516,1.611526,0.286181,1.130406,0.870544,0.489422,0.381122,1.297841,0.268419,1.132422
841,15.0,15.0,9.18585,9.245785,9.115699,9.172955,8.754715,9.316378,9.262026,9.058247,9.288693,8.797133,8.435319,8.957632,9.37318,9.452608,9.395921,4.245853,4.653894,4.365066,4.647423,3.58305,4.967593,4.593877,3.288905,5.056171,3.425221,3.092138,3.316685,3.313856,3.238739,3.310235,10.099029,,8.294567,8.259556,0.035011,0.175024,0.105131,0.997844,8.30578,8.269724,0.036056,0.205701,0.129436,1.059947,8.306337,8.267367,0.03897,0.215153,0.142141,1.076481,8.307772,8.258542,0.04923,0.22347,0.13736,1.084076,8.311443,8.267389,0.044054,0.230078,0.140162,1.088033
843,15.0,15.0,0.940166,1.131846,0.880689,1.142183,0.531925,0.928408,1.024301,0.435332,0.984218,0.431558,0.419124,0.401553,0.404658,0.414255,0.429808,1.963809,2.689506,1.803691,2.612118,1.659823,2.824649,2.571567,1.267572,2.972161,0.742065,0.245189,0.270233,0.230705,0.258655,0.270864,3.896345,,0.762779,0.450246,0.312534,1.147714,0.113247,0.979433,0.957086,0.432747,0.524339,2.097102,0.145455,1.056402,0.975206,0.431269,0.543937,2.120642,0.147832,1.079383,0.624576,0.435556,0.189019,0.707407,0.149157,1.08861,0.684717,0.448948,0.235769,0.944457,0.149031,1.093186
847,15.0,15.0,0.301233,0.410916,0.260964,0.353088,0.218991,0.39571,0.359361,0.226407,0.399023,0.207836,0.185095,0.178056,0.169094,0.166248,0.1773,0.495703,0.644657,0.439794,0.668464,0.179985,0.742424,0.578412,0.162699,0.624251,0.176298,0.140583,0.134813,0.137057,0.134787,0.139139,1.51778,,0.296489,0.190958,0.105531,0.284881,0.150333,1.012758,0.322538,0.183695,0.138842,0.373762,0.163718,1.080815,0.361242,0.172036,0.189206,0.507217,0.185141,1.100386,0.403705,0.168248,0.235458,0.656766,0.195346,1.108609,0.407371,0.180089,0.227282,0.66229,0.201965,1.112565
859,15.0,15.0,1.623417,1.638643,1.604228,1.649228,1.587628,1.654369,1.610837,1.586294,1.705894,1.581479,1.57464,1.577964,1.580148,1.577286,1.578198,4.922653,6.232215,4.491378,6.491716,3.817974,6.264267,5.680533,3.781815,6.338155,3.474552,3.886478,3.914891,3.921237,3.890444,3.887187,2.663016,,1.623417,1.57464,0.048777,0.17311,0.099615,1.00884,1.638643,1.577964,0.060679,0.203603,0.116568,1.067003,1.649228,1.580148,0.06908,0.218634,0.12285,1.082389,1.654369,1.577286,0.077083,0.223818,0.130691,1.088687,1.705894,1.578198,0.127697,0.423157,0.131476,1.091898
864,15.0,15.0,4.180668,4.34615,3.955712,4.628938,3.611994,4.433125,4.131365,3.651913,4.214817,3.628152,3.394934,3.892514,4.520531,4.392294,4.067944,6.171682,5.990659,5.671002,5.837261,5.108483,5.688977,5.632277,4.562657,5.599876,5.233035,5.124959,3.097828,3.322174,2.875809,2.870435,9.578071,,0.159275,0.077186,0.082089,0.176689,0.103532,1.017296,0.184103,0.090112,0.093991,0.207789,0.116277,1.076914,0.195906,0.101575,0.094331,0.219433,0.130968,1.096561,0.204782,0.106295,0.098487,0.229254,0.136769,1.105401,0.220677,0.103481,0.117196,0.27897,0.136973,1.109867
865,15.0,15.0,5.514549,4.89291,5.463218,4.744636,4.743745,4.509538,4.834994,5.312245,4.73056,5.242081,4.927214,4.837264,4.623746,4.112948,4.118371,4.114135,3.678602,3.891225,3.604864,2.652749,3.999528,2.754318,3.558944,4.050098,2.951319,0.835949,0.846516,1.865946,1.862049,1.822872,7.453413,,0.39746,0.404853,-0.007393,0.247336,0.152539,1.051104,0.408004,0.401969,0.006034,0.282396,0.181406,1.109141,0.412665,0.415728,-0.003063,0.291603,0.180356,1.122905,0.418002,0.415046,0.002956,0.299064,0.182621,1.1276,0.419853,0.417784,0.002069,0.304183,0.187233,1.129898
866,15.0,15.0,3.132863,3.178353,3.10971,3.217086,3.102573,3.222022,3.145072,3.098689,3.270152,3.089032,3.097322,3.107795,3.112112,3.11793,3.119769,2.49478,2.77905,2.261873,2.916379,1.476107,3.221283,2.611112,1.475858,3.310431,1.461172,1.464361,1.471005,1.485189,1.491102,1.498735,3.089061,,3.132863,3.097322,0.035541,0.19582,0.124323,1.011019,3.178353,3.107795,0.070558,0.322741,0.14514,1.070317,3.217086,3.112112,0.104975,0.45152,0.149391,1.087404,3.222022,3.11793,0.104092,0.451212,0.156958,1.093996,3.270152,3.119769,0.150383,0.629963,0.163792,1.09718
868,15.0,15.0,3.003419,2.492629,2.732371,2.210488,1.889145,2.474311,2.170457,1.824503,2.753654,1.796404,1.449747,1.363967,0.500849,0.724642,0.305712,6.96168,4.330829,6.78251,4.497217,5.72274,5.041444,3.823502,5.442058,5.304869,5.834941,6.812686,1.703782,2.287098,2.513469,2.325181,8.425021,,0.814337,0.164571,0.649766,1.610272,0.260777,1.04668,0.715097,0.198866,0.516231,1.258582,0.30842,1.104204,0.792618,0.181702,0.610915,1.533013,0.298488,1.113507,0.997179,0.179108,0.818071,1.97962,0.315739,1.115988,1.295115,0.204245,1.090869,2.943489,0.353906,1.116893
870,15.0,15.0,4.944797,5.07668,4.805216,5.241933,4.713902,4.969595,5.058519,4.77856,4.974888,4.894189,4.792104,4.975352,4.968156,4.91807,4.989275,3.737508,4.692051,3.697098,4.957055,1.914114,4.869168,4.636061,2.258403,4.993775,2.135922,1.815396,3.167112,3.143849,3.129367,2.88173,4.628028,,2.575437,2.489825,0.085612,0.208823,0.1153,1.010409,2.63073,2.491806,0.138923,0.349843,0.150343,1.066806,2.699377,2.484933,0.214443,0.509846,0.151757,1.086467,2.713986,2.504023,0.209963,0.505485,0.167958,1.094416,2.71243,2.50756,0.204869,0.482068,0.182086,1.098419
871,15.0,15.0,2.531862,2.91526,2.355141,3.189312,2.371569,3.184696,2.769517,2.523774,2.993269,2.205935,2.523583,2.890102,3.343678,3.499741,3.016916,3.188428,4.636791,3.046732,5.415343,1.360329,5.670763,4.311207,1.662105,5.779023,1.551561,1.071565,2.017193,2.894104,2.964902,2.972846,1.651511,,0.19247,0.126782,0.065688,0.189489,0.118809,1.007093,0.208885,0.133489,0.075396,0.215999,0.134864,1.063448,0.221789,0.136808,0.084982,0.235175,0.147823,1.080803,0.240524,0.138479,0.102045,0.281312,0.155793,1.088198,0.246976,0.12191,0.125066,0.313974,0.158721,1.091868
874,15.0,15.0,0.321501,0.431264,0.255911,0.628926,0.179064,0.718758,0.364605,0.158114,0.700949,0.165464,0.117737,0.135309,0.131727,0.140479,0.139752,0.280209,0.338064,0.208517,0.411721,0.18055,0.466996,0.234349,0.150541,0.510201,0.164359,0.101258,0.103939,0.113238,0.116624,0.121243,13.790393,,0.33679,0.116051,0.220739,0.515615,0.199815,1.062312,0.458433,0.137669,0.320765,0.824215,0.237903,1.112701,0.607655,0.134662,0.472993,1.225894,0.246419,1.127472,0.705542,0.144702,0.56084,1.678597,0.271002,1.132334,0.68371,0.142699,0.541011,1.650787,0.270274,1.134464
879,15.0,15.0,7.335444,7.011748,7.228441,7.097814,7.213492,7.087689,6.127843,6.528488,6.913411,7.039347,6.669218,6.375585,6.62188,6.638745,6.320525,5.758477,5.978962,5.246834,6.884496,5.097872,6.823221,5.510058,4.486933,6.932302,4.085567,3.667009,3.814495,4.765014,4.9982,4.825662,9.093741,,1.763646,1.61276,0.150886,0.58428,0.181372,1.03847,1.854498,1.639853,0.214645,1.31992,0.216279,1.092419,1.877006,1.628561,0.248445,1.334177,0.225628,1.106312,1.802888,1.633112,0.169776,1.043106,0.218839,1.110899,1.801171,1.633569,0.167603,1.036413,0.229781,1.11274
885,15.0,15.0,49.958775,50.288109,49.837114,50.298735,49.771278,50.054377,50.272058,49.745577,50.458944,49.772597,49.416066,49.598995,49.423275,49.3085,49.433061,64.797003,65.063489,64.687961,64.893312,64.613406,65.298701,64.94041,64.739064,65.719186,64.610915,65.141125,64.691309,64.638657,64.643688,65.017269,54.630929,,51.804304,51.785822,0.018483,0.229323,0.166464,0.9898,51.816269,51.809551,0.006718,0.265591,0.175447,1.053908,52.039088,51.816324,0.222764,1.527684,0.188902,1.071397,52.105086,51.808008,0.297078,1.67662,0.196943,1.078668,52.041712,51.807889,0.233823,1.441304,0.197203,1.082546
899,15.0,15.0,0.529443,0.867579,0.460821,1.000955,0.409577,0.916186,0.81291,0.404927,0.970432,0.422114,0.410319,0.418002,0.423044,0.417857,0.409293,0.321845,0.349148,0.278545,0.489726,0.223691,0.633638,0.298801,0.234369,0.762631,0.219844,0.22086,0.228887,0.237934,0.241496,0.238533,2.044397,,0.529443,0.410319,0.119124,0.52675,0.147074,1.059476,0.867579,0.418002,0.449577,1.743929,0.193933,1.110553,1.000955,0.423044,0.577911,2.137653,0.201797,1.125442,0.916186,0.417857,0.498328,1.703635,0.193774,1.131374,0.970432,0.409293,0.56114,1.903224,0.211244,1.13425
904,15.0,15.0,9.349872,8.4507,7.867436,7.69172,7.242911,7.214771,7.271834,6.282547,6.900316,6.805747,4.846077,4.92829,4.011404,5.427506,4.78241,15.21343,11.002983,14.315754,11.077644,14.196957,10.464898,10.106513,12.832209,9.56459,12.876149,13.903107,5.497616,5.359226,4.84937,4.137462,6.850195,,0.755119,0.373115,0.382004,1.3612,0.178012,1.064037,0.887167,0.34289,0.544277,1.431317,0.185386,1.115842,0.772786,0.352828,0.419957,1.384496,0.195509,1.13063,0.673047,0.347846,0.325201,0.928568,0.199736,1.135788,0.809225,0.360729,0.448496,1.488359,0.206065,1.137927
914,15.0,15.0,6.623858,6.864428,5.612306,7.105493,5.765936,6.659553,6.058317,5.20574,6.428528,5.176884,4.663308,5.445272,5.108115,5.679615,5.278922,8.07847,8.978713,6.528406,8.710703,4.995734,8.252112,8.02924,4.484108,8.133751,5.663699,2.855236,4.55485,3.73209,3.122262,2.872482,4.398999,,0.985351,0.907338,0.078013,0.493013,0.186911,1.005818,1.07084,0.876296,0.194543,0.904986,0.204459,1.061574,1.068109,0.87361,0.194499,0.900823,0.202706,1.077628,1.016858,0.888245,0.128613,0.69742,0.218986,1.08415,1.020512,0.877418,0.143093,0.703739,0.207703,1.087318
920,15.0,15.0,11.633067,11.721958,11.612441,11.693206,11.616598,11.728959,11.47262,11.60857,11.741517,11.617672,11.614915,11.61071,11.600841,11.608279,11.60218,3.327768,3.352117,3.307501,3.391412,3.321914,3.48429,3.32006,3.306786,3.623615,3.311168,3.294678,3.297986,3.296091,3.286124,3.27916,12.941853,,11.633067,11.614915,0.018152,0.185484,0.12794,1.010115,11.721958,11.61071,0.111249,1.415506,0.14344,1.072432,11.693206,11.600841,0.092365,0.412522,0.146141,1.094296,11.728959,11.608279,0.12068,0.546051,0.149464,1.104235,11.741517,11.60218,0.139337,0.624933,0.151945,1.109754
922,15.0,15.0,5.209833,4.953146,4.816625,5.04521,4.529168,5.249866,4.777154,4.953204,5.286644,4.385492,4.161476,4.66526,4.779824,4.87166,5.185255,7.463268,7.629833,6.834312,6.548001,4.856607,7.27429,7.676241,4.289026,7.435661,2.852359,2.421918,2.540148,2.362888,2.16668,2.611663,8.030467,,0.237123,0.194833,0.04229,0.221659,0.14447,0.996712,0.365575,0.190501,0.175074,0.616535,0.177692,1.055622,0.411329,0.196596,0.214733,0.70182,0.189254,1.069645,0.384744,0.192558,0.192186,0.642922,0.199802,1.075585,0.490204,0.207279,0.282924,0.868635,0.196661,1.078446
925,15.0,15.0,1.496248,1.734605,1.474189,1.860729,1.427553,1.888631,1.693516,1.417176,1.829758,1.436032,1.404542,1.437473,1.443055,1.465496,1.478086,0.976741,1.145644,0.904165,1.291964,0.62337,1.493208,1.064347,0.591745,1.604764,0.612008,0.568742,0.585433,0.573808,0.608963,0.618706,8.974938,,1.524804,1.418233,0.106571,0.384699,0.213073,1.039249,1.761121,1.453548,0.307573,1.187282,0.263181,1.089525,1.892896,1.464227,0.428669,1.424357,0.280128,1.100059,1.867436,1.483333,0.384103,1.278213,0.299562,1.102421,1.800102,1.499018,0.301084,1.121018,0.299292,1.102752
931,15.0,15.0,1.043729,1.233522,1.013524,1.20069,0.989468,1.316006,1.180422,0.972168,1.500504,0.980702,0.950712,0.962375,0.957791,0.940154,0.943862,1.001642,0.9857,0.943046,1.091814,0.718984,1.207557,0.917918,0.713196,1.187786,0.697068,0.694849,0.685041,0.68777,0.76577,0.763567,2.00969,,1.043729,0.950712,0.093017,0.297313,0.151228,1.072732,1.233522,0.962375,0.271147,0.74029,0.170155,1.122894,1.20069,0.957791,0.242899,0.743387,0.172031,1.135092,1.316006,0.940154,0.375853,1.084039,0.19106,1.139761,1.500504,0.943862,0.556641,1.516862,0.202621,1.142338
936,15.0,15.0,0.979559,1.008445,0.941018,1.124506,0.906717,1.11526,0.950184,0.8762,1.164669,0.872414,0.859092,0.864276,0.855344,0.854888,0.840304,0.734051,1.062315,0.674331,1.328765,0.404818,1.37692,0.994936,0.362866,1.400903,0.357701,0.3422,0.3347,0.330246,0.334494,0.331527,0.956087,,1.027235,0.900096,0.127138,0.500676,0.195984,1.037596,1.058963,0.907438,0.151525,0.549266,0.233418,1.094772,1.179683,0.897947,0.281736,0.915733,0.249125,1.108284,1.169595,0.898076,0.271519,0.83497,0.285816,1.113472,1.223227,0.882531,0.340696,1.086345,0.266171,1.116001
943,15.0,15.0,6.236835,6.753517,5.992598,6.842219,5.922731,6.470897,6.570407,6.011679,6.489945,6.187846,6.635455,7.097242,7.176857,5.848778,6.023027,5.280542,5.287931,5.138619,5.970127,4.985662,6.118147,4.498814,4.869231,6.169041,4.786143,5.107713,4.029666,4.818477,4.706288,4.937854,6.969344,,2.250706,2.179329,0.071377,0.172177,0.093572,0.972514,2.274099,2.185516,0.088582,0.202083,0.122047,1.045436,2.279577,2.191477,0.088099,0.211594,0.126057,1.06901,2.285306,2.196098,0.089208,0.219892,0.129635,1.080385,2.284513,2.19346,0.091053,0.220961,0.129256,1.086383
945,15.0,15.0,5.539012,6.329669,5.345504,6.594282,5.295337,6.76205,6.072752,4.907846,6.301199,4.238638,3.871227,4.620709,5.794551,6.001811,5.071506,9.246464,9.564025,8.871697,9.750835,6.013272,9.375063,9.088567,7.823502,9.702163,6.198592,7.052909,5.341641,5.41556,5.56562,5.81896,8.301354,,1.250477,0.24978,1.000697,1.758197,0.221458,1.005849,1.548114,0.241125,1.306988,2.585398,0.236269,1.055237,1.673579,0.714299,0.95928,2.58927,0.685827,1.068618,1.690237,0.718838,0.971399,2.630613,0.69353,1.073209,1.691762,0.709664,0.982098,2.629274,0.700319,1.075044
956,15.0,15.0,4.033352,4.490458,3.866002,4.583819,3.825673,4.911288,4.144286,3.835901,4.733619,3.701535,4.113336,4.848875,4.825106,4.934081,4.889179,7.273868,8.132092,7.094317,8.467337,5.689772,8.310035,7.434612,5.414356,8.119569,4.472633,4.470687,3.954644,4.008073,4.405422,4.224874,9.277521,,3.005487,3.181587,-0.1761,1.409351,0.649893,0.963693,3.233987,3.419943,-0.185957,1.753421,0.454857,1.024907,3.190848,3.252104,-0.061256,1.47375,0.551958,1.041833,3.472037,3.442058,0.029979,1.335018,0.450954,1.048237,3.347895,3.358267,-0.010372,1.312753,0.488198,1.051162
971,15.0,15.0,4.945943,4.529667,4.667955,4.445583,4.238305,4.519476,4.287154,3.910293,4.637241,3.791512,3.564987,3.732293,3.773107,3.794851,3.776875,5.844974,5.541733,5.329724,5.507685,3.318935,5.641698,4.658318,3.609267,5.748777,3.394907,3.564118,2.153044,2.035944,1.901879,1.882172,6.827258,,1.657218,1.57133,0.085888,0.276696,0.142052,1.027527,1.649754,1.589241,0.060513,0.233958,0.145006,1.074579,1.659321,1.58434,0.074982,0.251073,0.154507,1.09071,1.725844,1.593681,0.132163,0.447171,0.157101,1.097394,1.746654,1.599915,0.146738,0.446248,0.160312,1.100584
972,15.0,15.0,10.666361,11.200873,10.421388,11.1013,10.420822,11.330981,11.011562,10.207518,10.927395,10.006544,10.637062,10.691747,10.658445,10.996786,10.723863,6.355116,6.860204,6.366245,6.930497,6.045764,6.87713,6.959859,6.020491,6.91431,6.057519,6.234789,6.685625,6.769876,6.583595,6.7751,9.947577,,6.711168,6.583095,0.128073,0.361442,0.165323,1.012023,6.876672,6.596488,0.280185,1.035961,0.200549,1.070554,6.898134,6.595924,0.30221,1.020528,0.203511,1.088227,6.860412,6.595545,0.264867,0.914477,0.206464,1.095399,6.886157,6.61154,0.274617,0.933988,0.209529,1.098731
973,30.0,30.0,4.786921,3.704786,4.589557,3.950287,4.126086,3.537386,3.305884,4.178836,3.714229,3.960086,3.336384,2.398894,2.63662,2.728022,3.075258,5.774082,5.566613,5.910428,5.483264,4.786289,5.667541,5.034656,5.018455,5.714208,4.890798,4.199329,1.770614,1.697583,1.589935,2.03222,23.584529,,0.580377,0.454068,0.126309,0.508152,0.162035,1.010141,0.634186,0.460172,0.174014,0.651778,0.204916,1.071308,0.734845,0.466487,0.268358,0.984681,0.214542,1.085947,0.725039,0.477423,0.247617,0.859842,0.220558,1.091046,0.765902,0.47648,0.289422,1.039359,0.225506,1.093447
984,15.0,15.0,7.020414,7.091525,6.991389,7.154921,6.966121,7.253882,7.043426,6.973372,7.296764,6.952486,6.929877,6.940006,6.929349,6.948704,6.968265,5.38902,5.915211,5.192129,6.097197,4.716698,6.229453,5.76007,4.691307,6.314139,4.682826,4.656352,4.656862,4.660789,4.667657,4.693802,7.135895,,7.020414,6.929877,0.090537,0.241486,0.131378,1.004745,7.091525,6.940006,0.151518,0.411335,0.152547,1.071093,7.154921,6.929349,0.225572,0.528045,0.184465,1.088561,7.253882,6.948704,0.305178,0.616794,0.218612,1.095278,7.296764,6.968265,0.328498,0.631838,0.265832,1.098508
986,16.0,16.0,4.768396,4.92265,4.617264,4.809064,4.350379,4.732605,4.925395,4.119948,5.04137,4.351313,4.444572,4.198318,4.366732,4.408425,4.941748,2.42842,3.870531,2.132485,3.777448,1.994923,4.004754,3.560048,2.047287,4.039742,1.404715,1.43355,3.092568,3.254756,3.151796,3.459452,4.405715,,2.787916,2.728591,0.059325,0.2122,0.140063,1.066597,2.914241,2.711638,0.202603,0.688409,0.157127,1.128678,3.00052,2.718529,0.281991,0.985683,0.164563,1.145785,3.03035,2.708782,0.321569,1.101371,0.179001,1.152525,3.021468,2.707982,0.313486,1.05023,0.187415,1.156049
988,16.0,16.0,4.875533,5.672344,4.741345,5.657675,4.858091,5.442133,5.827011,4.939311,5.541091,4.962116,4.650748,5.619352,5.040118,5.172989,5.059634,6.441738,5.735635,6.01804,5.630262,5.631062,5.614352,5.854448,6.089097,5.560011,5.712427,5.887387,5.515265,5.213814,5.13241,5.13515,35.744614,,1.164201,1.110743,0.053458,0.201995,0.134779,1.031145,1.185247,1.108919,0.076328,0.265327,0.150522,1.088402,1.216452,1.111378,0.105075,0.34088,0.161336,1.103894,1.352943,1.123047,0.229896,0.814363,0.182844,1.109382,1.427336,1.123989,0.303347,1.109472,0.182731,1.111826
989,15.0,15.0,6.746058,7.108466,6.586006,7.093958,6.390149,6.912306,6.892012,6.415184,7.013231,6.708769,6.947025,6.972214,6.666642,6.560428,6.6986,2.884259,3.499028,1.909435,3.441006,2.092822,3.472397,2.980369,1.914818,3.323868,2.151066,1.574856,3.260239,3.265493,3.046295,3.047276,8.476619,,6.171655,5.926401,0.245254,1.05457,0.178454,1.058691,6.158289,5.91931,0.238978,1.1653,0.204798,1.123723,6.442601,5.908512,0.534089,2.140058,0.220828,1.138126,6.369336,5.894314,0.475023,2.404208,0.220967,1.142574,6.303214,5.896559,0.406655,1.562342,0.222678,1.144111
996,15.0,15.0,0.81372,0.838284,0.774909,0.857515,0.766219,1.002362,0.784085,0.757356,0.969306,0.761032,0.746191,0.749406,0.74996,0.750509,0.740586,0.226912,0.266366,0.172131,0.28537,0.173008,0.320645,0.206263,0.15845,0.318125,0.169522,0.140615,0.14758,0.146902,0.149089,0.154347,14.213421,,0.81372,0.746191,0.067529,0.217358,0.143277,1.050672,0.838284,0.749406,0.088879,0.267821,0.15976,1.103403,0.857515,0.74996,0.107556,0.314783,0.172848,1.118411,1.002362,0.750509,0.251853,0.865791,0.175427,1.124519,0.969306,0.740586,0.228719,0.726557,0.18301,1.127401
997,15.0,15.0,1.827277,1.46544,1.583096,2.036954,1.059747,2.189035,1.330379,1.282538,2.322092,1.101554,0.681516,0.601088,0.729835,1.374308,1.042044,5.496894,6.447593,5.293086,6.544573,2.256712,6.751191,6.173283,2.25828,6.629743,1.217782,0.937155,1.480217,2.284294,2.295858,2.237988,5.121687,,0.522013,0.39267,0.129343,0.507888,0.184279,0.97903,0.587914,0.431195,0.156719,0.54509,0.223492,1.041545,0.84972,0.445506,0.404214,1.290566,0.211075,1.060412,0.997538,0.455162,0.542376,1.631195,0.205807,1.067926,0.907604,0.443018,0.464586,1.585176,0.230122,1.071511
998,16.0,16.0,7.157699,7.268203,6.929005,6.913521,6.944902,6.283858,7.168135,7.11387,6.583323,6.850343,7.449728,6.937103,6.576506,6.528537,6.611826,6.59611,6.834531,6.325294,6.705639,5.428723,6.982651,6.720329,5.908346,7.018817,5.36486,5.525177,5.276677,5.013182,4.785079,4.887594,7.001235,,2.612441,2.548426,0.064016,0.215501,0.097205,0.976078,2.611439,2.545969,0.06547,0.188338,0.106911,1.036802,2.620779,2.541958,0.078821,0.207005,0.117574,1.055214,2.625312,2.549701,0.075611,0.212344,0.127139,1.062036,2.626781,2.547718,0.079063,0.217072,0.130147,1.064853
1001,15.0,15.0,1.161035,1.546303,1.161774,1.708388,0.765962,1.430361,1.482202,0.288535,1.948391,0.287138,0.292609,0.273766,0.351171,0.292764,0.293028,2.921809,3.890684,2.789067,3.971768,0.610337,3.77164,3.771903,0.957321,3.739428,0.458336,0.302254,0.350856,0.364969,0.324915,0.318941,2.11881,,0.788086,0.201008,0.587078,2.323004,0.154813,1.026922,0.494543,0.202791,0.291752,0.754444,0.19952,1.086685,0.724525,0.232335,0.49219,1.320497,0.215759,1.102349,0.571624,0.210162,0.361462,1.015589,0.217666,1.107848,0.807231,0.24099,0.566241,1.574479,0.222618,1.110284
1004,15.0,15.0,1.164104,1.366331,0.880819,2.114929,0.759165,1.901685,1.218431,0.927337,2.032694,0.913598,0.70343,0.99906,1.437139,1.397932,1.396324,2.66119,2.817038,2.643221,2.798224,2.947451,2.638825,2.724304,2.487759,2.645583,1.232289,0.61896,0.859458,1.305012,1.853332,1.116128,14.191937,,0.153747,0.069795,0.083953,0.16727,0.110123,0.966516,0.167317,0.07134,0.095977,0.193207,0.120181,1.026029,0.174931,0.06619,0.108741,0.205879,0.136767,1.044839,0.179149,0.072973,0.106176,0.210287,0.137802,1.053059,0.182584,0.071727,0.110857,0.21862,0.131108,1.05785
1005,15.0,15.0,4.764316,4.992454,4.73269,4.862225,4.770402,5.40948,4.944347,4.583663,5.436434,4.583238,4.570495,4.54085,4.673023,4.741312,4.890522,7.51729,7.122489,7.407759,7.195364,6.671488,7.409304,6.54342,6.774012,7.333626,6.695085,6.721807,6.124851,6.293544,6.249938,6.246566,6.300286,,3.47377,3.388136,0.085634,0.205098,0.139766,0.999315,3.504143,3.393991,0.110152,0.285365,0.14194,1.065604,3.499637,3.391099,0.108537,0.410099,0.167069,1.082102,3.778251,3.390924,0.387326,1.489778,0.169659,1.088604,3.734215,3.388649,0.345566,1.247657,0.182999,1.0918
1006,15.0,15.0,9.309725,9.394177,9.064185,8.561742,8.747604,9.139519,9.186222,9.276841,8.970935,8.69272,9.201997,8.695092,8.757248,8.950432,8.782466,11.884499,11.575238,11.285798,11.512636,9.311768,11.240426,10.185837,9.044459,10.992907,7.220593,6.124015,5.71252,6.885652,5.405338,6.293697,7.287892,,0.432755,0.206962,0.225793,0.825728,0.17607,0.995466,0.403626,0.215881,0.187745,0.542879,0.156476,1.050122,0.415766,0.235035,0.180731,0.51622,0.188839,1.066288,0.481631,0.233888,0.247743,0.603036,0.201078,1.073048,0.49864,0.238151,0.260489,0.631284,0.207093,1.076346
1008,15.0,15.0,5.399685,4.888586,5.238769,5.432465,4.343007,5.05986,4.777832,4.605097,5.069467,4.207029,4.562871,4.252551,4.455267,4.648531,4.622816,5.87406,5.182272,6.158596,4.478571,5.200583,4.862564,5.103713,5.071737,4.571212,4.362653,5.340312,3.487602,2.996813,2.999728,2.424435,4.567256,,1.038865,0.785353,0.253512,1.070198,0.166453,1.026319,1.02409,0.776165,0.247925,0.967477,0.202215,1.099699,0.860097,0.763698,0.096399,0.653251,0.224477,1.113844,0.895228,0.761939,0.133288,0.803636,0.210655,1.11899,0.921078,0.754249,0.166829,0.899948,0.211355,1.121157
1009,15.0,15.0,6.092526,6.001305,5.9376,5.362044,6.454449,5.387426,6.012159,6.224748,5.840561,6.503323,6.807909,6.256465,5.51102,5.51645,5.864616,5.944585,6.057153,5.352499,5.670923,4.007989,5.738022,5.330786,3.939802,5.772047,4.106846,2.735839,1.397878,0.931151,0.801918,0.601939,3.680519,,0.133039,0.064502,0.068537,0.151421,0.096064,0.978563,0.356506,0.051621,0.304885,0.923783,0.118563,1.031863,0.358291,0.052324,0.305967,0.896122,0.133496,1.048597,0.365251,0.056161,0.30909,0.9066,0.14071,1.056464,0.443327,0.054379,0.388949,1.2111,0.147691,1.061026
1010,15.0,15.0,2.596089,2.245684,1.908036,2.779809,1.681956,2.536412,1.837655,1.702055,2.902116,1.594291,1.620693,1.254618,1.946244,1.448991,1.446656,3.282093,3.21453,3.08681,3.180414,2.936527,3.43848,2.838841,2.143579,3.373787,2.905507,2.508844,1.230585,0.676935,0.569607,0.557329,2.283044,,1.417332,1.267058,0.150274,0.829687,0.203971,1.007329,1.564406,0.924718,0.639688,1.074047,0.629664,1.068051,1.578349,0.952151,0.626198,1.110741,0.638224,1.087692,1.573458,0.963272,0.610185,1.099591,0.6537,1.094892,1.586353,0.967221,0.619132,1.065699,0.667718,1.097954
1012,15.0,15.0,0.307264,0.336743,0.268782,0.347981,0.259543,0.356896,0.288616,0.252996,0.356982,0.239849,0.213426,0.22616,0.230984,0.237708,0.232667,0.819984,0.855571,0.781251,0.860699,0.778689,0.871396,0.817558,0.77027,0.890242,0.747501,0.742256,0.747005,0.744702,0.751622,0.758663,0.774848,,0.307264,0.213426,0.093838,0.212438,0.149693,1.024474,0.336743,0.22616,0.110583,0.255309,0.157576,1.088703,0.347981,0.230984,0.116997,0.27541,0.160065,1.105439,0.356896,0.237708,0.119189,0.288917,0.170299,1.112522,0.356982,0.232667,0.124315,0.282384,0.174626,1.116379
1014,16.0,16.0,12.527615,13.092415,12.201849,13.419175,12.589299,13.211258,13.05836,12.506158,13.258618,12.588882,12.648668,13.040225,13.097711,13.075986,13.273688,14.984837,15.012155,14.783457,14.581667,14.852174,14.558695,14.899409,14.591111,14.594386,14.793756,14.855524,14.780452,14.632522,14.601514,14.554452,13.43232,,12.527615,12.648668,-0.121053,1.452454,0.505426,1.016036,13.092415,13.040225,0.05219,0.778204,0.438547,1.080938,13.419175,13.097711,0.321464,1.113771,0.551362,1.100292,13.211258,13.075986,0.135271,0.918781,0.392905,1.108313,13.258618,13.273688,-0.01507,0.733196,0.372519,1.11276
1018,15.0,15.0,2.256819,2.393888,2.31897,3.178002,1.997267,3.288051,2.388583,2.221664,3.311058,2.457195,2.226607,2.119353,3.389473,3.342086,3.27784,2.825806,2.211882,2.725404,2.635677,2.223835,2.554452,2.147723,2.302046,2.893539,2.205062,1.941397,1.339315,1.214213,1.205949,1.293042,1.593669,,0.738975,0.709419,0.029556,0.825038,0.640156,1.025261,0.762391,0.717591,0.0448,0.781387,0.691674,1.076894,0.96204,0.7225,0.23954,1.321966,0.703016,1.093209,1.186846,0.746979,0.439868,1.59885,0.741455,1.100386,1.140204,0.747986,0.392218,1.200246,0.765035,1.104422
1020,15.0,15.0,5.740556,5.746762,5.527083,5.892031,5.302447,6.141015,5.695108,5.207693,5.823859,5.525044,6.137756,5.924247,5.700833,5.946996,5.888573,3.684354,4.30884,3.705637,4.541027,3.307943,4.868974,4.025612,3.432928,4.855633,3.329806,3.306758,1.948039,2.372994,1.953592,2.090492,8.281971,,1.288051,1.238893,0.049158,0.185421,0.113862,1.045916,1.251191,1.235258,0.015933,0.533491,0.137067,1.105265,1.231946,1.227648,0.004298,0.461314,0.139117,1.122449,1.254277,1.228127,0.026149,0.382349,0.137268,1.128789,1.255157,1.227473,0.027684,0.38404,0.14265,1.131706
1027,15.0,15.0,1.45268,1.393804,1.131393,1.170855,1.119367,1.374991,1.28147,0.902393,1.376922,1.078843,0.938752,0.639305,0.458936,0.487072,0.452026,2.758381,2.870792,2.332586,2.339421,2.330649,1.911174,2.703699,2.318211,2.011307,2.633401,3.353637,2.068626,1.539958,0.686594,1.085584,0.675282,,0.600098,0.26975,0.330348,0.745865,0.179191,1.017571,0.603107,0.256412,0.346694,1.165643,0.186944,1.07562,0.564177,0.242536,0.321641,0.836497,0.221264,1.093379,0.605458,0.243709,0.361749,1.035245,0.269093,1.101597,0.83485,0.258788,0.576062,1.888613,0.261207,1.105967
1038,15.0,15.0,4.120225,4.647085,3.957983,4.643826,4.20282,4.512377,4.526494,4.073669,4.868163,3.992992,4.092395,4.534513,4.519303,4.390836,4.486233,5.270778,5.071219,5.125303,5.029509,4.495363,4.929666,4.721065,4.394566,5.143465,4.15614,4.139732,3.285245,3.037867,2.99467,3.015934,3.790588,,2.291079,2.226865,0.064214,0.251876,0.130653,1.010029,2.338091,2.230746,0.107345,0.406711,0.164615,1.065284,2.454911,2.227397,0.227514,0.659079,0.18071,1.08397,2.481703,2.223094,0.258609,0.794783,0.182507,1.092359,2.455371,2.238982,0.216389,0.787303,0.181497,1.09672
1041,15.0,15.0,0.235735,0.329859,0.196349,0.320239,0.149125,0.353104,0.28615,0.141437,0.444075,0.14166,0.100031,0.113063,0.122538,0.127148,0.126187,21.490314,21.413525,21.450418,21.304927,21.684328,21.052467,21.360853,21.671299,21.104987,21.677193,21.642584,21.649905,21.648184,21.642911,21.650825,11.37873,,0.235735,0.100031,0.135704,0.363033,0.131076,1.006564,0.329859,0.113063,0.216796,0.657751,0.144845,1.07192,0.320239,0.122538,0.197701,0.585376,0.153701,1.093424,0.353104,0.127148,0.225956,0.705399,0.160885,1.103903,0.444075,0.126187,0.317888,1.039954,0.16881,1.109259
1043,15.0,15.0,19.078786,20.045926,17.706376,20.277288,17.666269,18.9487,19.287152,16.473176,18.617372,16.561841,16.245184,19.554275,19.125828,18.294816,17.96075,22.081169,21.154066,21.228639,19.502631,21.236698,19.561207,19.739084,20.816991,19.568217,21.44836,18.153662,16.386214,13.843032,15.038941,15.321732,5.684701,,11.286256,10.732343,0.553912,2.820799,2.259899,0.895175,11.81821,11.849853,-0.031644,2.503586,2.300932,0.991305,10.967455,11.207558,-0.240103,3.68396,3.345421,1.011153,11.433681,11.454512,-0.02083,2.734464,2.207795,1.019373,11.862511,11.440704,0.421806,3.076248,1.848458,1.024191
1048,15.0,15.0,5.926489,5.742429,6.120783,5.879335,5.903449,6.052724,5.569707,5.273364,6.802353,5.659215,5.426472,5.436545,5.515366,5.595206,5.527437,7.060595,6.195686,6.971407,5.373859,6.90183,6.530101,5.956195,6.437948,5.954499,6.577228,6.284863,3.92322,3.307579,4.086381,3.727481,10.68789,,2.391212,2.354194,0.037018,0.226456,0.165188,1.055518,2.407157,2.34225,0.064908,0.281316,0.198085,1.116434,2.493466,2.352999,0.140468,0.525772,0.205481,1.13402,2.609853,2.351266,0.258587,0.963193,0.201823,1.140412,3.119607,2.358018,0.761589,2.976473,0.202834,1.142981
1053,15.0,15.0,6.170046,6.592949,5.385504,6.419237,4.729512,6.413063,5.781133,4.55653,6.94613,3.691979,3.411639,3.503218,3.235294,2.936985,3.203362,9.172564,8.264464,8.212051,8.452527,7.497853,8.254547,7.423951,6.899064,8.125034,6.962829,7.300831,4.572096,4.136831,4.089195,4.165695,7.753819,,5.064572,3.630981,1.433591,4.454331,2.469582,0.913884,5.405025,3.59128,1.813746,5.026652,3.425486,0.967407,5.753229,3.258987,2.494243,5.61613,4.054789,0.978221,5.853509,3.148622,2.704886,5.718783,3.74432,0.98088,5.954247,3.445982,2.508266,5.822918,3.645065,0.981575
1055,15.0,15.0,5.436707,5.412319,4.636205,5.408572,4.544237,4.934945,4.960814,3.934179,5.259533,3.951537,3.240983,4.384542,4.682871,4.311687,4.693486,7.847607,6.808655,7.162385,6.129783,6.607611,6.338752,6.047602,6.774792,6.433766,5.981119,5.921074,3.007012,2.132258,2.38296,2.668139,6.390534,,2.028708,1.977578,0.051129,0.187321,0.115199,1.009745,2.053528,1.984154,0.069375,0.249169,0.121531,1.072336,2.064911,1.991208,0.073702,0.269514,0.143165,1.089908,2.073362,1.996837,0.076524,0.27943,0.15069,1.096599,2.101557,1.994162,0.107395,0.375008,0.15718,1.099845
1057,15.0,15.0,4.190275,3.506058,4.04674,4.041001,3.771445,4.039402,3.411618,3.948453,3.849863,3.537098,3.86276,3.186624,3.343405,3.492888,3.677389,4.014417,3.99387,3.689021,3.985935,4.064569,4.008695,3.956269,3.301108,4.329104,3.026993,2.078094,1.728714,1.839548,1.951379,2.384268,2.074709,,1.939966,1.91626,0.023706,0.194764,0.114188,1.013914,1.906057,1.925139,-0.019083,0.469854,0.122319,1.073594,2.006249,1.924982,0.081267,0.821851,0.12771,1.09199,2.204581,1.930444,0.274136,0.970241,0.137577,1.100428,2.201853,1.932322,0.269531,0.977521,0.141884,1.104939
1059,15.0,15.0,0.87884,0.894678,0.861517,0.982923,0.858878,0.925672,0.87176,0.851821,0.929387,0.845456,0.841049,0.832674,0.836604,0.830984,0.834556,2.926402,3.199389,2.898961,3.375598,2.666205,3.354672,3.160093,2.65897,3.331463,2.654849,2.648834,2.641999,2.638956,2.637303,2.641167,0.82859,,0.87884,0.841049,0.03779,0.179257,0.114564,0.997734,0.894678,0.832674,0.062004,0.214294,0.124494,1.070203,0.982923,0.836604,0.146318,0.562197,0.129638,1.091477,0.925672,0.830984,0.094688,0.330071,0.139113,1.102087,0.929387,0.834556,0.094831,0.336128,0.143519,1.1073
1070,16.0,16.0,0.518542,0.584428,0.474278,0.58336,0.484401,0.616668,0.533998,0.46719,0.571467,0.446321,0.468723,0.467769,0.467491,0.463765,0.472649,0.790001,1.054218,0.696072,1.06446,0.728658,1.091576,0.936215,0.696121,1.114333,0.677272,0.709006,0.718904,0.714564,0.705382,0.710946,1.064718,,0.518542,0.468723,0.049819,0.31824,0.168587,1.051177,0.584428,0.467769,0.11666,0.446529,0.205828,1.102375,0.58336,0.467491,0.115869,0.474374,0.251599,1.115314,0.616668,0.463765,0.152903,0.554852,0.251413,1.120104,0.571467,0.472649,0.098817,0.413118,0.255407,1.12231
1071,15.0,15.0,1.007297,0.97944,1.08448,1.05093,0.840095,1.136863,0.984879,1.158324,1.366175,0.498004,0.464294,0.508245,0.474656,0.490287,0.484745,1.7077,1.609046,1.655122,1.868645,1.313226,1.825914,1.593096,1.325797,1.774836,1.289427,1.123816,1.124545,1.130533,1.134376,1.135518,11.08896,,0.60608,0.495674,0.110406,0.351505,0.170473,1.045546,0.820982,0.531384,0.289597,1.091854,0.169723,1.107065,0.86704,0.495933,0.371108,1.314243,0.208831,1.123753,0.971888,0.509839,0.462049,1.698342,0.205719,1.129764,1.043184,0.512652,0.530532,1.973993,0.20956,1.132554
1075,16.0,16.0,3.606221,3.039513,2.930389,3.300749,2.837608,2.920534,2.635079,2.782862,3.11203,2.895791,1.717134,2.233874,2.357743,2.494901,2.484478,3.517007,2.985907,3.258146,2.893112,4.110194,2.805944,2.7126,3.653411,3.093222,3.803319,3.555065,0.982018,0.889608,0.867143,1.627226,4.821445,,0.863684,0.796685,0.066999,0.217796,0.136624,1.021976,0.886229,0.802234,0.083995,0.257448,0.160822,1.08668,0.89212,0.789359,0.10276,0.272468,0.158921,1.105516,0.899159,0.799973,0.099185,0.282913,0.165438,1.112854,0.90146,0.799662,0.101798,0.286869,0.171864,1.116274
1084,15.0,15.0,0.438453,0.518321,0.39462,0.565378,0.390203,0.573928,0.460477,0.376261,0.588629,0.360895,0.354394,0.357907,0.354943,0.36175,0.364912,0.29541,0.323105,0.242557,0.344001,0.221905,0.39763,0.251884,0.196953,0.433688,0.193843,0.168827,0.167032,0.169587,0.160745,0.162189,7.004466,,0.438453,0.354394,0.084058,0.262958,0.146705,1.057199,0.518321,0.357907,0.160414,0.519832,0.193467,1.115817,0.565378,0.354943,0.210435,0.659602,0.206117,1.129806,0.573928,0.36175,0.212178,0.649314,0.221878,1.134904,0.588629,0.364912,0.223717,0.674174,0.221357,1.137316
1088,15.0,15.0,3.736206,3.862648,3.702734,3.963608,3.684927,3.908939,3.824911,3.685067,3.899773,3.683851,3.672231,3.675551,3.692732,3.687494,3.68483,7.538438,7.586769,7.264544,7.54843,7.232852,7.639684,7.246566,7.221816,7.819472,7.231822,7.21523,7.210078,7.212117,7.212251,7.214143,4.008352,,3.736206,3.672231,0.063975,0.230037,0.131563,1.018715,3.862648,3.675551,0.187096,0.626985,0.159638,1.077272,3.963608,3.692732,0.270875,0.972887,0.17316,1.095097,3.908939,3.687494,0.221445,0.74729,0.173117,1.102176,3.899773,3.68483,0.214943,0.71245,0.177857,1.105493
1090,15.0,15.0,0.238254,0.218596,0.200291,0.231892,0.141991,0.300742,0.174643,0.132241,0.266193,0.121345,0.094461,0.097121,0.09743,0.099736,0.098672,0.211267,0.362236,0.171046,0.321591,0.139432,0.324443,0.309646,0.128842,0.381543,0.123784,0.073414,0.070144,0.071251,0.086917,0.082662,7.604547,,0.238254,0.094461,0.143793,0.36347,0.143835,1.047066,0.218596,0.097121,0.121475,0.249748,0.159426,1.10591,0.231892,0.09743,0.134462,0.26622,0.172505,1.121586,0.300742,0.099736,0.201005,0.509632,0.175868,1.127013,0.266193,0.098672,0.167521,0.366543,0.18075,1.129773
1092,15.0,15.0,1.754419,1.78819,1.445287,1.964584,1.418679,1.842492,1.747049,1.454262,2.082332,1.371574,1.478909,1.366474,1.000169,0.98043,1.23887,2.271162,5.000951,2.249773,4.87651,2.234822,4.652994,4.981362,2.232635,4.339208,2.242961,2.21684,4.955009,4.621665,4.76645,3.768513,1.072862,,0.984475,0.943345,0.04113,0.194155,0.117777,0.990023,1.059256,0.941806,0.117451,0.46159,0.130073,1.062172,1.144551,0.940474,0.204077,0.768822,0.138332,1.085713,1.117614,0.945573,0.172041,0.647942,0.143383,1.095774,1.09339,0.945237,0.148153,0.550229,0.147796,1.101096
1096,15.0,15.0,7.234087,7.27587,7.200526,7.249643,7.1854,7.257936,7.235684,7.178997,7.300789,7.179257,7.172509,7.157552,7.158273,7.161493,7.152299,6.136304,6.120698,5.772725,6.128545,6.14924,6.244922,5.858627,6.157982,6.367175,6.147539,6.120873,6.112355,6.110439,6.109669,6.104292,7.93115,,7.234087,7.172509,0.061578,0.240974,0.128709,1.021761,7.27587,7.157552,0.118318,0.365283,0.161018,1.078221,7.249643,7.158273,0.091369,0.272073,0.154005,1.094652,7.257936,7.161493,0.096443,0.297687,0.15974,1.100545,7.300789,7.152299,0.148491,0.408014,0.168937,1.102941
1102,16.0,16.0,1.114774,1.132988,1.089228,1.160471,1.091913,1.174634,1.099922,1.082616,1.178215,1.081142,1.060157,1.05954,1.062938,1.062638,1.069379,1.824576,2.304969,1.777024,2.62518,1.049268,2.728451,2.15397,1.037583,2.856148,1.034079,1.014257,1.026372,1.031964,1.029889,1.029528,2.418858,,1.114774,1.060157,0.054617,0.185186,0.12312,0.990845,1.132988,1.05954,0.073448,0.217848,0.136669,1.060167,1.160471,1.062938,0.097533,0.297323,0.140388,1.080487,1.174634,1.062638,0.111996,0.341988,0.128941,1.088623,1.178215,1.069379,0.108836,0.345215,0.135601,1.092562
1109,15.0,15.0,2.803683,3.317865,2.668793,2.811699,2.285675,2.885468,3.026974,2.229934,2.770242,2.027214,1.771108,1.985883,2.004112,2.00301,1.982505,7.106761,5.300064,6.803458,4.960869,5.589844,4.805963,4.877299,7.743909,4.664093,5.316846,7.165004,4.599729,3.762139,2.639864,2.317548,4.476584,,2.093924,1.602983,0.490941,1.445188,0.78003,1.018144,2.553842,1.852161,0.701681,1.918267,0.863953,1.072159,2.319021,1.767265,0.551756,1.442567,0.560241,1.087999,2.268231,1.699202,0.569029,1.270864,0.540762,1.094314,2.152502,1.696446,0.456056,1.231624,0.590933,1.097105
1123,30.0,30.0,7.381935,7.586505,6.839492,7.911394,5.976254,7.633049,7.266202,5.967598,8.231063,5.871252,5.606481,6.116645,6.39274,6.123627,6.410711,12.528261,12.608601,12.186839,12.149551,11.031343,12.019474,11.872956,11.633072,12.179031,11.481514,8.546691,8.662765,8.735754,9.090269,8.926811,4.508947,,3.857918,2.201338,1.65658,4.713686,1.083888,0.980063,3.749686,2.429103,1.320582,4.084768,1.222349,1.028768,4.10542,2.794235,1.311185,4.378902,1.265704,1.041265,3.711906,2.469109,1.242797,3.912133,1.266244,1.045066,4.017287,2.552715,1.464572,4.145254,1.26699,1.04663
1125,15.0,15.0,0.319952,0.34052,0.291606,0.343717,0.287263,0.347933,0.305699,0.276858,0.348748,0.272663,0.266786,0.286117,0.276582,0.276404,0.272275,1.104198,1.381363,1.067876,1.467411,0.544251,1.515246,1.29946,0.429507,1.506571,0.331981,0.31916,0.31368,0.321646,0.316673,0.319649,0.196171,,0.319952,0.266786,0.053165,0.183125,0.116326,1.002518,0.34052,0.286117,0.054403,0.212052,0.144009,1.062899,0.343717,0.276582,0.067135,0.22056,0.141936,1.082747,0.347933,0.276404,0.071529,0.230543,0.15697,1.093518,0.348748,0.272275,0.076473,0.232771,0.156206,1.098917
1132,15.0,15.0,0.245234,0.294463,0.210191,0.354978,0.19426,0.402869,0.253489,0.195538,0.336626,0.200043,0.197466,0.19777,0.193618,0.196105,0.190727,1.603423,1.854426,1.499298,1.809254,1.177365,1.964687,1.74088,1.160752,1.909261,1.182312,1.163359,1.172519,1.180799,1.178957,1.170059,1.318424,,0.245234,0.197466,0.047768,0.211955,0.121314,1.029362,0.294463,0.19777,0.096693,0.354925,0.139613,1.088288,0.354978,0.193618,0.161359,0.566168,0.15133,1.10336,0.402869,0.196105,0.206764,0.73885,0.155616,1.110387,0.336626,0.190727,0.145899,0.486081,0.165382,1.114672
1142,15.0,15.0,9.38377,10.429901,8.970369,10.279742,8.64173,11.786082,10.043999,8.01203,11.463283,7.286775,8.143598,9.733712,7.833767,10.049988,10.341229,15.740095,15.037966,14.331175,16.269997,12.666881,16.761674,13.215608,12.837349,17.169364,11.614829,11.238402,9.918278,11.725766,11.474763,12.022351,10.259277,,2.046728,1.911471,0.135257,2.401779,0.417938,0.974964,2.523698,1.907113,0.616585,3.336166,0.482145,1.03536,2.982761,1.573475,1.409286,4.828939,0.750826,1.04713,3.120827,1.884899,1.235928,4.524559,0.793826,1.050203,3.13381,1.700084,1.433726,4.641345,0.711107,1.050771
1149,15.0,15.0,4.482579,4.440358,4.453984,4.531846,4.449972,4.529034,4.398997,4.418086,4.524766,4.420905,4.42441,4.425267,4.414387,4.426836,4.420151,6.169693,6.182192,6.147669,6.215823,6.167479,6.223981,6.156008,6.15635,6.253259,6.148719,6.144175,6.172167,6.175085,6.170095,6.178437,4.361014,,4.482579,4.42441,0.058169,0.566057,0.163204,1.039579,4.440358,4.425267,0.015091,0.438574,0.183252,1.088807,4.531846,4.414387,0.11746,1.053186,0.207293,1.106159,4.529034,4.426836,0.102198,1.018511,0.210357,1.114303,4.524766,4.420151,0.104615,1.010211,0.210564,1.118601
1153,15.0,15.0,2.758909,4.631775,2.819658,4.129258,1.146092,4.548846,4.610511,0.929078,4.91149,0.999634,0.424399,0.729928,0.686416,1.557456,1.213005,7.219288,7.315967,6.385267,7.549636,2.933514,7.660096,6.632725,2.716198,7.918895,1.721726,0.542654,1.818612,2.355941,2.583011,2.46694,0.562475,,1.342505,0.344404,0.998101,3.485118,0.309212,0.98093,2.042996,0.396676,1.646319,4.665277,0.351279,1.036029,2.226206,0.399421,1.826785,4.864502,0.367662,1.048521,2.067957,0.361268,1.706689,4.979711,0.352382,1.051232,1.684898,0.413931,1.270966,3.110408,0.665288,1.051604
1164,15.0,15.0,10.270826,10.862503,9.744075,10.923374,9.775406,10.443479,10.482828,9.726815,10.572768,9.974487,10.014115,9.71397,9.986019,9.985642,9.849703,9.53212,10.211373,8.561727,10.393264,7.997052,10.61399,8.798267,7.143202,10.450391,7.176985,6.802724,6.493631,6.650088,6.674491,6.609367,8.421656,,9.876714,9.564335,0.312379,4.230439,1.718105,0.958897,10.07169,9.392243,0.679447,4.758536,2.572165,1.013273,10.057037,9.686208,0.370829,5.191259,2.829669,1.02008,10.3256,9.681443,0.644157,6.100501,2.985149,1.018458,10.395809,9.514457,0.881352,6.530194,3.080015,1.016641
1165,15.0,15.0,2.68738,2.56354,2.347451,2.556465,1.988445,2.766649,2.383506,2.10803,2.85476,2.210335,2.347967,2.098089,2.148866,2.631498,2.624618,3.781309,4.248553,3.348746,4.438895,3.033351,4.593897,3.630613,2.533402,4.603099,2.420793,2.206178,2.752234,2.988131,3.126352,2.775451,1.727977,,0.38173,0.19806,0.183671,0.674626,0.140239,1.015501,0.799441,0.198969,0.600472,2.261163,0.143271,1.073995,0.777058,0.208604,0.568454,2.114705,0.166393,1.091903,0.665015,0.213737,0.451278,1.658369,0.168198,1.09793,0.721947,0.213139,0.508808,1.807372,0.171334,1.100576
1166,15.0,15.0,12.060584,12.434713,12.21184,11.779937,11.841004,12.112179,12.104023,10.927258,11.310838,11.616815,11.419191,11.891186,10.924583,11.217133,10.793635,6.8209,7.285626,6.763102,6.94868,5.872641,7.346561,5.804365,5.74154,7.702399,5.122015,4.415393,4.403342,4.051757,3.233566,2.52966,18.382898,,4.556768,4.502297,0.054471,0.220037,0.156623,1.035346,4.572787,4.523914,0.048873,0.258697,0.175494,1.092635,4.557417,4.513059,0.044358,0.330138,0.166347,1.111394,4.608973,4.546269,0.062704,0.608188,0.185558,1.118289,4.589628,4.546142,0.043486,0.617056,0.19255,1.121642
1168,30.0,30.0,1.371144,1.420112,1.294074,1.563534,1.220095,1.545542,1.305198,1.199443,1.624498,1.194789,1.177678,1.179737,1.178571,1.174141,1.171155,13.024482,12.840752,12.760021,12.95984,12.737876,12.962661,12.641585,12.717104,12.980465,12.794432,12.626761,12.626823,12.640031,12.631597,12.630141,2.362438,,1.404029,1.21683,0.1872,0.543568,0.152854,1.048755,1.460637,1.217897,0.24274,0.684702,0.18793,1.107694,1.608483,1.218294,0.390189,1.180038,0.204926,1.123093,1.589598,1.212231,0.377366,1.088068,0.220889,1.128277,1.670585,1.209142,0.461443,1.297252,0.231331,1.130399
1169,15.0,15.0,0.886629,1.040617,0.816798,1.069529,0.948229,1.087845,0.971475,0.591153,1.098148,0.580797,0.542654,0.552546,0.563187,0.551016,0.575375,10.766131,11.18157,9.793005,11.32531,9.436119,11.38906,9.928031,8.942483,11.417732,8.695307,8.634529,8.629791,8.637223,8.60885,8.649329,0.690186,,0.638076,0.55785,0.080226,0.243163,0.157122,0.976124,0.890835,0.568184,0.322651,1.144292,0.175266,1.049088,0.981373,0.574272,0.407101,1.277009,0.202942,1.064012,1.06404,0.571734,0.492306,1.568539,0.203316,1.069339,1.084637,0.577057,0.50758,1.484484,0.217709,1.072094
1171,15.0,15.0,18.422518,17.889713,17.169314,17.524272,16.315232,18.215816,16.454538,16.597379,18.128105,16.545309,16.06003,14.206819,14.139731,15.73113,15.343998,32.147521,24.078461,31.420068,22.577079,31.739096,22.532376,22.972751,29.436189,23.480277,29.188854,27.841719,17.632964,14.88784,14.122503,14.506629,22.348584,,12.519047,11.705174,0.813873,6.496574,2.714951,0.938975,12.162347,12.227771,-0.065424,6.461305,3.606302,0.993754,11.9127,12.518136,-0.605436,5.860499,3.431084,0.999062,12.481652,12.35936,0.122291,7.09151,3.720582,0.998415,12.734704,12.544597,0.190107,7.117946,4.0246,0.997348
1174,15.0,15.0,6.701129,6.631942,6.437804,6.706277,6.210194,6.802003,6.73717,6.302894,7.102155,6.594067,6.957143,6.988054,6.941994,6.927249,6.985412,3.947643,4.153584,3.837123,4.351225,2.487066,4.413079,4.175918,2.720614,4.345786,2.329815,2.495518,2.851938,2.725953,2.554867,2.547851,7.869088,,4.405957,4.34704,0.058917,0.213022,0.135202,1.014014,4.425696,4.349697,0.075999,0.246696,0.14991,1.073621,4.487661,4.348254,0.139407,0.478679,0.167924,1.092698,4.490116,4.349117,0.140998,0.485958,0.176919,1.100076,4.496311,4.349595,0.146716,0.492834,0.181062,1.103692
1177,15.0,15.0,2.713881,2.932058,2.677994,2.780639,2.370139,2.786195,2.865852,2.308941,2.882827,2.304356,2.176678,2.293229,2.23535,2.258076,2.287916,2.870446,3.161951,2.907433,3.430169,2.92262,3.235348,3.0773,2.749718,3.177497,2.77045,2.698687,2.776469,2.81551,2.781258,2.624034,2.470416,,2.113588,1.680258,0.43333,1.405468,0.181739,1.044714,2.352456,1.685635,0.666821,2.14306,0.249281,1.100007,2.273803,1.69576,0.578043,1.800043,0.258044,1.113977,2.23255,1.688079,0.544471,1.644961,0.232039,1.119896,2.317852,1.686415,0.631437,1.757042,0.232921,1.123225
1181,15.0,15.0,14.080558,13.106792,13.755285,13.048003,11.703259,14.767042,12.067356,11.658874,13.687989,10.175676,10.81034,8.643079,9.963058,11.393855,11.071364,23.037912,16.550067,21.408913,15.042264,20.488934,14.442657,14.223729,20.19066,14.81735,19.030077,19.276621,7.542049,6.61614,5.04157,5.262171,10.771181,,1.887389,0.842045,1.045344,2.124984,0.579605,1.024603,1.676743,0.803581,0.873163,1.926859,0.606204,1.079379,1.979989,1.003515,0.976474,2.317018,0.828108,1.092998,1.991209,0.829744,1.161465,2.867598,0.656784,1.090832,1.878324,0.818412,1.059912,2.211817,0.701569,1.089534
1183,15.0,15.0,4.877758,4.559743,4.678379,4.977997,4.266043,4.920254,4.434815,4.352814,5.041699,4.250935,4.266134,4.028191,4.505968,4.673772,4.752562,6.713965,7.832724,6.385851,7.971187,4.121257,7.560199,7.568078,4.002706,7.7434,3.69238,3.154892,4.975288,3.934197,3.14574,3.822982,3.989317,,0.898698,0.15939,0.739308,1.26052,0.131432,0.970487,0.810748,0.152508,0.658241,1.127315,0.140081,1.031364,1.009796,0.597795,0.412,1.215719,0.593713,1.049823,1.02647,0.600984,0.425486,1.234967,0.606897,1.057636,1.020865,0.603067,0.417798,1.2303,0.606372,1.061705
1187,15.0,15.0,16.488039,16.150206,16.493298,16.400773,16.228889,16.655043,16.170654,16.309663,16.708007,16.296016,16.316281,16.145399,16.15844,16.177045,15.870436,31.920216,31.711767,31.619759,31.911575,33.403271,31.874615,31.556561,33.14158,31.762124,33.340173,34.094566,34.363277,33.976424,33.989324,33.758286,14.840213,,16.293069,16.313645,-0.020576,0.411025,0.138158,0.998885,16.339491,16.313326,0.026165,0.310443,0.144497,1.054996,16.36891,16.320927,0.047983,0.782538,0.143472,1.072116,16.378551,16.322532,0.056019,1.010399,0.147534,1.078231,16.422568,16.323947,0.098621,0.603277,0.145244,1.0808
1189,15.0,15.0,2.540838,2.687529,2.498493,2.580518,2.617802,2.540151,2.585947,2.657807,2.692404,2.724983,2.708968,2.554754,2.025529,2.206498,2.485695,4.181065,5.587925,3.866276,5.439436,2.539068,4.973826,5.656538,2.52386,5.271348,2.928566,2.492972,3.002989,2.773766,2.279917,2.33909,2.244493,,0.157479,0.0993,0.058179,0.147809,0.110244,0.957714,0.177349,0.110597,0.066752,0.177643,0.123418,1.02578,0.224447,0.104489,0.119958,0.324685,0.135642,1.045998,0.227308,0.101002,0.126306,0.327078,0.143098,1.055319,0.293276,0.100127,0.19315,0.573299,0.14847,1.060937
1200,15.0,15.0,3.067388,3.20376,3.036235,3.253842,3.021931,3.228807,3.169013,3.004632,3.276065,3.007547,2.981503,2.993298,2.99177,2.994988,2.999977,2.537947,2.795687,2.502763,2.915985,2.415933,2.790136,2.752037,2.403883,2.880331,2.396656,2.363771,2.381496,2.385599,2.388285,2.389224,4.095904,,3.067388,2.981503,0.085885,0.192347,0.103857,1.014803,3.20376,2.993298,0.210461,0.663988,0.121968,1.075549,3.253842,2.99177,0.262072,0.845882,0.133558,1.095778,3.228807,2.994988,0.233819,0.74036,0.141823,1.10451,3.276065,2.999977,0.276089,0.917993,0.142523,1.109047
1202,15.0,15.0,1.676361,1.637229,1.613515,2.008483,1.467497,2.052132,1.59061,1.43931,2.034667,1.520612,1.360044,1.318778,1.345559,1.339909,1.351462,1.209572,1.454793,1.142386,1.617559,0.942847,1.515586,1.350557,0.856243,1.520648,0.784679,0.721022,0.694549,0.685351,0.689781,0.699386,1.941927,,1.676361,1.360044,0.316317,1.076675,0.31943,1.060749,1.637229,1.318778,0.318451,0.85232,0.270922,1.11041,2.008483,1.345559,0.662924,2.086782,0.32517,1.121493,2.052132,1.339909,0.712222,2.394044,0.335755,1.124684,2.034667,1.351462,0.683205,2.209735,0.343613,1.125966
1204,15.0,15.0,1.567809,1.4902,1.581989,1.853915,1.33738,1.996085,1.465975,1.318103,2.053363,1.336058,1.256174,1.297182,1.529425,1.733939,1.759479,2.593923,2.541364,2.403505,2.653544,1.604299,2.411406,2.215097,1.80395,2.282858,1.506909,1.430077,1.078404,1.022838,1.084693,1.08483,0.505061,,0.286509,0.179003,0.107506,0.360869,0.142055,1.035293,0.384122,0.197179,0.186943,0.655354,0.171335,1.089292,0.402025,0.19339,0.208636,0.700829,0.17957,1.104119,0.321579,0.195362,0.126217,0.400792,0.179301,1.11025,0.36055,0.19032,0.17023,0.475091,0.182616,1.113341
1211,16.0,16.0,1.656101,2.45828,1.607264,2.407196,1.500559,2.763349,2.396368,1.435977,2.880958,1.651193,1.674186,1.999721,1.962163,2.280944,2.44399,3.996117,3.258333,4.231988,3.540597,4.542367,3.632552,3.17558,4.394771,3.431872,4.138138,4.918636,2.404284,2.37117,2.2673,2.433514,0.506542,,0.329224,0.176932,0.152292,0.3502,0.176121,0.965187,0.390922,0.202146,0.188776,0.447354,0.217633,1.018136,0.547534,0.198692,0.348842,1.040749,0.227854,1.032122,0.668236,0.19517,0.473065,1.47871,0.237021,1.036692,0.617462,0.191873,0.425589,1.275008,0.239493,1.038538
1214,15.0,15.0,2.975449,3.283954,3.127319,3.246555,2.956867,3.133445,2.723222,2.926667,2.997677,2.550925,2.554527,2.94232,2.907601,2.947686,2.897933,2.612213,2.640166,2.573991,2.919727,2.446761,2.712981,2.475171,2.773081,2.413175,2.391259,2.201015,2.271332,2.446912,2.458426,2.096675,3.003291,,0.738558,0.604354,0.134204,0.46674,0.145663,1.053485,0.820847,0.619409,0.201438,0.722403,0.184224,1.10849,0.943716,0.602388,0.341329,1.155773,0.209104,1.122196,0.870557,0.607884,0.262673,0.851167,0.220163,1.128223,0.831204,0.609902,0.221302,0.694926,0.225988,1.131558
1215,15.0,15.0,4.541941,4.460835,4.514073,4.521337,4.499268,4.527025,4.428575,4.490583,4.487562,4.488944,4.48284,4.478912,4.479892,4.487886,4.488671,2.125034,2.330837,2.091023,2.300504,2.043029,2.422131,2.290171,2.069915,2.418864,2.040497,2.03741,2.025752,2.024174,2.027254,2.027276,4.456097,,4.541941,4.48284,0.059101,0.216365,0.127816,1.036571,4.460835,4.478912,-0.018077,0.645761,0.158937,1.093863,4.521337,4.479892,0.041445,0.85444,0.172739,1.110518,4.527025,4.487886,0.039139,0.896799,0.177608,1.116705,4.487562,4.488671,-0.001109,0.688808,0.184907,1.119652
1222,16.0,16.0,4.152823,3.731696,4.086351,4.385448,4.012336,4.302003,3.546766,4.365985,4.117835,4.099892,3.844316,2.920717,3.65278,3.793169,3.525581,5.26004,4.648182,4.631143,4.149419,3.920278,4.076192,4.379279,3.929319,3.716938,3.920889,3.99895,4.619322,2.969362,1.87187,1.11514,4.657351,,0.349769,0.2162,0.133569,0.505189,0.144474,1.033299,0.362931,0.210412,0.152519,0.478782,0.17541,1.097617,0.553217,0.2118,0.341417,1.132782,0.186003,1.113384,0.486849,0.217125,0.269725,0.936954,0.186623,1.11891,0.506561,0.221162,0.285399,1.007019,0.196587,1.121346
1223,15.0,15.0,8.502691,8.678312,8.182572,7.896383,7.795716,8.520607,8.352106,7.930682,8.821943,7.938714,8.616323,7.777244,7.066721,7.734125,8.223663,8.850706,8.33275,8.509903,8.315177,8.342603,8.540104,7.443788,8.405795,8.370926,7.990006,8.274713,5.860603,6.556487,6.256995,5.264188,11.311207,,0.37865,0.137442,0.241209,0.658735,0.175718,1.031793,0.904363,0.154279,0.750084,2.700773,0.193255,1.08821,0.542675,0.151675,0.390999,1.191317,0.205974,1.101508,0.601039,0.146664,0.454375,1.296659,0.207558,1.104309,0.754446,0.139658,0.614788,1.615744,0.22572,1.104737
1224,15.0,15.0,14.649047,14.769653,13.856802,15.247991,13.788142,14.739401,14.222295,13.903579,15.156121,14.465194,14.04663,13.691674,13.770042,14.198147,13.138854,17.637052,15.995324,17.005416,14.719327,16.66271,14.721496,14.042589,16.39208,14.667924,15.655845,17.305079,12.850115,11.731335,10.548474,10.147881,6.158556,,7.005479,7.305026,-0.299547,1.821913,0.22982,1.029231,7.070293,7.282088,-0.211795,1.375775,0.244268,1.076402,7.161314,7.268956,-0.107642,0.981038,0.26651,1.084763,7.045425,7.258334,-0.212909,1.648958,0.265198,1.088918,6.998613,7.269458,-0.270846,1.820598,0.286628,1.090601
1237,15.0,15.0,3.723076,3.07056,3.567277,3.44703,3.562367,3.269899,2.945733,3.282145,3.726223,3.532341,2.591227,2.663055,2.821108,2.545211,3.237183,4.233018,4.009626,4.113312,4.372316,3.463403,4.582385,3.486023,3.253074,4.915169,3.039673,2.46829,2.086863,2.853941,3.070557,3.606608,3.96043,,0.779544,0.341787,0.437757,1.327956,0.168094,0.993401,0.748479,0.330065,0.418414,1.395466,0.210565,1.053676,0.844256,0.3559,0.488356,1.788545,0.213367,1.074491,0.945188,0.350104,0.595084,1.747563,0.231856,1.083353,0.886323,0.349926,0.536397,1.784069,0.240429,1.088106
1241,15.0,15.0,6.599999,7.118835,6.538333,6.360586,5.964671,6.791428,7.094005,6.03845,6.661724,6.36603,6.332437,6.558091,5.953887,6.397146,6.624422,4.211688,4.415302,3.724307,4.217573,3.489545,4.204771,4.204119,3.130793,4.299986,3.195132,2.733853,3.533171,3.516233,3.190052,3.105876,5.438332,,3.658324,3.01689,0.641434,2.412781,0.149641,0.986176,3.529753,3.057119,0.472634,1.717704,0.167802,1.055103,3.592781,3.06361,0.529171,1.888722,0.178639,1.078444,3.705681,3.054689,0.650992,2.10366,0.190962,1.088299,3.482823,3.050517,0.432306,1.474031,0.189419,1.093072
1251,15.0,15.0,9.654354,9.023994,8.96216,9.482174,9.889578,9.453144,8.203472,9.666295,10.828818,9.492379,8.184361,7.460112,7.418824,9.037358,9.225399,12.919389,12.501591,12.51796,12.199434,11.049647,12.316813,11.817335,10.95582,12.382818,10.821155,10.475719,5.639656,6.599067,6.978216,5.871584,5.814059,,0.24421,0.181817,0.062393,0.219825,0.106995,1.039335,0.253061,0.181686,0.071374,0.237956,0.104057,1.091986,0.266107,0.177497,0.088609,0.253071,0.134328,1.105681,0.267044,0.180437,0.086607,0.255616,0.136906,1.110071,0.27108,0.18845,0.082631,0.260476,0.149114,1.111781
1254,15.0,15.0,5.417747,4.936131,5.183884,5.496054,5.665598,5.496452,4.814763,5.251824,4.986413,5.340446,5.219871,5.044758,5.338947,5.473952,5.040119,5.639071,6.184155,4.691898,6.615227,4.15271,6.699261,5.386275,4.29267,6.424399,4.122126,4.066365,3.405681,2.697341,2.709537,2.51635,4.495162,,3.00748,3.120329,-0.112849,2.006662,1.332305,1.00551,2.421776,2.494165,-0.072389,1.630948,0.890031,1.068346,2.75387,2.492491,0.26138,1.231993,0.691761,1.08694,2.665021,2.542503,0.122517,1.234129,0.684559,1.094027,2.501188,2.318326,0.182862,1.294671,0.79451,1.097454
1255,15.0,15.0,3.398135,4.044829,3.270061,3.799197,3.428412,3.740544,3.889202,3.452741,3.860379,3.495584,3.529445,3.770265,3.517563,3.458292,3.413286,2.775035,3.201518,2.570725,3.136217,2.127362,3.146212,2.822292,1.743153,3.188511,1.288989,1.172941,1.570247,1.249912,1.244296,1.188577,5.020023,,1.479389,1.423722,0.055667,0.208571,0.124968,0.987365,1.550821,1.428918,0.121904,0.982977,0.144482,1.055346,1.615382,1.452941,0.162441,0.937453,0.164819,1.07757,1.671316,1.457035,0.214281,1.13535,0.166612,1.087112,1.626268,1.45966,0.166607,0.865931,0.170974,1.091667
1256,15.0,15.0,0.551185,0.705059,0.532903,0.737759,0.417623,0.689177,0.681483,0.419821,0.73263,0.405158,0.422603,0.407531,0.413771,0.415039,0.412455,1.343409,1.491287,1.313293,1.613358,0.521283,1.82052,1.397395,0.482958,1.809296,0.425933,0.424503,0.409521,0.408949,0.415577,0.419705,0.749926,,0.551185,0.422603,0.128582,0.588962,0.14091,1.019654,0.705059,0.407531,0.297529,1.160993,0.158148,1.083232,0.737759,0.413771,0.323988,1.246364,0.171246,1.10303,0.689177,0.415039,0.274138,1.048096,0.166495,1.110887,0.73263,0.412455,0.320175,1.228748,0.167495,1.11457
1269,15.0,15.0,4.293805,5.105863,3.87823,4.878318,4.286951,4.554568,5.095062,3.885147,4.669026,3.852236,3.507324,4.417483,4.102954,4.06214,4.094487,4.860012,4.447867,4.644929,4.747073,4.611585,4.207716,4.21113,4.682657,4.338868,3.688979,2.855055,2.198956,2.686128,3.16774,2.223705,1.562433,,1.617409,1.472844,0.144565,0.654126,0.127144,1.005573,1.641149,1.492503,0.148646,0.723929,0.131915,1.058667,1.658818,1.496828,0.16199,0.768808,0.155005,1.076595,1.617427,1.498048,0.119379,0.578598,0.157775,1.085164,1.722259,1.500472,0.221787,0.995202,0.154977,1.089901
1272,15.0,15.0,8.045473,7.078245,7.765648,7.726734,7.622763,8.535904,6.851601,7.694065,8.200583,7.445839,7.728629,7.107948,7.233285,7.477212,7.51764,7.463807,7.299422,7.422075,7.016062,6.436326,6.922815,6.806353,6.392298,6.835456,6.638746,5.485058,4.055614,4.384699,4.441944,4.034324,5.99055,,5.809618,5.404213,0.405405,0.966037,0.626958,1.036374,5.49108,5.276134,0.214946,0.592904,0.406197,1.091051,5.850219,5.508003,0.342216,1.169019,0.549822,1.105909,5.804521,5.412535,0.391986,1.056699,0.441691,1.111491,5.717539,5.492991,0.224547,0.773221,0.470232,1.113962
1277,15.0,15.0,15.991502,15.917718,15.818818,15.65686,14.193729,15.433073,15.412055,14.633338,15.355046,14.5754,14.519209,14.895812,15.285609,15.642301,14.262647,14.634735,14.25126,12.934851,13.882544,11.400651,14.070794,12.002184,11.069067,14.090951,10.787288,8.25071,4.582557,4.976893,7.304585,7.487725,11.279933,,2.460868,1.213185,1.247684,4.015249,0.175128,0.988447,2.52554,1.248073,1.277467,3.639971,0.228813,1.057408,2.54688,1.253294,1.293586,3.858675,0.229561,1.070591,2.696634,1.250468,1.446167,4.069746,0.243787,1.075083,3.00411,1.263467,1.740643,5.037306,0.285049,1.077247
1283,15.0,15.0,1.838357,1.892248,1.779703,1.823167,1.650874,1.716365,1.793332,1.605641,1.794265,1.722849,1.839811,1.676499,1.59858,1.586472,1.45302,1.59809,1.805408,1.332779,2.085545,1.409706,2.116279,1.567344,1.43876,2.120087,1.397434,1.339724,1.395311,1.578294,1.584761,1.489891,2.713188,,0.794388,0.57236,0.222029,0.717108,0.147139,1.010589,0.70722,0.569559,0.137661,0.312009,0.168056,1.077239,0.797002,0.580787,0.216215,0.56711,0.182632,1.097091,0.754044,0.580693,0.173351,0.439295,0.190539,1.105486,0.894168,0.578831,0.315337,0.905046,0.191989,1.109529
1294,15.0,15.0,15.586696,15.222332,15.403522,15.156413,15.347421,14.932675,15.110893,15.244892,14.943719,15.064539,14.794557,14.767105,14.930773,14.751643,14.916209,6.059279,6.502891,5.724967,6.372541,5.631856,6.723834,5.835509,5.274023,6.715066,4.697433,4.90704,5.25211,5.569997,5.686779,5.680886,14.608044,,15.446526,15.717114,-0.270589,0.983082,0.109711,0.990854,15.533793,15.713126,-0.179334,1.595729,0.131102,1.05326,15.446748,15.711251,-0.264503,1.98873,0.136422,1.071297,15.437874,15.70958,-0.271706,1.933057,0.140756,1.078978,15.317298,15.712404,-0.395105,1.675067,0.138944,1.083823
1295,15.0,15.0,0.29745,0.318705,0.25037,0.326452,0.250473,0.32851,0.264755,0.221143,0.332063,0.231165,0.204696,0.203908,0.215571,0.211748,0.209172,7.909337,7.95824,7.868088,7.965386,7.863908,7.947492,7.910736,7.845914,7.951014,7.845798,7.830108,7.829647,7.832062,7.836553,7.84189,0.320553,,0.295813,0.20253,0.093283,0.247534,0.154279,1.054268,0.315615,0.201755,0.11386,0.280767,0.170254,1.101779,0.321483,0.208493,0.11299,0.297615,0.17874,1.116165,0.323907,0.204397,0.11951,0.296476,0.179186,1.122111,0.328087,0.207115,0.120971,0.306202,0.182612,1.124754
1305,16.0,16.0,9.884031,9.277972,9.185462,9.556836,7.852062,10.389443,8.727907,7.338852,10.255867,7.666962,6.568641,7.592494,7.983667,8.37793,7.951731,10.085245,10.303634,9.18612,9.843485,9.478724,10.077642,8.638731,8.750308,9.827228,7.52779,5.610343,4.774996,4.529597,4.903674,5.071494,1.650628,,1.107567,1.001087,0.106481,0.344402,0.180887,1.024979,1.207063,1.008698,0.198365,0.606144,0.207554,1.081,1.206101,1.024818,0.181282,0.603372,0.230266,1.092042,1.252615,1.026373,0.226242,0.67745,0.251094,1.096226,1.222508,1.015052,0.207456,0.672654,0.229055,1.098294
1309,15.0,15.0,10.728964,10.048797,10.657086,10.236263,10.284565,10.417198,10.135898,10.042525,10.795453,9.941652,9.533468,9.148221,9.567418,10.101392,10.649692,16.110831,16.756141,15.512057,16.81249,16.659495,16.850881,15.439636,15.310566,16.475066,16.554765,14.401386,16.263006,16.301647,15.940744,15.569429,5.586064,,7.331018,7.048633,0.282385,1.877312,0.664199,0.965488,6.803059,6.619329,0.18373,2.165499,0.752654,1.034709,7.052332,6.889772,0.16256,2.154994,0.554777,1.052564,7.293728,7.23479,0.058937,2.2507,0.832525,1.060595,7.372719,7.241014,0.131705,2.364405,0.90991,1.064792
1322,15.0,15.0,2.557359,2.542448,2.484268,2.514844,2.240283,2.649412,2.476129,2.296525,2.654737,2.334168,2.206056,2.064063,2.040468,2.037531,2.038222,2.719722,2.833191,2.664793,2.839083,2.687553,3.105897,2.76704,2.704883,3.363232,2.521638,2.628173,2.626712,2.638069,2.625492,2.625487,2.391228,,2.557359,2.206056,0.351304,1.623689,0.492683,1.055368,2.542448,2.064063,0.478385,1.821627,0.328011,1.107643,2.514844,2.040468,0.474376,1.775749,0.376428,1.120216,2.649412,2.037531,0.61188,2.248739,0.536068,1.124028,2.654737,2.038222,0.616515,2.222936,0.523162,1.125383
1325,15.0,15.0,4.862913,5.1322,4.711869,4.901558,4.543577,5.128847,4.795218,4.63282,4.877727,4.499169,4.793996,3.972312,4.117581,4.127628,4.18728,10.190025,9.27594,10.170189,9.100275,10.222812,9.231755,9.085334,9.977686,9.354424,10.221213,10.734897,9.162237,7.773427,7.455118,7.683793,4.512416,,0.695154,0.219576,0.475578,1.31317,0.1976,1.04466,1.212075,0.215336,0.996739,2.866232,0.228426,1.107027,1.042769,0.243155,0.799614,2.447586,0.243723,1.123538,1.020165,0.267104,0.753062,2.210607,0.246303,1.12835,0.938571,0.236012,0.702559,2.103162,0.235579,1.129587
1334,15.0,15.0,6.507971,6.531934,6.464424,6.54474,6.46849,6.550835,6.482144,6.45332,6.554228,6.443878,6.417658,6.414098,6.422536,6.429306,6.431953,0.45195,0.474717,0.401907,0.498166,0.37932,0.495354,0.41671,0.367142,0.53822,0.367299,0.321919,0.333214,0.328867,0.335793,0.33917,6.382812,,6.507971,6.417658,0.090313,0.201866,0.126399,1.031395,6.531934,6.414098,0.117836,0.235636,0.157488,1.087086,6.54474,6.422536,0.122204,0.260457,0.160141,1.105473,6.550835,6.429306,0.121528,0.269406,0.170954,1.115341,6.554228,6.431953,0.122274,0.275196,0.166286,1.120627
1341,15.0,15.0,3.004805,2.88206,2.813689,3.254053,2.84863,3.519591,2.675544,2.717859,2.937703,2.316981,2.008725,2.168612,2.267599,2.590231,2.185443,4.189458,5.338324,4.153385,5.58252,3.55844,5.49213,4.761329,2.322155,5.4922,2.63357,2.588294,3.905659,3.270285,2.947201,3.301795,5.652287,,0.320292,0.233299,0.086993,0.272131,0.167206,0.991797,0.397411,0.22229,0.175121,0.577397,0.189593,1.059579,0.338576,0.237134,0.101442,0.316274,0.201399,1.081575,0.407424,0.233542,0.173882,0.603692,0.213904,1.090224,0.436515,0.209506,0.227009,0.695295,0.215407,1.094577
1345,15.0,15.0,16.820568,16.892221,15.347003,16.535044,14.413828,15.434355,15.514834,14.091927,15.867502,14.081079,14.568408,15.260067,15.375266,13.315371,13.451737,18.534738,14.945687,16.933636,12.975602,16.886056,14.624385,11.547845,15.773796,14.394058,14.584183,13.905931,5.298382,4.1428,5.270881,5.763843,32.331575,,1.794612,1.756261,0.038351,0.529296,0.278136,0.979378,1.913593,1.749901,0.163693,0.81796,0.340526,1.033652,1.884894,1.748048,0.136846,0.806112,0.355148,1.051784,2.107133,1.700195,0.406938,1.419979,0.332563,1.056711,2.220441,1.745061,0.475379,1.663301,0.347327,1.058789
1366,15.0,15.0,5.638412,5.395925,5.596459,5.577935,5.561812,5.484186,5.253516,5.370533,5.49478,5.153053,5.553338,5.46072,5.584158,5.430101,5.501044,21.488117,22.198253,21.511744,22.231029,21.945322,21.769465,22.39574,21.215225,21.839358,21.50244,21.113769,22.282921,22.872573,21.91846,22.383312,6.68604,,4.204074,4.141042,0.063032,0.180423,0.103277,0.978493,4.223732,4.148345,0.075387,0.21329,0.132274,1.040536,4.16704,4.13822,0.02882,0.448632,0.136205,1.059424,4.174622,4.138497,0.036124,0.451848,0.141974,1.068156,4.176459,4.139528,0.036931,0.456076,0.141008,1.073211
1372,15.0,15.0,9.866282,8.311219,8.927404,7.868528,8.212407,8.101027,7.913937,8.348848,7.983456,8.086748,6.704195,6.471595,6.674841,6.878003,5.874629,9.945382,8.325286,9.083208,8.541691,9.815354,8.345502,7.385341,9.309304,7.822935,9.759364,9.931662,5.440896,4.981028,4.287561,4.088772,9.663213,,2.197599,1.953029,0.24457,0.991564,0.223652,1.069532,2.043511,1.936454,0.107056,0.50252,0.262956,1.126272,2.025697,1.934586,0.091111,0.613696,0.275382,1.140961,2.02836,1.9427,0.08566,0.619755,0.280521,1.146527,2.042087,1.944542,0.097545,1.007988,0.28301,1.14901
1376,16.0,16.0,2.583137,2.706325,2.542439,2.748353,2.540367,2.79345,2.66278,2.5319,2.831081,2.52202,2.512175,2.502916,2.504711,2.509471,2.501875,2.332769,2.560418,2.268607,2.998301,1.464156,3.123316,2.492737,1.357925,3.19911,1.371802,1.203415,1.21049,1.323228,1.325677,1.327691,2.943694,,2.583137,2.512175,0.070962,0.18861,0.111633,0.971214,2.706325,2.502916,0.203409,0.506428,0.122018,1.042257,2.748353,2.504711,0.243641,0.628347,0.13545,1.065391,2.79345,2.509471,0.283978,0.796493,0.137973,1.074569,2.831081,2.501875,0.329205,0.926524,0.143988,1.079019
1384,15.0,15.0,4.778779,5.395848,4.695653,5.109784,5.058368,6.251636,5.399012,4.589458,6.000861,4.911235,4.340247,4.442321,4.334742,5.572015,5.444294,5.283414,5.493073,3.429669,5.336779,2.501671,5.137328,5.328706,2.350302,5.334864,3.872655,2.977046,2.029125,2.298038,2.399609,1.474624,4.587184,,2.35817,2.28545,0.07272,0.200879,0.127832,1.00836,2.404461,2.28171,0.122751,0.344638,0.147182,1.066538,2.415801,2.274912,0.140889,0.349938,0.165704,1.083731,2.579869,2.291957,0.287912,0.95485,0.158344,1.091622,2.562626,2.296566,0.26606,0.866071,0.168308,1.095713
1388,31.0,31.0,3.120607,2.521384,2.894622,2.549509,2.372556,2.320708,2.203238,2.451261,2.420149,2.300479,2.148217,1.812612,1.455465,1.508202,1.658024,2.741613,2.90323,2.364071,2.731687,1.675183,3.205533,2.62465,1.682574,2.991491,1.606353,1.140387,0.628057,0.506919,0.372991,0.420043,4.545872,,0.711675,0.266106,0.445569,1.142088,0.279911,1.067597,0.59892,0.293509,0.305411,0.868318,0.286709,1.120099,0.765736,0.265891,0.499845,1.323476,0.326144,1.13362,0.800137,0.301892,0.498245,1.418098,0.349003,1.137669,0.7738,0.274736,0.499064,1.293106,0.368391,1.138923
1391,15.0,15.0,3.347787,3.116883,3.313408,3.028173,3.156326,3.692769,3.100867,3.143913,3.224991,3.191958,3.301037,3.084351,3.09008,3.13396,2.909115,4.653799,5.726263,4.446374,5.80758,2.179744,6.074756,5.342771,2.4073,6.203556,1.934228,0.760274,1.904862,1.754072,1.481899,1.885085,2.046125,,0.449316,0.383692,0.065625,0.314893,0.177945,0.981509,0.515536,0.382532,0.133004,0.433315,0.219884,1.040887,0.517737,0.385778,0.131958,0.462745,0.227925,1.056831,0.619418,0.387218,0.2322,0.775309,0.252396,1.062467,0.605517,0.381492,0.224025,0.753418,0.240008,1.064949
1403,15.0,15.0,5.8398,5.62832,5.807436,5.747575,5.226112,6.009419,5.595196,5.292294,5.979592,4.768535,4.817778,4.773575,4.779006,5.358927,5.369437,7.513188,8.701225,6.92893,8.767943,6.267616,8.663857,7.933011,6.13684,8.712235,4.695273,3.944914,4.925004,4.822056,4.605201,4.578693,6.903761,,6.24691,5.155474,1.091436,3.249557,0.672387,0.967884,6.01999,5.109322,0.910669,2.529246,0.668839,1.028181,6.144113,5.115963,1.02815,2.876128,0.686663,1.043137,6.418653,5.737402,0.68125,2.752878,1.25507,1.049241,6.39551,5.746633,0.648877,2.598801,1.027843,1.052191
1408,15.0,15.0,5.835713,4.970937,5.094277,4.59919,4.222398,5.280682,4.86235,4.685442,4.640726,4.00727,5.104619,4.668114,3.505342,5.078436,3.456697,15.24911,17.118377,14.885658,17.109097,14.502839,17.06835,16.610843,14.58677,17.12763,14.314767,14.319583,17.270176,16.970685,16.403243,16.098399,5.574243,,2.294003,2.247485,0.046519,0.156649,0.10409,1.032856,2.316323,2.252234,0.064089,0.186892,0.12563,1.097538,2.506996,2.264637,0.242359,0.919925,0.13369,1.115704,2.455301,2.259408,0.195893,0.716842,0.128336,1.123424,2.492126,2.257388,0.234738,0.84652,0.126556,1.127555
1411,15.0,15.0,2.440015,2.507233,2.320369,2.097719,1.543127,2.028763,2.384561,1.852059,1.926666,1.513525,1.999078,1.236735,1.011609,1.322766,1.266734,2.585839,3.110515,2.654837,3.029409,2.526254,3.024542,3.139243,2.3486,3.092284,2.373882,1.925361,1.840215,1.830378,2.084572,2.268415,8.679968,,0.986777,0.958592,0.028185,0.196727,0.109504,1.025836,0.999974,0.967968,0.032006,0.235243,0.136691,1.078608,1.112684,0.964625,0.148058,0.62368,0.158308,1.093092,1.24937,0.969062,0.280308,0.998433,0.158977,1.098214,1.138457,0.968136,0.17032,0.577352,0.170925,1.100723
1412,15.0,15.0,1.263669,1.940827,1.18318,1.494346,1.241852,1.433413,1.717933,1.297256,1.406587,1.243175,1.076023,1.180263,1.013565,1.049647,1.038876,3.454795,3.284615,3.419055,3.700857,2.069027,3.462697,3.200209,2.094344,4.117786,1.360233,1.180829,1.02869,1.109519,1.108675,1.03569,2.436154,,0.229206,0.103482,0.125724,0.367856,0.115447,0.970224,0.400801,0.112095,0.288706,0.972279,0.146619,1.039272,0.408326,0.10333,0.304996,0.948816,0.148123,1.05653,0.332875,0.116518,0.216357,0.636231,0.159473,1.062974,0.359064,0.129974,0.229089,0.586247,0.1586,1.066082
1417,15.0,15.0,1.430565,1.541753,1.245729,1.20239,1.446794,1.256279,1.08459,1.081149,1.221391,1.269265,1.216101,0.647146,0.840262,0.459005,0.483316,2.715855,1.628718,2.666981,2.351944,2.339383,2.263059,1.640554,2.294031,2.049455,2.293861,2.385659,0.577979,0.527231,0.606197,0.529982,3.02378,,0.242607,0.157552,0.085056,0.204144,0.122947,0.995653,0.267287,0.163247,0.10404,0.238499,0.158165,1.065919,0.299238,0.170756,0.128483,0.315347,0.16665,1.087202,0.292801,0.164167,0.128634,0.296411,0.170593,1.09605,0.300235,0.168069,0.132167,0.311054,0.173265,1.100694
1421,15.0,15.0,5.607145,5.236766,5.175291,5.023201,5.166941,5.518438,4.72036,4.606008,5.575147,4.702108,3.501496,3.021431,2.978939,3.715123,3.698979,7.640195,6.706418,7.170534,7.05429,6.306708,7.335559,5.954969,6.190272,7.556462,5.138691,4.835321,2.425397,2.640838,2.832287,2.95773,5.632843,,4.522994,3.282556,1.240438,3.807409,2.106642,0.946281,4.851744,3.22512,1.626624,4.51945,2.261573,0.991038,4.793199,2.926628,1.866571,4.758975,2.487604,0.997914,5.236022,3.580669,1.655353,4.821585,2.719753,0.998961,5.27948,3.622046,1.657434,4.756114,2.890767,0.99884
1424,15.0,15.0,10.82642,10.717939,10.75076,10.918605,10.52672,10.973961,10.541371,10.657754,10.900622,10.679568,10.724322,10.557992,10.571793,10.599896,10.814219,17.784102,16.855336,17.787691,17.895833,18.869287,17.620922,16.546995,18.031952,17.523316,17.774307,17.105693,16.978896,18.650857,17.801819,17.482445,12.244346,,9.167783,9.122858,0.044925,0.539796,0.244926,0.964994,9.354858,9.067632,0.287225,1.103353,0.394115,1.030596,9.484381,9.124111,0.36027,1.144051,0.409521,1.047021,9.591699,9.153943,0.437755,1.356814,0.596087,1.05357,9.66426,9.423963,0.240296,1.386717,0.594003,1.05692
1432,16.0,16.0,16.269049,14.725159,13.813445,13.926879,11.709453,12.93053,11.569929,11.561784,12.891378,11.054579,7.524853,7.351259,7.162324,6.364068,6.724113,34.801836,26.58966,34.74167,25.817231,34.435211,24.697048,25.727893,32.175909,25.111125,33.699802,29.657401,16.675547,15.597954,17.422142,17.842105,11.853482,,0.366322,0.080598,0.285723,0.457509,0.325228,1.155989,0.379525,0.077327,0.302197,0.450782,0.337179,1.194111,0.383157,0.077365,0.305791,0.448537,0.369749,1.195209,0.386828,0.077365,0.309462,0.450116,0.365138,1.192018,0.403343,0.109973,0.29337,0.465315,0.364304,1.188836
1435,30.0,30.0,5.965828,5.512102,5.689187,5.592964,4.958747,5.58702,5.359465,4.99957,5.839688,4.831547,4.649676,4.595348,5.137159,4.865113,4.830047,12.579151,11.694799,12.597225,11.318837,12.384645,11.553319,11.076207,12.273882,11.450085,12.75432,13.054203,11.021845,10.731436,10.381365,9.9438,9.403018,,4.054365,3.909814,0.144551,0.385882,0.18666,1.041824,4.164338,3.939644,0.224694,0.619605,0.219054,1.10076,4.087698,3.908674,0.179024,0.475127,0.219195,1.117877,4.138638,3.924395,0.214243,0.591554,0.245254,1.123954,4.120692,3.939001,0.181692,0.539109,0.227978,1.126658
1444,15.0,15.0,5.186332,5.383706,5.167979,5.309563,5.157603,5.391483,5.36156,5.137892,5.493322,5.137993,5.133815,5.140855,5.136607,5.138222,5.142631,1.78111,2.159498,1.761953,2.287704,1.10255,2.609839,2.136469,1.161508,2.685818,0.434208,0.415509,0.417431,0.421033,0.421331,0.419222,5.595137,,5.549966,5.500445,0.049521,0.177414,0.11225,1.030876,5.565258,5.508059,0.057199,0.212564,0.131363,1.085467,5.64608,5.499986,0.146094,0.504548,0.148601,1.099833,5.640868,5.504671,0.136198,0.48441,0.146244,1.10468,5.876212,5.508689,0.367522,1.401089,0.155265,1.106635
1445,16.0,16.0,52.798272,53.989589,52.857781,53.489074,52.085614,54.243405,53.988738,52.555729,53.40027,52.175608,52.725123,53.775724,53.589312,53.649193,53.547829,15.202944,15.662105,15.081089,16.40144,14.39022,16.870765,15.019604,14.114576,16.711336,14.156907,13.567094,12.845273,13.239189,14.077766,14.062593,46.436513,,55.279589,55.268084,0.011505,0.237539,0.144171,1.017105,55.280653,55.255345,0.025308,0.275215,0.163651,1.078248,55.258853,55.249413,0.00944,0.42823,0.178389,1.096213,55.215169,55.251713,-0.036544,0.575977,0.190816,1.102852,55.107279,55.256426,-0.149147,1.080305,0.19505,1.10622
1447,15.0,15.0,2.124595,2.542905,1.943379,2.162396,1.904346,2.475002,2.540447,1.814271,2.661009,1.601495,1.905827,2.469878,2.25094,2.31194,1.838095,5.639828,6.869467,5.578226,6.30016,4.758928,6.227035,6.736561,4.743604,6.077315,4.742785,4.410113,6.160722,5.295477,4.303782,4.249898,2.565452,,0.206119,0.164268,0.041851,0.163894,0.106696,0.97145,0.223527,0.169542,0.053985,0.189331,0.115068,1.044467,0.277874,0.166331,0.111543,0.391559,0.120735,1.066685,0.278944,0.168165,0.11078,0.396635,0.122234,1.076468,0.334749,0.167607,0.167142,0.481473,0.127046,1.081485
1450,16.0,16.0,0.348956,0.528334,0.272892,0.434151,0.190604,0.42653,0.451136,0.159266,0.46817,0.162181,0.143343,0.155086,0.155585,0.147751,0.150724,1.660137,1.972447,1.4985,2.080618,1.529709,2.228352,1.811055,1.007793,2.292287,1.020361,0.999057,0.987169,1.007348,1.009458,1.005063,0.651094,,0.348956,0.143343,0.205613,0.596981,0.170463,1.032913,0.528334,0.155086,0.373248,1.233251,0.202844,1.098251,0.434151,0.155585,0.278566,0.818478,0.22686,1.113988,0.42653,0.147751,0.278779,0.756095,0.233849,1.119631,0.46817,0.150724,0.317446,0.883761,0.232211,1.12191
1457,15.0,15.0,15.34319,14.868868,15.05784,15.296578,15.160601,15.123362,14.755492,14.791819,15.362356,14.3934,13.94967,13.861681,13.980562,13.978657,14.006738,13.36812,13.110417,13.429791,12.876317,11.773614,13.050087,12.999441,12.067504,12.999798,11.948423,12.103549,12.310566,12.149814,12.549331,12.561404,11.678172,,14.235729,13.604519,0.63121,2.999312,1.64857,1.018854,13.891469,13.104834,0.786635,3.028611,1.427333,1.071495,13.925501,13.104134,0.821368,3.069723,1.434963,1.085477,13.79182,13.062052,0.729768,4.21389,1.330514,1.090239,13.895756,13.062333,0.833422,5.119901,1.629589,1.092177
1462,15.0,15.0,1.727203,1.551057,1.424389,1.391669,1.034918,1.329009,1.33722,1.084364,1.122351,0.47656,0.657824,0.475427,0.126082,0.20609,0.280953,3.483461,2.340742,3.448249,2.682516,3.827045,2.797791,2.035338,3.380855,2.397839,3.812727,3.560797,1.467024,2.301353,2.798778,1.848326,5.784453,,0.262999,0.098751,0.164247,0.49431,0.129559,1.010027,0.307306,0.107084,0.200222,0.589143,0.161369,1.091047,0.340387,0.101629,0.238759,0.673228,0.175002,1.109013,0.328283,0.101536,0.226746,0.605283,0.182133,1.115333,0.369463,0.111511,0.257952,0.733932,0.190324,1.118423
1475,15.0,15.0,1.304332,1.422039,1.270449,1.675074,0.977529,1.658446,1.380472,0.962609,1.583862,0.95111,0.915909,0.935435,0.965086,0.932638,0.916566,0.254832,0.680756,0.209187,1.219123,0.173176,0.770943,0.624058,0.174027,0.848354,0.147762,0.115123,0.11685,0.15723,0.15543,0.177285,0.938667,,1.371379,0.955827,0.415551,1.303651,0.1728,1.034681,1.49861,0.978846,0.519763,1.738764,0.200933,1.090745,1.769466,1.010615,0.758851,2.639369,0.234561,1.1065,1.751706,0.975849,0.775857,2.544162,0.231275,1.112065,1.671813,0.958629,0.713184,2.435528,0.234212,1.114473
1476,15.0,15.0,2.76703,2.986563,2.737562,2.958832,2.609564,2.984636,2.943338,2.599511,2.99592,2.591523,2.593518,2.589782,2.587457,2.596231,2.602568,6.053086,6.125736,6.019205,6.262596,6.032609,6.325545,6.087225,6.01914,6.565159,6.013914,6.031176,6.024985,6.02282,6.038063,6.039819,3.115524,,2.76703,2.593518,0.173512,0.710864,0.150199,1.048727,2.986563,2.589782,0.396781,1.290634,0.179527,1.10589,2.958832,2.587457,0.371375,1.303034,0.186328,1.121383,2.984636,2.596231,0.388405,1.377772,0.202227,1.127617,2.99592,2.602568,0.393352,1.344518,0.207832,1.130349
1477,15.0,15.0,2.115964,2.221908,2.004679,2.217769,2.091008,2.200067,2.065372,2.074251,2.202199,2.06996,2.055093,2.068616,2.067991,2.064523,2.050739,3.712023,3.964381,3.631917,4.047671,3.74484,4.059576,3.711597,3.716739,4.134405,3.726751,3.70626,3.721979,3.723,3.731325,3.718901,8.35892,,2.251795,2.197147,0.054647,0.586881,0.218609,1.002162,2.362621,2.215902,0.146719,0.923715,0.214057,1.063577,2.358905,2.211168,0.147737,0.908371,0.292754,1.08296,2.338659,2.207456,0.131203,0.79194,0.253075,1.090912,2.341549,2.196812,0.144736,0.842438,0.245145,1.095079
1478,15.0,15.0,0.570135,0.576599,0.530797,0.644785,0.538046,0.769614,0.539316,0.523672,0.827625,0.530116,0.517255,0.507627,0.509931,0.506798,0.506811,2.099895,2.596455,1.957408,2.581648,1.198687,2.727103,2.423985,1.177351,2.880168,1.196121,1.153873,1.131673,1.143494,1.15295,1.149154,4.820821,,0.570135,0.517255,0.05288,0.204036,0.114004,1.036448,0.576599,0.507627,0.068972,0.227642,0.135664,1.094708,0.644785,0.509931,0.134855,0.473105,0.15388,1.110012,0.769614,0.506798,0.262816,0.962184,0.157141,1.116103,0.827625,0.506811,0.320815,1.189911,0.155704,1.119166
1482,15.0,15.0,20.72309,20.784471,20.640018,20.510679,20.520667,20.765969,20.77378,20.589891,20.758925,20.604086,20.401485,20.475918,20.381934,20.381134,20.376366,25.022059,24.93665,25.016853,24.97053,25.100142,25.06168,24.928194,25.15989,24.980274,25.190113,25.171323,25.18931,25.183619,25.207681,25.205166,18.539036,,20.72309,20.401485,0.321605,1.452755,0.32957,1.060372,20.784471,20.475918,0.308553,1.498438,0.447719,1.114059,20.510679,20.381934,0.128744,2.209071,0.498443,1.126427,20.765969,20.381134,0.384835,2.7513,0.529059,1.12878,20.758925,20.376366,0.382559,2.336384,0.529865,1.12895
1487,15.0,15.0,5.245055,4.310947,4.940184,4.091363,4.364362,4.412686,3.633475,4.44895,4.344255,4.05709,3.76159,3.215011,2.995319,2.372851,2.360912,7.834696,5.926222,7.869355,5.575954,7.810496,4.972925,4.85821,7.634254,4.946457,7.384266,5.813508,2.961898,2.131615,2.196589,2.634402,10.827383,,0.235569,0.169773,0.065797,0.219505,0.159063,1.017025,0.256831,0.162795,0.094036,0.256619,0.179437,1.083202,0.263253,0.162439,0.100814,0.268591,0.18137,1.101249,0.270222,0.155543,0.114679,0.277866,0.190035,1.108346,0.274353,0.15073,0.123622,0.284726,0.193439,1.111794
1492,15.0,15.0,0.278018,0.477545,0.232628,0.583378,0.157794,0.587761,0.411643,0.145029,0.604625,0.154186,0.114497,0.133952,0.13025,0.127465,0.132746,0.26176,0.334466,0.216346,0.333812,0.15666,0.369153,0.274482,0.143256,0.431151,0.156383,0.144466,0.139959,0.140309,0.139607,0.141912,0.351708,,0.278018,0.114497,0.163521,0.422883,0.181447,1.081907,0.477545,0.133952,0.343593,1.097699,0.205054,1.130372,0.583378,0.13025,0.453128,1.32777,0.224446,1.143144,0.587761,0.127465,0.460296,1.348955,0.23298,1.147267,0.604625,0.132746,0.471879,1.390344,0.231286,1.149271
1494,15.0,15.0,2.685666,3.650538,2.682957,3.361949,2.392694,3.360269,3.369545,2.267276,3.428932,2.220733,1.862448,2.272326,2.696591,2.469577,2.330998,4.372616,4.366024,4.599929,3.865989,4.274081,3.600547,4.19224,4.278599,3.674018,4.142035,2.75604,3.813454,2.694203,2.811747,3.230171,3.208629,,2.016944,1.701583,0.315361,0.985254,0.215457,1.073183,2.730976,1.714141,1.016835,2.82207,0.246794,1.138549,2.490133,1.701131,0.789002,2.315062,0.286073,1.15405,2.650029,1.703355,0.946674,2.631626,0.284008,1.158412,2.740943,1.704072,1.036871,3.216082,0.290085,1.159905
1496,15.0,15.0,5.818875,5.914441,5.602508,6.243077,5.468095,5.732787,5.789288,5.888095,5.745547,5.805021,6.004631,5.844873,6.226415,5.961756,5.674198,8.999358,7.690691,9.17914,8.205978,9.519865,8.287276,7.568943,9.331238,8.091899,9.392793,8.714362,7.601403,7.643147,7.944388,7.613807,3.791836,,3.858328,3.80874,0.049588,0.195241,0.145065,1.06347,3.874518,3.811574,0.062944,0.230726,0.146968,1.117994,3.884876,3.817069,0.067807,0.246185,0.168518,1.133622,3.879641,3.817193,0.062448,0.337997,0.1862,1.140443,3.861889,3.825989,0.0359,0.440281,0.182775,1.144154
1498,15.0,15.0,11.46459,10.696645,10.743306,10.581357,9.845482,11.407484,9.200492,8.807346,10.931818,9.272896,7.907385,6.71983,7.475791,8.246821,7.91418,20.80366,13.192591,20.430185,12.855885,20.766587,12.831276,12.826327,19.997936,13.105261,17.686853,19.655424,10.957345,6.48604,6.425067,6.748491,10.676584,,0.380023,0.286187,0.093835,0.217035,0.143434,0.992113,0.490435,0.311946,0.17849,0.552238,0.163561,1.052402,0.614339,0.321215,0.293124,0.974214,0.172539,1.06433,0.617567,0.327779,0.289788,0.981816,0.164867,1.066497,0.621728,0.322154,0.299574,0.982058,0.175306,1.066801
1506,15.0,15.0,0.239952,0.474207,0.216199,0.476274,0.221585,0.486192,0.4428,0.199623,0.525354,0.208827,0.200234,0.206177,0.202465,0.202242,0.2028,3.895426,4.63202,3.596023,4.713914,1.415546,4.753653,4.300692,1.122596,4.701989,0.965309,0.945294,0.945937,0.951204,0.948557,0.940427,0.376787,,0.239952,0.200234,0.039718,0.19865,0.132247,0.998601,0.474207,0.206177,0.26803,1.067143,0.159065,1.060357,0.476274,0.202465,0.273809,1.067626,0.16161,1.080065,0.486192,0.202242,0.28395,1.089423,0.182092,1.088628,0.525354,0.2028,0.322554,1.23069,0.183898,1.093154
1511,15.0,15.0,11.506143,11.087472,10.883842,10.051462,10.362818,10.515108,10.68123,10.782393,10.04364,9.736304,9.94929,9.996271,9.58147,9.807806,9.513686,12.879748,11.786919,12.646097,11.628876,12.319983,11.536902,11.139365,11.764979,10.694515,11.893451,10.71948,7.403037,7.660085,6.868259,6.660424,4.384281,,0.447314,0.392154,0.05516,0.140778,0.094715,1.003724,0.463714,0.39568,0.068035,0.168038,0.109496,1.075468,0.468128,0.393299,0.074828,0.176869,0.126154,1.096635,0.470986,0.391294,0.079692,0.182461,0.122807,1.105723,0.475774,0.390787,0.084987,0.188399,0.125737,1.110563
1514,16.0,16.0,4.386842,3.656003,4.106651,3.318025,3.893976,3.618376,3.353376,2.965606,3.803981,2.909883,2.374583,2.767806,1.920341,2.394353,2.36176,3.948685,4.244243,3.930969,4.381567,3.16071,4.927773,3.813613,3.20915,5.130381,2.623922,1.708526,2.289809,2.262121,2.366482,2.575004,11.203095,,2.036401,1.657284,0.379118,1.458927,0.130024,1.016068,2.023757,1.643859,0.379897,1.401903,0.154811,1.074639,1.796777,1.653102,0.143675,0.438683,0.157674,1.091376,1.801425,1.657921,0.143504,0.446982,0.157762,1.097678,1.875072,1.653382,0.221691,0.716005,0.161375,1.10045
1520,15.0,15.0,2.121558,2.179818,1.973801,1.688028,1.788001,1.972279,1.678518,1.32509,2.178235,1.076825,0.697535,0.86276,0.890553,0.614335,0.667511,5.28512,4.192655,5.314694,3.958604,5.260547,4.065798,3.912265,5.063997,4.143159,5.08756,4.861462,3.221408,2.998043,2.499112,2.410978,0.671408,,0.518751,0.47462,0.044131,0.176501,0.104534,1.035283,0.52854,0.476774,0.051766,0.204655,0.12766,1.089101,0.531189,0.476856,0.054333,0.210291,0.126975,1.103286,0.703096,0.479558,0.223538,0.684685,0.144222,1.108216,0.827531,0.478124,0.349406,1.105191,0.142393,1.110453
1529,15.0,15.0,5.374839,4.368288,5.221109,4.824422,5.304208,4.755696,4.153821,4.80216,4.479973,5.029556,5.272067,3.7897,4.191251,4.058494,4.111779,13.622338,13.642697,12.380553,13.077669,13.267185,13.473586,12.119419,12.699914,13.849592,12.412918,11.975642,13.407453,11.622324,12.378203,12.544653,4.323816,,0.212146,0.146417,0.065729,0.174975,0.097786,0.940827,0.32213,0.145448,0.176682,0.530841,0.121254,1.016334,0.398537,0.157631,0.240906,0.777949,0.131407,1.037891,0.402168,0.142057,0.260111,0.785052,0.134385,1.046035,0.412194,0.158731,0.253463,0.786506,0.147585,1.050011
1539,15.0,15.0,5.471238,6.017771,5.239981,5.804038,3.995419,5.337068,5.494537,4.289463,5.462193,3.595344,4.162844,4.613331,4.785334,4.902085,5.232033,6.739538,6.319561,5.403633,5.554554,6.33882,6.097027,6.102581,5.460777,5.913911,5.393241,4.808936,3.01432,2.433999,1.921865,2.375922,12.270668,,0.64493,0.469699,0.175231,0.621241,0.150378,1.030576,0.633156,0.480338,0.152818,0.515276,0.17844,1.089709,0.618655,0.492845,0.125809,0.433245,0.182452,1.106401,0.6212,0.49073,0.13047,0.440568,0.193357,1.113656,0.712476,0.48902,0.223456,0.764161,0.19427,1.117308
1548,15.0,15.0,3.86137,3.882636,3.82699,3.890976,3.828074,3.897939,3.838261,3.801197,3.821715,3.814222,3.791841,3.801406,3.79924,3.80436,3.802741,15.816189,16.227179,15.620013,16.300929,14.54968,16.404755,16.088596,14.596299,16.310169,14.488261,14.419959,14.406536,14.403516,14.421513,14.41974,3.590651,,3.86137,3.791841,0.069528,0.183373,0.115121,1.00504,3.882636,3.801406,0.081229,0.212552,0.138743,1.073076,3.890976,3.79924,0.091736,0.222026,0.145305,1.092903,3.897939,3.80436,0.093579,0.233825,0.156779,1.10143,3.821715,3.802741,0.018973,0.53614,0.155727,1.105977
1549,15.0,15.0,6.754964,6.891639,6.747724,7.057954,6.944792,7.016108,6.866116,6.91355,7.104807,6.96365,6.941619,6.901184,6.941005,6.930402,6.937093,2.531627,2.059371,2.220507,2.163497,2.077863,2.148249,1.895533,1.964557,2.209834,1.957015,1.85963,1.840223,1.858072,1.865037,1.863104,7.008083,,3.610753,3.550913,0.05984,0.314782,0.154743,1.012146,3.687388,3.543893,0.143495,0.715532,0.180942,1.07572,3.814458,3.54611,0.268348,1.502999,0.194101,1.09508,3.834532,3.549275,0.285256,1.255318,0.197209,1.102636,3.87464,3.542738,0.331902,1.781032,0.192634,1.106535
1554,15.0,15.0,3.208497,2.937544,2.973384,3.332212,2.268667,3.467456,2.852089,2.754478,3.754939,2.532755,2.712008,3.175573,3.163724,3.191043,3.460339,25.465467,25.679125,25.086578,24.787679,25.249381,24.681852,25.655067,25.520997,24.564729,25.288489,25.915263,25.702193,24.383635,24.235363,24.513853,6.01535,,0.698816,0.632993,0.065823,0.220177,0.127562,0.979504,0.705092,0.605016,0.100076,0.350538,0.164597,1.043515,0.700413,0.59973,0.100683,0.352406,0.169871,1.060938,0.796803,0.595175,0.201628,0.700004,0.185015,1.067576,0.871543,0.593673,0.27787,0.99336,0.187106,1.070753
1556,16.0,16.0,0.20591,0.256534,0.166145,0.311884,0.161417,0.299047,0.207318,0.146634,0.262687,0.156585,0.136916,0.135219,0.134669,0.136883,0.133318,0.357086,0.383581,0.31913,0.410315,0.313469,0.411772,0.329637,0.29838,0.415858,0.294482,0.262219,0.267648,0.284121,0.287861,0.284293,0.104316,,0.20591,0.136916,0.068995,0.203513,0.132598,1.049705,0.256534,0.135219,0.121315,0.32589,0.150499,1.113248,0.311884,0.134669,0.177215,0.521458,0.17649,1.132208,0.299047,0.136883,0.162165,0.445112,0.177827,1.139711,0.262687,0.133318,0.129369,0.309084,0.180523,1.143267
1559,15.0,15.0,11.065059,13.547622,10.895011,14.471577,9.844721,14.742662,13.527593,10.24254,15.325409,9.610427,10.104232,12.143804,13.441271,13.608423,14.369481,15.531563,14.405832,14.972177,13.933312,11.621006,13.487763,12.762434,11.204026,13.619125,11.073621,10.923019,6.314561,7.198094,7.011948,7.165526,0.567788,,0.507897,0.135883,0.372014,1.015834,0.172175,0.999364,1.017855,0.183164,0.83469,2.402317,0.201959,1.042104,1.151928,0.19779,0.954138,2.836394,0.201072,1.052819,1.173412,0.187305,0.986107,2.671692,0.20549,1.058379,1.314134,0.186697,1.127438,3.178644,0.20845,1.061965
1560,15.0,15.0,4.824392,4.697819,4.105362,4.640022,4.040911,4.558693,4.08128,4.364387,4.321778,4.213224,4.021583,3.412356,3.175268,3.290912,3.147613,7.994136,5.061847,7.134814,4.827007,7.284151,3.969735,5.051565,7.127543,3.991463,7.256077,7.620648,4.882058,2.605893,1.542081,1.73241,13.608344,,2.203753,2.136168,0.067584,0.232847,0.144908,1.037291,2.479909,2.134689,0.345219,1.289507,0.157405,1.097984,2.417442,2.126141,0.291301,0.872415,0.166962,1.112689,2.577362,2.128064,0.449298,1.555187,0.185602,1.118594,2.521389,2.121834,0.399555,1.327377,0.206623,1.122639
1574,15.0,15.0,8.970968,8.619203,8.906994,8.655821,8.869686,8.593597,8.616933,8.560835,8.618594,8.509024,8.2654,8.127906,8.847824,8.662684,8.478101,5.287825,5.720286,4.680512,5.833474,4.409851,5.727436,5.319338,4.188119,5.78396,3.9815,5.061692,4.225096,3.661101,4.239433,3.815567,6.24107,,4.447036,4.401085,0.045951,0.207857,0.122884,0.98358,4.359595,4.403374,-0.043779,0.630687,0.14583,1.044078,4.237399,4.403973,-0.166574,1.154653,0.142275,1.058538,4.380713,4.411366,-0.030653,1.711992,0.152228,1.063616,4.497581,4.409986,0.087595,0.375151,0.147287,1.066403
1581,15.0,15.0,6.511584,7.404031,6.594415,8.13759,6.788594,8.232756,7.243387,6.436675,8.816271,7.221661,6.580382,7.406663,8.016487,8.129782,8.859495,7.784116,8.983895,7.548581,9.423854,5.204247,9.18622,7.88767,5.552447,9.211587,4.942553,4.412506,4.477312,5.188335,5.75178,4.871278,8.346749,,1.488752,1.271294,0.217458,0.806804,0.138402,0.957908,1.677662,1.304669,0.372993,1.339771,0.163897,1.032195,1.879227,1.303688,0.575539,1.750967,0.197025,1.05348,1.784571,1.30769,0.47688,1.333938,0.208357,1.062726,1.861862,1.325381,0.536481,1.344546,0.226563,1.067839
1583,15.0,15.0,2.781156,2.56183,2.712014,2.583967,2.119969,3.034008,2.618715,2.313473,3.034502,2.519813,2.043741,1.885291,1.842191,2.310704,2.239143,2.64843,1.934811,2.781163,1.806795,2.363672,1.822259,1.862593,2.558522,1.79094,2.600328,2.512426,1.341772,0.82985,0.63538,0.634524,4.556771,,0.706158,0.152798,0.55336,1.383963,0.17659,1.072283,0.775004,0.181337,0.593667,1.90964,0.204638,1.126342,0.695892,0.180493,0.5154,1.59227,0.231423,1.142311,0.820124,0.178666,0.641458,2.110979,0.225775,1.147857,0.790193,0.188642,0.60155,1.995928,0.221315,1.150345
1584,31.0,31.0,1.962342,1.954662,1.737146,2.04088,1.487627,1.809158,1.917434,1.585469,2.030747,1.379793,1.288086,1.317069,1.555701,1.244327,1.554557,4.372902,4.828003,4.010937,5.321539,2.552991,5.201344,4.581651,2.394627,5.24557,2.219826,1.322574,1.659241,2.274753,2.097158,2.174331,4.544596,,0.218171,0.137695,0.080476,0.231792,0.127665,1.00279,0.293126,0.131709,0.161417,0.479333,0.147545,1.061866,0.409902,0.134356,0.275546,0.928124,0.162557,1.079276,0.376188,0.13486,0.241328,0.780665,0.161976,1.086517,0.307725,0.138427,0.169298,0.506464,0.16266,1.090114
1586,15.0,15.0,11.426797,11.194627,10.558855,10.33022,10.819187,10.585867,9.850185,11.722061,10.396009,10.605439,11.554363,10.508449,10.276529,9.943041,10.021786,11.952399,10.601656,11.468224,9.607361,11.481139,9.628342,9.284447,10.928901,9.547962,10.00614,9.775123,7.355971,6.35896,6.437839,6.622525,17.269016,,0.266624,0.13394,0.132683,0.435856,0.146546,1.063321,0.489407,0.141635,0.347772,1.280172,0.157658,1.1173,0.547519,0.142052,0.405467,1.456596,0.178527,1.133899,0.592181,0.137583,0.454599,1.627354,0.180926,1.140263,0.461583,0.133646,0.327937,1.094549,0.183943,1.142646
1587,15.0,15.0,0.257236,0.449548,0.205172,0.456132,0.210822,0.783242,0.389326,0.175456,0.693993,0.173804,0.137193,0.139561,0.135916,0.13433,0.131073,0.267125,0.303878,0.215903,0.317479,0.214882,0.380089,0.236926,0.180176,0.500352,0.16565,0.121771,0.110311,0.099902,0.108196,0.1082,1.415016,,0.257236,0.137193,0.120043,0.275372,0.18764,1.068802,0.449548,0.139561,0.309988,0.978036,0.211914,1.124064,0.456132,0.135916,0.320216,0.882764,0.218714,1.138731,0.783242,0.13433,0.648911,2.005339,0.231927,1.143693,0.693993,0.131073,0.562919,1.755125,0.239643,1.145606
1588,15.0,15.0,2.073263,2.538628,1.980193,2.788673,1.837176,3.084333,2.594861,1.53015,2.962566,1.589326,1.343386,1.380494,1.532758,1.578536,1.552571,2.986432,3.8386,2.812035,4.108468,1.901795,4.344824,3.538069,1.837929,4.38859,1.562759,1.386222,1.806521,1.975532,1.96816,1.902494,24.379303,,0.666328,0.167308,0.49902,1.294244,0.124936,1.000041,1.190388,0.197855,0.992532,2.316697,0.16708,1.054277,1.480394,0.371318,1.109076,2.741676,0.329943,1.071343,1.629195,0.37409,1.255106,3.217973,0.330497,1.07802,1.388913,0.369484,1.019429,2.466872,0.332733,1.081642
1595,15.0,15.0,1.823923,1.818451,1.778815,2.077167,1.649459,1.984004,1.480876,1.87902,2.208905,1.58793,1.676928,1.108812,1.693259,1.472954,1.822839,4.356932,3.009765,4.318943,3.348697,2.980389,3.047112,3.000881,2.969943,3.615272,2.156778,3.825312,1.308546,1.415339,0.520997,1.472501,0.679653,,0.17346,0.105783,0.067678,0.182278,0.110328,1.027355,0.194253,0.100487,0.093766,0.21488,0.11851,1.083919,0.222996,0.100907,0.122089,0.280035,0.129276,1.099857,0.211563,0.105299,0.106263,0.237935,0.134965,1.10671,0.263259,0.107171,0.156088,0.418059,0.140112,1.110366
1602,15.0,15.0,4.726201,5.4838,4.806908,5.913895,4.207397,5.761499,5.179186,4.540736,5.477812,4.135366,4.145173,4.881288,5.377996,5.001138,4.642682,5.86365,5.443575,5.310853,5.401489,5.495716,5.417414,4.551301,5.304174,5.697021,5.537823,3.077535,2.603575,2.429531,1.928352,1.908939,20.692183,,0.289913,0.185469,0.104445,0.296742,0.172733,0.991181,0.33288,0.17379,0.15909,0.418414,0.188697,1.055591,0.340496,0.156489,0.184007,0.424692,0.208771,1.075271,0.365188,0.151087,0.214101,0.497396,0.216362,1.081519,0.520373,0.130905,0.389467,1.068192,0.224863,1.085297
1606,15.0,15.0,6.674279,6.504901,6.376552,6.405961,6.486709,6.708896,6.462214,6.343868,6.484972,6.421481,6.528186,6.375499,6.329173,6.421407,6.229613,4.926067,5.009538,4.86486,4.993921,4.842795,5.037063,5.018032,4.742665,5.267707,4.930588,4.276158,3.742229,3.664139,3.629802,3.459462,6.438013,,4.340282,4.307502,0.032781,0.191164,0.133455,1.022897,4.357291,4.296462,0.060829,0.23306,0.150853,1.085537,4.306243,4.299053,0.007191,0.501269,0.148297,1.106467,4.370282,4.300738,0.069544,0.269665,0.15309,1.11492,4.37275,4.300578,0.072172,0.276487,0.156322,1.119282
1608,15.0,15.0,9.668331,10.021833,9.497406,10.162552,9.115338,9.385988,9.839686,9.338827,10.012352,9.299898,9.374917,8.9183,9.15207,8.679473,9.247145,7.137615,8.214494,6.967201,8.51445,6.127212,8.449543,7.227835,5.346923,8.542785,4.865568,4.895097,4.031724,4.237451,4.687307,4.948528,14.677606,,0.376022,0.152755,0.223266,0.788433,0.139903,1.00046,0.314712,0.148312,0.1664,0.564268,0.156772,1.064743,0.553794,0.143093,0.410701,1.46038,0.16403,1.081736,0.513859,0.140615,0.373244,1.199413,0.170102,1.087786,0.650359,0.135448,0.514912,1.640801,0.182748,1.090756
1609,150.0,150.0,5.22204,5.386935,5.032856,5.634266,4.885365,5.321218,5.115848,4.831749,5.500193,4.872041,4.658917,4.899278,5.02985,4.827285,4.849074,7.681748,7.60255,7.518879,7.710659,7.118927,7.681327,7.151365,6.923052,7.636191,7.00686,6.389742,6.600858,6.839457,6.641144,6.641954,6.848632,,2.656294,2.532376,0.123918,0.566386,0.162448,1.034836,2.711229,2.518601,0.192628,0.756896,0.203852,1.092692,2.744404,2.525838,0.218566,0.874379,0.228094,1.109497,2.766908,2.526957,0.239951,0.907157,0.228728,1.116294,2.768316,2.533423,0.234893,0.831874,0.244149,1.119611
1619,15.0,15.0,8.90873,8.283889,8.570216,7.927532,8.232961,7.691265,7.979749,8.158229,7.904989,7.943692,7.261467,8.066899,7.515474,7.068908,7.23313,15.756959,15.019197,15.490954,14.859156,15.796902,14.817498,14.840784,14.941135,14.904848,15.018522,13.899922,13.456877,13.376327,12.669614,12.647569,15.932933,,3.8001,3.750997,0.049103,0.196099,0.114811,1.023511,3.815356,3.75173,0.063626,0.231053,0.131871,1.074222,3.823647,3.755002,0.068645,0.255763,0.151842,1.08756,3.825382,3.758038,0.067343,0.263357,0.151931,1.094156,3.830596,3.751588,0.079008,0.288451,0.159724,1.097716
1621,15.0,15.0,0.685188,0.709523,0.644204,0.799039,0.637343,0.759219,0.662673,0.618868,0.761065,0.623243,0.611459,0.606389,0.60839,0.609076,0.613539,6.367855,6.450911,6.330998,6.491909,6.109336,6.57713,6.407198,6.105025,6.583374,6.081277,6.08265,6.06418,6.05933,6.071946,6.07118,1.097111,,0.695475,0.611313,0.084163,0.257766,0.14706,1.023551,0.719376,0.605878,0.113498,0.300042,0.170933,1.08229,0.761826,0.608022,0.153804,0.393788,0.180402,1.097324,0.771172,0.609077,0.162095,0.40625,0.198205,1.102811,0.772717,0.613539,0.159178,0.411861,0.189552,1.10594
1624,15.0,15.0,5.688564,5.133213,5.6248,5.272323,4.668113,5.53131,5.029466,5.154337,6.053367,4.916729,4.87595,4.868042,4.665192,5.044271,5.170897,5.371542,4.871373,5.075315,3.965545,4.626731,4.010321,4.451952,4.420994,4.004631,4.410439,3.890409,2.769514,2.217653,2.42498,2.427817,8.212024,,2.247705,2.029802,0.217904,1.555195,0.281034,1.073512,2.592679,2.065252,0.527426,2.555559,0.328368,1.121448,2.826074,2.077788,0.748285,3.009878,0.376428,1.133119,2.817584,2.072391,0.745193,3.120134,0.395313,1.136762,2.844625,2.092025,0.752599,2.985853,0.373911,1.137696
1640,15.0,15.0,18.042263,18.172524,18.01302,18.692739,17.957561,18.359901,18.072264,17.907177,18.607431,17.974924,18.41094,17.810495,17.721495,17.694946,17.709405,32.568817,33.22979,31.842172,33.176768,32.811736,33.052605,32.24854,32.870418,33.000851,33.514437,34.059183,33.326357,33.068224,33.287671,33.269565,19.800512,,16.799438,16.681079,0.118358,0.581763,0.166997,0.988194,17.286854,16.72495,0.561904,1.571237,0.195761,1.04218,17.280305,16.737336,0.542968,1.330861,0.262119,1.063141,17.241666,16.720374,0.521292,1.491192,0.223693,1.068674,17.240997,16.732525,0.508471,1.313275,0.276068,1.07099
1646,30.0,30.0,3.506281,3.442356,3.497749,3.481607,3.530449,3.583542,3.323262,3.434406,3.448588,3.605839,3.453515,3.422685,3.366195,3.371087,3.313575,3.120341,3.857921,2.797106,3.900782,2.921536,3.98434,3.48971,2.562563,4.017611,2.706228,1.856065,2.333968,2.499119,2.177315,2.030427,0.92327,,2.181343,2.111043,0.0703,0.770901,0.336905,1.010571,2.001885,1.987023,0.014862,1.200267,0.413221,1.073843,2.259733,2.039181,0.220552,0.986793,0.443165,1.091395,2.219195,2.041798,0.177397,1.068575,0.537238,1.098509,2.16759,1.916367,0.251223,1.110508,0.412548,1.102158
1650,15.0,15.0,0.546061,0.615534,0.51867,0.601157,0.510311,0.579795,0.534855,0.502228,0.59924,0.501775,0.481836,0.482007,0.477337,0.478138,0.480671,1.463612,1.895702,1.433591,2.02298,0.625077,2.147307,1.860949,0.606993,2.175674,0.60677,0.57965,0.581056,0.573803,0.576867,0.56983,1.99434,,0.546061,0.481836,0.064225,0.167353,0.110869,0.997623,0.615534,0.482007,0.133527,0.591513,0.129451,1.061212,0.601157,0.477337,0.123819,0.520075,0.127275,1.080168,0.579795,0.478138,0.101656,0.415369,0.136266,1.087634,0.59924,0.480671,0.11857,0.481983,0.140005,1.091406
1659,15.0,15.0,0.172461,0.230833,0.142244,0.253658,0.119461,0.221848,0.199062,0.107132,0.24532,0.101819,0.078065,0.071505,0.071276,0.073361,0.074636,10.771441,11.040021,10.755038,10.958504,10.732387,10.75204,11.015901,10.733702,10.736762,10.712813,10.679625,10.688491,10.685987,10.682272,10.680679,0.050959,,0.172461,0.078065,0.094396,0.198185,0.119608,1.02832,0.230833,0.071505,0.159328,0.387283,0.145349,1.086786,0.253658,0.071276,0.182382,0.44946,0.149289,1.105463,0.221848,0.073361,0.148487,0.3038,0.159697,1.113344,0.24532,0.074636,0.170684,0.382875,0.168816,1.117215
1669,15.0,15.0,1.950364,2.259934,1.756532,2.509829,1.66683,2.002053,1.943289,1.806263,1.97732,1.732,1.753571,1.937547,1.941712,1.533514,1.349105,4.483378,4.383366,4.561954,4.283066,4.163107,4.545012,4.079357,3.923042,4.535298,3.828337,2.602253,3.439111,3.509768,3.510178,3.484143,3.989986,,2.065972,1.857587,0.208384,1.93848,1.084,1.011315,2.370608,2.055373,0.315235,2.230467,0.762733,1.076266,2.659029,2.05954,0.599489,3.187521,0.993367,1.094782,2.119349,1.617393,0.501955,2.302864,1.126216,1.102079,2.09235,1.419812,0.672539,2.414658,1.298432,1.105819
1679,15.0,15.0,7.294586,7.526934,7.06305,6.95114,6.913215,6.836898,6.916448,6.894428,6.341369,6.356444,6.778254,6.429936,6.518253,5.77366,5.522968,9.614619,9.820042,9.171914,9.490421,8.629099,9.101187,9.401836,8.335749,9.233227,8.848265,8.151382,8.596085,7.948415,7.773965,7.737304,7.686408,,1.96011,1.500947,0.459162,2.218935,0.14882,1.047408,2.47663,1.499353,0.977277,4.133311,0.179945,1.10715,2.362943,1.507665,0.855278,3.655891,0.195538,1.121876,2.510091,1.506078,1.004012,4.274707,0.204875,1.126694,2.628357,1.511149,1.117208,4.838539,0.205526,1.129116
1682,15.0,15.0,5.649491,5.879207,4.624102,5.764712,4.607745,5.834313,5.245838,4.113141,5.528841,4.227118,3.792571,4.118715,4.775022,4.153617,3.848042,6.847102,7.157769,6.802808,7.32487,5.49349,7.106574,6.362032,5.977701,7.188239,5.453609,4.585789,4.447008,4.441047,3.660759,3.609461,10.396738,,2.266555,2.218283,0.048272,0.181277,0.118223,0.997389,2.284877,2.219845,0.065032,0.208019,0.149971,1.057207,2.442573,2.227856,0.214718,1.841336,0.159164,1.077059,2.45856,2.229267,0.229294,1.402906,0.152662,1.086154,2.399836,2.230368,0.169468,1.61546,0.157867,1.090349
1693,15.0,15.0,6.613042,6.497174,6.176697,6.539189,6.480658,6.327793,6.438509,6.167539,6.542958,5.833814,5.354308,5.486774,6.091651,5.761778,5.921444,4.074902,4.499498,3.882451,3.96833,3.434886,3.942287,4.350066,3.720828,4.054886,3.844014,3.612288,4.624293,4.135642,4.287565,4.283486,6.036111,,5.536084,5.460237,0.075847,0.25217,0.125624,0.989937,5.601439,5.466822,0.134617,0.37647,0.165553,1.060394,5.723923,5.458908,0.265015,0.636681,0.173142,1.079824,5.712083,5.464213,0.24787,0.783468,0.179098,1.087143,5.600756,5.465561,0.135195,0.38767,0.185787,1.090556
1706,16.0,16.0,6.068454,6.717425,5.894553,7.448066,5.627751,6.60907,6.588411,5.762991,7.017047,5.461234,5.727051,6.107678,6.718161,5.640635,6.132845,7.1325,6.287742,6.233257,7.094211,4.364243,6.945106,5.802903,4.654798,7.081347,3.050736,2.640716,3.041207,3.470465,3.505916,3.652778,4.988027,,0.720521,0.162414,0.558107,1.208568,0.194118,0.976094,1.070475,0.185022,0.885453,1.967138,0.239672,1.032514,1.103695,0.18549,0.918205,1.782194,0.269728,1.050674,1.166619,0.257859,0.90876,1.827204,0.351662,1.059785,1.365559,0.614738,0.750821,1.992241,0.679402,1.064954
1709,15.0,15.0,3.051748,3.315158,2.943641,2.995983,2.521945,2.971157,3.223011,2.561827,3.44345,2.541035,2.096661,2.895416,2.240003,2.753064,2.65421,3.543638,3.607333,2.80438,4.094227,1.963275,4.203252,2.626392,1.83212,4.039529,1.318113,1.723188,0.414746,1.328639,1.328283,1.472838,7.671337,,0.890402,0.81482,0.075581,0.205581,0.143873,0.996805,0.907863,0.819291,0.088572,0.243181,0.162892,1.049797,0.945508,0.814486,0.131021,0.365366,0.175534,1.065387,0.897336,0.810809,0.086527,0.303792,0.181175,1.071782,0.902536,0.809897,0.092638,0.309857,0.17422,1.074883
1710,14.0,14.0,0.619359,0.902674,0.526404,0.967832,0.521602,1.018865,0.810645,0.556422,1.094089,0.485873,0.555208,0.366588,0.329237,0.333058,0.333809,4.492431,5.265067,4.117205,5.462992,3.052418,5.703461,4.752873,2.359781,5.678279,2.310841,2.223852,2.215089,2.220005,2.231669,2.231678,4.109365,,0.619359,0.555208,0.064151,0.477196,0.316941,0.97895,0.902674,0.366588,0.536086,1.689502,0.364991,1.027616,0.967832,0.329237,0.638595,1.709818,0.534976,1.041511,1.018865,0.333058,0.685808,1.913627,0.551424,1.046692,1.094089,0.333809,0.76028,2.157477,0.532964,1.049382
1714,16.0,16.0,8.122663,6.067808,7.558843,5.801601,7.404236,6.283483,5.523935,6.876472,5.971852,6.037835,5.851787,4.336675,4.387136,4.534447,4.094756,13.3778,12.541028,13.269859,12.139791,13.398528,11.616039,11.871676,12.710808,12.615577,10.407971,9.316731,8.909466,6.97138,6.224673,7.928759,4.772484,,1.400958,0.433779,0.967179,2.111728,0.390197,1.018313,1.162395,0.402162,0.760233,1.590414,0.375279,1.076211,1.145859,0.412596,0.733263,1.56759,0.476857,1.088981,1.399615,0.545478,0.854137,1.89409,0.571124,1.093736,1.228107,0.56874,0.659367,1.646211,0.586713,1.095862
1725,30.0,30.0,10.548311,10.587712,9.977858,10.28644,9.730263,10.460114,10.197412,9.494503,10.807161,9.491719,9.180492,10.154418,9.209097,9.452373,9.965367,17.441516,14.276912,16.405521,15.531108,14.659327,15.49047,13.537859,16.551277,15.151877,15.269577,15.386527,12.381919,13.416582,13.709383,12.10085,10.070297,,7.105394,6.508705,0.596689,3.592269,1.946782,1.000979,6.983371,6.78876,0.194611,3.723751,1.392019,1.049323,6.751723,6.192185,0.559538,3.376389,1.197684,1.063944,6.874488,6.377222,0.497267,3.239862,1.263127,1.069337,7.336378,6.452183,0.884195,4.366788,1.426031,1.071699
1729,16.0,16.0,5.316337,4.87289,5.1324,5.25018,4.516274,4.962967,4.445159,4.509017,4.920564,3.516188,4.118755,4.027789,4.659787,4.813179,4.398451,3.812649,4.144523,4.01227,3.944656,3.533902,3.948013,3.850458,2.970028,3.485342,3.330111,2.629516,2.742497,2.75627,1.604134,1.208715,14.524624,,2.22932,2.140877,0.088443,0.24826,0.160072,1.05049,2.2505,2.1451,0.1054,0.288385,0.194762,1.106718,2.332422,2.141489,0.190934,0.583506,0.191809,1.124106,2.31845,2.13521,0.18324,0.518386,0.200502,1.13154,2.342364,2.135056,0.207308,0.683106,0.203331,1.135334
1731,15.0,15.0,4.869009,5.155038,4.852136,5.12746,4.743154,5.220534,5.111525,4.768467,5.142235,5.069096,5.081331,5.144609,5.010653,5.024041,5.021775,6.058956,6.547035,5.644157,6.967386,5.872928,6.702404,6.054626,5.426565,6.806679,5.376766,5.573252,5.328492,5.335323,5.335953,5.666824,6.074798,,3.230145,3.061899,0.168246,0.600448,0.140337,1.037741,3.317405,3.066448,0.250957,0.935793,0.157088,1.08832,3.400305,3.070875,0.32943,1.250024,0.171852,1.104846,3.553959,3.072007,0.481952,1.850378,0.175788,1.111038,3.428088,3.069969,0.35812,1.347731,0.184109,1.113872
1736,15.0,15.0,0.461029,0.537331,0.429447,0.756909,0.416559,0.716834,0.496877,0.4032,0.703727,0.406553,0.376814,0.373969,0.374417,0.367313,0.373947,0.218127,0.249794,0.186124,0.380008,0.183311,0.547982,0.2114,0.164802,0.494559,0.167252,0.13902,0.140914,0.149523,0.157684,0.153668,0.345898,,0.48405,0.399165,0.084886,0.261799,0.143047,0.999461,0.563787,0.39222,0.171568,0.583215,0.162431,1.057323,0.799096,0.396935,0.402162,1.490653,0.171574,1.075334,0.753995,0.389473,0.364522,1.25959,0.181326,1.083159,0.704352,0.396535,0.307817,1.017452,0.179322,1.087366
1743,15.0,15.0,5.155368,5.953622,4.49402,6.266735,4.394275,5.908877,5.943361,4.305791,5.723418,4.548873,3.916164,4.600503,5.303033,5.311343,4.961265,9.097644,8.485852,8.817509,8.369874,7.207782,7.938459,6.706403,6.177629,8.180922,6.989654,4.357618,3.76679,5.005282,4.729773,4.86198,4.232711,,3.20047,2.83288,0.367591,2.245634,1.406411,0.960213,3.253897,3.010457,0.24344,1.5059,0.656301,1.02859,3.762171,3.498792,0.263379,1.881787,1.068033,1.045985,3.258225,3.371871,-0.113646,1.445772,0.861251,1.054287,3.427253,3.486,-0.058747,1.881326,0.629529,1.05924
1755,16.0,16.0,7.244309,7.99047,7.459005,7.547751,5.951011,7.774827,7.117831,6.292816,7.850171,5.360908,5.419403,6.610128,6.241583,7.320579,7.218563,24.079827,22.618131,22.862506,21.064074,21.517939,20.355352,22.104549,21.529408,20.812805,21.456663,21.727963,19.700168,19.246831,18.231622,18.70907,10.337775,,0.310405,0.247105,0.0633,0.278837,0.143804,1.002908,0.334564,0.266993,0.067572,0.307786,0.209595,1.058135,0.406393,0.250228,0.156165,0.55855,0.196694,1.073336,0.408643,0.251188,0.157454,0.563557,0.18989,1.079073,0.602144,0.248847,0.353297,1.321037,0.199898,1.081804
1756,15.0,15.0,4.201509,5.507202,4.054625,4.891279,4.208332,5.162163,5.413151,3.801603,5.206491,4.201911,3.505205,4.729469,3.965653,4.424685,4.814453,4.517826,5.106514,4.69739,5.35009,4.60437,5.240974,5.120905,4.528434,5.19353,4.315027,3.941369,2.917488,2.258526,2.413008,2.060129,7.420505,,0.317631,0.16121,0.156421,0.462833,0.151064,1.045626,0.545096,0.170681,0.374416,1.286134,0.184269,1.101447,0.660121,0.172799,0.487322,1.721277,0.194941,1.116202,0.604057,0.175521,0.428536,1.479773,0.203739,1.122402,0.516016,0.188072,0.327945,1.030582,0.205758,1.125394
1760,15.0,15.0,13.354845,12.800344,13.354009,14.346733,13.792912,13.534748,12.683599,13.060373,13.662194,14.554238,12.147091,12.792978,13.582583,13.609952,13.206506,20.822328,20.953075,19.485791,21.189318,20.088899,21.801551,20.21459,20.164142,20.858322,20.556894,19.733664,18.456428,18.950368,18.709045,18.832474,5.540471,,7.553221,7.1853,0.367921,5.976362,4.689488,1.004624,7.519455,7.48808,0.031375,5.680549,4.417297,1.055836,7.434413,7.101703,0.33271,5.392255,4.654169,1.066955,7.441764,6.749989,0.691774,5.86334,4.49886,1.070312,7.787842,7.221752,0.56609,6.550036,4.702396,1.071041
1762,15.0,15.0,7.17688,6.657195,6.199412,6.718715,5.866041,6.795544,6.025159,5.303335,6.934356,4.796826,4.771639,5.344548,4.06947,4.223754,4.384862,11.274639,9.420843,11.323856,9.435464,10.93221,9.029053,8.508595,10.636349,9.194694,10.50467,8.451944,5.963404,5.960299,4.595488,4.718278,13.494675,,3.948956,3.089588,0.859367,2.580133,1.358306,1.037815,3.100926,2.54924,0.551687,2.587679,0.899372,1.10163,3.315572,2.517509,0.798063,3.345996,1.199203,1.1147,3.704784,2.768052,0.936731,3.777365,0.995601,1.118048,3.839488,3.142866,0.696622,3.710542,1.094044,1.119045
1773,15.0,15.0,4.327841,5.189396,4.225778,4.926712,3.99286,4.611601,5.015671,4.076539,5.014637,4.114381,4.266087,4.44175,3.971822,4.180014,4.44812,3.562793,4.232556,3.269948,3.432379,3.104673,3.439868,3.597392,2.68896,3.382532,2.70969,1.427026,2.802044,1.226869,1.231888,1.268306,4.264138,,3.227218,2.944944,0.282274,1.514955,0.513628,0.990377,3.391008,2.906396,0.484612,2.250967,0.649705,1.045993,3.397464,2.804254,0.59321,2.367249,0.797446,1.055674,3.333022,2.891558,0.441464,2.553785,1.096354,1.057433,3.369093,2.842251,0.526842,2.937604,1.286452,1.057472
1774,15.0,15.0,38.108431,38.438933,37.749782,37.966035,36.983144,37.768069,38.436779,37.865191,37.915973,37.939307,38.366228,38.38605,38.055779,38.238488,38.244571,17.924153,17.724418,17.743297,17.926227,17.657203,17.999672,17.279739,17.422105,18.023614,17.625991,18.269266,17.429175,17.272464,17.025835,17.030304,37.267808,,38.578173,38.473571,0.104602,0.531231,0.166656,1.046594,38.514636,38.485,0.029636,0.362913,0.182869,1.097415,38.531962,38.485348,0.046614,0.393156,0.195334,1.109858,38.479437,38.484725,-0.005288,0.738054,0.225793,1.116616,38.507508,38.490547,0.016961,0.63717,0.228699,1.120183
1787,16.0,16.0,7.39897,6.392933,7.036497,6.149121,7.289221,6.304391,6.149607,6.741443,6.369112,6.589976,5.81976,5.5775,5.945997,5.385245,5.889207,13.271888,12.100713,12.886614,11.891004,13.510771,11.872096,11.122023,12.891999,11.454677,12.209908,11.463888,10.072714,10.229188,10.763656,10.003687,7.75873,,5.419314,5.505836,-0.086522,0.609202,0.188867,1.047245,5.250486,5.502441,-0.251956,0.953364,0.223971,1.104509,5.132844,5.504289,-0.371446,1.062519,0.232262,1.12005,5.08202,5.418823,-0.336803,1.034346,0.320878,1.12498,5.101398,5.483756,-0.382358,1.017809,0.260047,1.126986
1788,15.0,15.0,6.081648,5.865261,5.654807,6.329604,5.088352,5.946558,5.149914,5.226642,6.153973,4.954098,4.890292,4.683437,4.385891,4.757398,4.799311,6.355077,5.494455,5.36238,5.331995,4.445634,5.20494,4.930837,4.447938,5.35876,4.387676,2.613229,3.259515,3.180479,2.993197,3.186019,3.749647,,3.485379,3.05565,0.429728,2.33155,1.165782,1.034657,3.610979,2.937942,0.673038,3.049132,1.227886,1.08541,3.678159,2.898754,0.779405,2.653775,1.125625,1.092397,3.81665,3.052459,0.764191,2.87852,1.293757,1.091667,3.801322,3.155002,0.64632,2.8997,1.226649,1.090677
1793,15.0,15.0,4.794067,4.743359,4.621046,4.627567,4.757452,4.575152,4.664465,4.338137,4.833848,4.349564,4.306017,3.67476,3.709398,3.609276,3.655546,6.246147,4.757955,5.413214,4.557993,5.187908,4.690171,4.397114,5.166049,4.778656,6.149052,5.251694,3.052117,2.295518,2.720939,3.27204,5.863686,,1.072427,1.036673,0.035754,0.169942,0.113733,1.010542,1.139932,1.049389,0.090543,0.390951,0.134082,1.069933,1.152963,1.04796,0.105003,0.413055,0.149335,1.085377,1.15829,1.056377,0.101913,0.416681,0.143829,1.091832,1.202036,1.053942,0.148094,0.574708,0.146571,1.095393
1795,15.0,15.0,4.352702,4.265232,4.329222,4.268581,4.325928,4.268481,4.236634,4.316083,4.271467,4.315102,4.292318,4.29496,4.294636,4.29203,4.296015,33.424044,32.439272,32.548285,32.546955,33.794325,32.539158,31.488892,34.152649,32.557659,34.33581,34.35664,34.365748,34.359298,34.353241,34.348838,4.308209,,4.352702,4.292318,0.060384,0.179751,0.105371,1.009798,4.265232,4.29496,-0.029728,0.464481,0.121448,1.06387,4.268581,4.294636,-0.026056,0.475732,0.131119,1.081267,4.268481,4.29203,-0.02355,0.480503,0.136434,1.088846,4.271467,4.296015,-0.024548,0.486153,0.136712,1.092762
1815,16.0,16.0,2.414314,2.446206,2.269982,2.453878,2.202653,2.679159,2.407035,2.502195,2.47521,2.255264,2.415642,2.06044,1.932983,2.109373,1.940767,3.118189,1.821,3.166951,1.582551,3.175797,1.555646,1.688875,3.037444,1.49174,3.25832,3.263259,0.115599,0.467349,0.649789,0.685035,13.646215,,0.175356,0.075163,0.100193,0.205137,0.123937,1.044181,0.296878,0.080114,0.216764,0.642456,0.142719,1.098533,0.390433,0.078289,0.312144,0.977879,0.156521,1.113153,0.52734,0.079002,0.448338,1.477796,0.165104,1.119118,0.554285,0.074896,0.479389,1.575357,0.170616,1.122271
1821,15.0,15.0,1.697721,1.714293,1.665527,1.7202,1.655705,1.726227,1.676982,1.655436,1.729915,1.649741,1.663485,1.663702,1.648021,1.65167,1.648603,0.563186,0.686723,0.519364,0.910379,0.2277,0.977041,0.636351,0.209949,0.980623,0.223115,0.202365,0.197442,0.205012,0.204507,0.205519,2.427221,,1.697721,1.663485,0.034237,0.201931,0.136929,1.046163,1.714293,1.663702,0.050591,0.230268,0.154221,1.106056,1.7202,1.648021,0.072179,0.241624,0.153471,1.122989,1.726227,1.65167,0.074557,0.25069,0.161285,1.130862,1.729915,1.648603,0.081311,0.25773,0.16138,1.135021
1822,15.0,15.0,3.507683,3.521791,3.485853,3.432672,3.396663,3.348498,3.487089,3.418917,3.463779,3.466094,3.445233,3.443216,3.440805,3.422946,3.433275,1.996783,1.945527,2.040051,1.780281,1.48958,1.821034,2.081158,1.513579,1.79951,1.171111,0.727981,0.731981,0.722111,0.693795,0.680454,1.938059,,1.372893,1.250808,0.122085,0.479229,0.133613,1.055547,1.456761,1.250841,0.205921,1.093683,0.149819,1.115169,1.285353,1.242581,0.042772,0.408639,0.15142,1.129925,1.366692,1.247002,0.11969,0.498323,0.153968,1.136752,1.497136,1.248343,0.248793,0.846186,0.164872,1.140722
1827,16.0,16.0,6.435899,5.983469,5.747994,5.753222,5.607618,6.092233,5.981988,5.966537,6.255225,5.903709,5.948424,5.557047,5.539285,5.448229,5.536585,12.853678,12.72422,12.390127,12.964172,11.920825,12.90151,11.991368,11.417364,13.099527,11.376917,11.914128,11.937254,11.881599,11.873494,11.895386,7.269225,,2.913833,2.868548,0.045285,0.191081,0.124631,0.999048,3.283222,2.872541,0.410682,1.61869,0.156352,1.072778,3.142712,2.866774,0.275938,1.111177,0.165745,1.091876,3.123062,2.860836,0.262227,0.983591,0.178183,1.098954,3.231669,2.868812,0.362857,1.913198,0.185044,1.102522
1828,30.0,30.0,25.731805,25.77127,25.715971,25.642155,25.872902,25.801619,25.796211,25.77854,25.913402,25.92584,25.742179,25.43187,25.443148,25.605022,25.722431,13.622049,13.941059,13.092006,13.90374,12.686729,13.772135,13.54531,12.863263,13.798204,12.808262,12.870831,12.878646,13.530633,12.497908,12.327445,17.51646,,23.145373,23.161638,-0.016266,0.347423,0.149251,1.030617,23.3006,23.144951,0.155649,0.878499,0.1688,1.093692,23.265013,23.14843,0.116582,0.621705,0.183827,1.10839,23.309867,23.15283,0.157038,0.873389,0.194643,1.113474,23.344787,23.152879,0.191908,1.470613,0.197657,1.116039
1831,16.0,16.0,3.104117,4.151294,2.520803,3.548697,2.647803,3.925711,4.056691,1.731174,3.748562,1.841847,1.620427,3.16825,2.670463,3.241173,3.126342,3.913032,2.479989,3.786325,2.742599,3.362919,3.181851,1.819633,3.194545,3.046684,3.262011,3.9297,0.725486,0.621187,1.157688,1.201341,1.712412,,0.966285,0.859096,0.107189,0.341761,0.140833,1.040268,1.289879,0.861593,0.428286,1.546989,0.167489,1.097799,1.329482,0.870399,0.459083,1.674055,0.171151,1.113024,1.303404,0.865031,0.438373,1.552063,0.185218,1.11869,1.235525,0.864677,0.370849,1.294514,0.194022,1.121274
1835,15.0,15.0,5.612618,5.740503,5.36955,5.517329,5.229929,5.652095,5.738425,5.123483,5.428594,5.224453,5.212262,5.225386,5.17413,5.245121,5.042312,6.653412,5.812208,6.470658,5.395812,5.59991,5.170411,6.095559,5.763446,5.11401,5.067784,5.337992,4.601933,4.582552,4.408621,4.419091,21.121576,,3.918971,3.620158,0.298813,0.952714,0.199747,1.061044,4.029691,3.64887,0.380821,1.154224,0.197533,1.118462,3.936125,3.623779,0.312345,1.283176,0.228616,1.130628,4.00295,3.628818,0.374132,1.41219,0.253259,1.134187,3.971482,3.630293,0.34119,1.283241,0.251915,1.135454
1836,15.0,15.0,4.214588,4.781846,3.984965,4.240953,4.075269,4.673741,4.526665,3.81952,4.66291,3.88605,3.815217,4.380781,3.354678,3.936149,4.101344,9.601059,8.54205,9.438911,8.325461,9.498539,8.254194,8.502948,9.706101,8.15628,9.31323,9.55261,8.115855,8.030104,7.591455,7.32637,9.044204,,3.201418,3.096552,0.104866,0.412841,0.154234,1.044218,3.470346,3.086187,0.384159,1.467478,0.183936,1.105635,3.535364,3.090649,0.444715,1.707254,0.188328,1.124559,3.586137,3.081069,0.505068,1.913503,0.193171,1.131865,3.600121,3.087143,0.512977,1.937718,0.193224,1.135463
1838,15.0,15.0,2.090401,1.836204,2.070691,1.965623,1.894659,2.160888,1.77301,1.875109,2.112675,1.963049,1.669992,1.890428,1.895243,1.939399,1.959693,2.410594,3.784447,2.043644,4.29064,0.779235,4.448075,3.25472,1.054083,4.633836,1.154625,0.540958,1.507897,1.50269,1.432836,1.61762,4.422103,,0.174606,0.098104,0.076502,0.201057,0.103402,0.968201,0.192161,0.100964,0.091197,0.227165,0.133195,1.031277,0.196528,0.103476,0.093052,0.225593,0.131242,1.049531,0.35358,0.09558,0.258001,0.824949,0.147331,1.056911,0.281718,0.095477,0.186241,0.532537,0.158445,1.060795
1842,15.0,15.0,6.901277,6.676809,6.894199,6.465666,6.788052,6.182396,6.645569,6.530911,6.378679,6.755178,6.26378,6.58213,6.629532,6.295221,6.368512,7.531099,7.024826,7.310192,6.313593,7.433918,6.009832,6.238448,6.374939,6.031352,7.511105,7.319874,6.499816,4.262873,3.353642,3.824097,9.682798,,3.426711,3.213499,0.213212,0.767323,0.136875,0.966414,3.503976,3.212364,0.291612,1.013474,0.166849,1.038858,3.370934,3.2034,0.167534,0.514543,0.163077,1.061372,3.374215,3.205248,0.168966,0.510559,0.165929,1.071355,3.344655,3.19774,0.146916,0.377674,0.16698,1.076431
1843,15.0,15.0,0.276851,0.426595,0.225087,0.606607,0.225688,0.702471,0.363295,0.190377,0.824975,0.17862,0.143649,0.139169,0.12395,0.129826,0.126348,0.303948,0.367094,0.256591,0.361289,0.238661,0.532447,0.309932,0.19678,0.636519,0.202226,0.143961,0.125393,0.12314,0.128994,0.136307,1.093438,,0.276851,0.143649,0.133202,0.292597,0.182242,1.064443,0.426595,0.139169,0.287426,0.7808,0.20708,1.12212,0.606607,0.12395,0.482657,1.45541,0.214917,1.137775,0.702471,0.129826,0.572645,1.720082,0.22854,1.144214,0.824975,0.126348,0.698627,2.234697,0.232921,1.147125
1844,16.0,16.0,2.561401,2.792593,2.525687,2.606253,2.283306,2.676139,2.729609,2.278851,2.851629,2.255959,2.244308,2.265154,2.261924,2.25985,2.244596,1.093239,1.273567,1.045251,1.304812,0.767071,1.433873,1.211469,0.769688,1.484742,0.754476,0.738023,0.738599,0.750502,0.743443,0.748436,2.252899,,2.561401,2.244308,0.317093,1.139172,0.167482,1.060251,2.792593,2.265154,0.527439,2.942423,0.189825,1.114477,2.606253,2.261924,0.344329,2.131575,0.197693,1.128826,2.676139,2.25985,0.416289,2.267281,0.210486,1.13386,2.851629,2.244596,0.607032,2.996268,0.219881,1.135933
1845,15.0,15.0,5.827119,5.67839,5.753725,6.694732,5.187971,7.084864,5.778705,4.468148,7.245118,4.209205,4.103801,4.025769,5.716755,5.912616,5.458167,9.308785,10.168993,8.984196,10.243326,5.760455,10.559673,9.441494,6.924073,10.603065,3.825717,3.248421,4.759129,4.400368,5.097227,5.971493,1.573588,,3.020079,2.368813,0.651265,2.688338,0.954723,0.992445,2.773858,2.287377,0.48648,1.840962,0.864847,1.058439,2.896125,2.29105,0.605075,2.230718,0.868354,1.070782,3.254517,2.298283,0.956234,2.825984,0.905479,1.073687,3.392709,2.292531,1.100178,3.042276,0.899874,1.074363
1848,15.0,15.0,6.095362,7.01317,5.87618,6.094974,5.458555,8.049243,6.688152,5.577569,7.15888,5.509289,5.459314,6.296693,5.359514,6.383673,6.137323,9.993806,9.683287,9.305818,9.837166,5.408697,9.766762,9.240051,5.588595,9.911107,5.071635,2.382683,2.756692,2.757742,2.604565,2.592263,9.061631,,0.286893,0.208628,0.078265,0.224783,0.150613,1.036551,0.307042,0.198605,0.108437,0.259206,0.159502,1.09233,0.362733,0.208576,0.154156,0.409623,0.169358,1.105242,0.338175,0.210454,0.127721,0.319012,0.172808,1.110173,0.338154,0.223575,0.114579,0.308381,0.170994,1.112277
1852,16.0,16.0,1.130268,0.866159,1.159576,0.776384,0.599967,0.954879,0.852478,0.991674,0.94013,0.442028,0.182916,0.202706,0.265341,0.197248,0.191814,3.503173,3.640964,3.348079,4.03779,1.608253,4.033333,3.434199,1.931181,4.036122,1.567937,1.39387,1.453201,1.395473,1.431449,1.493001,5.598858,,0.299208,0.176882,0.122327,0.423078,0.117963,0.976664,0.464494,0.178111,0.286383,0.952361,0.156372,1.035051,0.382787,0.189746,0.193041,0.612763,0.169928,1.050451,0.440703,0.195034,0.245669,0.762318,0.174134,1.056884,0.44809,0.18825,0.25984,0.789223,0.174672,1.061106
1857,15.0,15.0,14.041971,13.989739,14.02161,13.956935,14.014436,13.959044,13.963354,14.017658,13.958665,14.014782,14.0058,14.007155,13.992042,13.993506,13.993356,10.278644,10.454071,10.008793,10.530365,9.611565,10.675832,10.165215,10.057763,10.746349,9.625528,9.650228,9.604613,9.597044,9.622844,9.630799,13.486387,,15.031151,15.004604,0.026548,0.182098,0.128535,0.993156,14.973083,15.004183,-0.0311,0.446123,0.139239,1.061916,14.937769,14.991474,-0.053705,0.494388,0.152198,1.08065,14.939811,14.993042,-0.053231,0.493985,0.149909,1.087622,14.938946,14.992881,-0.053935,0.497969,0.15078,1.090709
1858,15.0,15.0,6.091022,6.797764,5.972771,6.702981,6.148987,6.823634,6.725248,6.088176,6.52479,6.118878,6.104293,6.359344,6.190208,6.497696,6.372855,4.554585,5.281857,4.496751,4.693945,3.196972,4.768957,4.655906,3.099096,4.679884,3.827088,3.41835,3.578806,3.191597,2.914199,3.057711,2.392716,,0.217312,0.149982,0.067331,0.20986,0.128912,1.024986,0.372736,0.170589,0.202147,0.638106,0.163707,1.08225,0.420945,0.171279,0.249666,0.743267,0.173268,1.098355,0.484664,0.175329,0.309335,0.975205,0.180456,1.105178,0.362066,0.170743,0.191323,0.522889,0.178395,1.109124
1870,15.0,15.0,3.352519,2.721359,3.197612,3.058592,3.13376,2.88044,2.664707,3.159861,2.947629,3.34998,3.061334,2.508575,2.745692,3.127503,3.077745,3.513011,1.861591,3.489502,2.162239,3.449376,1.954145,1.480181,3.400673,2.228031,2.715528,3.28388,0.155659,0.554169,1.086606,1.079227,1.567001,,0.532946,0.462689,0.070257,0.181551,0.125165,0.991141,0.549372,0.464729,0.084643,0.215859,0.142396,1.054897,0.552251,0.458717,0.093535,0.223679,0.147756,1.074534,0.558487,0.466118,0.092369,0.234144,0.157844,1.082494,0.559842,0.469284,0.090558,0.237962,0.157261,1.08703
1886,30.0,30.0,2.078735,2.350188,1.996796,2.052089,1.71688,1.985868,2.25067,1.576037,2.327598,1.689201,1.620717,1.954247,1.723177,1.669768,1.861299,2.042974,1.793281,1.948208,2.184848,1.877888,2.447871,1.510501,1.756983,2.789752,1.787515,1.376673,0.784319,0.974956,1.260071,1.501887,3.213781,,1.274354,0.761867,0.512488,1.15382,0.299753,1.013062,1.232893,0.751321,0.481572,1.21987,0.26636,1.070118,1.116512,0.751509,0.365003,1.097776,0.255407,1.08639,1.078565,0.769226,0.309339,0.793928,0.300561,1.093259,1.273341,0.76818,0.505162,1.479998,0.296204,1.096982
1901,15.0,15.0,3.27797,3.381882,2.853662,3.491545,2.616146,3.054379,3.059849,2.560869,3.077048,2.441006,2.754083,2.2906,2.404993,1.589258,1.757965,6.039927,6.048776,5.177575,5.498884,5.908727,5.281256,5.793479,5.192233,5.197542,6.455737,6.152955,6.859117,6.17737,5.855617,3.979805,5.450516,,2.031912,1.687141,0.344771,1.434446,0.14634,1.05226,2.04105,1.687437,0.353613,1.381994,0.174404,1.105528,2.06656,1.689823,0.376737,1.405727,0.199599,1.120411,2.063631,1.683325,0.380306,1.327477,0.208528,1.126063,2.052746,1.685577,0.367169,1.409237,0.213969,1.1287
1904,30.0,30.0,11.561611,11.504534,11.596747,11.732077,11.51793,11.707794,11.409343,11.406945,11.602928,11.576591,11.573076,11.51363,11.506212,11.505347,11.338865,36.742004,36.736899,36.716095,36.592898,36.832317,36.653766,36.651368,36.835786,36.542091,36.813805,36.659502,36.752943,36.639422,36.702883,36.622824,11.475461,,8.78262,8.60878,0.17384,0.751072,0.121146,1.027467,8.805573,8.596663,0.20891,1.231929,0.14448,1.087915,8.98193,8.595501,0.386429,1.674216,0.157733,1.105665,8.942068,8.600729,0.341339,1.486181,0.168641,1.113205,8.938723,8.593049,0.345674,1.5456,0.168918,1.117386
1906,16.0,16.0,9.898257,10.092201,9.970869,10.326447,9.763295,9.929706,10.015768,9.691596,10.045037,9.836741,9.787982,9.897632,10.09025,9.924938,9.965719,6.089852,7.267048,6.007379,7.068597,6.003724,6.736052,7.159548,5.584453,6.720572,5.386452,6.387206,7.117555,7.232802,7.086848,7.136673,8.266116,,8.705308,8.660605,0.044703,0.280422,0.147656,1.037062,8.672378,8.665764,0.006614,0.615413,0.165541,1.094984,8.668,8.662485,0.005515,0.590311,0.165666,1.114086,8.693493,8.667899,0.025593,0.568926,0.170244,1.120713,8.709432,8.661455,0.047977,0.596592,0.181401,1.12337
1908,15.0,15.0,1.099946,1.131715,1.073037,1.143511,1.061203,1.157156,1.090355,1.0451,1.160767,1.04944,1.024608,1.042505,1.031427,1.023386,1.026457,2.281446,2.878265,2.195113,2.865609,1.560816,2.963855,2.777816,1.572162,2.971663,1.502469,1.373772,1.37357,1.358632,1.386579,1.394739,1.862913,,1.085477,1.007682,0.077795,0.190655,0.12556,0.991879,1.110252,1.014423,0.095829,0.224565,0.145871,1.055558,1.121755,1.015379,0.106376,0.242375,0.15542,1.072704,1.125164,1.007693,0.117471,0.251233,0.153011,1.081192,1.130633,1.010085,0.120548,0.255913,0.161318,1.085607
1909,15.0,15.0,1.531465,1.632921,1.448777,1.700349,0.879537,1.898946,1.5215,0.865432,1.999004,0.846835,0.804183,0.843481,0.839681,0.848244,0.83804,0.900436,1.005677,0.821276,1.5447,0.313932,1.744803,0.921453,0.304529,1.026575,0.283955,0.239045,0.264155,0.281869,0.281522,0.282284,1.206427,,1.655824,0.909748,0.746076,2.283486,0.250153,1.073136,1.835117,0.942581,0.892536,2.690747,0.275996,1.122827,1.907485,0.941612,0.965873,2.992322,0.299804,1.133808,1.989599,0.946883,1.042716,3.32496,0.292329,1.136613,1.896637,0.934771,0.961867,2.864173,0.312057,1.136693
1917,15.0,15.0,7.369386,7.335454,6.356923,6.995507,5.469863,6.880633,6.580502,5.367547,7.191625,5.011216,3.949053,5.577882,5.20225,5.540357,5.126024,9.832787,10.791461,9.797264,9.673228,8.785731,9.053797,9.942247,8.258738,9.309723,7.769783,5.683179,5.992578,4.774593,5.224461,5.005751,9.951858,,4.173556,3.870691,0.302865,2.045791,0.752627,1.017517,4.013535,3.777858,0.235677,2.476937,0.553549,1.069762,3.794643,3.594989,0.199654,2.594829,0.662377,1.084949,3.364196,3.361761,0.002436,2.007192,0.814374,1.090719,3.644771,3.381309,0.263462,2.397083,0.869453,1.093279
1919,15.0,15.0,3.505573,2.846062,3.467058,3.403997,3.628205,2.968786,2.745359,3.65643,3.319352,3.434423,3.447985,2.896533,3.027019,2.950521,3.311108,2.219997,1.958338,2.179163,2.451065,1.803329,2.407145,1.776103,2.036599,2.871215,1.106664,1.17356,0.401452,0.890239,0.454721,0.560104,6.065902,,0.394147,0.338476,0.055672,0.23933,0.16192,1.0484,0.415408,0.343583,0.071825,0.293323,0.185269,1.102831,0.428501,0.342486,0.086014,0.322269,0.204604,1.115448,0.427842,0.33128,0.096563,0.325084,0.197697,1.120427,0.430656,0.323104,0.107552,0.335548,0.190042,1.123344
1920,15.0,15.0,6.140262,6.138102,6.219678,6.230625,5.856792,6.324255,6.252055,6.361557,6.330605,6.429852,6.709098,6.497182,6.464866,6.693044,6.538458,3.699974,3.669217,3.652959,3.781271,3.062409,3.814812,3.566522,2.966689,3.740102,2.946128,2.78093,2.566223,2.691485,2.597792,2.581217,8.240073,,3.315813,3.243165,0.072648,0.245474,0.157235,1.036465,3.359176,3.246791,0.112385,0.356255,0.182751,1.088558,3.379797,3.251272,0.128524,0.396645,0.184281,1.101216,3.335977,3.251292,0.084685,0.685831,0.210728,1.105628,3.418043,3.263012,0.15503,0.461915,0.210495,1.107614
1930,16.0,16.0,2.759248,2.240629,2.863273,2.534324,2.400092,2.145671,2.1172,2.157997,2.295092,2.225787,1.994241,1.964306,1.915665,1.969885,1.889638,3.074601,3.776139,2.933123,3.610746,2.661045,3.78318,3.423639,2.482023,3.811655,2.399101,2.389687,2.462137,2.081924,2.062743,2.058069,4.822657,,1.914841,1.692225,0.222616,1.180018,0.219716,1.062934,1.797218,1.686948,0.110271,0.785279,0.279963,1.116423,1.854852,1.674491,0.180361,0.959867,0.304095,1.128194,1.822613,1.669686,0.152927,0.858798,0.316298,1.130314,1.885135,1.67358,0.211556,1.14812,0.328116,1.131817
1937,15.0,11.0,57.364416,57.312127,55.474957,55.357194,56.270002,56.717196,57.189329,58.036956,58.684417,57.085533,56.243564,58.208771,54.996071,57.681036,57.463682,29.73866,36.335949,27.672836,37.785281,29.191654,36.113237,35.76074,30.260694,36.226297,24.48669,28.415477,38.895581,38.980513,35.718403,35.931835,34.155546,,39.786813,42.172079,-2.385266,24.095716,10.540788,0.814065,39.80377,34.983978,4.819792,15.586111,8.778787,0.886186,42.58056,35.729031,6.851529,19.152567,12.17523,0.890702,36.904108,34.168853,2.735255,9.928071,4.900577,0.892514,35.507959,34.556357,0.951602,15.793553,8.299616,0.895422
1942,15.0,15.0,2.06087,2.085029,2.022856,2.098714,2.018321,2.137503,2.041658,2.008142,2.187655,2.013889,1.998059,1.998601,2.004886,2.009836,2.005577,1.262451,1.516217,1.217535,1.545473,1.106829,1.576027,1.462994,1.116566,1.609591,1.114535,1.091351,1.101223,1.102472,1.098147,1.100428,2.442587,,2.06087,1.998059,0.062811,0.208159,0.121681,1.029456,2.085029,1.998601,0.086428,0.244958,0.147605,1.085546,2.098714,2.004886,0.093828,0.269367,0.160975,1.100289,2.137503,2.009836,0.127667,0.390391,0.163349,1.105625,2.187655,2.005577,0.182077,0.586862,0.169086,1.108423
1953,16.0,16.0,2.470404,2.76573,2.06714,2.435955,2.074095,2.018805,2.722483,2.12888,2.133982,2.125845,1.864174,2.117462,2.091718,2.06205,1.494418,2.581495,3.991969,2.880928,4.496065,1.763519,5.085929,4.094423,1.158141,4.944361,1.236889,0.408486,2.466689,2.536154,2.972935,2.910654,1.563698,,0.523164,0.127744,0.39542,0.994582,0.17169,0.982111,0.514012,0.137508,0.376504,0.864383,0.212179,1.043153,0.49441,0.146964,0.347446,1.019352,0.214067,1.061033,0.398376,0.15373,0.244647,0.753151,0.19377,1.067909,0.423877,0.171581,0.252296,0.772985,0.215231,1.071132
1958,15.0,15.0,0.182875,0.199867,0.137856,0.212624,0.131668,0.218915,0.147515,0.121192,0.222218,0.130452,0.103684,0.102974,0.103398,0.09766,0.098119,0.65229,1.181175,0.605444,1.323119,0.593255,1.414596,1.060993,0.583808,1.522188,0.594193,0.561699,0.557314,0.5612,0.563181,0.564968,0.091212,,0.182154,0.10687,0.075284,0.188677,0.124232,1.011419,0.198595,0.106109,0.092486,0.218764,0.144299,1.077067,0.208278,0.10775,0.100528,0.235072,0.14741,1.096009,0.215906,0.101603,0.114303,0.245585,0.157883,1.104008,0.219265,0.101077,0.118187,0.250427,0.161389,1.108109
1959,15.0,15.0,1.929709,2.181519,1.793768,2.522789,1.56478,2.119779,2.061234,1.543766,2.327249,1.670655,1.753938,2.084975,2.193532,2.207071,2.205332,2.042387,2.627674,1.962293,2.920179,1.462439,2.764094,2.536218,1.133605,3.177654,1.185631,1.222647,1.157718,1.315448,1.315116,1.383397,2.238365,,0.514603,0.226765,0.287838,1.197169,0.108628,1.038666,0.571832,0.221441,0.350391,1.38191,0.134629,1.097021,0.57233,0.215497,0.356834,1.377874,0.137961,1.114352,0.398582,0.21203,0.186552,0.673339,0.147818,1.122163,0.431123,0.209533,0.221591,0.787913,0.158738,1.125999
1963,15.0,15.0,6.527955,6.768674,6.656475,7.008359,6.488773,6.736263,6.612282,5.80914,6.733391,6.49916,6.00009,6.502097,6.004633,6.005151,6.016473,4.650271,5.14335,4.066038,5.492044,3.510082,5.181473,4.28973,2.442185,5.126284,2.692993,2.928595,2.126251,1.962355,2.686923,2.662358,7.411804,,1.631133,1.250377,0.380756,1.464375,0.229444,1.044849,1.531733,1.170776,0.360957,1.176954,0.248593,1.114548,1.606487,1.160009,0.446478,1.278724,0.28229,1.130491,1.660525,1.1713,0.489225,1.365037,0.300398,1.134919,1.857044,1.201777,0.655267,1.82615,0.282596,1.13652
1965,15.0,15.0,6.893554,7.148939,6.843542,7.34378,6.836922,7.267107,7.078078,6.812166,7.242045,6.831187,6.77327,6.766508,6.763729,6.780481,6.785795,4.076203,4.32965,4.018075,4.336293,3.144007,4.447276,4.196647,3.15228,4.496228,3.023048,2.954895,2.972504,2.970944,2.984194,2.986494,14.413655,,7.339763,7.24227,0.097494,0.473489,0.188248,1.009118,7.512715,7.241226,0.27149,0.921675,0.229492,1.071797,7.709328,7.238378,0.47095,2.02762,0.239846,1.088926,7.631676,7.241492,0.390184,1.774179,0.24133,1.095305,7.587731,7.244719,0.343013,1.575961,0.246814,1.097216
1968,15.0,15.0,1.61467,1.725219,1.595506,1.814331,1.687167,1.936118,1.513243,1.664985,1.876111,1.682,1.648984,1.641355,1.649844,1.647384,1.644868,2.157557,2.566388,2.03769,2.736822,0.646756,2.872004,2.382893,0.548329,2.87835,0.614548,0.43439,0.398753,0.412759,0.400009,0.40449,5.24583,,1.718205,1.757653,-0.039448,0.457869,0.136865,1.000708,1.836351,1.747701,0.08865,1.10412,0.168699,1.061089,1.931325,1.756797,0.174529,1.462866,0.184849,1.081037,2.061786,1.758584,0.303202,0.99207,0.194623,1.090023,1.996355,1.755889,0.240466,0.850506,0.197988,1.094455
1978,15.0,15.0,1.831233,1.842497,1.811304,1.887023,1.750498,1.886688,1.818199,1.733764,1.886563,1.737971,1.709359,1.721396,1.714139,1.713208,1.715251,1.479372,1.491467,1.447683,1.503353,1.360145,1.506282,1.458358,1.332529,1.550733,1.336501,1.331839,1.329812,1.314385,1.327077,1.319499,9.726433,,1.831233,1.709359,0.121874,0.371288,0.130896,1.02996,1.842497,1.721396,0.121101,0.396046,0.150331,1.092289,1.887023,1.714139,0.172885,0.582608,0.160022,1.113577,1.886688,1.713208,0.17348,0.569135,0.165607,1.121801,1.886563,1.715251,0.171311,0.570502,0.163027,1.125781
1980,15.0,15.0,13.012356,11.201827,12.530676,12.762327,11.824863,12.702267,10.632288,12.243189,13.321923,13.049403,12.43423,10.671365,11.95644,12.61486,12.672164,13.147149,11.450489,12.556945,12.884781,12.204817,12.254676,9.939021,10.78034,12.202494,10.229312,9.488884,5.375159,6.528931,7.360076,6.979759,9.044093,,3.321051,3.270103,0.050948,0.206442,0.127041,0.975416,3.519012,3.276718,0.242294,0.714074,0.147799,1.040435,3.613298,3.281918,0.331379,0.811269,0.161151,1.055537,3.618894,3.292135,0.32676,0.819689,0.163646,1.06354,3.666708,3.291182,0.375526,0.827815,0.181757,1.069673
1998,15.0,15.0,23.494201,23.106062,22.966234,21.882836,23.012646,21.312242,22.414675,22.877424,21.611424,22.560876,22.789847,22.606221,21.376185,20.681706,21.802514,21.320534,21.680935,19.706423,21.002343,16.254012,20.855057,19.633292,16.984231,20.824306,16.850864,12.832455,15.175734,16.459376,16.671322,16.261012,20.488982,,7.93202,6.983464,0.948556,1.997149,0.204692,0.986108,8.072281,6.985137,1.087144,2.379305,0.245557,1.059849,8.063778,7.371791,0.691987,2.390496,0.679602,1.077734,8.117177,7.368936,0.748241,2.695417,0.687223,1.084632,8.185887,7.696425,0.489462,2.248578,1.02211,1.087773
2002,15.0,15.0,5.319282,4.695636,5.221059,4.896554,5.031494,4.69252,4.615556,5.205346,5.123207,4.946269,5.084417,4.746517,4.760177,4.679795,4.721762,5.02517,6.982908,4.530712,6.879414,3.447813,7.504649,5.819147,3.059578,7.819975,2.976003,2.692107,3.958075,4.175429,5.282134,5.094011,6.469193,,0.220397,0.14884,0.071558,0.214767,0.139656,1.014116,0.299182,0.164633,0.134549,0.449773,0.160322,1.070662,0.312336,0.164153,0.148183,0.473932,0.16838,1.090611,0.412707,0.175999,0.236708,0.814881,0.177571,1.099416,0.412645,0.179783,0.232862,0.819319,0.184211,1.105086
2009,16.0,16.0,2.118361,2.065177,1.854574,1.878121,2.012935,1.869953,1.894145,1.666025,1.828988,1.74212,1.842969,1.971626,1.859289,1.604107,1.720364,3.454564,4.042552,3.324153,3.809912,2.547408,4.047112,3.972993,1.759754,4.090323,1.494061,0.539745,0.636096,0.977521,1.1369,1.132145,1.46066,,0.412674,0.2787,0.133974,0.390469,0.227912,1.011549,0.43505,0.296409,0.138641,0.404027,0.229304,1.066212,0.412147,0.288792,0.123355,0.374178,0.223465,1.080806,0.450581,0.29043,0.160151,0.465274,0.265266,1.085893,0.432113,0.292088,0.140025,0.426499,0.278164,1.087831
2018,15.0,15.0,4.806956,5.085047,4.457447,5.563901,3.639924,5.466603,4.409282,3.366443,5.590156,3.846383,3.201404,3.874978,3.437719,3.741756,3.9075,6.821239,6.14697,6.488117,6.178706,6.603356,6.340514,5.201485,6.136061,5.7274,5.893966,5.509804,3.480346,4.032856,3.860502,3.812573,6.514121,,3.374384,2.622887,0.751497,3.145392,0.872522,0.984028,3.400181,2.555234,0.844947,3.288014,0.872475,1.050953,3.881302,2.670645,1.210657,4.070549,1.270586,1.067795,3.824816,2.678625,1.146191,4.067115,1.381039,1.073415,3.825741,2.710975,1.114767,3.807657,1.340777,1.075801
2026,15.0,15.0,0.211598,0.213195,0.181288,0.517613,0.131611,0.541277,0.173246,0.121541,0.623971,0.115239,0.099599,0.097965,0.088695,0.086518,0.092256,0.26027,0.505971,0.219808,0.544402,0.202731,0.550011,0.465113,0.187384,0.565106,0.185931,0.142106,0.151339,0.168659,0.167116,0.178604,0.075238,,0.211598,0.099599,0.111999,0.326732,0.136243,1.035177,0.213195,0.097965,0.11523,0.279789,0.160282,1.09861,0.517613,0.088695,0.428918,1.443677,0.169279,1.11657,0.541277,0.086518,0.454759,1.504541,0.171536,1.123867,0.623971,0.092256,0.531716,1.800698,0.180916,1.127596
2029,16.0,16.0,12.909845,13.585299,12.78713,13.361406,12.630795,13.202469,13.392393,12.82618,12.868827,12.663448,13.057609,13.543738,13.380565,12.855946,12.978797,7.737891,7.53745,7.491254,7.225937,6.558531,7.065554,7.422284,7.194378,7.266442,6.355072,6.862605,5.964464,5.538728,5.16864,5.187599,10.884037,,11.299709,11.298563,0.001146,0.23108,0.13645,1.007097,11.25554,11.284508,-0.028968,0.683288,0.144612,1.071689,11.259575,11.293644,-0.034069,0.472619,0.170675,1.090861,11.263105,11.278235,-0.01513,0.486775,0.179489,1.097921,11.285409,11.276848,0.008561,0.55753,0.177911,1.101293
2034,15.0,15.0,3.760252,3.443123,3.395197,2.437324,3.337753,2.867928,3.281335,3.463571,2.430506,2.544094,2.065781,2.212142,1.678643,2.085654,2.193853,3.099177,4.068716,2.691337,4.191853,2.568778,3.913055,3.738493,1.878403,3.968375,2.080165,1.817629,1.06896,0.65084,0.82781,0.647569,5.808731,,0.214853,0.130101,0.084752,0.22648,0.140108,1.021636,0.304508,0.124245,0.180263,0.50842,0.168254,1.083128,0.37245,0.121853,0.250597,0.743896,0.178802,1.099942,0.409415,0.116155,0.29326,0.859947,0.198006,1.106224,0.4001,0.124382,0.275718,0.823759,0.187732,1.109193
2040,15.0,15.0,4.740202,4.769636,4.184541,4.805238,4.397857,4.718908,4.445551,4.095871,4.692354,3.901109,3.864336,4.237601,4.292767,4.246704,4.311614,2.978559,3.242526,2.933058,3.401911,2.249207,3.405486,3.007091,2.897462,3.038202,1.93349,1.28525,1.900438,2.337783,2.148194,1.91102,4.806884,,4.740202,3.864336,0.875866,1.581386,0.54188,1.046583,4.769636,4.237601,0.532035,1.507574,0.573032,1.099693,4.805238,4.292767,0.512471,1.589397,0.634615,1.1153,4.718908,4.246704,0.472204,1.332129,0.529487,1.121386,4.692354,4.311614,0.380741,1.305263,0.544455,1.124274
2048,15.0,15.0,3.071137,2.963228,2.916673,2.638172,3.099811,3.040071,2.936613,3.329682,2.998721,3.236888,3.018599,3.099973,2.770817,2.753548,2.919065,13.673977,13.952075,13.069041,13.849607,13.397853,13.827887,13.482368,13.009942,13.637502,12.639118,12.133083,12.561053,12.564719,12.839765,12.835478,1.47872,,1.295038,1.239155,0.055883,0.145444,0.088541,0.956696,1.315417,1.245557,0.06986,0.175698,0.102636,1.038034,1.323719,1.248501,0.075218,0.189405,0.127675,1.062013,1.328926,1.251374,0.077552,0.198529,0.125505,1.071556,1.331751,1.255199,0.076552,0.202593,0.124363,1.076428
2050,16.0,16.0,2.16745,2.187711,2.112438,2.016453,1.891078,2.203024,2.129868,1.857339,2.046301,1.868716,1.846549,1.850599,1.845002,1.849115,1.847054,1.167977,1.416084,1.118411,1.410087,1.123826,1.450321,1.344582,1.091261,1.466018,1.099071,1.065135,1.065575,1.079628,1.061539,1.057317,1.804788,,2.125539,1.960247,0.165292,0.566211,0.157704,1.058046,2.099533,1.960039,0.139494,0.432103,0.165437,1.11104,2.126362,1.953566,0.172796,0.50147,0.180035,1.128648,2.149435,1.956482,0.192953,0.578536,0.181847,1.136148,2.166237,1.960532,0.205705,0.581166,0.180992,1.139704
2052,15.0,15.0,0.623523,1.012794,0.58668,0.939947,0.46428,0.823449,0.968388,0.474494,0.826996,0.556101,0.309626,0.318146,0.321273,0.341778,0.332503,0.353187,1.148834,0.300708,1.420853,0.177836,1.038035,1.057112,0.157848,1.20016,0.154613,0.144033,0.136615,0.134551,0.15136,0.148455,1.880285,,0.623523,0.309626,0.313897,0.84721,0.172779,1.01094,1.012794,0.318146,0.694648,2.187408,0.290524,1.07768,0.939947,0.321273,0.618674,1.901687,0.301277,1.094719,0.823449,0.341778,0.481671,1.472812,0.389423,1.100432,0.826996,0.332503,0.494493,1.435505,0.415178,1.102752
2054,15.0,15.0,14.048667,14.235503,13.892468,13.960221,12.949794,14.068658,13.929523,13.77451,14.053145,13.614614,13.349395,14.160574,13.470181,12.963959,13.232916,10.893921,10.143057,10.240364,9.906832,9.722445,9.471529,8.976584,9.416122,9.711283,10.495073,9.129212,8.119499,7.315892,7.270301,6.931414,16.011245,,0.343718,0.264384,0.079334,0.22334,0.137076,1.070444,0.38208,0.265893,0.116188,0.328796,0.154799,1.126764,0.368647,0.254435,0.114212,0.271905,0.183159,1.143366,0.465312,0.266843,0.198469,0.614246,0.196601,1.150881,0.404893,0.261026,0.143867,0.370861,0.195348,1.154912
2059,15.0,15.0,10.628517,9.210804,10.333984,9.434523,10.130771,9.169272,8.856771,9.043557,9.603952,9.572049,8.763352,7.489233,7.782697,7.198493,7.916396,10.699526,9.873838,10.708592,9.723866,11.225457,9.159537,8.707793,10.230765,9.564364,10.320294,7.141907,5.509779,4.378158,3.608079,3.521919,17.885806,,0.841564,0.771607,0.069958,0.279837,0.162101,1.067364,0.864035,0.803136,0.0609,0.322702,0.202718,1.117489,0.869908,0.791813,0.078095,0.338737,0.197369,1.12999,0.87405,0.780041,0.09401,0.346958,0.20512,1.134501,0.879089,0.785876,0.093213,0.356791,0.210195,1.13624
2064,15.0,15.0,2.879491,3.086762,2.857481,3.077868,2.789682,3.186851,3.061148,2.789186,3.190028,2.779101,2.76564,2.774913,2.77367,2.781639,2.781157,1.047161,1.204326,1.021085,1.511113,1.010293,1.638452,1.109791,1.000135,1.659473,0.992862,0.986404,0.981357,0.978326,0.980637,0.970086,2.817622,,2.879491,2.76564,0.113851,0.418666,0.116166,0.992205,3.086762,2.774913,0.311849,1.19751,0.130009,1.070672,3.077868,2.77367,0.304198,1.094404,0.152062,1.094886,3.186851,2.781639,0.405212,1.502149,0.156356,1.105927,3.190028,2.781157,0.408871,1.512287,0.158569,1.111853
2071,15.0,15.0,4.324106,4.049459,3.803552,4.597823,3.263617,4.711097,3.81914,3.342676,4.667586,3.144168,3.269643,3.143443,3.833517,3.703737,3.961633,10.605646,9.535716,9.786934,9.13249,9.138672,9.013887,8.036866,9.787443,9.270154,10.336235,9.637596,7.099034,6.213687,6.744269,6.195541,3.220561,,1.629978,1.361174,0.268804,1.05209,0.27741,1.017796,1.508323,1.351734,0.156588,0.777943,0.317308,1.074208,1.491566,1.350959,0.140606,0.782019,0.292732,1.088854,1.524652,1.343524,0.181129,0.878345,0.299981,1.095187,1.497646,1.339422,0.158224,0.827049,0.307355,1.098336
2077,15.0,15.0,11.349151,9.733793,10.243683,10.02462,8.867559,9.936425,8.597367,8.011667,9.976671,7.83856,7.761078,7.936839,7.633427,7.921196,8.175871,14.071061,14.589143,11.240881,14.484475,9.694817,14.578983,12.901731,8.406688,14.45239,7.715,5.753939,9.561877,9.011211,8.806966,8.999726,4.96904,,4.211547,4.246864,-0.035317,2.214428,1.098004,0.94459,4.398241,3.842852,0.555389,2.684141,1.10453,1.008744,4.043426,3.645325,0.398102,2.379853,1.046827,1.020434,4.499687,4.012357,0.48733,2.850277,1.327463,1.02366,4.71721,4.235489,0.481722,3.099815,1.266499,1.024967
2079,15.0,15.0,11.542068,11.362231,10.169085,11.681933,10.418486,11.291003,11.000834,9.522182,11.337949,9.285645,9.933932,10.321898,10.656118,10.324991,10.343686,11.695999,12.193079,10.763377,11.798745,9.346617,11.913881,10.824967,9.271794,11.660811,8.582239,8.085575,6.570705,6.126912,6.263344,6.082107,14.634304,,2.727851,2.3846,0.343251,1.239616,0.370619,0.986302,2.650909,2.496218,0.154691,0.687264,0.44551,1.046551,2.804388,2.609288,0.195101,1.102753,0.469258,1.063999,2.958166,2.61292,0.345246,1.351956,0.526738,1.070699,2.946265,2.617233,0.329031,1.323348,0.530822,1.074057
2081,15.0,15.0,1.635247,1.553397,1.487748,2.045105,1.239031,1.230562,1.495748,1.152983,0.97591,1.066368,0.715922,1.065735,1.406565,0.862128,0.599603,2.984498,2.423685,2.809826,2.006163,2.74486,2.437553,2.362546,2.549052,2.405827,2.488012,2.762511,2.059174,1.711063,1.646984,1.210287,8.618844,,0.207825,0.115323,0.092502,0.269868,0.120584,1.022479,0.309366,0.119238,0.190128,0.596455,0.154138,1.076413,0.378151,0.1213,0.256851,0.847625,0.157947,1.09399,0.374166,0.128934,0.245232,0.798815,0.164192,1.102801,0.385071,0.123029,0.262042,0.834647,0.167533,1.107711
2083,15.0,15.0,5.548271,6.47436,5.215968,6.642895,4.48997,6.334875,6.288678,5.330152,6.426567,5.304656,5.072922,5.971302,5.884691,5.160834,5.601098,5.167991,5.387039,4.822513,5.464031,3.798286,5.78274,5.159204,3.85632,5.835058,3.00717,3.429893,3.154447,3.486578,3.672546,3.647769,3.915942,,0.216595,0.14612,0.070475,0.192769,0.116227,1.004389,0.238832,0.166995,0.071837,0.225028,0.133441,1.069138,0.245268,0.168869,0.076399,0.2362,0.133508,1.085703,0.251449,0.166189,0.08526,0.248501,0.1408,1.092913,0.356684,0.161242,0.195441,0.636961,0.15263,1.097152
2096,15.0,15.0,6.399818,7.01809,6.382645,7.134896,6.143599,7.206082,6.992536,6.539594,7.241322,6.960951,6.525984,6.643412,6.677782,6.834216,6.896964,4.815942,4.926246,4.871608,4.690344,3.868406,5.128389,4.718611,4.199839,5.282173,3.336458,2.146288,1.899395,2.048079,2.27291,2.266683,8.380069,,3.211591,3.141097,0.070494,0.261727,0.115369,1.082418,3.318804,3.140951,0.177853,0.663884,0.128871,1.135875,3.30836,3.142149,0.166211,0.701125,0.142532,1.151031,3.437707,3.154026,0.28368,1.041572,0.153075,1.156124,3.354388,3.157023,0.197365,0.734168,0.155631,1.158178
2097,15.0,15.0,0.295998,0.439713,0.269406,0.50535,0.231851,0.475832,0.404782,0.214743,0.485602,0.216159,0.201905,0.212579,0.212432,0.21806,0.22388,0.355097,0.369031,0.318369,0.536815,0.304378,0.561504,0.324274,0.282376,0.53103,0.275744,0.249792,0.244744,0.244607,0.255403,0.246532,1.053836,,0.295998,0.201905,0.094093,0.332793,0.144125,1.079724,0.439713,0.212579,0.227134,0.830952,0.172236,1.133601,0.50535,0.212432,0.292918,1.034196,0.189247,1.147385,0.475832,0.21806,0.257772,0.907848,0.18719,1.15194,0.485602,0.22388,0.261723,0.931418,0.194203,1.153796
2110,16.0,16.0,1.256698,1.41746,1.235349,1.407146,1.168912,1.426189,1.39178,1.14887,1.380672,1.135855,1.11011,1.116847,1.113946,1.11552,1.123656,0.562438,0.639118,0.526011,0.780132,0.244301,0.698408,0.594667,0.217912,0.730494,0.197552,0.192225,0.188762,0.18142,0.186043,0.189212,27.143625,,1.324787,1.171308,0.153479,0.456755,0.159389,1.027935,1.492444,1.174873,0.317571,1.201185,0.172083,1.08547,1.48125,1.17097,0.31028,1.506787,0.194049,1.099902,1.501292,1.173038,0.328255,1.539357,0.212336,1.105543,1.451858,1.177286,0.274573,1.110718,0.212948,1.10829
2127,16.0,16.0,1.464278,1.248946,1.435332,1.257621,1.189428,1.434129,1.220191,1.307842,1.528142,1.157409,1.167256,1.163687,1.157607,1.15912,1.157406,9.854565,9.996111,9.832988,9.965457,9.797468,10.120621,9.853632,9.786368,10.205568,9.779371,9.78536,9.77784,9.776291,9.781266,9.776732,1.130078,,1.464278,1.167256,0.297022,0.931593,0.125158,1.006202,1.248946,1.163687,0.085259,0.279049,0.137762,1.067756,1.257621,1.157607,0.100013,0.285445,0.154297,1.083599,1.434129,1.15912,0.275009,0.896924,0.161377,1.089366,1.528142,1.157406,0.370737,1.27241,0.163609,1.092117
2136,15.0,15.0,7.13497,7.124413,6.385743,6.659489,6.638594,7.134428,6.416437,6.42465,7.204957,5.859786,5.600395,6.080111,6.187095,6.536041,6.885438,9.436529,7.515968,9.302968,7.198383,8.60649,7.352889,7.061719,8.855968,7.239021,9.161228,8.610804,6.032408,5.470703,5.632986,5.458454,7.726244,,2.37379,1.714495,0.659295,2.291042,0.181676,1.096853,2.313101,1.705093,0.608008,2.526261,0.212233,1.138458,2.245844,1.731104,0.514739,2.191694,0.235644,1.147077,2.333563,1.730092,0.603471,2.455674,0.255655,1.148966,2.349246,1.744264,0.604982,2.350599,0.255457,1.149123
2137,15.0,15.0,3.18188,3.44612,2.959046,3.328303,2.406907,3.389844,3.109831,2.649897,3.116624,1.852523,1.607878,2.371247,2.153318,1.392674,1.394373,10.160745,9.725068,9.314231,8.873815,7.225374,8.570138,9.034679,4.991146,8.470287,6.193882,4.45907,4.089913,3.476777,3.514892,2.878164,2.361728,,1.572682,0.299736,1.272946,2.893291,0.558768,0.983164,1.359021,0.281168,1.077853,2.012379,0.513104,1.052714,1.669161,0.305231,1.36393,2.652142,0.617538,1.06243,1.899309,0.352787,1.546522,2.95789,0.636859,1.064781,1.861101,0.288904,1.572197,2.967343,0.666371,1.064883
2152,15.0,15.0,5.066,4.857188,5.021923,5.371687,4.877872,5.139648,4.769263,5.122334,5.316504,5.183412,5.02764,4.006626,4.791898,4.950022,5.284588,3.445066,3.238017,3.47871,3.241302,2.743246,3.153723,3.053704,2.337822,3.124922,1.691855,1.433062,1.355499,1.553751,1.530943,1.529942,4.975511,,3.969631,3.948877,0.020755,0.184768,0.122122,0.990792,3.974994,3.941809,0.033184,0.20591,0.135676,1.052097,3.980825,3.948533,0.032292,0.21929,0.139853,1.07109,3.980175,3.947077,0.033097,0.230218,0.149364,1.079692,3.981497,3.948283,0.033214,0.23078,0.147508,1.084568
2153,15.0,15.0,8.14128,8.402418,7.936138,9.012348,8.160408,8.526808,7.762875,7.33495,8.280242,7.750351,8.372684,7.335968,8.543574,8.024434,8.144308,7.92168,7.410248,7.893262,7.929148,7.751373,7.849942,6.996543,7.638961,7.536683,7.543843,6.759235,5.538785,6.465737,6.591842,5.620331,4.498534,,0.407256,0.202447,0.204809,0.647902,0.190365,1.071887,0.467772,0.21017,0.257602,0.769516,0.19231,1.126487,1.012484,0.219268,0.793216,2.304187,0.246845,1.139851,1.004177,0.223311,0.780867,2.255148,0.266448,1.143899,0.899461,0.225459,0.674002,1.926687,0.245761,1.14542
2154,16.0,16.0,2.994199,3.428569,2.924321,2.703855,2.788226,3.441787,3.362964,2.895725,3.544779,2.816016,3.146546,3.39976,2.812999,3.411272,3.423886,3.38389,2.973008,3.329817,3.365818,2.324979,3.458036,2.951975,2.310566,2.85136,2.29851,2.299235,1.582513,2.593607,2.935628,1.993684,8.541419,,0.182394,0.134791,0.047603,0.173887,0.097563,1.010913,0.206376,0.140639,0.065736,0.216577,0.120235,1.063801,0.287383,0.133022,0.154361,0.500591,0.139703,1.08193,0.222358,0.134965,0.087393,0.240492,0.138511,1.090692,0.223774,0.134685,0.089089,0.243809,0.14378,1.09574
2158,15.0,15.0,2.195903,2.233949,2.113267,2.468509,1.684675,2.488152,2.121827,1.280613,2.085874,1.505318,1.418792,2.238586,2.391704,2.222254,1.91386,2.758902,2.990571,2.615397,3.437908,2.12788,3.06275,2.437625,2.129694,3.382416,1.966132,1.433086,1.895963,1.557531,1.964829,2.659338,1.210682,,0.586967,0.489276,0.097691,0.375967,0.132575,0.974037,0.569546,0.492714,0.076832,0.49138,0.148682,1.02871,0.565746,0.492603,0.073143,0.447992,0.158437,1.051214,0.665763,0.479437,0.186326,0.893447,0.171693,1.06176,0.599747,0.486433,0.113315,0.633756,0.172869,1.066729
2170,30.0,30.0,2.270547,2.430062,2.146018,2.554007,1.733087,2.464246,2.283466,1.631788,2.579787,1.786732,1.463891,2.032539,2.02408,1.709509,2.034914,2.570105,2.232365,2.267996,2.422383,1.431536,2.477881,1.978897,1.159844,2.614599,0.973972,0.793151,0.69176,0.560454,0.513794,0.521684,2.669542,,1.136209,0.802873,0.333337,1.180136,0.145213,1.025439,1.239851,0.805515,0.434336,1.77208,0.153051,1.088111,1.308833,0.808806,0.500027,2.071009,0.1724,1.105152,1.404289,0.809453,0.594836,2.427437,0.179253,1.11126,1.400495,0.808783,0.591712,2.338279,0.1803,1.114018
2177,15.0,15.0,6.426768,6.730141,6.116011,6.444009,5.496017,7.042374,6.426312,5.573922,7.117063,5.462408,5.20113,5.649329,5.507619,5.586588,5.812367,8.871321,8.937724,7.968473,8.670014,6.353768,8.316052,7.940158,6.092005,8.548648,5.557628,4.846939,5.24401,5.521423,5.183555,5.027264,6.444558,,5.804293,5.194699,0.609594,2.436587,0.754728,0.950966,6.191352,5.212597,0.978756,3.502887,1.178867,1.007753,6.166704,5.271761,0.894943,3.265227,1.188239,1.012836,6.416853,5.325324,1.091529,4.142558,1.387857,1.012773,6.424827,5.349764,1.075063,4.032559,1.541724,1.011921
2179,15.0,15.0,1.113521,1.1437,1.072724,1.151405,1.060391,1.158511,1.092151,1.044943,1.197361,1.056644,1.042868,1.039705,1.037788,1.042678,1.048933,0.897373,1.293209,0.861794,1.403159,0.860391,1.66873,1.214786,0.845147,2.028714,0.834138,0.835234,0.836161,0.83839,0.840837,0.829604,1.445605,,1.113521,1.042868,0.070653,0.265196,0.134492,1.024959,1.1437,1.039705,0.103995,0.364891,0.151637,1.081884,1.151405,1.037788,0.113617,0.393041,0.148916,1.099941,1.158511,1.042678,0.115833,0.406008,0.168523,1.107759,1.197361,1.048933,0.148428,0.550754,0.162074,1.111627
2182,30.0,30.0,2.751929,2.77167,2.6579,3.213628,2.564098,2.883325,2.650769,2.326845,2.750765,2.502601,2.11466,2.264361,2.431972,2.393729,2.321031,3.083468,3.397362,2.957713,3.25445,2.468645,3.086149,3.111077,2.099259,3.183241,2.266566,1.753008,2.823712,2.684559,1.973686,1.91579,3.31257,,1.727791,1.646084,0.081707,0.35439,0.186322,1.039571,1.782324,1.665057,0.117267,0.498289,0.207509,1.09337,1.958942,1.650825,0.308117,1.063417,0.229721,1.109663,1.881656,1.66742,0.214236,0.779125,0.243639,1.116311,1.878336,1.658342,0.219994,0.80687,0.260051,1.119313
2185,15.0,15.0,3.443518,3.275227,3.381239,3.561482,2.757951,3.68512,3.156102,3.019964,3.950887,2.809175,2.724064,2.769831,2.722459,2.74931,2.880319,6.005718,5.517494,5.54801,6.195883,5.406425,6.137973,6.02042,4.85839,6.038249,5.577918,6.197034,3.390906,5.279846,5.063638,4.803615,3.530233,,1.281826,1.15381,0.128017,1.064688,0.423792,1.020167,1.574589,1.15573,0.418859,2.163907,0.448365,1.081655,1.68771,0.999538,0.688172,2.678574,0.37293,1.10277,1.783129,1.002299,0.78083,2.963873,0.368605,1.112284,1.842072,1.005054,0.837018,3.19219,0.37249,1.117053
2195,15.0,15.0,5.471996,5.359518,4.760262,5.248338,2.993994,5.257888,4.854181,2.900189,5.652968,2.745077,2.196743,3.036062,2.608259,2.408953,2.733867,6.866504,7.353758,6.124198,7.791098,4.031477,7.664918,6.689897,4.34812,7.839269,4.386036,2.203797,2.633864,3.147373,3.2204,3.270155,4.585116,,3.370256,1.303317,2.066939,5.092532,1.152066,0.955573,3.696481,1.736521,1.95996,4.359797,2.175014,1.019923,3.894808,1.445747,2.449061,5.030738,1.950523,1.029839,4.210928,1.288529,2.922399,5.90162,2.062012,1.035,4.670615,1.468068,3.202546,6.515624,1.972339,1.036249
2196,16.0,16.0,4.463052,3.587546,4.281224,3.351086,3.596985,3.323309,3.612848,3.816515,3.231588,3.321893,3.260911,2.49876,2.519511,2.196922,2.152688,5.336597,6.263876,4.670794,5.952544,4.464905,6.431122,5.325159,4.282503,6.355188,2.858089,3.019673,2.975372,2.819121,3.295602,3.429237,15.721442,,0.270522,0.214016,0.056506,0.229561,0.152434,1.05682,0.279397,0.209766,0.069632,0.258493,0.180469,1.121694,0.306905,0.214636,0.092268,0.331624,0.193708,1.141041,0.330086,0.213415,0.116671,0.410878,0.195734,1.147884,0.337654,0.215238,0.122417,0.42055,0.197654,1.151029
2197,15.0,15.0,12.625886,10.929432,11.935413,10.529712,12.00104,10.256123,10.557376,11.910111,10.108241,11.888236,11.464101,10.441074,9.482213,9.365963,9.466365,24.370669,20.586891,24.352622,20.523949,23.986554,20.989332,20.789134,23.912725,20.471365,23.988126,25.666302,20.308325,18.450303,18.917484,18.198384,12.344811,,7.289394,7.288518,0.000876,1.184644,0.118163,1.007836,7.226902,7.301973,-0.07507,1.227565,0.136511,1.071897,7.233289,7.299869,-0.066579,1.241202,0.145825,1.090846,7.170398,7.290891,-0.120494,1.302097,0.152814,1.098638,7.145938,7.295645,-0.149707,1.167654,0.150688,1.102656
2198,15.0,15.0,6.007213,6.052732,5.818961,6.254573,5.764969,5.918342,5.87844,5.594075,6.036582,5.523369,5.381226,5.144291,5.186694,5.066778,5.13531,6.613624,6.460946,5.882416,6.302848,5.73128,6.515363,5.728862,5.417602,6.316189,5.002652,4.560713,4.901722,4.88942,4.940659,4.799282,8.022619,,4.308064,3.423861,0.884203,3.161681,1.575,0.977186,4.513204,3.528814,0.98439,3.372802,1.581992,1.041455,4.48614,3.458431,1.027709,3.463611,1.653237,1.050306,4.364987,3.526204,0.838784,3.214492,1.643664,1.051328,4.394796,3.424273,0.970523,3.368574,1.812692,1.051085
2199,15.0,15.0,2.643709,2.853773,2.617882,2.775157,2.585308,2.827973,2.821581,2.58461,2.828134,2.578707,2.572409,2.578199,2.586509,2.590458,2.589923,1.826791,2.424453,1.793054,2.466505,1.253378,2.377238,2.379187,1.240536,2.285678,1.245632,1.231792,1.220285,1.229325,1.233468,1.234187,2.55117,,2.782551,2.734182,0.04837,0.202428,0.13554,1.026713,2.921973,2.738643,0.183331,0.682819,0.164545,1.082747,2.953359,2.749647,0.203712,0.638734,0.17835,1.09924,3.007665,2.750516,0.257149,0.705166,0.175898,1.106478,3.007935,2.753305,0.254629,0.684875,0.186458,1.110467
2205,15.0,15.0,0.273654,0.345387,0.228802,0.489165,0.127734,0.487621,0.294229,0.108608,0.490005,0.101612,0.082222,0.089249,0.097088,0.095803,0.087116,3.507656,4.54561,3.441424,4.487782,1.685997,4.594937,4.472574,2.113938,4.798461,0.574301,0.570967,0.650795,0.576221,0.585679,0.607025,0.351885,,0.273654,0.082222,0.191431,0.570121,0.125027,0.983955,0.345387,0.089249,0.256139,0.626998,0.152538,1.046188,0.489165,0.097088,0.392077,0.936659,0.161035,1.064887,0.487621,0.095803,0.391818,0.938119,0.158481,1.07292,0.490005,0.087116,0.402889,0.942873,0.162023,1.077127
2215,15.0,15.0,5.321004,5.328226,5.304552,5.357165,5.30572,5.377925,5.310267,5.299541,5.410054,5.309938,5.294512,5.288576,5.304421,5.297769,5.299937,7.331428,7.603165,7.310114,7.625127,7.19069,7.696596,7.570726,7.18288,7.750264,7.192555,7.173316,7.165058,7.166867,7.172637,7.169222,5.295198,,5.321004,5.294512,0.026492,0.20683,0.125192,1.038761,5.328226,5.288576,0.03965,0.237107,0.141343,1.093275,5.357165,5.304421,0.052744,0.342654,0.152368,1.109362,5.377925,5.297769,0.080156,0.430257,0.156508,1.116138,5.410054,5.299937,0.110118,0.539175,0.15243,1.119427
2217,15.0,15.0,27.446145,28.361767,26.045511,28.469546,24.673913,28.388263,27.774985,24.988403,27.970243,25.109794,26.302348,26.63478,27.001188,26.800573,26.175117,28.17608,28.23496,26.381113,27.08871,26.995844,26.63655,26.467817,27.997838,26.655884,27.219597,26.220068,26.784096,24.791733,22.159939,22.170906,31.495029,,24.383395,21.625382,2.758013,10.085671,4.499504,0.888422,23.843265,21.751492,2.091773,8.684724,4.526699,0.968124,24.14884,21.646208,2.502632,8.540113,4.499037,0.975887,24.397906,22.90271,1.495196,7.829571,5.626262,0.976337,24.572546,22.997455,1.57509,8.508815,5.373191,0.975626
2224,15.0,15.0,4.695494,4.8405,4.526376,4.471551,4.718678,4.360059,4.851973,4.75622,4.585462,4.701838,4.678504,4.791527,4.460619,4.465821,4.487481,2.847935,3.39085,1.61919,3.396876,2.010851,3.427342,2.501434,1.523454,3.367756,1.484769,1.533401,1.949552,1.806698,2.096567,2.015506,3.188074,,2.689979,2.623235,0.066744,0.261452,0.132173,0.969574,2.712306,2.615926,0.09638,0.339378,0.147993,1.044543,2.707142,2.626519,0.080623,0.306964,0.150837,1.068533,2.712635,2.620679,0.091955,0.323314,0.154467,1.077932,2.782195,2.620309,0.161886,0.573336,0.161777,1.082436
2231,15.0,15.0,0.512689,0.63392,0.47874,0.557521,0.479492,0.588468,0.588469,0.462277,0.745052,0.447639,0.445171,0.452066,0.458051,0.460467,0.463992,0.954708,0.865193,0.904336,0.922172,0.168386,1.213938,0.803629,0.143972,1.290074,0.139733,0.126293,0.144006,0.138683,0.141767,0.138743,0.833584,,0.538107,0.476021,0.062086,0.203244,0.132217,1.031211,0.666738,0.482657,0.184081,0.665751,0.157863,1.079677,0.583363,0.488838,0.094526,0.305829,0.163537,1.097599,0.616487,0.491461,0.125026,0.435817,0.166535,1.104869,0.784452,0.493072,0.291379,1.089821,0.162492,1.108446
2232,15.0,15.0,2.165037,2.483629,2.123498,2.34454,2.126823,2.377668,2.416974,2.122284,2.517109,2.117135,2.084633,2.089088,2.113246,2.107216,2.109653,1.483877,1.54685,1.436129,1.485556,1.421731,1.588017,1.473533,1.404178,1.663506,1.398554,1.360431,1.358629,1.375137,1.385625,1.370675,2.046768,,2.165037,2.084633,0.080405,0.49192,0.157023,1.082549,2.483629,2.089088,0.394541,1.424548,0.186411,1.137484,2.34454,2.113246,0.231295,1.021565,0.198815,1.152767,2.377668,2.107216,0.270453,0.910651,0.206141,1.157632,2.517109,2.109653,0.407456,1.355183,0.204166,1.15918
2235,16.0,16.0,5.309863,5.42363,5.158998,5.056976,5.050642,5.706384,5.162057,4.498061,5.64675,4.33327,4.402446,4.327875,3.946243,4.56512,4.631268,4.546566,4.5656,4.178236,4.554213,4.311771,3.951776,4.013075,4.368101,3.908771,3.587813,2.765291,2.36178,4.141902,1.995075,2.83129,7.724273,,2.350666,1.720163,0.630503,1.407952,0.3385,1.057396,2.159451,1.821306,0.338145,0.99147,0.403739,1.11824,2.144584,1.756246,0.388338,0.843051,0.500374,1.130282,2.385532,1.850629,0.534903,1.312661,0.459723,1.132782,2.447386,1.954016,0.49337,1.311918,0.532174,1.133673
2238,15.0,15.0,1.828479,1.857109,1.798574,1.989838,1.776893,2.053009,1.817848,1.765059,2.014331,1.765454,1.75714,1.757534,1.745312,1.750036,1.754192,1.358343,2.366215,1.326404,2.274286,0.723795,2.563594,2.307961,0.717028,2.571867,0.704176,0.682892,0.694596,0.697839,0.69693,0.703388,2.542171,,1.828479,1.75714,0.071339,0.274755,0.150225,1.011443,1.857109,1.757534,0.099575,0.348496,0.164802,1.067235,1.989838,1.745312,0.244525,0.813989,0.179651,1.0825,2.053009,1.750036,0.302972,0.997958,0.191279,1.088574,2.014331,1.754192,0.260139,0.846222,0.198076,1.091969
2239,15.0,15.0,0.926189,0.817697,0.880985,0.904307,0.478866,0.910754,0.762608,0.468109,0.930545,0.455014,0.443745,0.441987,0.445805,0.446054,0.448142,0.295197,0.399319,0.246083,0.623942,0.235221,0.72832,0.341312,0.225338,0.898268,0.216875,0.18603,0.203407,0.202815,0.198879,0.203994,0.418522,,0.926189,0.443745,0.482444,1.713256,0.169547,1.063866,0.817697,0.441987,0.37571,1.209493,0.175293,1.119294,0.904307,0.445805,0.458502,1.51261,0.179924,1.134484,0.910754,0.446054,0.464701,1.539386,0.189664,1.140164,0.930545,0.448142,0.482403,1.64433,0.195415,1.142822
2243,15.0,15.0,4.55538,4.503451,4.301855,4.323009,4.364253,3.850966,4.233149,4.263686,3.969678,4.188062,4.162065,4.10585,3.734707,3.536749,3.609023,6.573589,5.604596,6.54117,5.389012,4.318625,5.307654,5.337268,4.224391,5.38301,4.15438,3.490124,1.662107,1.170159,1.335761,1.765628,5.566223,,2.387653,2.081531,0.306121,1.173451,0.181892,0.990927,2.169266,2.073626,0.09564,0.332785,0.200196,1.058589,2.253332,2.064319,0.189013,0.892395,0.226175,1.079006,2.299685,2.058918,0.240767,1.580936,0.213162,1.086145,2.371942,2.08125,0.290693,1.769568,0.228633,1.08936
2259,15.0,15.0,13.046536,14.428984,12.351644,14.272587,12.897897,13.429444,13.409198,11.665379,13.414094,12.754409,11.595386,12.67235,12.42798,12.282622,12.973789,16.290926,12.600567,15.791229,11.568371,13.247657,12.009081,10.97988,12.369745,11.737306,12.928584,13.179312,7.368585,7.789084,8.967908,8.870616,20.282652,,0.476547,0.16716,0.309387,0.886452,0.148017,0.983155,0.497403,0.173597,0.323806,0.89681,0.154314,1.036395,0.575329,0.177873,0.397456,1.173162,0.168764,1.051161,0.587552,0.183051,0.404501,1.183561,0.160821,1.05668,0.946455,0.19181,0.754645,1.988942,0.174848,1.059483
2263,15.0,14.0,4.13296,4.331432,4.079823,4.099991,3.936733,4.174837,4.124012,3.933606,4.278704,3.857027,3.753025,3.736696,3.766435,3.725671,3.768418,3.948065,4.491804,3.338952,4.676744,3.249766,4.827284,3.454372,3.391749,4.710812,3.068799,2.918438,2.823297,2.750673,2.778103,2.759611,4.039225,,4.069745,4.020522,0.049223,0.193031,0.114729,0.989031,3.999798,4.012325,-0.012527,0.519623,0.130923,1.058601,4.057689,4.007013,0.050676,0.635274,0.148034,1.077943,4.040072,4.008858,0.031214,0.708159,0.153228,1.085965,4.055505,4.001689,0.053816,0.717164,0.165905,1.090252
2272,15.0,15.0,1.108293,1.283823,1.081498,1.373475,1.063861,1.484728,1.241275,1.047639,1.496858,1.036439,1.034013,1.038071,1.052478,1.049874,1.038199,3.713486,3.800901,3.662462,3.901243,3.653001,3.935887,3.730759,3.631795,4.097025,3.631448,3.588654,3.593581,3.597968,3.595612,3.599503,1.003501,,1.108293,1.034013,0.07428,0.287967,0.157594,1.020183,1.283823,1.038071,0.245752,0.96184,0.189013,1.079327,1.373475,1.052478,0.320997,1.238488,0.197222,1.098826,1.484728,1.049874,0.434854,1.672035,0.216903,1.106109,1.496858,1.038199,0.458659,1.64369,0.220014,1.109318
2275,16.0,16.0,40.544868,40.289738,40.522074,41.327405,40.11806,40.505505,39.70456,40.098025,40.611521,40.016186,40.45201,39.722998,40.796924,40.911758,40.661464,42.218428,40.831961,42.099016,41.855563,42.770109,41.911114,40.211957,41.92367,42.521741,42.755879,40.606076,38.843133,40.215701,40.524439,41.359756,36.975305,,41.582779,41.742661,-0.159883,0.905142,0.1913,1.049631,41.592338,41.754157,-0.161819,0.854281,0.221793,1.106759,41.634107,41.764167,-0.13006,0.919288,0.220542,1.121558,41.491937,41.751568,-0.259631,1.491001,0.236337,1.126882,41.552703,41.774527,-0.221824,1.703617,0.241606,1.129771
2277,15.0,15.0,2.863617,3.487125,2.774849,3.080237,2.929952,3.002938,3.510136,2.827486,3.051113,2.663006,2.739164,3.240594,2.577204,2.323608,2.611089,4.524795,6.139929,4.190383,6.205952,1.600415,6.248035,6.061004,1.52768,6.425535,0.894932,0.611322,0.745796,0.964791,0.991208,0.778543,2.854672,,0.167247,0.100052,0.067195,0.172025,0.109118,0.94321,0.188634,0.114948,0.073686,0.197893,0.130098,1.010512,0.196457,0.117593,0.078865,0.210228,0.13165,1.030369,0.281611,0.11781,0.163801,0.50576,0.150702,1.038333,0.206816,0.115532,0.091285,0.224241,0.144986,1.042324
2279,15.0,15.0,3.008751,3.069355,2.971751,3.0547,2.888494,3.098218,3.006427,2.856004,3.151685,2.81013,2.782538,2.79322,2.795813,2.810834,2.817079,0.857649,1.016531,0.795854,1.173569,0.721132,1.239241,0.954744,0.669197,1.243088,0.686405,0.641845,0.662347,0.679767,0.69857,0.712789,4.11698,,3.008751,2.782538,0.226213,0.673305,0.189424,0.975042,3.069355,2.79322,0.276135,0.831663,0.226105,1.050176,3.0547,2.795813,0.258887,0.754282,0.218901,1.066991,3.098218,2.810834,0.287385,0.789071,0.248243,1.072887,3.151685,2.817079,0.334606,0.876046,0.259632,1.075443
2285,15.0,15.0,5.346111,5.70747,5.21458,5.98456,5.700888,5.887914,5.589242,4.497429,5.825208,4.799513,4.605152,4.787431,4.552206,4.631875,4.506718,22.140395,21.637597,21.551027,22.11455,21.792458,22.245788,20.757233,21.379034,22.475326,21.340998,20.938002,20.668964,21.172224,20.980353,21.478955,6.095395,,3.15983,2.855044,0.304786,0.915641,0.18575,0.980338,3.277644,2.857626,0.420018,0.969791,0.197643,1.0467,3.495878,2.879691,0.616187,1.3923,0.22741,1.0647,3.505489,2.895893,0.609597,1.392666,0.23653,1.071699,3.509895,2.901882,0.608013,1.389962,0.255602,1.074872
2295,15.0,15.0,5.066621,3.918019,4.644888,4.613689,4.70388,4.24213,3.7284,4.325862,4.397468,4.166834,3.583101,3.3405,2.924803,3.624704,3.383951,9.827745,10.052232,8.768318,10.16043,8.856496,9.92541,8.684046,8.704209,9.972148,9.447355,6.94101,7.001154,8.443095,7.049302,7.02134,8.569975,,0.19937,0.138375,0.060996,0.187126,0.111608,0.97698,0.215524,0.134399,0.081124,0.210916,0.120029,1.037786,0.228712,0.14702,0.081692,0.227067,0.128057,1.055025,0.23695,0.153176,0.083774,0.237189,0.134118,1.061612,0.2384,0.153522,0.084878,0.239119,0.132175,1.065292
2301,15.0,15.0,0.198442,0.222812,0.156013,0.241608,0.150687,0.339349,0.175497,0.127977,0.378525,0.137101,0.111903,0.102074,0.108325,0.108319,0.116533,14.851052,14.838319,14.819806,14.904777,13.838993,14.845679,14.801711,13.767776,14.851224,13.786303,13.778356,13.787841,13.767367,13.783956,13.764915,4.168772,,0.198442,0.111903,0.086539,0.230046,0.137402,0.992657,0.222812,0.102074,0.120738,0.265571,0.16661,1.050117,0.241608,0.108325,0.133283,0.31273,0.172365,1.065932,0.339349,0.108319,0.231029,0.653849,0.174179,1.071577,0.378525,0.116533,0.261992,0.786598,0.186727,1.075176
2303,15.0,15.0,1.752116,1.825875,1.702106,1.832947,1.448158,1.84953,1.77087,1.424741,1.801452,1.420609,1.404975,1.407202,1.415841,1.421581,1.424566,1.366416,1.458924,1.311022,1.669592,1.270589,1.904129,1.399269,1.254393,2.037224,1.236412,1.226794,1.216894,1.23707,1.241499,1.238909,0.83248,,1.752116,1.404975,0.347141,1.254184,0.157545,1.061602,1.825875,1.407202,0.418674,1.258125,0.192796,1.121935,1.832947,1.415841,0.417106,1.216085,0.192571,1.139985,1.84953,1.421581,0.427949,1.358243,0.198183,1.14749,1.801452,1.424566,0.376886,1.114886,0.193713,1.151218
2304,15.0,15.0,0.243099,0.260704,0.217694,0.264803,0.22371,0.272507,0.224812,0.214313,0.274907,0.214479,0.194999,0.210081,0.202229,0.206086,0.206029,0.555671,0.602439,0.529421,0.628014,0.305776,0.617711,0.568759,0.296698,0.637238,0.299515,0.280911,0.283257,0.28642,0.284082,0.2851,2.777053,,0.243099,0.194999,0.0481,0.192054,0.129566,1.024234,0.260704,0.210081,0.050623,0.220631,0.140638,1.075962,0.264803,0.202229,0.062574,0.233929,0.146675,1.090909,0.272507,0.206086,0.066421,0.242933,0.153935,1.097646,0.274907,0.206029,0.068879,0.248186,0.156599,1.101197
2305,15.0,15.0,1.257982,1.1126,1.226456,1.311225,1.033734,1.521504,1.080459,0.792501,1.23944,0.748793,0.950163,0.900319,1.019355,1.032263,1.040425,2.69353,2.866361,2.557318,3.038786,2.060367,2.828993,2.592876,2.00581,3.083374,2.231068,2.181066,2.198472,2.194132,2.195969,2.196882,23.870852,,0.234389,0.136357,0.098032,0.253902,0.145196,1.02488,0.310083,0.147988,0.162094,0.486079,0.15904,1.084859,0.336794,0.144602,0.192192,0.541654,0.175649,1.100203,0.362416,0.136734,0.225681,0.624285,0.174437,1.105832,0.35445,0.142535,0.211914,0.608655,0.181103,1.108501
2306,15.0,15.0,4.640504,5.262083,4.421903,6.105526,4.471898,6.303731,4.613568,4.060276,5.998882,4.12104,3.810788,4.851987,5.065805,5.262803,5.688418,4.449913,4.654968,4.273564,4.36748,2.133905,4.679006,3.712115,3.066831,4.681601,2.31891,2.850621,1.533538,1.53455,1.533919,1.596479,4.942327,,0.294787,0.238756,0.056031,0.291027,0.121919,1.01671,0.38179,0.247469,0.134321,0.562201,0.148092,1.081864,0.445939,0.250246,0.195694,0.821388,0.155732,1.101232,0.312358,0.247344,0.065014,0.311904,0.161977,1.109296,0.299321,0.246341,0.05298,0.260178,0.169636,1.113223
2311,15.0,15.0,4.58562,4.142207,4.389213,3.862679,4.674797,3.95991,3.789801,4.162764,4.208206,4.501711,4.544259,4.00282,3.96176,3.82351,4.030225,3.018609,2.738992,2.485791,3.292549,2.490903,2.816048,2.428898,2.191592,2.644971,2.323388,2.175544,1.866725,2.25925,1.780029,1.110384,13.386046,,0.242599,0.155243,0.087356,0.212613,0.131476,1.053782,0.332673,0.168425,0.164248,0.522913,0.150419,1.10512,0.286299,0.157965,0.128334,0.3183,0.160692,1.119364,0.299822,0.161719,0.138103,0.351485,0.164535,1.124598,0.32395,0.162037,0.161913,0.445637,0.158491,1.127029
2316,15.0,15.0,3.653134,3.360227,3.045172,3.551751,3.267383,3.280557,3.348636,3.247656,3.024286,2.477464,2.531965,2.848006,2.803163,3.140891,2.989499,4.538442,4.049591,4.503614,3.545761,4.067877,4.050443,3.850832,4.066944,3.761046,4.253119,4.623733,3.595647,1.83962,2.49421,2.450512,5.650282,,2.419819,2.386475,0.033344,0.189399,0.131291,1.028544,2.426644,2.382187,0.044457,0.220808,0.152657,1.08851,2.463502,2.370391,0.093111,0.345026,0.170491,1.10775,2.449764,2.371686,0.078077,0.289027,0.17311,1.115041,2.468491,2.386179,0.082311,0.325253,0.1738,1.118426
2321,15.0,15.0,1.062783,1.222944,0.997623,0.862062,0.719657,0.887275,1.153901,0.69517,0.961129,0.71131,0.687154,0.687357,0.693873,0.699162,0.701655,0.257442,0.603516,0.221993,0.793438,0.174102,0.849999,0.569555,0.162717,0.820835,0.153757,0.139281,0.129427,0.148278,0.145381,0.158705,6.863385,,1.062783,0.687154,0.375629,1.518767,0.140226,1.054194,1.222944,0.687357,0.535587,2.1215,0.155955,1.110104,0.862062,0.693873,0.168189,0.649372,0.162692,1.124893,0.887275,0.699162,0.188112,0.767431,0.156953,1.130024,0.961129,0.701655,0.259474,1.055326,0.165725,1.13237
2325,15.0,15.0,15.904516,16.564047,15.788884,16.696974,16.381643,16.729765,16.365923,15.936227,16.584728,16.459345,16.447945,16.718289,16.73412,16.628854,16.103007,21.623912,21.464356,19.607133,22.107676,19.234968,21.947013,19.52317,19.764191,21.732627,19.335417,19.569707,20.008423,20.678742,20.114683,20.018175,17.02676,,11.793239,11.672797,0.120441,1.658557,0.11019,0.964394,11.767352,11.674155,0.093197,1.61434,0.126294,1.019916,11.792495,11.680774,0.111721,1.666544,0.137619,1.034697,11.795409,11.670026,0.125383,2.04569,0.145812,1.040368,12.005564,11.667232,0.338332,2.844294,0.157352,1.043272
2327,15.0,15.0,0.450784,0.526951,0.420592,0.618529,0.338562,0.729275,0.467749,0.349568,0.882743,0.327169,0.297349,0.279639,0.353471,0.40394,0.399617,0.794874,1.274071,0.71625,1.267367,0.325903,1.414225,1.170774,0.379236,1.222012,0.269418,0.231514,0.238691,0.217515,0.253756,0.255161,0.314556,,0.470374,0.313719,0.156654,0.499881,0.189188,1.047552,0.548995,0.294631,0.254364,0.745259,0.211484,1.105947,0.554088,0.371333,0.182754,0.667844,0.254087,1.1192,0.765444,0.427762,0.337681,1.076584,0.304189,1.123605,0.910203,0.42313,0.487073,1.661726,0.291194,1.125792
2331,16.0,16.0,4.873195,5.205883,4.503567,5.179966,4.671852,5.721415,5.071239,4.499559,5.937857,4.663245,4.190976,4.812413,4.936824,5.267545,5.223917,4.675086,5.54787,4.71496,5.65077,4.459006,5.797997,5.67957,4.154149,5.974365,4.258257,4.590482,4.74261,3.074642,3.256609,2.728504,2.748237,,0.172217,0.08997,0.082247,0.184582,0.127316,0.98906,0.191351,0.086084,0.105267,0.218504,0.149895,1.052578,0.19866,0.080663,0.117998,0.227809,0.156695,1.071883,0.254434,0.083558,0.170876,0.413416,0.152973,1.080436,0.256832,0.087219,0.169613,0.416107,0.157932,1.085195
2334,15.0,15.0,0.247738,0.331269,0.21743,0.607326,0.2194,0.559185,0.296631,0.203198,0.62715,0.203866,0.16902,0.191269,0.197557,0.201573,0.209915,0.243734,0.541088,0.194355,0.58658,0.184278,0.590854,0.490564,0.160231,0.597803,0.170668,0.113212,0.099704,0.097445,0.105325,0.111771,0.907977,,0.247738,0.16902,0.078718,0.205397,0.147323,1.035815,0.331269,0.191269,0.14,0.461888,0.166815,1.091586,0.607326,0.197557,0.409769,1.396707,0.186192,1.106534,0.559185,0.201573,0.357612,1.202914,0.186068,1.113148,0.62715,0.209915,0.417236,1.399718,0.180728,1.117039
2351,15.0,15.0,0.217748,0.322795,0.181311,0.329194,0.145572,0.414989,0.280461,0.13794,0.35477,0.138003,0.076795,0.077089,0.082926,0.093665,0.087909,0.228498,0.293699,0.183476,0.304255,0.150886,0.427035,0.2399,0.146545,0.465162,0.136947,0.074669,0.086426,0.095758,0.097111,0.100534,0.533419,,0.217748,0.076795,0.140953,0.290475,0.152925,1.053293,0.322795,0.077089,0.245706,0.653208,0.169535,1.114277,0.329194,0.082926,0.246267,0.616576,0.179593,1.128488,0.414989,0.093665,0.321324,0.904536,0.183293,1.134062,0.35477,0.087909,0.266861,0.652323,0.176101,1.137377
2359,15.0,15.0,4.132891,4.096474,3.819083,3.833078,3.337856,4.985398,3.855943,3.093268,4.578233,2.612268,2.380467,2.406818,2.45105,2.240746,2.657421,3.927767,4.065608,4.198598,3.883578,3.062743,4.138933,3.822171,2.826633,4.282211,2.210137,1.432693,1.59682,1.567452,2.048727,1.972741,41.319443,,2.408656,1.977226,0.43143,1.150778,0.145401,1.014726,2.663589,1.996392,0.667197,1.554243,0.189744,1.084235,2.692742,1.998182,0.69456,1.417691,0.204769,1.104868,2.866267,2.022018,0.844249,1.78761,0.269256,1.112938,2.776711,2.00989,0.766821,1.814848,0.236032,1.116705
2363,16.0,16.0,12.470407,13.347434,12.100367,13.254087,10.394943,13.703095,12.588321,10.362802,13.68101,9.793403,8.071842,10.034398,10.456668,11.795384,11.753419,20.40595,19.514818,17.863725,18.71934,17.771023,18.400794,16.820714,17.100892,18.287577,17.723794,17.724214,14.924097,15.151371,15.158874,15.439762,7.311336,,3.059195,0.852012,2.207183,4.909497,1.161327,0.958357,3.251855,1.483581,1.768274,3.945954,1.85115,1.025743,3.989223,1.464069,2.525154,5.716527,1.923966,1.035173,4.063371,1.276028,2.787343,6.165829,1.648051,1.035556,4.068249,1.54437,2.523879,5.756807,1.897528,1.034419
2366,15.0,15.0,5.78652,5.837538,5.769767,5.857633,5.751981,5.873198,5.814827,5.749739,5.828683,5.743712,5.733017,5.71814,5.718028,5.721567,5.710606,2.821671,3.022977,2.793143,3.132671,2.352962,3.007246,2.991241,2.360289,3.096078,2.369632,2.342372,2.338619,2.351784,2.347344,2.3519,5.800506,,5.78652,5.733017,0.053503,0.211934,0.12164,1.03629,5.837538,5.71814,0.119398,0.425518,0.139405,1.092436,5.857633,5.718028,0.139605,0.56907,0.145176,1.109091,5.873198,5.721567,0.151631,0.630656,0.15484,1.116477,5.828683,5.710606,0.118076,0.467016,0.15393,1.120229
2377,15.0,15.0,1.30585,1.327347,1.271517,1.332314,1.258581,1.323916,1.288477,1.254333,1.319845,1.254597,1.233403,1.232785,1.224856,1.232616,1.223745,15.985711,16.000143,15.970839,15.947542,15.952123,15.864971,15.98542,15.983895,15.976936,15.967953,15.995255,15.997858,15.990254,15.987624,15.997111,2.111756,,1.30585,1.233403,0.072447,0.185191,0.113058,1.011041,1.327347,1.232785,0.094562,0.223559,0.135937,1.073131,1.332314,1.224856,0.107458,0.238058,0.142039,1.092329,1.323916,1.232616,0.0913,0.303441,0.150664,1.100141,1.319845,1.223745,0.0961,0.518504,0.166132,1.104263
2378,15.0,15.0,2.904342,2.935898,3.078777,3.531432,2.610632,4.131877,2.742178,2.514047,3.272966,2.184276,2.265531,2.174665,2.587851,3.844723,2.232126,4.472321,4.088286,4.225173,3.571518,4.102374,3.331901,4.132363,4.082726,3.37258,3.892393,4.005588,1.165727,1.366979,1.58374,2.105392,3.42279,,0.519266,0.221717,0.297549,1.08356,0.143357,1.062665,0.412613,0.230834,0.181779,0.585372,0.170034,1.118626,0.494286,0.223663,0.270624,0.73201,0.182638,1.134213,0.514547,0.216538,0.298009,0.855583,0.183586,1.140564,0.453233,0.229289,0.223944,0.682977,0.18878,1.144087
2385,16.0,16.0,3.848831,3.93163,3.82452,4.110108,3.946994,4.185358,3.900208,3.922854,4.121643,3.810917,3.870824,3.881984,3.897139,3.878789,3.887647,3.122619,3.478078,3.068911,3.588853,3.227097,3.766255,3.438436,3.026976,3.727401,3.017745,3.134081,3.128358,3.122255,3.110928,3.105627,3.237177,,3.848831,3.870824,-0.021994,1.032634,0.368044,1.059327,3.93163,3.881984,0.049646,1.403333,0.366397,1.116936,4.110108,3.897139,0.21297,1.254227,0.326852,1.13136,4.185358,3.878789,0.306568,1.34666,0.281985,1.136915,4.121643,3.887647,0.233996,1.561733,0.299277,1.139262
2389,15.0,15.0,13.510816,14.615888,12.657193,13.711514,12.800193,14.376669,13.779424,13.136607,14.29318,11.803672,12.047834,14.420856,12.534355,13.47054,12.844924,13.988574,14.27735,13.465278,15.165035,13.707887,14.707197,12.074589,12.421204,14.466378,8.997586,5.519607,11.302978,11.067259,10.126337,10.016731,7.812209,,0.754148,0.71672,0.037429,0.630506,0.245372,1.015533,0.919836,0.629018,0.290818,1.45437,0.336165,1.062056,0.847886,0.612618,0.235269,1.236527,0.362952,1.078002,0.895355,0.620498,0.274857,1.392497,0.354497,1.083735,0.891419,0.626064,0.265355,1.375468,0.379305,1.086944
2390,15.0,15.0,2.793637,2.99106,2.480009,2.556972,2.611057,3.05052,2.965577,2.28206,2.56987,2.577958,2.40996,2.533147,2.500244,2.378022,2.485643,4.057944,5.188673,4.043844,5.575175,3.177458,5.65206,4.694706,3.113244,5.539784,2.930814,2.197908,2.611942,2.399452,2.383817,2.37724,2.829078,,2.106042,2.046529,0.059513,0.172769,0.105802,1.012516,2.118682,2.053561,0.065121,0.191966,0.117333,1.070691,2.125943,2.057582,0.068361,0.209274,0.132678,1.087349,2.135089,2.058727,0.076363,0.22335,0.138015,1.094611,2.129492,2.056302,0.073189,0.216076,0.140381,1.098273
2400,15.0,15.0,2.106224,2.241403,2.08892,2.308071,2.067313,2.450546,2.207292,2.075966,2.210469,2.081127,2.072328,2.061955,2.06541,2.060646,2.059985,1.982077,2.161706,1.902516,2.190861,1.350368,2.245729,2.085909,1.326883,2.207592,1.290827,1.25729,1.251841,1.249969,1.242392,1.24069,2.6399,,2.106224,2.072328,0.033896,0.264086,0.14446,0.963072,2.241403,2.061955,0.179448,0.807119,0.159363,1.022961,2.308071,2.06541,0.24266,1.16639,0.173155,1.04454,2.450546,2.060646,0.3899,2.053791,0.181306,1.053043,2.210469,2.059985,0.150485,0.747437,0.183384,1.057482
2404,16.0,16.0,7.254694,6.629428,6.857184,7.099253,6.144691,7.568216,6.312018,6.404513,7.167066,6.686129,6.474733,6.290744,6.442034,6.588081,6.135152,9.541005,8.328052,8.100448,8.165304,7.939338,8.475511,7.096582,7.512232,8.586057,7.371683,8.601761,7.235707,7.249995,7.812462,7.491319,4.651842,,0.717999,0.229,0.489,0.940674,0.147699,0.990441,0.867016,0.253985,0.613031,1.37361,0.152519,1.048153,1.328104,0.439197,0.888907,2.376745,0.35311,1.064182,1.288347,0.439421,0.848926,1.97002,0.352464,1.070459,1.446863,0.442778,1.004085,2.339286,0.360753,1.0736
2405,15.0,15.0,1.884856,1.52306,1.750621,2.136914,1.456926,1.839153,1.601562,1.433473,2.048942,1.465609,1.441756,1.049113,1.424427,1.213487,1.27907,1.986643,2.273538,1.837735,2.279442,1.483937,2.112217,1.737327,1.364145,2.213016,1.193359,0.969547,0.362941,1.0437,1.051691,1.250759,3.950107,,0.278566,0.163079,0.115487,0.425597,0.142825,1.029032,0.303182,0.164139,0.139043,0.442983,0.154524,1.091383,0.634401,0.163106,0.471295,1.719308,0.172068,1.111505,0.456042,0.147219,0.308823,0.966114,0.183153,1.119159,0.573183,0.147091,0.426093,1.443084,0.184885,1.122738
2408,15.0,15.0,3.792558,3.631328,3.718672,3.381528,3.59812,3.748351,3.567642,3.507509,3.500575,3.584005,3.743941,3.650141,3.548706,3.606407,3.483296,2.397445,2.027511,2.149633,2.199713,1.773529,1.864976,1.685083,1.71988,2.011219,1.533667,2.117043,0.506585,1.143574,0.641103,0.646371,4.875904,,1.183083,1.020982,0.162101,0.961797,0.320717,1.060952,1.19351,0.89924,0.29427,1.252479,0.412447,1.116228,1.173134,0.858055,0.315079,1.271856,0.395534,1.128919,1.2301,0.754097,0.476004,1.470556,0.478464,1.134052,1.214325,0.657886,0.55644,1.502803,0.526244,1.136314
2410,16.0,16.0,2.278923,2.816407,2.09382,3.249415,1.927046,2.908547,2.621316,2.196395,2.940107,1.806326,2.147491,2.706536,2.895891,2.767691,2.804176,3.736351,4.376184,3.616555,4.174299,2.279394,3.910829,3.716771,2.327726,3.493268,2.661994,2.088151,0.818575,0.958515,0.645112,0.521254,3.54624,,0.253656,0.166467,0.087189,0.265519,0.12824,0.993514,0.284989,0.169381,0.115609,0.305984,0.147731,1.060205,0.295421,0.178779,0.116643,0.336167,0.160472,1.082464,0.325912,0.172609,0.153303,0.438873,0.165594,1.092462,0.377503,0.181136,0.196367,0.603853,0.170565,1.097802
2423,16.0,16.0,4.610416,5.192302,3.911945,4.677868,3.317843,4.493417,4.517678,3.326872,4.326576,3.33619,3.240898,3.680152,3.434886,2.918484,3.307974,5.664414,3.648638,5.613204,4.413296,4.817269,4.478839,3.204756,4.896153,4.766964,4.726919,6.161099,1.508487,1.884005,1.656981,2.095365,4.881658,,2.460945,2.327814,0.133131,0.411304,0.201121,1.044278,2.807273,2.398458,0.408815,1.490513,0.258471,1.093396,2.891223,2.407864,0.483359,1.850738,0.29016,1.104446,2.928991,2.361587,0.567404,2.013958,0.281187,1.108721,2.88463,2.355319,0.52931,1.869135,0.278753,1.110534
2426,15.0,15.0,2.526101,2.697741,2.588143,2.614198,2.239586,2.481255,2.769159,2.537491,2.678728,2.426233,2.813159,2.800193,2.826971,2.726486,2.813302,4.815088,4.766045,4.476434,4.871054,3.48283,4.858713,4.690111,2.949091,5.079963,3.57503,2.337772,2.164829,1.817896,1.798563,1.834159,12.907183,,0.200816,0.102433,0.098384,0.223856,0.132196,0.991316,0.222669,0.109091,0.113578,0.256336,0.148075,1.042512,0.235043,0.102413,0.132629,0.272118,0.159848,1.055836,0.241254,0.106662,0.134592,0.279331,0.166104,1.060917,0.247406,0.114458,0.132948,0.285809,0.169288,1.063362
2431,15.0,15.0,6.128157,5.768315,6.201733,6.828897,5.659858,6.631361,5.113647,5.32507,6.998744,5.713943,5.615616,4.587912,4.78478,5.117235,5.378753,4.914308,5.001781,4.740163,4.919967,4.202042,4.801991,4.20639,4.267455,4.893298,4.117067,3.409014,4.256481,3.699782,3.645285,3.659913,3.500498,,2.468909,2.1395,0.329409,0.998144,0.177563,1.054128,2.701753,2.152994,0.548759,2.127681,0.213741,1.116421,2.755834,2.155799,0.600035,1.965024,0.24919,1.132191,2.769345,2.182795,0.58655,1.786192,0.267382,1.137807,2.739162,2.179483,0.55968,1.594994,0.277408,1.140118
2432,15.0,15.0,37.972996,37.825869,36.806335,37.075829,37.947022,36.688761,37.321681,37.69604,36.681275,38.376302,38.011173,37.175623,36.664755,35.661946,36.563435,17.739125,18.418544,17.167792,18.9064,15.152927,19.219024,17.897438,15.129467,19.39901,14.784959,13.32586,14.228876,16.03325,15.606442,16.508471,28.626708,,40.777823,40.864959,-0.087137,2.563976,1.904652,0.977507,40.260083,39.916082,0.344001,2.730343,2.08062,1.032974,40.090865,39.787048,0.303816,2.850217,2.016147,1.047896,39.912316,39.358876,0.55344,2.973743,1.817126,1.054781,39.914694,39.348159,0.566534,2.989627,1.812507,1.058877
2434,15.0,15.0,3.7777,3.225168,3.06997,3.020149,2.684751,3.243259,3.173444,2.699648,3.393844,2.374798,2.315422,2.553504,2.469149,2.587187,2.853352,5.870174,2.670638,5.750076,2.88837,6.047855,3.298498,2.286772,5.90079,3.280378,5.533286,5.149863,1.100375,0.827995,0.662853,0.958779,3.415225,,0.6792,0.197353,0.481847,0.934019,0.191014,1.024476,0.648823,0.168398,0.480425,0.987367,0.204614,1.089313,0.885041,0.213239,0.671803,1.25933,0.263293,1.104212,0.919204,0.237291,0.681913,1.278143,0.299055,1.109161,0.998926,0.433401,0.565525,1.319335,0.491388,1.111407
2436,15.0,15.0,5.851577,5.066509,5.899706,5.512946,5.748469,5.36468,4.989219,5.215732,5.493091,5.28887,5.189942,5.074421,5.170278,5.457092,5.5419,6.851844,7.103108,7.19066,6.761423,5.774021,6.841343,6.864548,6.070978,7.076795,6.128953,3.249619,3.529107,3.689666,3.073693,4.612366,5.992176,,1.137893,0.224494,0.913398,1.942705,0.204683,1.018552,0.757872,0.24545,0.512422,1.17849,0.224612,1.077868,0.899223,0.257007,0.642216,1.664816,0.232043,1.095389,0.744629,0.256331,0.488298,1.392504,0.236014,1.10162,0.800384,0.260935,0.53945,1.557136,0.235974,1.104374
2447,15.0,15.0,2.994235,3.725858,2.860726,3.127173,2.296348,2.897908,3.690339,2.402172,3.025012,2.368256,2.520397,2.961534,2.581241,2.391292,2.586896,2.522594,2.498343,2.5828,2.466307,2.456574,2.35685,2.29146,2.464417,2.831394,2.665928,2.069363,2.447853,2.050306,1.883986,2.363783,3.228716,,1.111874,0.899296,0.212578,0.774045,0.141669,1.081219,1.182659,0.913055,0.269604,0.981061,0.166991,1.139679,1.263911,0.905198,0.358713,1.233305,0.183188,1.154816,1.207143,0.906806,0.300337,1.125529,0.190026,1.160401,1.210024,0.909674,0.300351,1.125453,0.189739,1.163079
2457,15.0,15.0,3.263641,3.449692,3.234395,3.441182,3.237082,3.661397,3.416906,3.220915,3.774177,3.219616,3.20841,3.22588,3.225783,3.234527,3.235865,0.788753,1.047793,0.744625,1.326931,0.763042,1.51147,0.996891,0.746264,1.546481,0.739891,0.729847,0.739237,0.750899,0.753201,0.75568,3.841536,,3.263641,3.20841,0.05523,0.199499,0.129641,1.031244,3.449692,3.22588,0.223812,0.894223,0.150798,1.093702,3.441182,3.225783,0.215398,0.778045,0.163003,1.110611,3.661397,3.234527,0.426869,1.593656,0.178457,1.117263,3.774177,3.235865,0.538312,2.212227,0.186654,1.120689
2465,16.0,16.0,2.457081,3.562715,2.378994,3.510837,2.030766,2.853629,3.470924,1.969394,2.902814,2.149213,1.813049,2.286274,2.538234,1.714798,2.280006,4.929745,4.474475,5.144999,4.335285,4.809256,4.060557,4.512189,5.170003,3.864065,5.235749,4.912447,3.86272,3.484765,2.738106,2.748182,3.73395,,0.680614,0.108588,0.572026,1.532631,0.191333,1.066319,1.25611,0.111985,1.144125,3.135972,0.221808,1.124678,1.261354,0.125524,1.13583,2.973883,0.227119,1.136597,1.07397,0.135339,0.938631,2.545136,0.228664,1.13883,1.020866,0.122475,0.898391,2.188619,0.232577,1.138729
2469,15.0,15.0,2.848149,2.355543,2.525874,2.689387,2.510833,2.496122,1.941088,2.566583,2.386447,2.562985,2.231105,1.699197,1.744277,1.657818,1.509191,2.564488,2.227345,2.530762,3.424765,2.518492,3.313399,2.178722,2.512178,3.035256,2.512869,2.985052,2.218208,1.694569,1.702254,1.280552,1.478781,,2.848149,2.231105,0.617044,1.7292,1.316424,1.013773,2.355543,1.699197,0.656346,1.342077,0.818538,1.078184,2.689387,1.744277,0.94511,1.726959,1.124278,1.096098,2.496122,1.657818,0.838304,1.568446,0.82682,1.102248,2.386447,1.509191,0.877256,1.579472,0.708132,1.105002
2470,15.0,15.0,1.904357,2.07656,1.878816,2.135509,1.851386,2.108601,2.038224,1.845836,2.103157,1.841682,1.839103,1.839754,1.824136,1.831345,1.84485,1.511057,1.615609,1.474094,1.817389,1.479933,1.751199,1.568609,1.464563,1.815646,1.459541,1.441678,1.422618,1.4325,1.432282,1.435426,1.836225,,2.022348,1.949104,0.073244,0.261955,0.135187,1.041856,2.205058,1.949856,0.255202,0.948438,0.16289,1.097664,2.255588,1.935573,0.320015,1.123267,0.170159,1.115559,2.234935,1.935275,0.299661,1.045373,0.174357,1.122846,2.22845,1.94624,0.28221,0.863726,0.173345,1.126521
2474,16.0,16.0,4.979716,5.312248,4.869322,6.179672,4.559424,5.917832,5.352997,4.340792,6.007965,4.942562,4.440529,4.628227,5.962506,6.222633,5.859244,5.573063,6.234324,5.424076,6.091042,4.421542,6.72715,6.145837,3.64468,6.787244,3.615904,3.246901,3.942801,3.500652,3.549407,3.42422,5.906344,,1.652299,1.282035,0.370264,1.245939,0.132302,1.022672,1.670064,1.274927,0.395137,1.105635,0.150656,1.069408,1.608013,1.277263,0.33075,0.962552,0.15362,1.082129,1.614374,1.27583,0.338544,0.968886,0.170186,1.087592,1.665349,1.270859,0.39449,0.990288,0.171928,1.090587
2477,15.0,15.0,3.492593,3.814752,2.585194,3.666494,2.015384,3.825678,3.53829,1.811461,3.363647,1.169737,0.638498,0.946889,1.121628,0.907478,0.561733,3.069438,5.697269,2.911926,7.118542,2.831723,6.764402,5.742422,2.922909,6.453478,2.7262,1.833798,3.155988,4.162519,3.15748,3.318934,10.618496,,0.492604,0.276314,0.216289,0.642542,0.191911,1.047963,0.90531,0.272017,0.633293,1.95968,0.239796,1.096487,0.979379,0.273983,0.705396,2.07394,0.252925,1.108817,1.044435,0.271501,0.772934,2.408243,0.27252,1.112356,1.197487,0.28368,0.913807,2.614816,0.285833,1.113925
2504,15.0,15.0,4.796888,4.78569,4.547516,5.126955,5.53536,4.484953,4.515972,4.617072,4.849118,5.160644,4.691507,4.423223,4.789463,4.259572,4.723144,3.269823,3.573789,2.460873,3.761104,2.605935,3.552592,3.045406,1.755148,3.806905,3.039989,1.126619,0.963108,2.323376,2.304719,2.352138,6.042247,,0.226279,0.161019,0.065259,0.199059,0.116548,0.99618,0.361884,0.148388,0.213496,0.66524,0.141917,1.068248,0.328,0.161851,0.166149,0.483949,0.160803,1.087331,0.350834,0.172562,0.178272,0.533846,0.160101,1.095122,0.465373,0.163047,0.302326,1.025427,0.168522,1.098718
2518,15.0,15.0,6.767656,6.469188,6.663324,6.779905,6.030959,6.725514,6.436865,6.272766,6.411262,6.615236,6.708191,6.521066,6.246466,6.204286,6.066453,11.386506,10.650008,11.233242,10.952427,10.646804,10.906343,9.67737,10.166962,11.143921,10.185568,10.910835,10.731761,10.467705,10.871181,10.897789,5.154392,,0.503698,0.262061,0.241636,0.945641,0.170332,1.010853,0.355061,0.271459,0.083601,0.319693,0.189143,1.069049,0.367637,0.260319,0.107318,0.348242,0.201432,1.084921,0.380195,0.25983,0.120366,0.363434,0.209725,1.091848,0.38752,0.262466,0.125054,0.377274,0.207533,1.096183
2522,15.0,15.0,8.35751,8.202482,8.300174,8.252741,8.144616,8.300099,8.167728,8.1411,8.448975,8.150208,8.102898,8.109736,8.106859,8.103166,8.101972,4.003337,4.340417,3.863785,4.468543,3.022878,4.653974,4.156918,3.087841,4.797057,2.564394,2.421423,2.309983,2.31894,2.323286,2.314371,8.418863,,8.683045,8.631826,0.051219,0.184367,0.103203,0.993971,8.700989,8.639026,0.061963,0.216174,0.133503,1.056162,8.705264,8.635262,0.070003,0.225659,0.132177,1.075535,8.706804,8.634021,0.072782,0.232549,0.136018,1.084748,8.709242,8.633298,0.075944,0.236097,0.143181,1.090138
2536,15.0,15.0,3.100822,3.118706,3.070284,3.144273,3.078335,3.147299,3.081644,3.047414,3.133006,3.063884,3.058023,3.040289,3.056445,3.057635,3.053711,1.134313,1.311358,1.104489,1.354909,1.121363,1.38296,1.271517,1.097237,1.402521,1.106779,1.084467,1.083664,1.074937,1.077685,1.084631,1.86605,,3.100822,3.058023,0.042799,0.203962,0.150958,1.04566,3.118706,3.040289,0.078418,0.236735,0.162047,1.099724,3.144273,3.056445,0.087828,0.306037,0.186252,1.115933,3.147299,3.057635,0.089664,0.312303,0.183177,1.122532,3.133006,3.053711,0.079295,0.265289,0.182163,1.125926
2544,15.0,15.0,2.051488,1.328155,1.36974,1.300729,1.405419,1.41384,1.264301,1.37013,1.374568,0.688468,0.893789,0.370615,0.622969,0.412634,0.406584,4.441684,3.629008,4.228597,3.193292,4.142387,3.318959,3.357988,4.018824,3.044974,4.472786,4.732821,2.983749,2.386052,2.767982,2.752723,5.496069,,0.257315,0.14456,0.112755,0.268038,0.181018,1.056079,0.310533,0.15619,0.154343,0.400916,0.179151,1.11004,0.30484,0.152442,0.152398,0.359317,0.197554,1.124828,0.329199,0.175979,0.15322,0.396193,0.207441,1.130777,0.358071,0.158305,0.199765,0.467075,0.214063,1.13354
2555,15.0,15.0,4.342247,5.282767,3.766482,4.07453,3.765277,4.140585,4.967711,3.3599,4.378497,2.912148,3.054717,3.461379,3.161392,2.826062,2.708298,5.744492,5.9939,5.596652,5.435171,5.405583,5.603466,5.757329,5.483445,5.526986,5.343526,5.126123,0.548723,2.482107,1.165791,1.329953,4.70534,,1.228969,1.009302,0.219667,1.009265,0.266228,1.087946,1.311535,1.052411,0.259124,0.951039,0.285124,1.13332,1.232017,1.040417,0.1916,0.690996,0.301749,1.143324,1.374453,1.03071,0.343742,0.896822,0.326422,1.14721,1.379694,1.038974,0.34072,0.991865,0.327066,1.148947
2560,15.0,15.0,7.48554,7.636281,7.113657,7.675703,7.033608,7.471091,7.605489,6.837197,7.304723,7.233573,6.845902,6.795272,7.003639,6.358024,6.603186,8.293415,8.497583,8.192907,8.268751,7.5651,8.523298,8.605878,7.55816,8.230938,7.282183,8.150407,7.277477,6.293067,6.763664,6.381819,12.898275,,3.682652,3.616725,0.065927,0.267661,0.132542,0.985277,3.731908,3.617903,0.114005,0.391863,0.167756,1.048308,3.770655,3.612567,0.158088,0.51257,0.175949,1.06713,3.986344,3.604637,0.381707,1.340416,0.186035,1.075106,3.962332,3.609736,0.352596,1.226736,0.192605,1.079383
2564,15.0,15.0,2.028154,1.83112,1.819944,2.192742,1.715732,2.149994,1.607967,1.316252,1.924885,1.501067,1.420596,1.379956,2.005739,1.762404,1.332696,3.285088,3.107567,3.234297,3.052668,3.832855,2.547777,2.828844,3.195111,2.425679,3.815807,3.284439,2.65043,1.948633,1.58585,1.606502,5.083285,,0.367866,0.114239,0.253628,0.655126,0.1846,1.075513,0.488177,0.12097,0.367206,1.003362,0.195323,1.123167,0.577672,0.116458,0.461214,1.289046,0.21575,1.132781,0.580426,0.122435,0.457991,1.152274,0.225587,1.135498,0.617728,0.109907,0.507821,1.332116,0.234551,1.136172
2566,15.0,15.0,13.562416,12.43782,13.466591,12.592365,13.340677,12.896089,12.164822,13.766977,12.451732,13.423534,13.780678,12.132611,12.054547,12.68022,12.331842,9.625392,11.078962,8.372829,10.684864,6.75583,10.846505,9.536883,6.762605,10.36943,4.704621,6.669703,6.112835,6.713336,6.764913,6.431286,3.754281,,0.272892,0.168469,0.104423,0.3561,0.147537,1.011661,0.290609,0.164901,0.125708,0.381785,0.181455,1.061151,0.337728,0.167946,0.169782,0.547541,0.180342,1.075986,0.402908,0.164567,0.23834,0.678933,0.184307,1.081615,0.459966,0.155769,0.304197,0.716047,0.200697,1.084101
2569,16.0,16.0,7.2711,6.477448,7.130621,6.860106,6.811106,6.880127,6.296071,6.96387,6.881956,6.903857,6.787489,6.330056,6.63289,6.667649,5.888228,8.405287,7.7547,8.073833,7.263008,7.428059,7.252761,7.063932,6.598815,7.301871,7.039164,7.178278,4.048093,3.665592,2.936741,4.222329,6.547513,,0.384896,0.325171,0.059726,0.236682,0.131548,1.018304,0.401499,0.324657,0.076843,0.274204,0.149555,1.069565,0.414057,0.328298,0.085758,0.289817,0.16211,1.086472,0.446419,0.323756,0.122663,0.391665,0.166796,1.093071,0.462821,0.327688,0.135132,0.424373,0.172313,1.09613
2572,15.0,15.0,3.323923,3.392306,2.92268,3.459043,3.01215,3.570819,3.394801,2.621555,3.530851,2.635356,2.78834,3.536279,3.354412,3.370558,3.26211,4.481975,5.199489,4.095201,5.381467,3.306255,5.489243,4.79828,2.70116,5.580819,1.906475,1.674876,2.780825,3.196364,3.192834,3.189522,8.14945,,1.910174,2.050292,-0.140117,0.595923,0.12299,0.970957,1.983277,2.045477,-0.0622,0.818904,0.188782,1.032508,2.01565,2.046998,-0.031348,1.009324,0.256468,1.051766,2.15741,1.899539,0.257871,1.28213,0.387511,1.059561,2.243489,1.899812,0.343677,1.425168,0.37545,1.063518
2574,15.0,15.0,0.229075,0.253229,0.198094,0.281678,0.140102,0.28652,0.212637,0.13104,0.290474,0.119297,0.112552,0.132808,0.130853,0.131369,0.134206,1.460509,2.081382,1.412551,2.313979,0.301536,2.52614,2.027191,0.887898,2.611208,0.260821,0.233874,0.23056,0.448149,0.675795,0.501318,0.19645,,0.229075,0.112552,0.116524,0.390226,0.117763,0.982158,0.253229,0.132808,0.120421,0.415528,0.130418,1.04982,0.281678,0.130853,0.150825,0.505027,0.127326,1.071861,0.28652,0.131369,0.155151,0.514026,0.131958,1.081422,0.290474,0.134206,0.156267,0.516978,0.143791,1.086491
2575,15.0,14.0,4.598281,3.906541,4.5753,4.547395,4.097063,4.879357,4.10903,4.459507,4.153409,4.283459,3.59615,3.260561,4.009957,4.397361,4.01739,7.244582,7.664019,6.84884,7.55812,6.989299,7.925198,7.037666,6.258682,8.185175,6.92814,4.559481,5.127695,5.165528,6.487709,6.529863,3.564364,,0.385935,0.134346,0.251589,0.842169,0.119583,1.030061,0.484741,0.134998,0.349742,1.256951,0.13947,1.080885,0.539975,0.127548,0.412427,1.444348,0.146626,1.095093,0.497642,0.142162,0.35548,1.201146,0.159012,1.100586,0.516341,0.142346,0.373995,1.270624,0.162359,1.103212
2578,30.0,30.0,2.320518,2.729671,2.088953,2.240251,2.169826,2.306021,2.447274,2.054659,2.630581,2.004387,2.220178,2.126613,1.915171,1.760738,1.900684,1.897896,1.631379,1.427462,1.630791,1.191706,1.745133,1.355313,1.193889,1.707474,1.235956,1.173925,0.466565,0.512922,0.668629,0.795041,2.246132,,0.260531,0.116787,0.143744,0.353106,0.157377,1.095606,0.452247,0.129468,0.322779,0.890762,0.189169,1.145903,0.407343,0.129913,0.27743,0.766317,0.196139,1.157816,0.55938,0.124876,0.434504,1.227757,0.206085,1.161101,0.617548,0.128757,0.488791,1.478491,0.216583,1.162155
2587,15.0,15.0,4.690135,4.623729,4.556875,4.448803,4.423844,4.127011,4.240831,4.422188,4.246851,4.756874,3.538114,2.955305,3.173113,3.559672,3.156007,7.320701,6.57751,7.013908,4.733258,7.035552,5.24868,6.221368,7.151968,5.180303,7.901073,8.020702,4.850717,2.994024,2.849271,3.21002,2.587834,,0.284388,0.230389,0.054,0.214154,0.143805,1.012631,0.33075,0.238702,0.092048,0.307627,0.177685,1.071683,0.360016,0.241445,0.118571,0.345303,0.200792,1.090687,0.362923,0.244876,0.118047,0.350682,0.192336,1.098728,0.367991,0.252025,0.115966,0.356197,0.198354,1.102833
2593,15.0,15.0,16.065304,16.752899,15.27048,16.144248,15.939299,16.933562,16.155744,14.509936,16.532822,15.505652,14.391726,15.902448,15.794077,15.776338,15.812039,10.22256,12.088969,10.017515,12.849683,9.109369,12.972764,10.862476,8.247505,13.177215,8.579289,6.696035,8.2455,9.895739,9.625404,10.599902,13.924606,,12.30274,12.124567,0.178173,1.779871,1.369408,0.993347,12.541083,12.600094,-0.059011,1.511221,1.031705,1.049716,12.602102,12.805047,-0.202944,1.460356,1.040494,1.065021,12.76522,12.715546,0.049673,1.411532,0.90268,1.072421,12.864003,12.904936,-0.040933,1.40436,1.068687,1.076715
2596,30.0,30.0,2.203752,2.585786,2.041086,2.558983,1.365631,2.423489,2.480748,1.447121,2.159276,1.342246,1.402289,1.418848,1.337509,0.860101,0.859991,3.922768,3.916015,3.269359,3.916552,2.672426,3.769084,3.698289,2.93354,3.726782,2.702175,2.504475,2.927304,2.882503,2.546032,2.337323,2.427892,,1.10226,0.542644,0.559616,2.117729,0.20728,1.077991,1.440369,0.569418,0.870952,2.857795,0.245346,1.133438,1.564088,0.567234,0.996854,3.325343,0.260163,1.148348,1.572961,0.567116,1.005845,3.361734,0.268336,1.153231,1.569162,0.578452,0.99071,3.286202,0.262874,1.155274
2597,15.0,15.0,0.326548,0.470158,0.275502,0.458036,0.271745,0.476703,0.406595,0.248307,0.473771,0.269404,0.236431,0.228895,0.231012,0.229809,0.24467,2.869286,3.895709,2.806621,3.974047,0.231609,4.205375,3.815515,0.307112,4.302727,0.178732,0.167747,0.166438,0.175981,0.188371,0.184318,0.738399,,0.326548,0.236431,0.090117,0.232851,0.1491,0.993181,0.470158,0.228895,0.241263,0.73795,0.180383,1.051972,0.458036,0.231012,0.227024,0.681686,0.178875,1.06647,0.476703,0.229809,0.246894,0.747678,0.173529,1.071238,0.473771,0.24467,0.229101,0.710946,0.176691,1.072897
2599,15.0,15.0,4.198364,4.768733,3.898246,4.675944,3.962227,4.705453,4.633308,4.207052,4.772028,4.242091,4.209332,4.614733,4.574182,4.551787,4.612977,2.317232,2.558003,2.277309,2.695656,2.201987,2.690942,2.350867,2.189975,2.713379,2.088538,2.099585,2.017578,2.015157,1.879595,1.885576,3.833241,,2.521206,2.464186,0.057021,0.191767,0.127823,1.038141,2.603502,2.460606,0.142896,1.026286,0.139623,1.100185,2.536031,2.465509,0.070522,0.287156,0.155507,1.117225,2.553845,2.465524,0.088321,0.251573,0.152462,1.124092,2.555249,2.464076,0.091173,0.257537,0.156748,1.127772
2609,15.0,15.0,2.426923,2.182483,2.017483,2.363064,1.935733,2.145325,2.06073,1.593872,2.193026,2.072476,1.15024,1.698135,1.942674,1.477824,1.37445,19.560217,19.245408,19.256342,19.844093,19.594742,19.548773,18.797892,19.56713,19.650879,19.471377,19.159645,18.723725,19.565199,19.323568,19.317476,0.788219,,0.658614,0.228278,0.430336,1.386382,0.181965,1.018573,0.794376,0.232667,0.56171,1.771453,0.23406,1.07035,0.894982,0.252521,0.642461,2.10562,0.21858,1.084825,0.856283,0.252104,0.604179,2.049928,0.22173,1.090849,0.978548,0.264687,0.713862,2.328969,0.24307,1.09386
2611,15.0,15.0,6.402916,6.087867,6.183314,6.033221,6.126887,6.071881,5.836479,5.591628,6.065653,5.091037,4.90633,4.737165,4.913925,4.721004,4.88172,5.789473,6.614928,5.534142,7.465209,5.384101,7.167781,5.988778,5.564838,6.737477,4.79177,4.53883,3.531512,2.918597,2.700729,2.959055,7.264945,,6.811315,5.245601,1.565713,3.720715,1.209789,1.039719,6.445512,5.064648,1.380863,4.219008,1.070006,1.088188,6.399846,5.247687,1.152159,3.340962,1.303403,1.09594,6.30437,5.050059,1.254311,3.449526,1.273247,1.097981,6.246571,5.208788,1.037783,2.825918,1.05618,1.098737
2614,15.0,15.0,9.205214,8.970096,9.031936,9.712345,9.132048,9.572337,8.801383,9.04563,9.321498,9.258188,8.93346,8.864089,9.60865,9.306528,9.139161,2.443373,3.060236,2.43558,3.374696,2.28234,3.495575,2.744448,2.203746,3.31597,2.258084,1.943573,2.487204,2.540602,2.674698,2.672316,8.084153,,7.782634,7.661544,0.12109,0.486883,0.123209,0.977345,7.772642,7.660372,0.11227,0.44733,0.13012,1.043253,7.880761,7.660812,0.219949,0.920603,0.143048,1.066288,7.883084,7.658913,0.224171,0.931329,0.152149,1.076519,7.887946,7.660661,0.227285,0.952044,0.159802,1.082136
2616,15.0,15.0,0.207766,0.362858,0.168336,0.430478,0.153336,0.410125,0.313653,0.145823,0.561422,0.145796,0.115592,0.124274,0.124413,0.123831,0.127332,0.39013,0.603523,0.350604,0.496968,0.263043,0.597605,0.553039,0.259997,0.577725,0.26609,0.214114,0.225403,0.238851,0.240891,0.23208,1.849017,,0.206622,0.110231,0.096392,0.216137,0.148785,1.045956,0.371649,0.119492,0.252157,0.798807,0.162466,1.105926,0.427754,0.116264,0.31149,1.005268,0.168027,1.122339,0.404262,0.115145,0.289117,0.895658,0.181086,1.129011,0.569969,0.119516,0.450453,1.535156,0.178595,1.132428
2629,30.0,30.0,1.403638,1.48933,1.359632,1.471602,1.287233,1.703079,1.341769,1.303234,1.853992,1.335654,1.090504,0.92801,0.683496,0.939601,1.232757,2.425722,2.238013,2.441346,2.149709,2.329722,2.131085,2.233886,2.461098,2.255059,2.392078,2.146782,1.900691,1.854527,1.806635,1.929504,2.250946,,0.624601,0.455277,0.169324,0.696638,0.143231,1.040419,0.91554,0.463026,0.452514,1.69933,0.161129,1.097615,0.916685,0.474204,0.442481,1.703085,0.176314,1.114953,0.956445,0.471579,0.484866,1.776973,0.17864,1.121818,1.105452,0.473421,0.632031,2.43741,0.1731,1.12521
2640,16.0,16.0,2.346911,2.250747,2.131343,2.623966,2.292145,2.755759,1.926925,2.073414,2.4691,2.179293,2.142962,2.545839,2.6443,2.624909,2.213053,2.204325,2.304462,1.943052,2.435973,1.670629,2.678201,1.96728,1.973598,2.692851,1.299491,1.418235,1.72577,1.872718,1.989277,1.982652,2.326221,,0.360154,0.311809,0.048345,0.224247,0.125105,1.022018,0.381247,0.308094,0.073153,0.262362,0.145099,1.082576,0.391668,0.294246,0.097422,0.283726,0.162775,1.098872,0.391227,0.286634,0.104592,0.324735,0.170773,1.104484,0.388598,0.271467,0.11713,0.326842,0.180911,1.106998
2645,15.0,15.0,0.27802,0.330462,0.237547,0.300464,0.168035,0.393886,0.278145,0.151669,0.411046,0.153627,0.127206,0.122406,0.119798,0.122911,0.125206,0.215286,0.259215,0.165424,0.286474,0.15904,0.28574,0.195611,0.141355,0.317546,0.14943,0.100322,0.108395,0.116206,0.116678,0.114805,7.382728,,0.287028,0.128688,0.158339,0.486713,0.144172,1.038494,0.330801,0.12384,0.206961,0.605481,0.161497,1.109206,0.310146,0.128162,0.181984,0.474576,0.19301,1.128159,0.407501,0.126653,0.280848,0.821813,0.203202,1.13576,0.427277,0.129015,0.298261,0.861013,0.203993,1.140047
2648,15.0,15.0,10.90658,10.951191,10.907592,10.607072,10.987009,10.849109,10.957047,10.905868,10.872808,10.663208,10.654689,10.602855,10.528461,10.706342,10.955307,37.172858,37.579371,37.10384,37.419172,36.468661,37.351831,37.441863,36.527737,37.727287,36.559655,36.128688,36.057279,35.955032,35.824402,35.830344,6.976078,,8.137667,7.971029,0.166639,0.534907,0.137614,1.00759,8.508536,7.980255,0.528281,0.995158,0.175302,1.065937,8.665027,8.154722,0.510305,1.245402,0.356689,1.082453,8.69341,8.341813,0.351597,1.232617,0.545374,1.089534,8.695526,8.33776,0.357766,1.225431,0.548173,1.09303
2660,15.0,15.0,10.992671,10.575178,10.135948,9.782107,9.565756,9.450399,10.273208,10.305877,9.538868,9.928756,10.131242,10.061681,9.870734,9.726664,8.681824,8.060157,7.901428,7.421254,7.540976,6.655879,7.89401,6.907385,6.130367,7.818421,6.243947,6.329892,4.729,3.448608,3.668526,3.724561,11.838833,,4.271223,4.332592,-0.061369,0.587778,0.138871,0.963296,4.316216,4.345688,-0.029472,0.506803,0.145655,1.024945,4.454087,4.339778,0.114308,0.725845,0.162798,1.045952,4.438565,4.339514,0.099051,0.813322,0.172396,1.055496,4.352795,4.347297,0.005498,1.176001,0.16557,1.061298
2664,15.0,15.0,4.845604,5.399178,4.805048,5.213045,4.762701,5.191905,5.356218,4.908507,5.019462,4.795026,4.651507,5.054413,5.09162,5.202088,5.027051,3.010459,2.936383,3.007996,2.970024,2.39318,2.940477,2.745993,2.14579,3.042873,2.293748,2.058107,2.061767,2.826113,2.589545,2.701398,4.245296,,2.169208,2.096393,0.072815,0.215144,0.137452,0.967167,2.192093,2.124654,0.067439,0.252055,0.136088,1.033412,2.199147,2.12074,0.078408,0.265488,0.145466,1.054994,2.198695,2.115235,0.08346,0.27216,0.14842,1.064703,2.201543,2.118093,0.083449,0.275036,0.149262,1.069825
2665,15.0,15.0,0.231453,0.36053,0.199356,0.391765,0.152381,0.512669,0.317472,0.146517,0.368999,0.145871,0.127386,0.123041,0.120732,0.116124,0.119113,2.429299,2.719482,2.379452,2.872774,0.729338,2.995758,2.671316,0.690586,3.024867,0.719142,0.620611,0.707302,0.814742,0.862899,0.880873,0.559409,,0.231453,0.127386,0.104066,0.340933,0.101874,0.988349,0.36053,0.123041,0.237489,0.799106,0.117859,1.047613,0.391765,0.120732,0.271033,0.82993,0.132758,1.066168,0.512669,0.116124,0.396544,1.276608,0.132555,1.073703,0.368999,0.119113,0.249886,0.649166,0.137678,1.07752
2681,15.0,15.0,0.850229,0.867523,0.805359,1.088148,0.539605,1.145458,0.816834,0.365853,1.142989,0.31491,0.279919,0.280157,0.343302,0.372123,0.359296,0.903104,1.691183,0.799664,1.169556,0.726584,1.495286,1.465761,0.600549,1.80787,0.397569,0.28055,0.365582,0.337233,0.278149,0.226993,0.487514,,0.850229,0.279919,0.57031,1.463649,0.247689,1.000432,0.867523,0.280157,0.587367,1.230246,0.276035,1.057438,1.088148,0.343302,0.744846,1.94158,0.360171,1.077206,1.145458,0.372123,0.773335,2.194887,0.360893,1.085523,1.142989,0.359296,0.783693,2.114791,0.389899,1.08962
2682,15.0,15.0,2.846567,2.94036,2.801671,2.907516,2.730831,2.857223,2.736014,2.228973,3.106589,2.611244,2.398271,2.454533,2.288373,1.885375,2.509576,4.368248,2.944989,4.269514,3.256076,3.724022,3.40634,2.3985,3.89498,3.537995,3.716984,4.061242,2.161247,2.179108,1.536905,1.69763,3.055974,,0.803824,0.565899,0.237925,1.053033,0.166078,1.047505,1.192328,0.564859,0.62747,2.471123,0.188475,1.106316,1.379829,0.561213,0.818617,3.226852,0.188295,1.121808,1.223631,0.567929,0.655702,2.483175,0.207914,1.126084,1.227405,0.574406,0.652999,2.493992,0.211654,1.12753
2693,15.0,14.0,6.663122,6.578953,6.663041,6.531606,6.878655,7.322196,6.411147,6.493751,7.95273,6.71499,5.839324,6.191755,6.431168,6.491211,7.16754,6.289232,6.25899,6.45444,6.715586,5.645818,6.561554,6.113466,4.98732,6.157846,5.248995,4.027307,3.122069,3.66936,3.576875,2.703259,13.748723,,0.343186,0.184694,0.158492,0.508507,0.155258,1.007948,0.289921,0.195069,0.094852,0.298042,0.197459,1.074677,0.402684,0.196525,0.206158,0.557668,0.212086,1.088125,0.610255,0.191677,0.418578,1.045182,0.212333,1.092849,0.567901,0.180955,0.386946,0.883067,0.204503,1.095464
2697,15.0,15.0,2.086388,2.11698,1.981362,2.132717,2.073679,2.148403,2.089591,2.061744,2.145154,2.081493,2.062902,2.056921,2.04485,2.04361,2.044837,7.000264,6.730549,6.982819,6.748126,6.717615,6.86916,6.707541,6.708012,6.68278,6.722755,6.705975,6.720815,6.698526,6.702157,6.70035,1.573284,,2.086388,2.062902,0.023487,0.652384,0.125476,1.054703,2.11698,2.056921,0.060059,0.31831,0.138349,1.108726,2.132717,2.04485,0.087867,0.455814,0.152179,1.122597,2.148403,2.04361,0.104793,0.414079,0.159619,1.127881,2.145154,2.044837,0.100317,0.509265,0.163082,1.130638
2699,16.0,16.0,11.650741,11.802919,10.289151,11.09505,10.384344,11.551581,11.676401,9.796413,11.23092,9.828036,9.329592,10.920044,10.258311,10.027645,10.043315,12.829901,11.670422,13.184937,11.822435,12.172046,11.894355,11.406151,12.274708,12.408783,11.608106,12.626989,9.997499,9.282983,9.698659,8.75618,15.698316,,1.50901,1.280209,0.228801,1.143775,0.203164,1.024971,1.639659,1.302205,0.337455,1.414154,0.235424,1.076775,1.90977,1.299605,0.610165,2.07701,0.246259,1.09339,2.235811,1.296609,0.939202,3.262368,0.2449,1.100906,2.04007,1.304641,0.735429,2.207776,0.247298,1.104681
2704,16.0,16.0,1.85016,2.041344,1.814645,1.888241,1.793077,2.042363,1.987402,1.773095,2.036573,1.782192,1.750811,1.746369,1.745267,1.736431,1.738537,6.480197,6.609455,6.439999,6.486078,6.165171,6.438335,6.561994,6.140655,6.359883,6.146789,6.114107,6.101246,6.099166,6.095057,6.087049,4.632372,,1.85016,1.750811,0.099349,0.298282,0.173287,1.020347,2.041344,1.746369,0.294976,1.044334,0.204508,1.084308,1.888241,1.745267,0.142974,0.468679,0.212366,1.103943,2.042363,1.736431,0.305932,1.027725,0.214746,1.112028,2.036573,1.738537,0.298037,0.983383,0.212262,1.116085
2715,16.0,16.0,3.544047,3.599705,3.514446,4.054788,3.638639,3.902594,3.170551,3.527388,3.580748,3.4773,3.556698,2.85137,3.809668,3.673989,3.466057,2.389598,3.152919,2.112671,3.299103,0.956013,3.383752,3.009776,1.421925,3.412951,1.039303,0.74078,2.068009,1.9865,2.242842,2.243543,5.80062,,0.203083,0.147128,0.055955,0.170123,0.106032,1.0084,0.283838,0.153571,0.130267,0.440539,0.117685,1.07124,0.479873,0.161914,0.317959,1.186714,0.119507,1.090733,0.456633,0.168547,0.288086,1.085473,0.125507,1.099072,0.427497,0.169513,0.257985,0.959903,0.130826,1.103537
2724,15.0,15.0,4.508014,4.945859,4.478077,4.934352,4.685734,4.92021,4.871603,4.822848,4.930751,4.659306,4.695232,4.749557,4.687363,4.708958,4.762561,4.628436,4.665184,4.490752,4.810949,2.621687,4.688464,4.492345,2.348195,4.590449,2.116289,1.932086,1.201557,1.280852,1.288973,1.250975,4.263528,,4.798552,5.005358,-0.206806,1.488147,0.544588,1.001629,5.259174,5.064778,0.194396,0.861022,0.475566,1.060269,5.25577,5.002912,0.252858,0.855053,0.493024,1.075749,5.178444,5.022269,0.156175,0.804505,0.478393,1.082646,5.211865,5.07883,0.133035,0.800276,0.413,1.086636
2725,15.0,15.0,10.799583,11.4383,10.333127,11.496802,10.122261,11.445829,11.107919,9.638856,12.18978,9.949265,10.643183,10.14029,10.299698,10.246609,10.613887,13.647151,13.332412,11.880109,12.258979,10.647345,12.041236,11.549358,9.824377,12.261944,9.441437,7.07161,6.998335,4.95979,4.876907,5.157969,7.913257,,4.17635,3.582447,0.593903,2.295615,0.197763,1.004009,4.361459,3.628181,0.733278,1.55826,0.283385,1.069104,4.199786,3.897607,0.302179,1.57487,0.565722,1.081212,4.243586,3.902769,0.340817,1.991613,0.583833,1.086016,4.855594,4.211302,0.644291,3.758929,0.875655,1.088315
2727,15.0,15.0,5.422855,5.701105,5.387232,5.558131,5.330259,5.673317,5.660813,5.056325,5.651617,5.064027,5.052218,5.037126,5.051356,5.046518,5.043295,19.583123,19.722083,19.44278,19.879026,19.595513,19.814894,19.473237,19.638056,19.82397,19.679077,19.663196,19.630319,19.6139,19.609039,19.600806,17.86895,,2.538181,1.940707,0.597474,1.653524,0.11248,0.967588,2.952706,1.931152,1.021554,2.527872,0.142734,1.03518,2.793709,1.934547,0.859162,2.177649,0.155319,1.051696,2.819827,1.938254,0.881573,2.011829,0.168723,1.059121,2.796511,1.945894,0.850617,1.971898,0.1743,1.063998
2731,15.0,15.0,2.705379,2.724257,2.687929,2.951234,2.691626,3.014642,2.695126,2.690236,2.999779,2.665823,2.672493,2.680136,2.682813,2.680248,2.677082,3.29648,3.214659,3.085489,3.260476,3.21301,3.32072,3.14576,3.198669,3.365525,3.195681,3.187201,3.185303,3.184119,3.178137,3.179754,3.657782,,2.705379,2.672493,0.032886,0.194796,0.125543,1.024536,2.724257,2.680136,0.044122,0.233345,0.144745,1.083672,2.951234,2.682813,0.268421,1.104742,0.152263,1.101473,3.014642,2.680248,0.334394,1.363547,0.159091,1.108876,2.999779,2.677082,0.322697,1.313771,0.158509,1.112609
2734,15.0,15.0,13.286889,13.076489,12.853378,13.299292,13.090045,13.08814,12.340107,12.401073,14.168588,12.432077,11.717699,12.11764,11.865109,12.147538,12.735801,14.609356,14.52691,13.142072,13.848112,10.80492,13.143427,11.057528,10.014792,13.46702,10.083851,7.764657,6.330359,6.751882,7.732715,7.792754,18.436617,,1.593071,0.532756,1.060315,2.657911,0.615151,0.980131,1.942549,1.042861,0.899687,2.779857,0.955977,1.040357,2.558663,0.468672,2.089991,3.993179,0.989201,1.057733,2.433368,0.597874,1.835493,3.977845,1.074264,1.064523,2.820648,0.611624,2.209024,4.404677,1.179809,1.068016
2735,15.0,15.0,0.232586,0.351045,0.215284,0.379165,0.212101,0.351915,0.327949,0.196422,0.338713,0.198306,0.178719,0.188151,0.194292,0.20094,0.199704,0.527999,0.564049,0.509092,0.565314,0.275381,0.571089,0.538663,0.259172,0.597751,0.270096,0.236796,0.247955,0.2531,0.255156,0.248829,0.206837,,0.232586,0.178719,0.053867,0.186921,0.116176,1.005515,0.351045,0.188151,0.162895,0.626048,0.135723,1.065282,0.379165,0.194292,0.184873,0.7125,0.161835,1.085393,0.351915,0.20094,0.150975,0.581116,0.150038,1.094239,0.338713,0.199704,0.13901,0.513783,0.156762,1.099024
2741,15.0,15.0,5.875694,6.316962,5.727997,6.865977,5.658881,6.34168,5.938279,5.445409,6.560637,5.319608,4.238625,5.304972,5.587512,5.233676,5.84151,7.489266,8.054046,6.914397,8.069683,7.235825,7.585182,7.743631,5.834276,7.593766,5.936483,3.979048,4.447494,4.387499,2.259165,3.068871,7.541865,,1.220396,1.159241,0.061155,0.237118,0.157611,1.010219,1.298177,1.151065,0.147113,0.543571,0.193636,1.064414,1.308355,1.158252,0.150103,0.554667,0.196974,1.080564,1.339598,1.161475,0.178123,0.636647,0.210428,1.086802,1.34042,1.163364,0.177056,0.637112,0.20734,1.089778
2744,15.0,15.0,3.443774,3.08883,3.309466,3.501143,3.107964,3.814016,3.091981,3.055027,3.467696,3.152363,3.053506,2.973466,3.095911,3.072867,3.121003,3.134433,5.368096,3.048681,5.341859,1.763858,5.317062,5.167737,2.119043,5.324264,1.663292,1.391073,4.402369,4.111135,4.164651,4.080451,2.175114,,0.172954,0.098641,0.074314,0.171372,0.113081,1.018749,0.194441,0.111552,0.082888,0.199156,0.142275,1.0846,0.198518,0.108989,0.089528,0.206403,0.147981,1.101758,0.217317,0.116418,0.100899,0.253491,0.139115,1.108493,0.21907,0.116649,0.102421,0.253474,0.137881,1.111923
2747,16.0,16.0,0.592228,0.698074,0.55877,0.918073,0.470755,0.968107,0.648514,0.456143,0.941425,0.431318,0.432536,0.426688,0.43961,0.443846,0.44565,1.248576,1.512794,1.212135,1.517401,0.965678,1.681814,1.4685,0.792945,1.711134,0.546715,0.267947,0.286625,0.271473,0.273742,0.376323,0.484947,,0.592228,0.432536,0.159693,0.564316,0.128686,1.049839,0.698074,0.426688,0.271386,0.809615,0.148411,1.103246,0.918073,0.43961,0.478463,1.389746,0.170491,1.116293,0.968107,0.443846,0.524261,1.555031,0.175487,1.121156,0.941425,0.44565,0.495775,1.449558,0.181289,1.123668
2749,15.0,15.0,2.73413,2.473935,2.694786,2.414811,2.716364,2.259013,2.434628,2.612554,2.306267,2.633737,2.56355,2.31766,2.523269,1.991198,2.12656,4.055117,3.603067,3.614312,3.665218,2.804909,3.889746,3.271108,2.76611,4.008218,2.943542,2.442135,1.979001,1.989149,2.00634,2.021693,1.073409,,0.175634,0.120786,0.054849,0.169148,0.110535,1.003237,0.194541,0.122761,0.07178,0.195942,0.11596,1.04978,0.231277,0.128817,0.102461,0.298387,0.130102,1.063345,0.236981,0.134047,0.102934,0.305419,0.134598,1.069442,0.240187,0.138438,0.101749,0.310096,0.132603,1.073051
2751,15.0,15.0,3.270001,3.292164,3.234865,3.314178,3.211656,3.33672,3.248287,3.198436,3.340091,3.187343,3.173904,3.179896,3.177355,3.183012,3.191252,9.767424,9.970622,9.716634,9.968988,8.539505,9.947915,9.909871,8.524915,10.002914,8.51199,8.505685,8.48883,8.501295,8.482818,8.478754,2.775666,,3.270001,3.173904,0.096097,0.24542,0.119815,1.002523,3.292164,3.179896,0.112268,0.278361,0.147536,1.05681,3.314178,3.177355,0.136823,0.339272,0.153205,1.072368,3.33672,3.183012,0.153708,0.386844,0.162954,1.077855,3.340091,3.191252,0.148839,0.391813,0.16896,1.079952
2753,15.0,15.0,2.449092,2.371237,2.422504,2.291845,2.406005,2.392854,2.342122,2.408015,2.502327,2.395296,2.390128,2.360892,2.342831,2.356828,2.365514,9.596098,9.991612,8.026482,10.081983,8.121924,10.154767,8.110539,7.546944,10.107129,7.87394,8.013843,7.977867,7.989942,7.935596,7.787783,2.444983,,2.449092,2.390128,0.058965,0.21256,0.118877,0.975353,2.371237,2.360892,0.010345,0.505076,0.13992,1.03873,2.291845,2.342831,-0.050986,0.8581,0.208795,1.056388,2.392854,2.356828,0.036025,0.891408,0.189238,1.063364,2.502327,2.365514,0.136813,1.29058,0.190523,1.066788
2754,15.0,15.0,4.752381,4.76832,4.720826,4.724968,4.534671,4.870511,4.55213,4.484947,5.138649,4.163917,4.174815,4.143335,4.218406,4.368786,4.928601,5.115271,5.279631,4.785074,6.054298,3.47619,6.309874,4.929005,3.460596,6.368615,2.830457,2.797097,2.804172,3.061284,3.06141,3.177561,4.446562,,4.833772,4.166405,0.667366,1.199481,0.215689,0.973751,4.959882,4.137303,0.822578,1.375786,0.251802,1.050473,4.917803,4.22375,0.694053,1.151572,0.325048,1.072119,5.129426,4.419786,0.70964,1.378608,0.54042,1.080689,5.414655,5.127228,0.287427,1.369653,1.16768,1.086006
2759,46.0,46.0,4.409548,4.321967,4.167116,4.469951,3.782494,4.429102,4.151737,3.734658,4.408855,3.628104,3.549848,3.973779,4.096722,4.262247,4.098155,4.693684,5.517201,4.61316,5.177076,4.461867,5.26484,4.921732,4.383062,5.24498,3.951534,3.470865,4.004616,4.023284,4.011255,4.029116,4.28193,,1.156259,0.957586,0.198673,0.449714,0.204691,1.001494,1.124558,0.958329,0.166229,0.517811,0.150301,1.064717,1.130774,0.958849,0.171925,0.540897,0.160503,1.082497,1.168694,0.944863,0.223831,0.586544,0.210682,1.089951,1.26966,0.95846,0.3112,0.907245,0.199188,1.093945
2775,15.0,15.0,7.667065,7.820009,7.68091,7.533907,7.082622,7.816116,7.747627,7.01724,7.883075,7.368467,7.834556,7.913755,7.477055,7.617691,7.462962,16.149289,16.904537,16.007837,16.803386,15.002146,16.675037,16.312264,15.124854,16.667698,14.92144,14.92922,14.866141,14.7136,14.729389,14.561819,8.885078,,6.385643,6.311803,0.07384,0.265332,0.143292,1.0094,6.40038,6.313417,0.086963,0.289079,0.166749,1.071022,6.433466,6.319798,0.113668,0.37386,0.176612,1.089236,6.668059,6.319384,0.348675,1.286698,0.181507,1.097199,6.691934,6.319483,0.372451,1.360706,0.176237,1.101035
2777,15.0,15.0,1.753991,1.611239,1.670782,1.849111,1.381299,1.797745,1.520025,1.610749,1.791616,1.164013,0.914559,0.950847,1.348775,1.215457,1.077395,3.475969,3.86338,3.777844,4.043131,3.161304,4.199362,3.651918,4.11557,4.212427,2.5899,2.822279,3.201823,2.709785,2.319572,1.254396,0.450011,,1.753991,0.914559,0.839433,1.586968,0.799218,1.045613,1.611239,0.950847,0.660392,1.757154,0.702371,1.09954,1.849111,1.348775,0.500336,1.840572,1.031064,1.112954,1.797745,1.215457,0.582289,1.963423,0.927359,1.117631,1.791616,1.077395,0.714221,1.851534,0.702608,1.119688
2780,15.0,15.0,4.251696,4.361142,4.22167,4.350788,4.176751,4.321494,4.319019,4.166044,4.388734,4.171394,4.155013,4.149355,4.152839,4.14977,4.151334,2.72387,2.772431,2.685653,3.105519,2.443621,3.206582,2.721027,2.423154,3.350796,2.414174,2.393429,2.391489,2.391299,2.379867,2.382491,16.733645,,4.541571,4.440836,0.100735,0.377811,0.148571,1.021127,4.627211,4.434809,0.192403,0.675546,0.158056,1.070379,4.630169,4.434703,0.195466,0.678589,0.173864,1.083014,4.582531,4.432858,0.149673,0.492918,0.173254,1.088939,4.640729,4.430834,0.209895,0.7137,0.17965,1.091935
2785,14.0,14.0,4.836725,4.301148,4.849518,4.53866,4.570389,4.754488,3.967766,4.780388,4.652789,4.787694,4.564001,3.55072,4.322222,4.441705,4.159713,8.19652,7.988142,7.850052,8.078252,7.534096,8.051761,7.896748,7.41218,7.869551,7.71693,6.54198,6.427945,6.453761,6.463306,6.527832,4.561843,,2.843469,2.706766,0.136702,0.542955,0.172816,1.057166,2.998059,2.71632,0.281738,1.00913,0.187984,1.110936,2.945519,2.720721,0.224798,0.753001,0.193389,1.125597,3.145425,2.711769,0.433657,1.543359,0.203069,1.131384,3.156067,2.714337,0.44173,1.583474,0.201449,1.134296
2787,16.0,16.0,2.526545,2.625317,2.471203,2.783371,2.390889,2.764092,2.567401,2.371357,2.806884,2.385312,2.31681,2.347135,2.350414,2.345445,2.333659,1.50462,1.309388,1.445254,1.404303,1.178475,1.803467,1.241488,1.154103,1.836053,1.157732,1.069683,1.089603,1.089155,1.083845,1.099914,2.22838,,2.526545,2.31681,0.209734,0.607249,0.183413,1.040212,2.625317,2.347135,0.278182,0.84144,0.195059,1.107258,2.783371,2.350414,0.432957,1.356233,0.194793,1.120062,2.764092,2.345445,0.418647,1.265548,0.200177,1.123808,2.806884,2.333659,0.473225,1.355351,0.208374,1.124885
2788,15.0,15.0,1.617248,1.620666,1.591764,1.690215,1.579801,1.688248,1.584035,1.57814,1.672309,1.581611,1.556186,1.555108,1.562983,1.568181,1.573253,9.68975,9.792771,9.606165,9.847767,9.487294,9.88942,9.672163,9.489963,9.944118,9.485166,9.469001,9.472471,9.469147,9.4774,9.472689,1.902167,,1.617248,1.556186,0.061062,0.250894,0.137441,1.035371,1.620666,1.555108,0.065558,0.245183,0.159672,1.093021,1.690215,1.562983,0.127233,0.480501,0.177333,1.111771,1.688248,1.568181,0.120067,0.438036,0.178525,1.119351,1.672309,1.573253,0.099056,0.360048,0.182282,1.122962
2793,16.0,16.0,1.847326,1.876052,1.8249,1.996296,1.809702,2.020836,1.853313,1.806857,1.966021,1.804522,1.79854,1.790455,1.788091,1.800186,1.798625,1.714361,2.125209,1.676096,2.213999,0.67548,2.233408,2.075332,0.654897,2.229875,0.647019,0.635676,0.627355,0.6301,0.636801,0.627273,1.865547,,1.948024,1.893835,0.054189,0.236718,0.16374,1.037257,1.977895,1.88742,0.090475,0.320686,0.16614,1.097589,2.003266,1.883115,0.120151,0.405643,0.170328,1.11238,2.024498,1.895937,0.12856,0.453785,0.170222,1.118365,2.031331,1.894272,0.137059,0.463948,0.180798,1.121245
2795,16.0,16.0,2.96469,2.771643,2.367943,3.196903,2.329367,2.980493,2.518871,2.413877,3.548215,1.953387,1.701334,1.839986,1.945611,2.097351,2.763244,3.909262,5.206462,3.310021,4.804422,2.250622,4.710828,4.608244,2.218259,5.12099,2.732798,1.394923,3.476858,1.188635,0.743206,1.401924,10.473035,,0.232478,0.15353,0.078948,0.227044,0.151038,1.032526,0.274371,0.16229,0.112081,0.298666,0.157356,1.09242,0.367998,0.153897,0.214101,0.572297,0.171361,1.109373,0.364713,0.150838,0.213875,0.602514,0.179769,1.116877,0.471169,0.155612,0.315558,0.988461,0.188466,1.120268
2798,15.0,15.0,3.591783,3.554063,3.406506,3.380059,2.958104,3.261049,3.325179,2.940318,3.330396,3.19333,3.091817,2.709973,2.94614,2.498653,2.669716,2.747611,3.526897,2.573611,3.242038,2.927664,3.356661,3.037904,1.776642,3.219822,2.078663,1.599188,1.679812,1.153343,1.237604,1.266341,4.444378,,2.544296,2.492491,0.051805,0.188745,0.125784,1.011988,2.561617,2.506569,0.055048,0.224409,0.141693,1.072001,2.629883,2.494203,0.135681,0.466869,0.153221,1.089831,2.650529,2.502873,0.147656,0.479212,0.157938,1.096909,2.633618,2.499589,0.134029,0.470787,0.152275,1.100239
2804,15.0,15.0,3.271085,3.714549,3.003719,3.843076,2.895667,3.079647,3.635894,2.880238,3.47771,3.06735,3.380472,4.133739,4.197393,2.956043,3.115131,3.298152,3.761121,3.593484,3.393295,2.91401,3.344476,3.418122,2.976084,3.727595,2.938809,1.654442,1.907643,0.902886,0.810737,0.886777,7.820263,,0.24727,0.204557,0.042713,0.164501,0.089857,1.020923,0.25603,0.199116,0.056914,0.19087,0.108244,1.084276,0.265668,0.207458,0.05821,0.204029,0.11181,1.103567,0.271454,0.200178,0.071276,0.215673,0.115542,1.111626,0.274823,0.209644,0.065179,0.220147,0.120585,1.115828
2810,15.0,15.0,4.560865,4.9104,3.984473,4.505719,4.195749,4.343882,4.789509,3.64645,4.780859,3.216638,2.930965,3.559378,3.618934,3.410111,3.796779,5.628058,4.446328,5.599338,5.033655,4.798137,5.95704,4.141769,4.942923,5.638633,4.707906,4.844166,3.11709,3.105747,3.999866,3.229234,2.890606,,1.388449,0.94787,0.440579,1.752469,0.206701,1.02951,1.790023,0.9726,0.817423,2.582434,0.226503,1.091501,1.948475,0.971951,0.976524,3.081096,0.253735,1.107793,1.761591,0.956245,0.805346,2.442098,0.266611,1.114503,1.877409,0.932579,0.94483,2.97085,0.291515,1.117839
2812,15.0,15.0,5.385083,5.173149,5.306083,5.047793,5.385577,5.384941,5.141716,5.327678,5.361867,5.282692,5.171412,5.15056,5.141045,5.190363,5.262344,15.096329,15.391872,14.692534,15.603946,14.529147,15.656022,14.86622,14.582796,15.52603,14.023339,14.069248,14.531915,14.401117,14.491928,14.52653,8.586391,,3.446667,3.239385,0.207282,0.605999,0.20914,0.982173,3.563479,3.304234,0.259246,0.862072,0.279843,1.062001,3.452558,3.275844,0.176715,0.919063,0.28611,1.078188,3.448275,3.225911,0.222365,0.8566,0.255251,1.083774,3.415253,3.273239,0.142014,0.616304,0.283518,1.086709
2820,15.0,15.0,5.181995,4.870956,4.651704,4.303258,4.21307,4.687486,4.203012,4.015909,4.750537,3.963421,3.554547,3.547915,3.397593,3.521039,3.525358,6.916408,7.022031,5.822361,7.358532,4.56378,7.070709,6.413224,3.975278,6.867115,3.53943,3.559174,1.98737,2.630527,2.31873,2.421865,5.366854,,1.602939,0.976853,0.626086,2.285592,0.35319,1.029909,1.90444,1.005405,0.899036,2.902382,0.420302,1.079627,1.687263,0.979585,0.707678,2.334652,0.473698,1.091327,1.823378,0.969713,0.853665,2.752008,0.514569,1.094874,1.798767,0.966721,0.832047,2.581041,0.488488,1.09616
2823,15.0,15.0,4.405096,4.422683,4.367183,4.512492,4.366334,4.446612,4.373615,4.361224,4.56418,4.357696,4.372911,4.36328,4.368704,4.368257,4.365298,4.080659,4.655845,4.013049,4.873687,2.888692,4.80962,4.578187,2.883068,4.894414,2.876416,2.858477,2.879289,2.888625,2.890435,2.888951,4.789455,,4.405096,4.372911,0.032185,0.170688,0.110394,1.013075,4.422683,4.36328,0.059403,0.203061,0.126787,1.071658,4.512492,4.368704,0.143788,0.521859,0.138759,1.089777,4.446612,4.368257,0.078355,0.260585,0.14731,1.097309,4.56418,4.365298,0.198882,0.729595,0.151066,1.100972
2831,16.0,16.0,1.735033,1.453584,1.518931,1.593443,1.244294,1.774756,1.356333,1.022373,1.882209,1.167755,1.158059,0.659723,0.860074,1.043504,1.075296,2.455276,2.733675,2.39362,2.631319,2.410142,2.326124,2.751079,2.471023,2.40287,2.003234,1.962832,1.290567,1.575126,1.33499,1.349667,4.178899,,0.503696,0.146906,0.356791,1.126505,0.192999,1.023188,0.467995,0.133161,0.334834,0.9126,0.243078,1.082039,0.518721,0.172292,0.34643,1.040866,0.28064,1.097779,0.520184,0.163567,0.356617,1.00948,0.275136,1.104001,0.499733,0.174686,0.325047,0.884745,0.291063,1.107183
2834,16.0,16.0,8.143054,7.058629,8.231592,7.277505,7.009317,7.190917,6.941878,7.258178,7.339442,7.155761,7.228689,6.411113,5.985093,6.118241,5.82247,10.726527,10.589602,10.380699,10.737333,8.342386,11.386414,9.166598,8.719789,11.296782,8.321226,6.863727,7.037105,6.478753,6.897555,6.700419,4.934121,,1.960596,1.696517,0.264079,0.958215,0.173918,1.022145,1.947511,1.708013,0.239498,0.826873,0.175056,1.085467,1.993313,1.713461,0.279852,0.94389,0.214986,1.099874,2.170054,1.718767,0.451286,1.515908,0.204158,1.105545,2.217685,1.728042,0.489644,1.185627,0.212312,1.10823
2845,15.0,15.0,7.448603,7.515278,7.009973,7.36918,6.059933,7.179328,6.910973,6.327792,7.369443,6.414852,6.666816,7.085014,6.853709,7.15438,6.746729,8.521959,7.640735,8.377837,7.295624,7.215974,7.673726,7.532902,6.859345,7.501603,6.026148,6.063657,3.17651,1.63871,2.654169,2.661701,6.409729,,0.154188,0.087858,0.06633,0.167228,0.118922,0.999601,0.205458,0.090634,0.114825,0.303974,0.131809,1.060589,0.182643,0.091902,0.090741,0.209508,0.12754,1.079497,0.190177,0.094708,0.095469,0.221285,0.139562,1.087121,0.227901,0.095381,0.13252,0.350125,0.142827,1.090488
2851,15.0,15.0,10.046011,10.337319,9.670181,10.506182,9.487607,10.619543,9.852577,9.23292,10.700122,9.286545,9.268564,9.292843,9.40664,9.248681,9.563466,10.23426,10.314102,9.856293,10.487153,8.07498,10.694752,10.025318,8.427241,10.823955,7.854248,7.809129,6.802097,6.558011,6.830309,7.082176,11.810319,,10.888399,10.459978,0.428421,1.634477,1.724439,1.01775,10.862328,10.162471,0.699857,1.649788,1.643438,1.063239,10.957082,10.167456,0.789626,1.937766,1.538045,1.076717,10.940954,9.985594,0.955359,2.152751,1.359212,1.081546,10.780692,9.989477,0.791215,1.919005,1.089877,1.084409
2853,15.0,15.0,1.854457,2.205473,1.731345,2.334841,1.754476,2.309015,2.098447,1.746812,2.273878,1.712432,1.7153,1.728186,1.75334,1.747835,1.753753,10.809094,11.032394,10.54835,11.220333,10.147128,11.390076,10.698748,9.426082,11.560547,9.390138,9.293546,9.325103,9.314813,9.32818,9.314323,27.473111,,2.036505,1.94022,0.096285,0.829881,0.205479,0.96113,2.254977,1.973855,0.281122,0.818109,0.241254,1.043912,2.360216,1.969801,0.390415,1.213392,0.256012,1.063331,2.377672,1.97535,0.402322,1.169472,0.258846,1.070293,2.308839,1.984685,0.324154,1.100336,0.287039,1.073665
2865,15.0,15.0,2.10991,2.61514,1.847539,2.208481,2.184013,2.310874,2.546061,1.990783,2.41984,1.977917,1.543391,2.003928,1.688089,1.695757,1.662617,3.117062,2.571795,3.077521,2.717021,2.874557,2.754715,2.28967,2.330386,2.54747,2.658418,3.228618,0.99111,2.672679,2.332917,2.077848,11.60577,,0.521739,0.393285,0.128454,0.413933,0.157084,1.073135,0.672464,0.386978,0.285486,1.054891,0.183843,1.125769,0.794422,0.384519,0.409902,1.501661,0.207091,1.139474,0.834628,0.383114,0.451514,1.651433,0.207965,1.145832,0.777289,0.370988,0.406301,1.389318,0.218948,1.149611
2868,16.0,16.0,3.955397,3.712279,3.95005,3.991867,3.900755,3.686023,3.526899,3.551216,3.468052,3.929738,3.469629,3.365036,3.401567,3.380197,3.092686,3.578944,3.897753,3.619049,4.151463,3.983648,4.099977,3.62738,3.574552,3.938945,3.205718,2.795721,2.388672,2.796907,3.132373,2.517593,3.076191,,2.621683,2.54094,0.080743,0.45042,0.152392,1.038867,2.801045,2.525115,0.27593,1.230551,0.179141,1.095273,2.804709,2.525993,0.278716,1.232088,0.195771,1.113346,2.859449,2.521886,0.337563,1.424681,0.197194,1.121214,2.831568,2.51883,0.312738,1.422427,0.202579,1.125146
2870,15.0,15.0,2.855845,3.471703,2.663701,3.206289,2.778365,3.601661,3.470854,2.982074,3.696742,2.963022,2.986755,3.050773,2.802551,3.177821,3.084782,6.922643,7.487823,6.697845,7.583137,5.138128,7.965475,7.106273,5.007109,7.793389,4.376159,4.640572,4.593975,4.302382,4.48163,4.339444,4.35784,,0.277404,0.105697,0.171707,0.540318,0.135023,0.921322,0.64306,0.106741,0.536319,1.29868,0.155159,0.990604,0.755841,0.100142,0.655699,1.32094,0.176988,1.010466,1.08733,0.437707,0.649623,1.956751,0.501791,1.019121,1.233035,0.435848,0.797187,2.442419,0.508689,1.023657
2872,15.0,15.0,3.517386,3.518201,3.481633,3.632192,3.405217,3.520849,3.467147,3.403005,3.568149,3.403011,3.396631,3.393984,3.41223,3.406761,3.403665,2.45594,2.482849,2.422292,2.489861,2.431277,2.496986,2.436156,2.43132,2.683024,2.418606,2.410041,2.417322,2.412679,2.41313,2.417833,5.964732,,3.517386,3.396631,0.120755,0.496041,0.137498,1.030215,3.518201,3.393984,0.124217,0.493551,0.168951,1.097825,3.632192,3.41223,0.219962,0.839148,0.177435,1.116526,3.520849,3.406761,0.114088,0.416622,0.188249,1.123428,3.568149,3.403665,0.164484,0.534386,0.192448,1.126312
2875,15.0,15.0,6.109754,6.370955,5.651959,6.58148,5.11802,6.606666,5.778462,5.055352,6.201574,4.546945,4.856044,4.302117,5.085341,4.87434,4.93401,5.305358,4.91456,4.558311,4.580681,4.902353,5.193897,4.567273,4.351465,4.793162,5.268702,4.305207,3.664215,2.711451,2.781764,3.033095,7.312337,,4.527062,4.373784,0.153278,0.554161,0.135878,1.033348,4.5893,4.386609,0.202691,0.738566,0.161238,1.103785,4.782634,4.379769,0.402865,1.477467,0.173872,1.122887,4.781937,4.378416,0.403521,1.473139,0.178859,1.131111,4.721819,4.376609,0.34521,1.231117,0.187505,1.135449
2885,15.0,15.0,2.089724,1.7318,1.854599,1.44358,1.184901,1.313158,1.408369,1.11893,1.202452,1.012247,1.042275,1.017469,0.529944,0.621198,0.820518,2.70014,1.757073,2.621759,1.426881,2.342443,1.504009,1.489962,2.042594,1.220713,2.327809,2.361897,0.554648,0.376483,0.539776,0.543724,6.276614,,0.579551,0.536674,0.042877,0.234439,0.161906,1.001805,0.598239,0.543827,0.054412,0.266615,0.170735,1.062865,0.61117,0.553471,0.057699,0.286356,0.188673,1.080359,0.612484,0.548382,0.064102,0.295892,0.18304,1.087356,0.612525,0.537211,0.075314,0.297594,0.188699,1.0911
2887,16.0,16.0,4.177174,4.11014,4.083529,4.417232,4.0541,4.321483,4.108037,3.920008,4.773678,3.889701,3.930564,3.785927,3.704704,3.610279,3.698535,3.277567,3.134808,2.295956,3.173831,1.821626,3.451689,2.592803,1.477129,3.431202,0.86632,0.662643,1.499902,0.742651,0.506567,1.517547,2.459575,,0.158254,0.077363,0.080891,0.178499,0.123558,1.013894,0.333344,0.082482,0.250862,0.795345,0.135092,1.086625,0.427917,0.083597,0.34432,1.1515,0.142389,1.10679,0.346978,0.08704,0.259938,0.791563,0.151762,1.115068,0.442665,0.089659,0.353006,1.168794,0.150144,1.119565
2890,15.0,15.0,17.283691,17.391078,16.672923,17.418058,16.746475,17.095891,17.31571,16.901362,16.894105,16.203127,16.763136,17.456746,16.482999,16.041049,16.89922,11.858397,11.561159,11.06809,11.867815,11.400982,11.665577,10.940849,11.882232,11.927064,11.155367,11.103713,10.015254,10.84232,10.239979,10.336192,20.922461,,12.952688,11.737921,1.214767,4.513079,2.676628,0.959111,12.999671,12.870556,0.129115,4.791979,3.504422,1.026578,13.306675,12.141561,1.165113,6.160651,3.297292,1.034034,12.822127,11.622783,1.199343,5.670656,3.005295,1.034979,12.780509,12.432163,0.348346,4.940398,3.457728,1.035052
2893,15.0,15.0,7.332347,6.827639,7.267125,6.595437,6.783358,6.913341,6.726843,7.032668,6.996495,6.90892,6.895012,6.329338,5.999956,6.032248,6.057168,7.660144,7.589552,6.762339,7.728205,6.867175,7.848173,6.511057,5.689172,7.857035,5.08703,5.259537,3.809345,3.747022,4.350906,4.562231,11.526006,,5.462671,5.067048,0.395622,1.488858,0.211886,0.979293,5.418369,5.068217,0.350152,1.248156,0.225233,1.037106,5.589506,5.046259,0.543247,1.829644,0.2532,1.052521,5.814935,5.045681,0.769254,2.267671,0.295073,1.057504,5.801679,5.042939,0.75874,2.272885,0.292298,1.059354
2902,15.0,15.0,3.059729,3.60702,3.218862,2.694926,3.137574,2.878831,3.428081,2.749409,2.792848,2.50937,1.818136,3.07666,2.254769,1.900194,2.299111,3.546714,2.820026,3.221862,2.674613,3.21032,3.023134,2.751429,3.087866,3.065188,2.780311,2.647342,1.22146,1.014491,1.22605,1.681886,1.302053,,0.2794,0.204934,0.074467,0.180544,0.124275,0.984674,0.300674,0.217651,0.083023,0.21619,0.144275,1.053883,0.30822,0.220129,0.088091,0.229478,0.15498,1.079579,0.379829,0.232388,0.147441,0.480237,0.159584,1.090908,0.383478,0.238651,0.144826,0.486128,0.154949,1.097074
2903,15.0,15.0,5.920962,5.852072,5.623811,5.945012,5.458421,5.721254,5.761278,5.731783,5.732078,5.666778,5.65866,5.59215,5.508417,5.584495,5.74235,6.449621,5.375682,5.886342,5.148641,6.643871,5.200901,4.75507,5.641867,5.30314,6.212967,6.357424,3.976514,4.182439,3.843773,3.776421,6.655909,,5.254205,5.102112,0.152092,2.982859,2.376248,1.014692,4.837429,4.564118,0.273311,2.819353,1.859322,1.067861,4.76173,4.488764,0.272966,2.781404,1.831985,1.079703,4.734409,4.568794,0.165615,2.85101,1.955207,1.08306,4.738866,4.752087,-0.013221,2.856198,2.242745,1.084136
2906,15.0,15.0,2.132257,2.091711,1.994206,2.155808,1.813776,2.413181,1.961937,1.993326,2.643574,1.79757,1.472506,1.321474,1.323135,1.333384,1.323296,23.720559,23.453412,20.852494,23.182954,23.126513,23.04101,20.866345,21.644573,23.088072,23.513146,23.736532,22.365469,22.565016,22.322544,22.842393,1.759444,,1.512629,1.165842,0.346787,0.871868,0.17838,0.924134,1.713713,1.138876,0.574838,1.247417,0.210639,0.988718,1.803894,1.166991,0.636903,1.457337,0.212494,1.008113,1.961627,1.176318,0.785309,1.604552,0.225807,1.017509,1.986759,1.164686,0.822073,1.657673,0.241027,1.022768
2909,15.0,15.0,0.399634,0.422121,0.346979,0.444194,0.155781,0.540452,0.356668,0.139227,0.419581,0.140492,0.111219,0.127985,0.145284,0.135438,0.136495,0.241879,0.534924,0.185753,0.31028,0.157567,0.38225,0.464979,0.140001,0.460685,0.153853,0.099584,0.123746,0.128694,0.115408,0.115752,3.65355,,0.399634,0.111219,0.288415,0.947867,0.16396,1.032541,0.422121,0.127985,0.294136,0.924827,0.18868,1.096284,0.444194,0.145284,0.298911,0.917966,0.20739,1.115676,0.540452,0.135438,0.405014,1.248368,0.217971,1.123047,0.419581,0.136495,0.283086,0.761711,0.224509,1.126856
2910,15.0,15.0,4.435346,4.068639,4.26046,3.976001,4.405387,4.44276,4.131609,4.448969,4.62507,4.343027,4.493325,3.340415,3.632901,3.866047,4.014802,5.443901,4.887646,5.334528,4.739743,5.209284,4.899295,4.733565,4.631595,5.078976,5.18593,4.561836,4.041622,3.123864,2.859548,3.131186,5.623406,,2.223815,2.153354,0.070461,0.242912,0.143033,0.987225,2.288567,2.157659,0.130908,0.450749,0.154598,1.044778,2.281346,2.158843,0.122503,0.406995,0.168106,1.059497,2.34545,2.162443,0.183007,0.639124,0.177425,1.064579,2.423075,2.16786,0.255215,0.834351,0.181606,1.067166
2925,30.0,30.0,4.026744,4.072538,3.954893,3.982297,3.842215,3.952915,4.001115,3.7698,4.063095,3.742264,3.675616,3.744034,3.714154,3.704463,3.765193,6.349715,6.29111,6.247226,6.421947,6.181991,6.657984,6.188938,5.888637,6.648464,5.896291,5.851411,5.733497,5.845335,5.853009,5.854455,5.375032,,4.192732,3.836785,0.355947,1.278622,0.317136,1.035231,4.169691,3.905781,0.26391,1.064037,0.320983,1.091705,4.126213,3.869022,0.257191,1.120022,0.374034,1.107855,4.084217,3.865993,0.218224,0.910286,0.3642,1.113637,4.107218,3.923339,0.183879,0.925294,0.376119,1.116198
2944,15.0,15.0,0.364146,0.381395,0.337606,0.386415,0.339689,0.39232,0.346769,0.326256,0.393074,0.327272,0.318795,0.323779,0.319722,0.320475,0.316284,0.207856,0.248144,0.180957,0.256625,0.160566,0.270599,0.21262,0.154121,0.300648,0.160258,0.150007,0.163152,0.15863,0.159016,0.15679,0.289869,,0.364146,0.318795,0.045352,0.175887,0.100285,1.015214,0.381395,0.323779,0.057616,0.206526,0.122919,1.079986,0.386415,0.319722,0.066694,0.214208,0.121962,1.098715,0.39232,0.320475,0.071846,0.223907,0.126848,1.106599,0.393074,0.316284,0.076789,0.228934,0.13442,1.111063
2945,16.0,16.0,0.454574,0.405708,0.418822,0.332121,0.185272,0.374829,0.358409,0.171407,0.498233,0.16606,0.147309,0.154048,0.14734,0.143478,0.142508,0.560522,0.691469,0.514167,0.889577,0.187525,1.086797,0.625222,0.168766,0.907641,0.172048,0.144274,0.138045,0.142218,0.145673,0.144382,0.503513,,0.454574,0.147309,0.307266,1.108043,0.131932,1.025413,0.405708,0.154048,0.25166,0.879894,0.168396,1.088476,0.332121,0.14734,0.184781,0.555394,0.169308,1.107015,0.374829,0.143478,0.231351,0.658018,0.182505,1.114073,0.498233,0.142508,0.355726,1.111891,0.189462,1.117627
2949,15.0,15.0,16.603237,15.959741,16.327139,15.836851,15.747204,15.886849,15.406736,16.278914,15.822019,16.046311,16.491856,14.674699,15.387901,15.117349,15.059792,12.02892,11.062279,11.755539,11.230404,11.981916,10.671127,10.524137,11.886363,10.865868,10.681563,12.125373,11.150396,11.269155,9.964377,10.160944,16.79216,,13.859917,13.843528,0.01639,0.287825,0.164353,1.022618,13.855029,13.82587,0.029159,0.322633,0.195155,1.082229,13.859194,13.824806,0.034388,0.339268,0.207124,1.097861,13.857713,13.82361,0.034103,0.349533,0.224519,1.104033,13.849336,13.8176,0.031736,0.361018,0.221735,1.107464
2962,15.0,15.0,2.786351,2.947586,3.126314,3.170648,2.768716,3.170969,2.900274,2.282173,3.32506,2.228837,1.744814,2.684145,3.342198,2.899321,3.187223,1.646722,2.272211,1.471308,2.497776,0.847926,2.674585,2.160663,0.921807,2.956477,0.679979,0.648993,0.743886,0.947052,0.946343,1.070104,2.553024,,2.119207,2.073425,0.045782,0.220098,0.112177,0.988201,2.140597,2.084972,0.055624,0.244193,0.136297,1.051931,2.114719,2.091761,0.022958,0.347893,0.145275,1.072725,2.139784,2.097997,0.041788,0.40542,0.15583,1.08154,2.197659,2.094413,0.103246,0.611071,0.163583,1.086406
2974,16.0,16.0,1.573156,1.594386,1.543693,1.60063,1.543969,1.605267,1.560473,1.535604,1.619285,1.532401,1.516385,1.52731,1.521217,1.529591,1.527594,1.696372,2.256099,1.628808,2.482252,1.030539,2.544844,2.160946,1.018642,2.605107,1.023346,1.020959,0.976082,0.986906,0.991345,0.989456,1.302922,,1.573156,1.516385,0.056771,0.157471,0.095269,0.977627,1.594386,1.52731,0.067075,0.187404,0.126956,1.055388,1.60063,1.521217,0.079413,0.1974,0.125487,1.079587,1.605267,1.529591,0.075676,0.201881,0.127209,1.090042,1.619285,1.527594,0.091691,0.249539,0.125108,1.095639
2981,2.0,2.0,40.137414,42.663349,40.654696,37.425578,37.696238,39.188545,42.429582,37.065373,38.244065,36.301124,38.333215,39.508216,36.602254,37.484636,38.609473,27.354467,26.427665,18.767747,25.256859,16.101214,24.828816,16.770089,17.951159,25.334732,17.178895,17.652455,11.615691,16.63754,17.055554,15.680094,53.956312,,,,,,,,,,,,,,,,,,,,,,,,,,,,,,,
2987,15.0,15.0,4.850561,4.128714,4.372369,4.605132,4.12141,4.387561,3.917615,3.976118,3.760294,3.787671,3.189854,3.285022,3.106824,3.789049,3.344383,5.438759,6.31344,5.174125,5.851736,5.060373,5.262657,5.916693,4.951558,5.014369,5.186423,4.256843,5.457123,3.596088,3.149135,3.052695,9.354336,,0.288056,0.250973,0.037083,0.179276,0.122699,1.015076,0.340101,0.267933,0.072168,0.316589,0.136899,1.073293,0.320072,0.276161,0.04391,0.227198,0.147501,1.09087,0.324603,0.270545,0.054057,0.243148,0.149388,1.098077,0.325409,0.268917,0.056492,0.241105,0.149521,1.102385
2995,16.0,16.0,5.361268,5.504561,5.097304,5.66497,4.974013,5.981008,5.32237,4.649185,5.471159,5.003353,4.832799,4.805371,4.799456,5.473945,4.684131,4.196563,5.983124,4.243815,5.981993,3.710221,6.265125,5.618864,4.565324,6.12427,3.625369,3.8419,4.64961,4.464615,4.739997,4.666786,2.876519,,0.552129,0.20611,0.346019,1.146853,0.138101,0.999426,0.670798,0.223421,0.447377,1.636167,0.163097,1.073557,0.654327,0.228829,0.425498,1.553904,0.175005,1.094426,0.650374,0.230012,0.420362,1.513119,0.178275,1.102631,0.59805,0.227023,0.371027,1.303397,0.18295,1.106456
3001,15.0,15.0,16.667744,17.859023,16.196619,17.807549,16.447617,18.257482,17.300048,16.917979,17.9124,16.552127,17.004718,17.797447,18.203649,17.829366,16.87512,20.01836,18.065037,18.119945,17.153456,17.367562,17.347388,16.796173,17.373604,17.226564,17.166442,17.178395,15.854515,13.936984,14.353098,14.481091,5.089644,,10.409553,10.312992,0.09656,6.436585,2.985458,0.9767,10.969879,10.973994,-0.004115,6.075958,2.854098,1.035737,11.890956,11.86933,0.021626,6.4085,2.703295,1.046857,11.801983,11.361031,0.440952,7.119263,3.197938,1.04896,11.548428,10.018347,1.530081,7.0403,3.706827,1.049108
3003,16.0,16.0,2.070005,2.457316,2.026006,2.258801,1.994224,2.363255,2.365029,1.980837,2.340786,1.962618,1.953672,1.954581,1.943876,1.952765,1.951142,0.698642,1.803977,0.655796,1.93329,0.556164,1.975161,1.742436,0.528576,2.045646,0.506781,0.506529,0.505264,0.506618,0.504432,0.501202,2.986629,,2.070005,1.953672,0.116334,0.366818,0.180612,1.058502,2.457316,1.954581,0.502735,1.641047,0.212973,1.119794,2.258801,1.943876,0.314925,0.871878,0.205572,1.140143,2.363255,1.952765,0.41049,1.074547,0.227171,1.148716,2.340786,1.951142,0.389644,1.102462,0.237839,1.152283
3025,15.0,15.0,2.634571,2.898949,2.34323,3.093904,2.290089,2.816761,2.55621,2.364104,2.859578,2.252434,2.024553,2.158986,2.76657,2.125982,2.186785,2.552519,2.306439,2.516843,1.968331,1.978701,1.888378,1.78222,1.639116,1.965731,1.755176,2.36706,0.595094,0.526217,0.254904,0.39442,1.581313,,1.457847,1.34435,0.113497,0.882452,0.173997,1.059528,1.734866,1.352578,0.382287,1.749212,0.193854,1.107298,1.833186,1.354913,0.478273,2.205635,0.194673,1.120746,1.979178,1.366296,0.612882,2.740128,0.201208,1.125744,2.076706,1.367674,0.709032,2.883944,0.213625,1.127774
3028,15.0,15.0,13.301073,13.408326,12.481353,12.172736,12.078378,12.645619,12.767963,11.700025,12.349253,11.509755,12.181345,11.419026,11.131982,10.720294,10.471881,12.110848,9.92876,11.021976,10.116028,10.128809,9.973692,8.172068,9.911853,10.459164,10.15362,10.18468,4.423101,4.269802,4.211959,5.229691,8.735124,,0.212444,0.149278,0.063166,0.19465,0.111643,0.980341,0.360558,0.151718,0.208839,0.709827,0.123232,1.049009,0.372004,0.15563,0.216374,0.719062,0.121019,1.070013,0.454035,0.158972,0.295063,1.023137,0.12254,1.078516,0.381276,0.155088,0.226188,0.731835,0.144964,1.082785
3034,15.0,15.0,6.051874,5.993213,5.973963,6.634015,4.956641,6.249983,5.809233,6.024344,5.460949,4.482583,4.545579,4.545214,5.04189,5.18527,4.926901,5.508902,4.883943,5.242158,4.665423,4.645629,4.969647,4.160416,4.656843,4.854734,4.091099,3.433327,2.746026,2.534087,2.742783,2.767267,9.478543,,0.543962,0.305156,0.238806,0.856714,0.169799,1.049771,0.683159,0.301424,0.381735,1.109429,0.17419,1.104125,0.566859,0.334544,0.232314,0.743559,0.189339,1.117547,0.574388,0.334191,0.240196,0.751343,0.195224,1.12403,0.556294,0.34189,0.214403,0.667899,0.20713,1.126877
3035,15.0,15.0,3.811629,4.072869,3.831783,4.434784,3.623141,4.876804,3.966213,3.67661,4.913689,3.708022,3.387246,3.1285,3.466713,3.35839,3.539314,21.123129,20.212085,20.578205,20.379089,20.51957,20.526155,19.445899,20.64872,20.663764,20.545522,20.859351,18.946591,18.73504,18.728648,18.651558,4.306304,,0.253009,0.133535,0.119473,0.386479,0.113745,1.016094,0.460184,0.150721,0.309463,0.933991,0.150229,1.068625,0.837957,0.154437,0.68352,1.847774,0.177479,1.079994,0.95905,0.15904,0.80001,2.314422,0.193852,1.082766,1.179934,0.149618,1.030316,2.542655,0.202972,1.083414
3037,15.0,15.0,19.508673,19.208951,19.278406,18.816918,19.255003,18.843802,19.048163,19.291555,18.962849,19.177921,19.280757,19.204762,18.401219,18.595306,18.641766,21.084075,21.773072,20.983924,21.247689,20.636395,21.653108,21.465135,20.927517,21.781228,20.807387,20.933268,20.172531,20.076406,19.989133,20.323112,17.285081,,18.498372,18.48137,0.017001,0.202713,0.138794,1.010614,18.490558,18.474889,0.015669,0.235381,0.152561,1.07854,18.490304,18.473866,0.016438,0.252311,0.151809,1.097171,18.508049,18.47281,0.035239,0.372653,0.152989,1.104761,18.508333,18.472505,0.035828,0.382191,0.156115,1.108662
3038,15.0,15.0,1.89388,1.54821,1.588944,2.029766,1.512227,1.909883,1.510596,1.522775,1.828646,1.404825,1.269577,0.959286,1.044472,1.019941,0.99924,3.556605,2.808374,3.52598,2.866618,3.158922,2.978494,2.559194,3.208656,2.991429,3.406638,2.73136,1.530938,1.532337,1.521931,1.53407,10.740186,,1.037162,0.999001,0.038161,0.216744,0.119338,1.036605,1.086153,0.991334,0.094818,0.358173,0.146922,1.100791,1.086237,0.986768,0.09947,0.35223,0.150485,1.118541,1.189214,0.99054,0.198674,0.614126,0.164041,1.124902,1.240354,0.987072,0.253282,0.786416,0.169499,1.127556
3040,15.0,15.0,5.056723,5.506153,4.928042,5.021347,4.775671,5.353275,5.733039,5.120307,5.186103,5.312825,4.955987,5.343521,5.1997,5.539369,5.777147,8.541716,8.194217,7.415916,8.475232,5.147181,8.27108,7.094955,5.397433,8.232235,5.920309,4.744233,4.793952,4.24672,4.283089,4.471921,6.790263,,0.29494,0.158145,0.136795,0.313703,0.138379,0.99709,0.310563,0.149079,0.161484,0.340412,0.167308,1.054131,0.476425,0.145558,0.330867,0.827697,0.177768,1.069268,0.397426,0.14393,0.253496,0.507109,0.196977,1.074919,0.397511,0.148644,0.248867,0.506471,0.19056,1.077523
3041,16.0,16.0,5.481181,5.143481,4.878453,5.336412,3.966091,6.177949,4.55286,3.997091,5.572934,3.898177,3.614954,3.999233,4.114507,4.219501,4.251163,9.752332,9.183101,8.771659,8.813137,5.26945,8.848342,8.030551,4.150667,8.801831,4.278231,2.640618,3.120928,2.904871,2.712632,2.964682,6.761854,,2.998205,1.771341,1.226864,3.962901,0.964212,0.954739,2.804092,2.024924,0.779168,3.410405,1.043542,1.030735,2.628048,1.786084,0.841964,2.871043,1.08338,1.034962,2.852526,1.740861,1.111665,3.43317,1.146372,1.033043,2.96136,1.729909,1.231451,3.434369,1.20217,1.030869
3042,15.0,15.0,3.829798,3.92557,3.745461,3.786767,3.765514,3.725775,3.897239,3.668056,3.71272,3.476631,3.471624,3.518455,3.514306,3.484514,3.49834,36.320234,36.308423,36.067767,36.054278,35.952264,35.830164,36.188288,35.8943,35.778062,35.898469,35.835767,35.829961,35.838849,35.834057,35.835747,3.4537,,3.829798,3.471624,0.358174,0.765157,0.262393,0.981675,3.92557,3.518455,0.407115,0.910826,0.250788,1.050056,3.786767,3.514306,0.272461,0.749067,0.198572,1.071405,3.725775,3.484514,0.24126,0.736315,0.175737,1.079879,3.71272,3.49834,0.214381,0.62325,0.181208,1.08396
3045,31.0,31.0,3.242862,3.106207,3.212556,3.263839,3.022442,3.276566,2.998258,3.048184,3.384941,3.12947,3.014789,2.7206,3.030232,2.790277,2.72785,5.459283,5.393259,5.417015,5.542813,5.147946,5.665535,5.217178,5.214209,5.805857,5.129414,4.930435,4.415663,4.52555,4.385022,4.381517,2.952808,,1.963898,1.739591,0.224308,0.726406,0.185735,1.046292,2.114736,1.734765,0.379971,1.375827,0.210011,1.103388,2.048149,1.750956,0.297193,1.077756,0.225974,1.116969,2.118,1.763776,0.354223,1.13775,0.254214,1.121673,2.216226,1.759693,0.456533,1.591195,0.258934,1.123704
3047,16.0,16.0,9.646078,11.11937,9.192924,11.260171,8.800279,11.415788,10.971881,8.779054,11.406066,9.124197,8.888221,9.280257,9.512925,9.447917,9.27052,8.984317,10.30106,8.413466,10.6616,7.682992,10.836361,9.310348,7.191793,11.179718,5.627265,4.908272,7.120786,6.707236,6.700773,7.525012,7.645754,,1.503888,0.346184,1.157704,2.653788,0.219,0.978365,2.098653,0.487366,1.611286,3.627503,0.396861,1.032324,2.444171,0.901322,1.542849,3.884015,0.815212,1.044866,2.521903,0.719358,1.802545,4.019716,0.665645,1.048944,2.80222,0.699625,2.102594,4.623912,0.660144,1.050827
3055,15.0,15.0,2.086726,2.35295,2.03825,2.354623,1.913511,2.500034,2.27787,1.900678,2.59738,1.826461,1.807378,1.843225,1.873792,1.89178,1.89392,2.049881,2.213428,1.887704,2.45838,1.635624,2.522367,2.108358,1.221962,2.483368,1.104307,1.010334,1.029154,1.049096,1.061615,1.058047,5.732966,,2.003451,1.900304,0.103147,0.308823,0.170666,1.021924,2.19965,1.917462,0.282187,0.813804,0.192129,1.088725,2.320368,1.927074,0.393294,1.185057,0.211223,1.106742,2.402767,1.953143,0.449624,1.252754,0.237919,1.112774,2.427975,1.939443,0.488533,1.3905,0.231301,1.115721
3063,15.0,15.0,0.835098,0.859176,0.698913,0.826362,0.827752,1.148985,0.887754,0.410062,1.035492,0.384735,0.292951,0.381256,0.332078,0.348339,0.483239,2.895305,2.731642,2.829972,3.084807,1.980642,3.128278,2.232031,2.13588,3.124564,1.556195,1.497267,1.422973,1.366935,1.361721,1.30195,13.608546,,0.249285,0.189029,0.060256,0.158233,0.097623,0.962904,0.317827,0.188459,0.129367,0.390341,0.115246,1.02023,0.327049,0.19067,0.136379,0.40391,0.119615,1.039681,0.331342,0.187809,0.143533,0.421882,0.127123,1.049851,0.335976,0.187214,0.148762,0.429154,0.129406,1.055957
3079,15.0,15.0,5.849268,5.613235,5.813222,5.804158,5.805264,5.919142,5.517315,5.927523,5.980032,5.919267,6.003316,5.257552,5.532011,5.866836,5.593679,4.055745,4.607067,3.764101,4.774271,3.135853,4.704063,4.137921,2.557892,4.648269,2.746915,3.119782,1.456105,1.312468,1.429241,1.356982,4.465246,,3.740907,3.679943,0.060964,0.163596,0.107585,0.993785,3.759676,3.677659,0.082017,0.189705,0.134374,1.062178,3.770385,3.67956,0.090826,0.205598,0.140835,1.081508,3.777922,3.684579,0.093343,0.215069,0.146254,1.089814,3.781256,3.687214,0.094042,0.21977,0.147327,1.094202
3081,15.0,15.0,1.029309,1.046983,1.014206,1.12924,0.997852,1.182013,1.024148,0.995611,1.134218,1.005117,0.978792,0.985327,0.982411,0.983906,0.987255,1.035218,1.707924,0.999897,1.751381,0.673167,1.841091,1.666576,0.717937,1.741344,0.655765,0.634373,0.638001,0.639519,0.635415,0.632406,0.911187,,1.029309,0.978792,0.050517,0.174227,0.115022,0.965001,1.046983,0.985327,0.061655,0.203524,0.134393,1.03754,1.12924,0.982411,0.146829,0.915684,0.14863,1.063236,1.182013,0.983906,0.198108,0.718503,0.144074,1.074298,1.134218,0.987255,0.146963,0.507304,0.152922,1.080067
3089,15.0,15.0,9.334366,9.328114,8.660236,8.98668,8.582183,8.661226,8.348993,8.07553,9.483753,8.512804,7.961232,8.226484,7.608687,7.506221,7.793966,19.208687,18.452743,19.095238,18.849633,18.18862,18.058798,18.22507,17.045917,18.56711,19.488935,19.298012,15.476231,15.875656,15.896541,16.127121,8.88502,,4.319067,4.292973,0.026094,3.001889,1.186185,0.982896,3.935241,3.960056,-0.024815,2.138189,1.047237,1.043248,4.079068,3.883848,0.19522,2.825026,1.146907,1.055987,4.495109,4.201722,0.293387,3.436288,0.973392,1.059632,4.948801,3.948906,0.999895,3.658107,1.683838,1.061187
3091,16.0,16.0,0.29308,0.372024,0.262195,0.333492,0.195414,0.342757,0.330605,0.211707,0.359438,0.168631,0.15199,0.153689,0.166266,0.160513,0.165083,0.688311,1.060082,0.663106,1.298237,0.398772,1.245232,1.021395,0.30863,1.253395,0.28735,0.296645,0.288662,0.308939,0.298239,0.303205,1.399944,,0.294693,0.145954,0.148738,0.338345,0.15483,1.0209,0.378833,0.147852,0.23098,0.652547,0.186438,1.07973,0.337102,0.161268,0.175834,0.442403,0.202648,1.100352,0.346771,0.155132,0.191639,0.449778,0.205399,1.109677,0.36457,0.160005,0.204565,0.521483,0.202299,1.114423
3092,15.0,15.0,6.164796,6.233188,6.13265,6.20152,6.073317,6.227857,6.19764,6.059578,6.278506,6.061984,6.057828,6.049464,6.051121,6.052412,6.051923,2.292959,2.523561,2.252256,2.594064,2.077199,2.616106,2.477114,2.060299,2.559718,2.06622,2.039351,2.041027,2.036602,2.041854,2.041854,6.271489,,6.164796,6.057828,0.106968,0.461256,0.151018,1.062872,6.233188,6.049464,0.183724,0.706476,0.158994,1.123795,6.20152,6.051121,0.150399,0.567359,0.1697,1.140618,6.227857,6.052412,0.175445,0.649953,0.188415,1.146731,6.278506,6.051923,0.226584,0.846489,0.184714,1.149481
3093,30.0,30.0,3.519259,4.212447,3.280346,4.215101,3.282077,4.291318,4.192625,3.220854,4.102456,3.070528,2.889911,3.580468,3.70116,3.351176,3.277149,3.233381,3.592729,3.046981,4.140263,2.836883,4.112653,3.435965,2.75143,3.917031,2.233845,2.825534,1.389068,3.482164,3.044216,2.655067,1.7255,,1.377515,1.302612,0.074903,0.205082,0.126796,1.011275,1.534099,1.303779,0.23032,0.811477,0.136786,1.076433,1.636272,1.308161,0.328111,1.192281,0.146132,1.09631,1.6615,1.309631,0.351869,1.269982,0.146522,1.104913,1.831937,1.307667,0.52427,1.94383,0.150378,1.109823
3098,15.0,15.0,6.165675,4.585099,5.895031,5.038376,5.277447,5.358989,4.124774,5.065479,5.288119,5.158765,5.366655,4.154153,4.538939,4.19893,4.854979,5.565487,7.244191,5.417728,7.297749,5.24194,6.264523,6.794148,5.139115,5.967747,4.753106,4.458883,3.940198,4.339265,3.480651,3.01356,11.607973,,1.546038,0.617539,0.928499,2.494709,0.186673,1.057722,0.893102,0.61947,0.273632,0.964061,0.202145,1.104449,1.016571,0.649534,0.367037,1.292663,0.199654,1.115096,1.401766,0.625541,0.776225,2.496484,0.22814,1.118795,1.178505,0.627984,0.550521,1.7519,0.241244,1.120668
3104,15.0,15.0,5.178995,4.735313,5.13566,5.06043,4.159012,4.91586,4.625618,4.544148,5.044011,4.718012,4.328858,3.712215,3.730519,3.598672,4.126639,2.762475,4.591771,2.337721,4.715206,1.417704,5.158666,4.354753,2.188548,5.359771,1.490673,0.898721,1.490227,0.770312,1.586162,1.569087,11.670521,,0.69938,0.239775,0.459605,1.2913,0.170293,1.01382,1.040921,0.268577,0.772344,1.739529,0.211058,1.08178,1.117508,0.270571,0.846937,1.914941,0.229306,1.104544,1.235893,0.282634,0.953259,2.139371,0.236853,1.111741,1.185757,0.292992,0.892765,1.703749,0.26564,1.114486
3107,15.0,15.0,3.354416,3.373566,3.145662,3.585545,3.110424,3.343362,3.299055,2.551596,3.370279,2.799533,2.640125,3.172922,3.030783,3.094401,3.018009,5.304815,5.026737,5.284296,4.900446,4.006437,4.457027,4.835444,4.14444,4.247271,3.629839,3.871944,3.596149,3.243883,2.782965,2.898918,12.93636,,0.803899,0.751286,0.052613,0.27062,0.140156,1.01359,0.803225,0.738245,0.06498,0.368755,0.158241,1.062755,1.011803,0.729141,0.282662,1.098436,0.167022,1.080896,1.120431,0.723862,0.396569,1.50236,0.169178,1.08806,1.096165,0.725922,0.370242,1.400989,0.173216,1.091732
3122,15.0,15.0,3.560425,3.337532,3.132159,3.319377,3.379458,2.514024,2.923006,2.611889,2.837098,2.519538,2.200599,2.910232,2.565782,1.973348,1.965597,7.24652,6.376583,7.148563,5.749745,7.593118,6.070262,5.860626,6.52978,7.079607,6.826263,7.377841,4.487929,3.192966,3.762798,4.310612,9.439901,,0.180862,0.112023,0.068839,0.190008,0.1154,0.976302,0.191818,0.1089,0.082918,0.217612,0.1346,1.032863,0.195208,0.100212,0.094997,0.225662,0.132599,1.050516,0.25247,0.092316,0.160154,0.432558,0.127247,1.058489,0.255513,0.090412,0.165101,0.438999,0.139053,1.062997
3131,217.0,216.0,4.509418,4.325391,4.125161,4.423084,3.903712,4.509196,4.144978,3.740759,4.493556,3.490147,3.437247,3.331805,3.529883,3.270913,3.278332,5.146712,4.708198,4.911032,4.693663,4.735472,4.730291,4.296733,4.548042,4.70517,4.490545,3.983197,3.303831,2.861583,3.021815,2.782407,14.596116,,1.339219,1.057846,0.281373,1.076344,0.284975,1.041094,1.436034,1.041424,0.39461,1.304233,0.264364,1.099672,1.459252,1.061321,0.397931,1.377433,0.30717,1.115145,1.492641,1.047749,0.444892,1.521078,0.304975,1.120502,1.59526,1.076045,0.519215,1.780472,0.339506,1.122824
3133,15.0,15.0,31.232469,31.463892,31.219458,31.263181,31.083306,30.886643,31.158129,31.160547,30.890992,31.516567,30.929711,31.066288,31.018276,30.9459,30.984969,32.310656,31.13415,31.763471,30.773634,32.976317,31.020365,30.29423,32.751017,30.957962,32.977755,33.592971,31.712779,31.280054,31.302227,31.199492,32.055855,,31.481838,31.479555,0.002284,0.1607,0.102619,0.996378,31.491008,31.482229,0.008779,0.189322,0.126433,1.06316,31.437211,31.481938,-0.044728,0.422203,0.13289,1.082037,31.252875,31.476506,-0.22363,0.977993,0.138449,1.089748,31.221702,31.473313,-0.251611,1.230744,0.140406,1.093675
3135,15.0,15.0,1.465636,1.52774,1.171894,1.299285,1.230303,1.489076,1.015549,1.156194,1.765846,1.384143,1.169994,0.811615,1.053117,0.566181,1.37992,3.856644,2.667898,3.918757,3.066507,2.702468,2.954835,2.710442,2.694877,2.893877,3.217953,3.169942,0.598563,0.889627,0.826394,0.675245,1.794504,,0.229175,0.178264,0.050911,0.181518,0.102151,1.014722,0.248066,0.183015,0.065051,0.209017,0.125617,1.073452,0.251758,0.178398,0.07336,0.220813,0.139407,1.092028,0.256721,0.182193,0.074528,0.230178,0.147071,1.101356,0.259754,0.184786,0.074968,0.236171,0.155419,1.106315
3137,15.0,15.0,5.964408,5.862381,4.879514,5.729464,6.005259,5.734696,5.530553,5.372886,5.488614,5.595203,5.161673,5.708653,4.760094,4.688968,5.161761,4.902469,3.914378,5.252769,3.599117,4.7401,3.959508,3.390585,4.899701,3.861222,4.66202,4.967266,2.039446,1.79636,1.879754,1.752011,4.60556,,2.268337,2.232453,0.035884,0.157763,0.105434,0.977279,2.514485,2.236213,0.278272,1.074842,0.133357,1.035931,2.57055,2.237283,0.333267,1.282262,0.14368,1.055458,2.526301,2.237171,0.28913,1.08866,0.155554,1.064338,2.553952,2.233135,0.320817,1.193293,0.156038,1.06926
3142,15.0,15.0,3.391287,4.938224,3.266063,4.360212,3.060384,4.01995,4.67378,2.843906,4.05778,2.552554,2.416341,3.642712,3.814934,2.861269,2.952036,12.699602,13.012484,11.781005,12.802603,11.998517,12.414529,11.932334,12.023555,12.248181,11.698563,11.364979,12.813543,12.307679,10.819232,10.747051,5.351299,,0.429568,0.115602,0.313966,1.151686,0.105824,0.997161,0.540826,0.123586,0.41724,1.504721,0.129076,1.055413,0.509885,0.126786,0.383099,1.358078,0.132419,1.072661,0.376957,0.128552,0.248406,0.815957,0.138597,1.080222,0.38689,0.131716,0.255174,0.840837,0.139218,1.084354
3150,15.0,15.0,6.071818,6.466258,5.683815,6.354256,6.284563,6.611283,6.044431,6.10793,6.071835,6.059875,5.667335,6.779537,6.188218,6.400998,5.495875,6.325561,5.795238,5.718682,5.712529,5.559285,5.844276,5.150052,4.905421,5.972753,4.832442,4.328086,1.834601,3.187812,3.30998,3.335969,9.575003,,0.229423,0.143532,0.085891,0.234716,0.127279,1.013285,0.252293,0.158476,0.093817,0.267665,0.148043,1.072501,0.269346,0.16061,0.108737,0.293195,0.152905,1.088185,0.276882,0.172889,0.103993,0.298443,0.163471,1.094192,0.282256,0.162123,0.120133,0.312712,0.164023,1.097029
3151,15.0,15.0,6.828349,6.221829,6.476378,6.299553,6.148706,6.476169,5.932423,6.059979,6.537105,6.014572,5.97357,5.777526,6.261559,6.351761,6.450677,8.120593,7.021866,8.315622,6.725524,7.071532,6.702544,6.140071,7.565953,6.67689,6.798363,5.87186,3.630489,4.263733,3.899179,4.118271,12.196985,,0.322763,0.156101,0.166662,0.503772,0.117822,0.957689,0.312222,0.165438,0.146784,0.522232,0.134635,1.020955,0.392825,0.167146,0.22568,0.643184,0.147553,1.0385,0.483716,0.17395,0.309766,0.951323,0.153103,1.046214,0.574442,0.1759,0.398542,0.968721,0.154638,1.050599
3154,15.0,15.0,7.006743,6.665179,6.585155,6.930416,6.47424,7.603867,6.298385,6.711227,6.814078,6.043822,5.972675,5.470911,5.632758,6.633558,6.319134,12.247249,11.733797,11.764302,11.770186,7.910771,11.616046,11.549021,8.595938,11.491542,6.202766,6.915492,5.157089,4.758935,4.180648,3.851204,5.563355,,1.975202,1.79382,0.181382,0.580119,0.149745,1.02081,2.151554,1.795722,0.355832,1.235329,0.164268,1.065627,2.158801,1.795883,0.362919,1.516787,0.181001,1.074279,2.221479,1.794661,0.426818,1.733507,0.189863,1.075941,2.189262,1.793484,0.395778,1.600028,0.188467,1.075976
3155,16.0,16.0,0.391332,0.387633,0.352243,0.48634,0.161478,0.522582,0.340454,0.154264,0.494974,0.143634,0.132123,0.125356,0.120462,0.110776,0.117482,0.644067,0.657156,0.591483,0.769449,0.20648,0.920414,0.608368,0.194788,1.078112,0.187398,0.179018,0.168758,0.167655,0.157537,0.151108,0.193539,,0.391332,0.132123,0.259209,0.928782,0.130732,0.973864,0.387633,0.125356,0.262276,0.868357,0.145073,1.044476,0.48634,0.120462,0.365878,0.927655,0.168431,1.065291,0.522582,0.110776,0.411806,1.009504,0.168058,1.075097,0.494974,0.117482,0.377493,0.939475,0.171633,1.081095
3156,15.0,15.0,7.577223,7.051895,6.874507,6.579263,6.576255,7.151129,6.271065,6.030497,7.088092,6.675125,5.105065,4.253744,4.497174,4.298906,5.302047,8.104893,10.169767,7.868315,9.309891,7.934582,8.639044,9.347198,7.000013,8.106114,6.764436,5.925425,7.828017,6.880793,6.342992,5.929216,9.169933,,3.540634,3.438146,0.102488,0.401436,0.159378,1.023715,3.817525,3.461023,0.356502,1.327247,0.217174,1.086654,3.722545,3.443895,0.27865,1.277717,0.22228,1.102417,3.877586,3.432491,0.445095,1.826292,0.225154,1.106981,3.814399,3.443166,0.371233,1.957442,0.242477,1.110093
3157,15.0,15.0,8.310879,9.892934,8.342693,9.270275,6.796914,9.377773,9.796688,7.214902,9.482756,7.196049,6.391501,7.710976,7.001208,6.831172,7.433923,9.334315,7.583811,7.560344,8.318302,7.640649,8.33636,6.062897,5.725288,8.149238,3.801928,2.867951,2.573058,2.57405,3.249987,3.759546,9.859191,,2.220051,1.548623,0.671428,1.55768,0.159179,0.982075,3.222432,1.544277,1.678155,2.885236,0.236978,1.048649,2.934565,1.641358,1.293207,2.057656,0.333154,1.065285,3.460518,2.141348,1.31917,2.725712,0.827769,1.070981,3.250745,2.507463,0.743283,2.220616,1.189344,1.07337
3159,16.0,16.0,3.371115,2.747383,2.94262,2.852764,2.990633,3.090359,2.653486,3.262871,3.30556,2.973592,2.977135,2.412469,3.008465,2.881673,3.196161,2.020176,1.849823,1.719029,2.477644,1.069114,2.450894,1.907031,1.080699,2.431032,0.737824,0.703755,0.520439,0.993831,0.684444,0.736458,4.300573,,0.317095,0.160433,0.156662,0.554493,0.14471,1.010775,0.252525,0.160062,0.092463,0.256344,0.158814,1.074191,0.262644,0.150577,0.112067,0.274008,0.181688,1.092662,0.269368,0.158068,0.1113,0.284273,0.179964,1.099095,0.324237,0.158241,0.165997,0.484543,0.173589,1.102802
3161,16.0,16.0,4.099456,4.019196,3.969427,4.121,3.888024,3.733805,3.981741,3.826428,3.771648,3.716956,4.019109,3.849815,3.923423,3.655247,3.662109,2.437126,3.187432,2.468448,3.249426,2.759226,3.156608,3.406437,2.444492,3.076336,3.101967,1.491334,3.542868,2.529314,1.538086,1.811923,3.58864,,4.099456,4.019109,0.080347,1.458207,0.728924,0.974225,4.019196,3.849815,0.169381,1.472483,0.607323,1.050062,4.121,3.923423,0.197577,1.639362,0.83593,1.0757,3.733805,3.655247,0.078558,1.192571,0.620921,1.087469,3.771648,3.662109,0.109538,1.300582,0.976322,1.09366
3163,15.0,15.0,13.044293,13.716879,11.884761,14.158725,11.138282,14.46776,13.324771,10.466573,13.886747,11.067665,10.222149,11.323481,10.961816,11.266027,11.196317,23.016288,23.16071,23.890752,21.404107,21.738963,22.532499,23.7633,20.709212,21.595229,21.665692,16.335378,20.283874,15.764657,15.710445,14.697735,6.015708,,3.5932,1.726469,1.866731,4.717351,1.337913,1.039416,4.482965,1.568938,2.914027,7.631047,1.26313,1.085117,4.48369,2.215873,2.267817,6.873847,1.586874,1.085116,5.308115,2.712081,2.596033,7.383125,2.190386,1.081316,3.990795,1.667284,2.323511,6.206514,1.557138,1.078771
3164,16.0,16.0,7.705349,8.254129,7.444263,7.981307,7.068585,8.327068,7.503452,6.644407,9.231665,6.526004,6.634824,7.342839,7.00553,7.134886,7.556304,12.804442,15.151217,12.197058,11.958411,11.881886,11.467122,14.571475,11.137248,11.731397,11.121003,9.495238,11.533584,8.243961,7.995071,7.33665,2.83834,,3.138643,2.518797,0.619846,3.145995,1.617773,1.030577,2.795411,2.396456,0.398955,2.428473,1.755113,1.07925,3.4363,2.443993,0.992306,3.38035,1.543214,1.090426,3.207574,2.651801,0.555774,3.081628,1.726335,1.092796,3.839562,2.851617,0.987945,3.97011,1.93684,1.093321
3167,15.0,15.0,21.757578,23.192592,20.855917,23.028281,21.075126,21.553403,23.18814,20.133694,21.609296,19.706053,21.610444,21.967828,22.735942,22.264067,21.689926,22.532653,20.323725,21.477658,19.971428,20.792612,21.338003,18.947278,20.868361,20.829976,17.570732,17.976582,14.127123,13.261504,15.453,15.681113,41.17268,,0.254429,0.168074,0.086354,0.209264,0.124881,0.945563,0.389869,0.158415,0.231454,0.640228,0.154243,1.037789,0.664603,0.157641,0.506962,1.320121,0.160799,1.050171,0.631289,0.176171,0.455117,1.19044,0.190699,1.057586,0.735046,0.160493,0.574552,1.547733,0.192969,1.064092
3172,16.0,16.0,0.610144,0.717624,0.525871,0.948592,0.281576,1.393089,0.61273,0.256042,1.216994,0.253762,0.205825,0.177343,0.2006,0.20884,0.213553,4.623949,4.317234,4.424634,4.310913,2.803295,4.42718,4.022417,2.638472,4.497584,2.835095,1.345176,1.343226,1.367709,1.383257,1.39494,0.240675,,0.493711,0.11868,0.375031,1.171568,0.200127,1.004177,0.498827,0.098086,0.40074,1.133261,0.221044,1.067173,0.728977,0.1209,0.608077,1.744889,0.252625,1.080701,0.895538,0.12969,0.765848,2.174832,0.26501,1.083219,0.89954,0.136566,0.762974,2.206999,0.258613,1.082963
3177,16.0,16.0,4.276294,4.129425,4.326199,4.334499,4.156851,4.732768,3.990663,4.187086,4.63208,3.538555,3.655205,3.421068,3.746721,3.956259,3.990497,28.898559,29.551312,28.759513,29.883475,29.364361,30.319604,29.081738,28.910086,30.543204,28.681089,28.157028,29.611293,29.872459,30.324935,30.455052,11.10771,,0.594326,0.48446,0.109867,0.249134,0.139682,1.022569,0.655028,0.494322,0.160706,0.41205,0.176097,1.08227,0.680575,0.504865,0.17571,0.46795,0.19029,1.096834,0.666166,0.498123,0.168044,0.394142,0.197668,1.101198,0.818799,0.504284,0.314515,0.938476,0.19764,1.102902
3183,16.0,16.0,3.623637,3.272317,3.634733,3.327548,3.436447,3.263947,3.154709,3.252263,3.410634,3.61468,3.492999,2.9656,3.044023,2.869924,3.046931,3.253561,4.385489,2.963468,4.471554,3.469879,4.515338,4.293971,2.697119,4.642848,3.036758,3.336428,4.105999,4.053601,4.070096,4.067928,0.557198,,0.605269,0.310388,0.294881,1.068844,0.172938,1.015033,0.726567,0.314114,0.412453,1.450907,0.197558,1.070792,0.632786,0.312692,0.320094,1.038166,0.217607,1.084497,0.673161,0.31979,0.353371,1.093889,0.233025,1.087999,0.726549,0.317037,0.409512,1.33605,0.225027,1.089796
3186,15.0,15.0,2.913153,2.929869,2.952375,2.723689,2.608433,2.756648,2.811308,2.574921,2.747765,2.768626,2.672405,2.728961,2.291643,2.018216,1.987259,3.645816,2.892853,3.613775,2.702305,3.335574,2.719292,2.834468,3.13861,2.704913,3.046228,3.029762,2.473283,2.234175,2.222123,2.285432,4.478608,,1.865218,1.737077,0.128141,0.400531,0.144183,1.031889,2.00404,1.744698,0.259342,0.874694,0.180646,1.09086,1.92278,1.729397,0.193383,0.546298,0.185017,1.10682,2.140885,1.727273,0.413612,1.40609,0.187616,1.113739,2.130453,1.729748,0.400706,1.319417,0.197708,1.117402
3189,15.0,15.0,4.544853,4.570897,4.013401,5.299608,3.859148,4.956379,4.333109,3.88326,5.07414,3.234889,3.470539,3.680592,4.403032,3.749188,3.978886,8.671326,8.974772,7.900565,9.515207,6.19088,9.814418,8.094067,6.810065,10.176515,6.86925,4.622159,5.12135,5.984295,6.600181,6.286265,5.869225,,0.216736,0.086542,0.130194,0.326263,0.109758,0.957893,0.399159,0.097745,0.301415,0.775276,0.127429,1.025966,0.475311,0.094283,0.381027,0.956582,0.131229,1.045269,0.588916,0.099156,0.48976,1.338667,0.137776,1.052758,0.593646,0.099155,0.494492,1.348557,0.140595,1.056736
3195,15.0,15.0,7.215501,7.691213,6.811577,7.086959,6.835729,7.02552,7.310022,6.941544,7.204883,6.77501,7.100449,7.558837,6.948831,6.952993,7.497013,6.826105,7.851083,6.856157,7.682228,4.854462,6.893155,7.652899,4.554442,7.252838,3.901549,2.433618,3.21729,1.935977,2.200733,2.922518,6.028054,,0.862207,0.745242,0.116965,0.574275,0.231918,0.973099,0.673923,0.67226,0.001663,0.417456,0.227694,1.042456,0.803512,0.720583,0.082929,0.666125,0.230305,1.057926,0.878229,0.719559,0.15867,0.653342,0.262524,1.063498,0.792595,0.707623,0.084973,0.443445,0.244954,1.066269
3199,15.0,15.0,4.86812,4.817137,4.662729,4.543942,3.941552,4.271899,4.659666,4.197939,5.243462,3.543395,3.519105,3.805918,3.776847,3.565625,3.931556,4.537108,4.408007,4.430325,4.963027,3.260176,5.240041,4.243004,3.358569,5.259612,3.526582,4.010728,2.27553,1.479863,1.635688,1.962285,3.189597,,2.818694,2.32403,0.494663,1.754316,0.145675,1.013795,2.585366,2.332148,0.253218,0.652643,0.159957,1.079164,2.616779,2.330395,0.286384,0.740483,0.170299,1.097448,2.905168,2.33935,0.565818,1.637234,0.194507,1.104327,2.932914,2.348666,0.584248,1.747985,0.199828,1.107791
3202,15.0,15.0,15.580481,16.033226,15.676573,16.528192,15.41822,16.809392,15.799919,15.668424,16.634228,14.678969,15.130816,14.527169,15.497983,15.41676,16.032401,14.266927,15.277467,13.794335,16.136974,11.75864,15.591766,13.851072,13.130068,14.640161,11.318965,9.153815,10.755013,10.857939,10.028063,10.306583,14.372513,,1.896475,0.999492,0.896983,1.7342,0.356423,0.956119,2.474233,1.040485,1.433749,2.768245,0.712839,1.037667,3.106215,1.181317,1.924898,4.302634,0.561502,1.05624,3.244004,1.271676,1.972328,4.429014,0.740063,1.062425,3.222046,1.33037,1.891675,4.402437,0.789448,1.06436
3217,16.0,16.0,2.082847,2.702224,2.016002,2.460543,2.358604,2.393891,2.659474,2.171802,2.379256,2.28868,2.298273,2.39363,2.198644,2.07707,2.040669,2.562064,3.250425,2.521737,2.62907,1.796975,2.936743,2.443508,1.966969,3.031597,1.498439,1.377758,1.211548,0.829483,1.30073,1.712306,0.226956,,0.195362,0.12464,0.070722,0.204761,0.134995,1.027594,0.308072,0.111537,0.196536,0.581018,0.150504,1.089151,0.250928,0.12162,0.129307,0.315961,0.16477,1.106024,0.393678,0.117973,0.275705,0.889309,0.171815,1.112499,0.421773,0.117056,0.304717,0.988523,0.169824,1.115649
3220,15.0,15.0,0.286616,0.312823,0.26516,0.321604,0.257183,0.327895,0.275135,0.254484,0.333184,0.255288,0.245883,0.264831,0.258635,0.267739,0.274165,0.853706,0.879901,0.826767,0.866026,0.812172,0.87843,0.849527,0.790849,0.888714,0.792882,0.777298,0.78465,0.790683,0.7983,0.795646,7.621218,,0.286616,0.245883,0.040734,0.198439,0.115852,0.999197,0.312823,0.264831,0.047992,0.279289,0.151366,1.0568,0.321604,0.258635,0.062969,0.285056,0.153209,1.07563,0.327895,0.267739,0.060156,0.293825,0.154025,1.084099,0.333184,0.274165,0.059018,0.301035,0.153344,1.088638
3223,16.0,16.0,2.195457,2.397811,1.811756,2.164235,2.048057,2.595624,2.024474,1.69622,2.57111,1.627169,1.624442,1.306065,1.554537,1.612372,1.629607,3.243254,3.636734,3.350344,3.76671,3.262426,3.70379,3.534784,2.773602,3.797805,3.439813,3.045986,3.293518,3.477226,3.582966,3.584541,1.039679,,2.195457,1.624442,0.571015,2.057519,1.073522,1.060094,2.397811,1.306065,1.091746,3.066301,1.028437,1.107233,2.164235,1.554537,0.609698,2.563673,0.727369,1.121205,2.595624,1.612372,0.983252,3.790134,1.009328,1.124837,2.57111,1.629607,0.941503,3.6117,1.195113,1.125563
3226,15.0,15.0,0.507707,0.661762,0.479166,0.619935,0.213011,0.767882,0.625942,0.212673,0.914792,0.226626,0.179474,0.178409,0.16818,0.169271,0.165632,17.107852,17.791023,17.031565,17.806624,16.789464,17.845954,17.597292,16.953739,17.866673,17.174132,17.177629,17.19298,17.192185,17.181878,17.203274,2.478297,,0.531279,0.18678,0.3445,0.704623,0.166078,0.996135,0.692969,0.180258,0.512711,0.971515,0.191532,1.058531,0.648139,0.174425,0.473714,1.067192,0.188427,1.077473,0.714022,0.173096,0.540926,1.240188,0.195334,1.085007,0.884921,0.169198,0.715724,1.554687,0.198095,1.088776
3227,16.0,16.0,1.159487,2.147099,0.851819,2.0264,0.786681,1.876934,1.653175,0.59512,1.421192,0.398155,0.369743,0.613607,0.244987,0.352877,0.445013,3.584734,2.980525,3.516154,3.068855,1.728168,3.286583,2.661027,2.400333,3.133949,1.640816,1.35622,0.843008,0.44252,0.434479,0.616039,9.982277,,0.23817,0.12079,0.11738,0.249774,0.160445,1.026878,0.330165,0.13461,0.195554,0.525491,0.181799,1.088057,0.338114,0.132373,0.205742,0.536155,0.186993,1.102694,0.349703,0.140028,0.209674,0.550318,0.202162,1.109254,0.354222,0.141075,0.213147,0.554548,0.203692,1.112982
3228,15.0,15.0,10.649116,10.74461,10.547465,10.58531,10.045992,10.448775,10.503254,10.306569,10.923739,10.43938,10.470074,10.704063,10.378907,10.559286,10.868354,6.240134,6.745266,5.693487,6.979559,4.373493,7.063209,6.019856,4.353589,7.213309,4.782651,3.667413,3.422304,4.030917,4.465606,4.447444,8.703335,,7.03913,6.976641,0.062489,0.186441,0.113315,0.954285,7.048784,6.983074,0.06571,0.228195,0.141242,1.02648,7.127074,6.991046,0.136029,0.469368,0.149109,1.050224,7.06925,6.994056,0.075195,0.259169,0.15306,1.059766,7.135566,6.997402,0.138164,0.501833,0.158629,1.064535
3229,15.0,15.0,17.081847,16.500297,15.740401,15.270849,14.074173,15.348342,15.671151,14.107859,15.396899,13.044234,11.483822,12.993982,12.64874,12.297622,13.093037,26.814808,23.115716,25.420347,22.98318,25.974213,24.112698,21.923007,25.587988,23.716809,24.85605,21.019281,16.451239,17.474299,18.612907,17.465459,21.418261,,8.280427,5.713503,2.566923,8.615199,2.644089,0.943157,7.85417,6.766846,1.087325,4.947152,2.604039,1.012756,8.440236,6.73719,1.703045,5.872628,3.167142,1.01861,8.799659,6.876195,1.923464,5.917397,3.223958,1.017402,8.719422,6.878302,1.841119,6.616297,3.826178,1.01598
3234,15.0,15.0,6.434103,7.319973,6.083115,7.940582,4.84282,7.344911,6.780117,5.440455,7.476968,4.812523,4.54171,5.525454,5.624135,4.848763,5.157417,17.152244,16.962362,16.336136,17.061559,13.819807,16.465874,15.6186,15.125665,16.38866,13.683014,12.125799,11.796732,11.766601,10.274102,10.647241,3.248024,,2.924727,1.361547,1.56318,4.890831,0.597555,1.012835,3.092636,1.313061,1.779575,4.673255,1.060928,1.056777,3.361665,1.32116,2.040505,5.084168,1.259698,1.059328,3.663342,1.581699,2.081643,5.569262,1.333942,1.059485,3.496048,1.433623,2.062425,4.657873,1.418351,1.058595
3245,15.0,15.0,1.483248,1.589029,1.446837,1.749753,1.451072,1.575479,1.538303,1.429534,1.794913,1.437456,1.357629,1.075733,1.336688,1.167934,1.570278,4.220363,4.220275,4.110708,4.35146,3.099392,4.293891,4.320236,3.768177,4.100126,3.871857,1.688457,3.725103,3.792829,3.455233,3.45319,2.884101,,1.483248,1.357629,0.125619,1.016215,0.561473,1.030982,1.589029,1.075733,0.513296,1.289124,0.761688,1.093921,1.749753,1.336688,0.413065,1.223937,0.760208,1.110695,1.575479,1.167934,0.407544,1.353429,0.683441,1.117304,1.794913,1.570278,0.224635,1.384676,0.920047,1.12034
3252,15.0,15.0,20.897002,20.665918,20.673931,21.217054,20.405058,20.655851,20.658775,20.630068,21.433182,20.480586,21.053722,20.560045,20.815721,20.935473,21.242063,9.901092,11.153527,9.612844,11.785412,9.065408,12.029622,9.86896,8.970498,12.552445,8.845751,6.994879,8.294062,9.196216,9.56903,9.875302,24.826657,,17.356858,17.353776,0.003082,0.278688,0.141044,1.037764,17.415073,17.361864,0.053208,0.424765,0.162503,1.098341,17.395579,17.343322,0.052256,0.428787,0.182284,1.114607,17.387035,17.344348,0.042688,0.408862,0.184379,1.120881,17.535346,17.34225,0.193096,0.995133,0.199033,1.123948
3258,15.0,15.0,0.945088,1.148909,0.904986,1.021,0.648391,0.926286,1.103398,0.631002,0.879305,0.624755,0.615938,0.630602,0.628942,0.623933,0.624293,4.209704,4.26928,4.167547,4.284725,4.19025,4.259268,4.217336,4.170778,4.280465,4.161441,4.16119,4.160328,4.174396,4.174768,4.184033,1.469414,,0.945088,0.615938,0.329149,1.008952,0.156387,1.062174,1.148909,0.630602,0.518308,1.505634,0.173433,1.116078,1.021,0.628942,0.392058,1.175364,0.184668,1.133051,0.926286,0.623933,0.302353,0.984099,0.175853,1.139837,0.879305,0.624293,0.255012,0.877631,0.183391,1.142919
3274,15.0,15.0,0.713979,0.687941,0.617415,0.837321,0.479367,0.955302,0.537444,0.310943,1.332328,0.273237,0.234403,0.169505,0.158707,0.214989,0.230413,1.084429,1.202904,0.91632,1.368607,0.397775,1.391966,1.124898,0.273785,1.739992,0.269577,0.145356,0.145468,0.085418,0.08193,0.117828,7.428974,,0.299259,0.112611,0.186648,0.523605,0.200376,1.025564,0.424514,0.107518,0.316996,0.905733,0.226933,1.085002,0.515744,0.134509,0.381235,1.098939,0.240815,1.102643,0.538028,0.132636,0.405392,0.998079,0.248461,1.107757,0.900385,0.135074,0.765311,2.085882,0.265036,1.109571
3276,15.0,15.0,1.245983,1.260887,1.223442,1.268034,1.218065,1.271763,1.233721,1.212204,1.273346,1.212857,1.211745,1.212502,1.213225,1.210303,1.214196,0.410371,0.513541,0.387462,0.670144,0.374374,0.674327,0.487837,0.365264,0.68045,0.37827,0.3741,0.376971,0.377647,0.381029,0.374569,1.203637,,1.245983,1.211745,0.034238,0.175064,0.113155,0.959534,1.260887,1.212502,0.048385,0.205694,0.128257,1.031803,1.268034,1.213225,0.05481,0.217491,0.136142,1.056397,1.271763,1.210303,0.06146,0.229691,0.14182,1.067477,1.273346,1.214196,0.05915,0.226205,0.146011,1.07357
3305,15.0,15.0,0.418814,0.456198,0.388736,0.44951,0.372137,0.466499,0.414684,0.362573,0.466177,0.359809,0.340337,0.35158,0.346915,0.341254,0.339725,1.294583,1.407569,1.237447,1.606337,0.331202,1.652569,1.321614,0.334866,1.678625,0.319815,0.30032,0.282733,0.27763,0.277855,0.276923,0.41678,,0.418814,0.340337,0.078478,0.206152,0.111703,1.01312,0.456198,0.35158,0.104618,0.281807,0.133245,1.072416,0.44951,0.346915,0.102594,0.252305,0.13688,1.088222,0.466499,0.341254,0.125245,0.292793,0.144352,1.093603,0.466177,0.339725,0.126452,0.298142,0.153715,1.096502
3324,15.0,15.0,5.77828,5.809994,5.441418,5.525148,5.050569,5.244715,5.504866,5.444651,5.315033,5.627321,5.496082,4.982292,4.923298,4.717246,4.693933,6.674703,4.190096,5.830095,4.457887,5.970779,4.739905,3.898767,6.43961,4.87353,6.157335,6.696129,3.07403,2.688791,2.194912,2.308621,4.7671,,1.72899,1.151419,0.57757,1.586254,0.308716,1.022513,1.805349,1.226749,0.578601,1.666225,0.38934,1.084709,1.700091,1.227338,0.472753,1.276047,0.47686,1.102974,1.752352,1.256106,0.496245,1.373844,0.446735,1.110333,1.674921,1.256671,0.41825,1.073044,0.389907,1.113991
3328,15.0,15.0,6.771463,7.108628,6.718675,8.064075,5.987145,7.873282,6.608343,6.35497,7.623363,5.897819,5.256002,5.895662,6.449954,6.340986,6.401117,10.91279,9.579699,10.849503,9.834106,11.071134,10.273792,8.58885,11.119563,11.03864,10.271561,10.314057,5.696165,5.709894,6.093718,5.566515,2.957331,,2.991284,2.170136,0.821148,1.551396,0.411973,1.032151,3.1998,2.103829,1.09597,2.845856,0.374489,1.082438,2.948692,2.08094,0.867752,2.020328,0.361598,1.092521,3.210815,2.050185,1.16063,2.363235,0.34209,1.09553,3.270513,2.090663,1.17985,2.738218,0.382118,1.096451
3333,15.0,15.0,10.982908,9.366012,10.441701,9.617574,10.111619,9.855339,8.801465,9.986219,9.963287,8.935693,8.825013,9.046842,8.933416,9.087703,9.338513,8.516168,7.220333,7.977061,7.169549,6.79376,6.895067,5.964032,7.614735,6.69002,6.720729,7.457624,3.734141,3.437278,3.27041,4.075017,15.879039,,4.214402,4.168438,0.045965,0.231709,0.129602,1.045925,4.304393,4.180729,0.123665,0.536895,0.151141,1.101059,4.296464,4.179968,0.116496,0.491959,0.153462,1.119419,4.271591,4.176538,0.095053,0.380468,0.172804,1.126465,4.274533,4.173624,0.100909,0.389525,0.174578,1.129842
3334,15.0,14.0,11.773874,12.095222,11.533707,11.455497,11.548299,12.038614,12.007975,11.523543,11.682667,11.338879,11.332932,11.006232,10.347472,10.530094,10.157084,15.286656,15.854537,14.892024,15.989695,14.107753,15.98609,15.080441,14.119608,15.858563,13.476016,13.847329,13.206177,13.378108,13.796265,13.969676,10.543952,,10.880196,10.445432,0.434764,2.102328,0.992933,0.948322,11.227273,10.400054,0.827219,2.654457,0.823364,1.010498,11.332241,10.528346,0.803895,3.005459,0.95465,1.02142,11.469824,10.443407,1.026416,3.19817,1.126297,1.023578,11.41297,10.409232,1.003738,3.259592,1.237356,1.023854
3345,16.0,16.0,4.763227,4.362542,4.721894,4.205208,4.513491,4.150387,4.201015,4.444644,4.130494,4.16739,4.478835,3.671397,4.010637,4.009916,3.801095,3.576434,4.324451,3.612788,3.908076,3.654594,3.054938,4.459275,3.618054,3.40362,3.626471,3.338765,3.663793,2.722299,1.569766,2.729519,8.78261,,3.37906,3.489523,-0.110464,1.338507,1.131883,1.029163,3.257349,2.870887,0.386462,1.547219,0.552729,1.084525,2.951126,2.69468,0.256446,1.439389,0.513505,1.100186,2.832824,2.589836,0.242987,1.748748,0.62272,1.105834,2.99913,2.684022,0.315109,1.625358,0.483956,1.108852
3347,15.0,15.0,0.917245,1.605927,1.045407,1.866939,0.514297,1.970605,1.523724,0.590612,1.924587,0.46999,0.189523,1.181096,1.625014,1.631485,1.622112,1.825983,2.157001,1.545389,2.380937,0.937395,2.309784,2.123921,0.993623,2.439257,0.263177,0.238354,0.259118,0.717005,0.630486,0.743361,1.52559,,0.197959,0.141833,0.056126,0.184541,0.108041,1.030458,0.214034,0.13917,0.074865,0.220772,0.126558,1.087636,0.223294,0.143728,0.079566,0.231256,0.128961,1.105421,0.228265,0.14848,0.079786,0.239437,0.12914,1.113454,0.232988,0.155686,0.077302,0.244249,0.13111,1.117438
3348,15.0,15.0,5.875095,5.833716,5.211575,5.842583,5.366507,5.861705,5.28824,4.950566,5.610305,5.278487,4.500214,5.066526,5.097917,5.616873,5.016813,9.083875,8.009375,8.901946,7.247221,8.522207,7.352475,7.708318,8.8673,7.13191,7.876468,7.491386,6.647969,6.079811,5.832194,6.236095,9.015879,,4.117676,4.048559,0.069117,0.203144,0.124137,1.018705,4.136285,4.074146,0.062139,0.227955,0.137475,1.080669,4.144692,4.083104,0.061588,0.245788,0.150968,1.099631,4.14608,4.080615,0.065465,0.250721,0.157484,1.1076,4.151175,4.082953,0.068222,0.255277,0.164108,1.11166
3357,15.0,15.0,0.435955,0.505047,0.404613,0.559286,0.407821,0.493405,0.463242,0.388113,0.491937,0.390119,0.372828,0.373293,0.371758,0.376093,0.384228,0.615207,0.66671,0.575905,0.685626,0.568889,0.733041,0.612099,0.548068,0.913047,0.549244,0.510035,0.503374,0.507114,0.508798,0.51286,0.678173,,0.435955,0.372828,0.063127,0.196155,0.11161,1.049719,0.505047,0.373293,0.131754,0.438303,0.133674,1.112791,0.559286,0.371758,0.187527,0.622802,0.147535,1.132158,0.493405,0.376093,0.117313,0.324525,0.147961,1.140613,0.491937,0.384228,0.107709,0.314218,0.155113,1.144927
3359,16.0,16.0,0.27989,0.346854,0.248121,0.267548,0.163695,0.306091,0.306388,0.158908,0.316946,0.164033,0.133643,0.130612,0.133222,0.133217,0.145327,0.984161,1.359098,0.94135,1.397962,0.284305,1.538765,1.302783,0.265133,1.669505,0.256373,0.23261,0.238155,0.234319,0.244507,0.240242,0.577772,,0.27989,0.133643,0.146247,0.466921,0.123173,1.040047,0.346854,0.130612,0.216242,0.6828,0.142919,1.091694,0.267548,0.133222,0.134326,0.355601,0.140528,1.106149,0.306091,0.133217,0.172875,0.490221,0.149223,1.111918,0.316946,0.145327,0.17162,0.508103,0.152927,1.114829
3360,15.0,15.0,6.307148,6.74549,5.99153,7.322575,5.048679,7.105776,6.638918,4.790325,7.283983,5.289786,5.49514,5.766154,5.621644,6.094436,5.731995,7.971654,7.782687,7.686133,7.976198,5.962853,8.210683,7.18025,5.748626,8.051055,4.570056,3.662933,3.003145,2.396554,3.109992,3.777946,5.124751,,1.477988,0.861473,0.616516,1.952916,0.147939,0.983139,1.635162,0.889822,0.74534,2.697173,0.160504,1.049826,1.893343,0.889307,1.004036,3.144923,0.171732,1.066053,1.793151,0.893311,0.89984,2.860873,0.175171,1.072095,2.07613,0.8827,1.19343,3.391817,0.18249,1.075037
3368,15.0,15.0,5.73649,5.36974,5.108889,5.399157,5.290791,5.196421,5.458678,5.101342,5.500828,5.100203,4.430612,4.716824,4.887393,4.619389,5.177449,6.031502,3.794509,5.848353,3.637527,5.898698,4.241137,3.32537,5.698367,4.091961,5.768721,5.099331,2.683221,2.788519,3.490057,3.158888,7.825822,,1.765323,1.710936,0.054388,0.193883,0.116858,1.02617,1.867723,1.730565,0.137158,0.543988,0.125862,1.084787,1.957987,1.727295,0.230692,0.89315,0.147475,1.102212,1.93304,1.726969,0.206071,0.785018,0.147581,1.1096,1.934054,1.728757,0.205297,0.789187,0.151945,1.113778
3372,15.0,15.0,5.272822,4.974502,5.208715,5.650198,5.117052,5.166912,4.827676,5.176788,5.294279,5.116372,5.124295,5.196115,5.054232,5.222729,5.224475,7.940694,9.148186,7.645592,8.861462,6.847693,8.378431,8.4618,7.274977,8.459836,6.31429,5.625141,7.04032,6.900656,6.416366,6.37442,4.330805,,0.243072,0.191501,0.051572,0.186305,0.118332,1.001284,0.254847,0.180051,0.074796,0.21683,0.149957,1.069321,0.259393,0.17299,0.086404,0.231071,0.155041,1.088854,0.264517,0.17342,0.091097,0.239498,0.157253,1.095761,0.354157,0.175895,0.178262,0.584399,0.155823,1.098644
3373,15.0,15.0,0.976784,0.946822,0.939714,1.004025,0.973016,0.962096,0.792679,0.967115,1.020094,0.960662,0.946081,0.925495,0.943842,0.934451,0.937483,23.977879,23.848222,23.688963,23.642705,24.126229,23.415406,23.533763,24.667791,23.539788,25.080553,25.17008,25.082003,25.008854,24.920786,24.877213,0.509873,,1.035893,1.013624,0.022268,0.340545,0.142141,1.010023,1.002684,0.987835,0.014849,0.708321,0.165615,1.062859,1.063566,1.009481,0.054084,0.897492,0.160199,1.075278,1.017899,1.001198,0.016702,0.718506,0.164228,1.078213,1.079772,1.004446,0.075326,0.931557,0.170248,1.079247
3376,16.0,16.0,15.435863,14.935355,13.708783,14.192507,12.444491,14.528116,13.567025,12.015439,13.653519,11.708922,10.672654,11.410642,10.849493,12.298122,11.271996,24.165572,18.423782,22.986127,17.53493,23.531737,16.861126,16.249741,23.166851,17.281451,23.145704,20.292084,11.468521,9.942241,10.056989,11.856547,18.272437,,9.024506,9.014943,0.009563,0.228504,0.166968,1.060298,9.024683,9.021121,0.003562,0.278408,0.196007,1.114406,9.023878,9.013066,0.010812,0.296811,0.194774,1.130929,9.01874,9.027145,-0.008405,0.297531,0.194142,1.137664,9.023177,9.035362,-0.012185,0.304982,0.194343,1.141063
3378,15.0,15.0,0.220208,0.233187,0.18514,0.242886,0.164833,0.295608,0.190487,0.157722,0.29824,0.146354,0.133051,0.122123,0.131745,0.140429,0.139457,1.168828,1.334204,1.122463,1.495542,0.202626,1.593616,1.272521,0.23905,1.728826,0.155912,0.116082,0.10417,0.111968,0.114025,0.116053,1.246898,,0.220208,0.133051,0.087158,0.222076,0.132722,0.993912,0.233187,0.122123,0.111064,0.248187,0.139764,1.057379,0.242886,0.131745,0.111142,0.267529,0.161937,1.076383,0.295608,0.140429,0.155179,0.411745,0.167018,1.084589,0.29824,0.139457,0.158784,0.415718,0.168659,1.08906
3379,15.0,15.0,1.325264,1.644837,1.112126,1.904633,1.059486,1.821951,1.374547,0.764793,1.886889,0.676486,0.522914,1.368192,1.442728,1.423966,1.462316,1.878647,1.177283,1.32472,0.872237,1.140623,0.840381,1.025295,1.118168,0.924534,0.984194,1.340438,0.158246,0.45561,0.458405,0.457463,4.324046,,0.588758,0.519503,0.069255,0.232537,0.141293,1.019233,0.774773,0.53034,0.244433,1.05111,0.147225,1.082532,0.777773,0.527596,0.250178,1.013357,0.15107,1.101005,0.845929,0.529861,0.316069,1.226213,0.160252,1.107486,0.853659,0.532353,0.321305,1.227185,0.178797,1.110445
3389,16.0,16.0,8.643786,8.829954,8.548041,8.160652,8.178984,8.524623,8.807242,8.151413,8.675217,8.074068,7.98262,7.843754,7.594138,8.036716,7.575759,8.163302,8.860445,7.706504,9.130964,7.032704,9.067674,8.008316,7.232774,8.958836,6.840972,6.806471,7.224145,7.01237,6.714163,6.79288,8.41155,,4.496195,3.988046,0.508148,1.537252,0.243088,0.999843,4.537572,4.065714,0.471858,1.474295,0.347951,1.069121,4.611862,4.250856,0.361006,1.717388,0.578152,1.084839,4.727107,4.452459,0.274648,1.989016,0.752944,1.090699,4.803468,4.241937,0.561531,2.023213,0.487193,1.093733
3391,15.0,15.0,17.48281,17.492372,17.460432,17.496244,17.460969,17.496913,17.464116,17.45954,17.499121,17.460757,17.443677,17.453284,17.446248,17.434783,17.437432,32.407885,32.283997,31.906725,32.091141,32.85582,32.177478,31.671557,32.762713,32.193534,32.859473,32.863085,32.846174,32.853341,32.852683,32.866936,16.990058,,17.48281,17.443677,0.039132,0.178556,0.107452,0.967622,17.492372,17.453284,0.039087,0.210692,0.119129,1.041116,17.496244,17.446248,0.049996,0.224633,0.131544,1.062614,17.496913,17.434783,0.06213,0.230826,0.136262,1.07182,17.499121,17.437432,0.061689,0.237504,0.137652,1.076739
3404,15.0,15.0,0.726179,0.855372,0.584178,0.824361,0.521494,0.897699,0.761088,0.412695,1.010687,0.455237,0.391626,0.454086,0.456876,0.424554,0.471647,4.748318,4.540629,4.543583,4.668392,3.702454,4.469284,4.356615,2.811021,4.344225,0.825944,0.951111,0.704038,0.727966,0.676007,0.725792,0.711855,,0.623011,0.304402,0.318609,0.971668,0.288009,1.007393,0.761983,0.352969,0.409013,1.238765,0.34921,1.073237,0.727526,0.355668,0.371858,1.032965,0.36038,1.087861,0.74569,0.315563,0.430128,1.001718,0.377172,1.090544,0.91089,0.359205,0.551685,1.579373,0.383088,1.090293
3406,15.0,15.0,3.060672,3.310108,2.959959,3.312066,3.054876,3.298833,3.253242,3.146843,3.256113,3.079229,2.962447,2.896533,2.979009,3.10202,3.010069,1.59622,1.653792,1.545817,1.648693,1.625275,2.047903,1.611091,1.549874,2.001732,1.334097,1.563875,1.556388,1.674463,1.685381,1.571596,5.921777,,0.489315,0.415981,0.073334,0.214289,0.137806,1.044408,0.795088,0.415468,0.37962,1.463559,0.166127,1.111628,0.800887,0.427148,0.373739,1.452729,0.175308,1.131809,0.808298,0.415528,0.39277,1.461637,0.178235,1.139363,0.853351,0.414528,0.438823,1.633364,0.178079,1.142928
3415,15.0,15.0,6.384816,6.52001,6.186348,6.714282,5.956895,6.766503,6.471354,6.229695,6.833822,5.77334,5.845353,5.721465,5.757083,5.840532,5.757183,18.204315,18.16283,17.718657,19.079129,17.913387,18.947365,17.072,17.739672,18.856864,17.841212,16.410922,17.143665,16.780569,17.23292,17.145846,4.831439,,5.23234,4.47785,0.75449,1.806124,0.18965,0.989505,5.43578,4.497673,0.938107,1.975639,0.213232,1.041847,5.528718,4.508942,1.019777,2.013493,0.253149,1.054208,5.736983,4.497875,1.239109,2.372497,0.266365,1.057344,5.874829,4.711962,1.162867,2.501756,0.502442,1.058318
3427,16.0,16.0,0.368287,0.531852,0.314405,0.653229,0.196622,0.552651,0.45649,0.155103,0.593412,0.163378,0.15338,0.153437,0.14383,0.144604,0.15246,1.020779,1.134538,0.969004,1.206575,0.987182,1.251312,1.066956,0.955462,1.277826,0.961422,0.939266,0.947128,0.939486,0.932099,0.932163,2.817276,,0.368287,0.15338,0.214907,0.77254,0.160934,1.065145,0.531852,0.153437,0.378415,1.267774,0.186343,1.121988,0.653229,0.14383,0.509399,1.650807,0.197526,1.140234,0.552651,0.144604,0.408047,1.259322,0.203238,1.147689,0.593412,0.15246,0.440952,1.358191,0.199692,1.151435
3430,15.0,15.0,0.197167,0.22274,0.158761,0.339003,0.138959,0.280053,0.174413,0.137656,0.508887,0.131023,0.113682,0.109816,0.11605,0.108269,0.09892,0.332349,0.58755,0.275918,0.798926,0.171521,1.052728,0.513029,0.160447,1.026143,0.152317,0.12897,0.135645,0.146329,0.138686,0.148659,0.075481,,0.197167,0.113682,0.083485,0.217486,0.138586,1.023673,0.22274,0.109816,0.112923,0.254028,0.149618,1.079142,0.339003,0.11605,0.222953,0.679003,0.16243,1.09467,0.280053,0.108269,0.171784,0.433114,0.161171,1.101692,0.508887,0.09892,0.409968,1.322795,0.174533,1.105286
3431,15.0,15.0,12.129304,12.236129,12.241287,12.206435,12.032115,12.474446,11.874039,12.145294,12.408865,11.981385,11.340115,11.325431,13.061714,12.300189,12.446487,7.249855,7.249666,6.548217,7.158221,6.746635,6.862563,7.036583,6.891089,6.938777,6.451506,5.723413,6.170786,5.955754,5.268463,5.275642,6.943038,,9.935409,9.982593,-0.047184,0.406405,0.122225,1.041931,9.877618,9.984544,-0.106926,0.673933,0.127918,1.094383,9.884565,9.980903,-0.096338,0.683661,0.140481,1.108466,9.88376,9.987445,-0.103686,0.696916,0.153105,1.112744,9.888381,9.990514,-0.102133,0.719713,0.159061,1.114518
3433,15.0,15.0,22.636722,21.553992,22.595223,21.158231,21.371765,20.660274,21.060625,21.855574,21.057678,21.36431,21.335098,20.761211,21.430521,20.814934,20.990211,15.898151,16.132815,14.893605,15.462783,11.570185,14.991408,14.417489,12.458395,15.115476,10.75385,9.315746,8.622278,9.340824,9.36687,9.69046,17.247369,,14.251543,13.428628,0.822916,3.623493,0.24179,1.034461,13.95597,13.36574,0.590231,3.390278,0.255334,1.082352,13.765559,13.340461,0.425097,3.187782,0.335995,1.09485,13.539073,13.327363,0.21171,3.66421,0.340859,1.098576,13.557101,12.866078,0.691023,3.902015,0.876137,1.100084
3434,16.0,16.0,12.005022,10.830815,11.63231,11.571519,11.679568,12.353148,10.354118,10.989738,12.191882,10.872006,10.894529,10.077138,10.329647,10.446911,10.191952,28.961499,28.749595,27.950756,28.756426,28.802504,28.075999,27.882097,27.816741,27.262144,28.000286,26.795106,26.609209,26.563078,26.14835,24.734172,13.689354,,0.302794,0.185686,0.117107,0.296226,0.173004,0.966642,0.314689,0.182971,0.131718,0.324612,0.185028,1.035568,0.568106,0.188769,0.379337,1.247598,0.201226,1.053886,0.469883,0.181019,0.288864,0.854065,0.216657,1.060373,0.590881,0.183693,0.407187,1.290466,0.214577,1.064158
3442,15.0,15.0,0.294244,0.400223,0.276899,0.347721,0.267851,0.354161,0.376219,0.250609,0.367004,0.252728,0.236092,0.22392,0.224747,0.22428,0.22025,0.288579,0.342821,0.261773,0.350519,0.250726,0.352905,0.312553,0.225914,0.379135,0.219598,0.196297,0.201653,0.200423,0.198113,0.200293,2.345462,,0.294244,0.236092,0.058153,0.201783,0.127054,1.03164,0.400223,0.22392,0.176303,0.612979,0.149802,1.087982,0.347721,0.224747,0.122974,0.384814,0.161631,1.10583,0.354161,0.22428,0.12988,0.388331,0.169865,1.113476,0.367004,0.22025,0.146754,0.439059,0.178755,1.117502
3454,15.0,15.0,4.279154,4.501884,4.250761,4.363266,4.131692,4.421113,4.401123,4.13198,4.417291,4.119455,4.115037,4.114643,4.119877,4.126423,4.118983,9.183928,9.113547,9.153512,9.089662,9.232292,9.053207,9.059572,9.226092,9.068293,9.214022,9.206305,9.205949,9.205337,9.205009,9.209602,4.282067,,4.279154,4.115037,0.164117,0.589278,0.142894,1.043969,4.501884,4.114643,0.387241,1.86742,0.162797,1.100119,4.363266,4.119877,0.243389,1.283588,0.167293,1.117586,4.421113,4.126423,0.29469,1.508174,0.17524,1.124215,4.417291,4.118983,0.298308,1.608443,0.178789,1.127517
3460,16.0,16.0,10.256462,10.962247,9.395426,10.334176,9.478646,9.879592,10.198718,9.759084,10.013714,9.087561,8.798757,8.858693,9.657746,8.146413,8.808735,12.219576,14.701437,11.712895,13.62448,11.9037,14.222187,13.363957,11.011467,13.363089,7.877365,6.708248,9.965045,10.250946,9.75117,9.491823,6.642753,,1.793699,1.53108,0.262619,1.324737,0.432067,0.950663,1.816558,1.456728,0.35983,1.620337,0.532956,1.036703,2.102991,1.328201,0.77479,2.398094,0.571864,1.056436,2.361672,1.328127,1.033545,3.234595,0.610751,1.061568,2.406344,1.331453,1.074891,3.306296,0.548449,1.063982
3479,15.0,15.0,18.024875,16.400782,17.057159,15.860535,15.580137,16.627945,15.517007,15.745104,16.36121,15.633486,15.14297,14.233639,13.713656,14.276888,14.353997,19.091051,16.424218,18.415842,16.51479,18.035699,16.574551,15.209337,17.6024,16.696945,17.688689,17.766339,12.039972,11.36114,11.493265,11.966768,18.96817,,21.206192,20.878172,0.32802,4.511384,1.647592,0.972795,21.317677,20.733242,0.584435,3.630406,1.582742,1.025081,21.134217,20.464555,0.669662,4.80103,2.013179,1.030558,21.444129,20.426823,1.017306,4.963563,2.363184,1.029721,21.368553,20.317126,1.051427,4.496507,2.505592,1.028245
3483,15.0,15.0,37.943002,37.227229,37.844711,37.256253,37.636461,37.126801,37.174192,37.951979,37.149764,37.682649,37.973199,36.883465,37.137841,36.806575,36.624292,22.628023,22.926689,21.734201,22.274941,22.469336,22.316654,21.596651,22.313262,22.154145,21.956905,22.40923,21.033167,20.572834,20.333911,20.498404,38.613447,,38.819742,38.821358,-0.001616,0.262228,0.101743,0.97677,38.806124,38.821697,-0.015573,0.355867,0.131618,1.034945,38.808092,38.813636,-0.005544,0.402155,0.134614,1.052443,38.726534,38.812029,-0.085495,0.536115,0.222923,1.060425,38.659393,38.809626,-0.150232,0.606023,0.248577,1.064725
3486,16.0,16.0,3.424675,3.767879,2.911682,3.884806,3.01814,4.528742,3.44752,3.003829,4.486619,3.007799,2.852849,3.192639,3.207554,3.358452,3.442071,7.230387,6.058958,7.281171,6.752432,6.93717,6.231375,6.061104,7.291493,6.225962,7.075596,6.96068,6.411794,6.76358,5.97545,5.682617,3.294916,,2.774916,3.056316,-0.2814,1.505148,0.547303,1.043152,3.200433,3.157846,0.042587,0.755373,0.47537,1.092101,3.446606,3.286322,0.160284,1.156399,0.463462,1.103532,3.555774,3.298949,0.256825,2.387491,0.553555,1.106661,3.951637,3.528308,0.423329,2.443162,0.440285,1.107734
3488,15.0,15.0,0.87741,0.908307,0.853766,0.913169,0.326617,0.843514,0.876452,0.433401,0.965681,0.423743,0.175429,0.351013,0.797988,0.560008,0.799305,2.392681,3.683781,2.354669,3.606127,0.848158,3.825513,3.630688,1.198165,3.924892,0.81417,0.767168,0.789728,0.804097,1.018676,1.024141,0.69804,,0.87741,0.175429,0.701982,1.544603,0.142638,0.966652,0.908307,0.351013,0.557294,1.515824,0.360919,1.032798,0.913169,0.797988,0.115181,1.245908,0.696828,1.052209,0.843514,0.560008,0.283506,1.192425,0.55747,1.060699,0.965681,0.799305,0.166376,1.448147,0.701403,1.065105
3498,15.0,15.0,2.542539,2.32635,2.301844,2.300742,1.8167,2.178367,2.075865,2.062494,2.149928,1.77532,1.419541,1.527473,1.546867,1.313621,1.355819,5.732441,3.852035,5.371978,4.034173,6.329491,4.076069,3.960151,5.14171,3.771485,5.639665,4.656075,2.808159,3.088135,3.701832,2.944309,8.298212,,1.684684,1.210193,0.474491,1.215386,0.606691,0.999165,1.401478,1.058292,0.343186,1.035439,0.539078,1.066571,1.219151,0.887771,0.33138,1.01005,0.656322,1.084987,1.103501,0.827737,0.275764,1.088782,0.54057,1.091814,1.090533,0.80285,0.287683,1.200358,0.442058,1.094681
3504,15.0,15.0,44.104419,42.594857,43.390755,42.620344,43.164258,42.854966,42.340071,43.051495,42.315467,43.196273,42.944196,42.100098,42.342432,42.363255,42.401594,40.238135,39.876057,39.154182,39.204006,41.219025,39.577585,39.229494,40.803264,39.441114,40.762986,40.185801,39.917503,39.206953,39.177669,39.307861,45.876032,,47.174891,47.196311,-0.02142,0.332716,0.130854,1.008187,47.090382,47.206545,-0.116163,0.513623,0.167073,1.057208,47.088495,47.211549,-0.123053,0.521617,0.169394,1.070058,47.05729,47.197412,-0.140122,0.544274,0.182948,1.074599,46.832824,47.19577,-0.362946,1.351408,0.203855,1.076692
3507,15.0,15.0,4.295356,3.808476,4.006558,3.62992,4.024928,3.763905,3.758161,3.952815,3.639205,4.033925,3.831609,3.406178,2.969712,3.259665,3.116569,4.98524,4.737143,4.888453,5.037576,3.879619,4.995974,4.577105,3.63192,5.301936,3.199997,3.398052,2.021735,2.186498,2.209339,2.397253,5.92714,,3.053089,2.898876,0.154213,0.506124,0.12144,0.950829,3.129909,2.889684,0.240225,0.823619,0.161434,1.023125,3.173635,2.89316,0.280475,1.023049,0.178703,1.042074,3.249698,2.879944,0.369754,1.199557,0.193175,1.050219,3.268935,2.888302,0.380633,1.269228,0.194092,1.054541
3508,15.0,15.0,12.863323,13.389234,12.659767,12.948529,12.696972,13.674862,13.243976,12.799988,13.271953,13.354747,13.158609,13.05636,12.751146,12.863466,13.269505,11.493218,11.830935,10.555418,11.984071,10.881013,12.775789,10.713539,10.467119,12.859342,8.323971,8.865632,6.809657,6.996473,7.401754,7.363682,34.693121,,7.680422,7.626218,0.054203,2.312159,1.139423,0.979884,8.145333,7.699562,0.445772,3.458527,1.443536,1.041043,7.944672,7.093003,0.85167,5.154689,1.811543,1.055924,7.984835,7.34456,0.640275,5.526016,1.879299,1.061338,7.466715,7.739488,-0.272773,3.599314,1.960507,1.065232
3513,15.0,15.0,2.252692,2.744705,2.169349,2.587217,2.338125,2.550265,2.60335,2.242193,2.827551,2.310108,2.223366,2.445906,2.085902,2.238659,2.362221,7.93184,7.905882,7.7857,8.041835,7.530266,8.289348,7.74852,7.495065,8.241607,7.136536,7.20313,7.460041,7.28584,7.019964,7.014718,3.814082,,1.285791,1.244406,0.041385,0.198279,0.137695,1.003261,1.549415,1.238854,0.310561,1.508165,0.154648,1.080188,1.490149,1.237934,0.252216,1.448291,0.175153,1.09703,1.430735,1.231977,0.198757,1.179849,0.172727,1.103574,1.426305,1.23246,0.193844,1.144305,0.178025,1.106935
3516,16.0,16.0,9.910615,9.562412,9.902541,9.320128,10.225634,9.172128,9.452463,9.979551,9.105159,10.137933,10.068057,10.056745,9.186824,9.398125,9.386758,7.73586,6.863089,6.025158,6.992337,6.279252,7.084561,6.226719,5.615923,7.354202,5.445011,5.204414,4.299623,4.378634,3.930111,3.884838,8.232219,,7.729498,7.734121,-0.004623,0.259472,0.107848,0.986956,7.728437,7.725749,0.002688,0.276487,0.125568,1.054125,7.874673,7.732894,0.141779,1.516298,0.133659,1.073681,7.636258,7.732678,-0.09642,1.236994,0.14059,1.083104,7.771957,7.735701,0.036255,1.804449,0.147581,1.088308
3518,16.0,16.0,5.110303,5.329565,4.871687,5.0932,4.344451,5.161266,5.045652,4.432089,4.964148,4.440826,4.523469,4.632935,4.601832,4.631256,4.64982,13.715563,14.379763,13.801794,14.351425,13.181265,14.418777,14.096992,13.366895,14.341885,13.058502,12.679134,12.982577,13.2462,13.331976,13.063876,4.664974,,4.499235,4.084023,0.415212,1.607692,0.138827,1.036885,4.540691,4.099988,0.440703,1.727546,0.147817,1.095144,4.484029,4.097566,0.386463,1.503122,0.151759,1.115057,4.374653,4.09913,0.275523,1.045569,0.156407,1.123656,4.420077,4.097836,0.322241,1.221087,0.158041,1.127954
3521,15.0,15.0,1.166902,1.233631,1.131465,1.255269,1.078123,1.272093,1.183782,1.085648,1.244223,1.07604,1.050952,1.073498,1.08483,1.065931,1.075748,1.149387,1.294373,1.105428,1.627698,0.734162,1.930448,1.251094,0.73477,1.997957,0.722289,0.706895,0.728223,0.72642,0.720438,0.711014,3.201756,,1.166902,1.050952,0.115949,0.286521,0.136645,1.019638,1.233631,1.073498,0.160133,0.418634,0.152468,1.091099,1.255269,1.08483,0.170439,0.472272,0.172272,1.108998,1.272093,1.065931,0.206162,0.446999,0.165699,1.116273,1.244223,1.075748,0.168475,0.414961,0.15912,1.119866
3522,15.0,15.0,3.347705,3.648383,3.350645,3.69648,2.982147,4.007327,3.534522,3.008708,4.247091,2.87807,2.857724,2.940833,2.883649,3.446526,3.852502,12.434924,12.82074,11.84393,12.64694,12.43856,12.589649,12.017827,11.537213,12.551719,10.626223,11.115762,10.750448,10.524756,10.48269,10.447544,3.556325,,0.676703,0.184547,0.492156,1.13188,0.150888,1.056673,1.002036,0.200249,0.801787,1.452694,0.204543,1.103311,1.066441,0.198467,0.867973,1.681496,0.221304,1.112961,1.387586,0.743714,0.643871,2.069134,0.750912,1.114941,1.587968,1.111066,0.476902,2.290884,1.086429,1.115178
3524,15.0,15.0,8.603794,8.787657,8.442402,9.043622,8.057995,8.301852,8.685084,7.888755,8.602595,8.06847,8.084589,7.641602,8.592707,8.071242,8.575769,11.971977,7.53661,11.699565,7.259009,11.826863,6.810023,7.79617,11.21801,6.339762,11.28939,11.897323,6.293603,3.995969,5.077152,4.308712,10.803136,,3.072527,3.021673,0.050854,0.221046,0.147379,1.019065,3.119431,3.013017,0.106414,0.50848,0.164426,1.077552,3.228054,3.02874,0.199315,0.924357,0.179125,1.096442,3.229227,3.029117,0.20011,0.920241,0.181988,1.104458,3.313697,3.029769,0.283929,1.236866,0.181941,1.108732
3552,16.0,16.0,2.073857,2.775177,1.951511,2.957201,1.660077,2.829688,2.70238,1.831202,2.795861,1.955498,1.710807,2.566988,2.458493,2.21651,1.982541,3.245199,3.420891,3.181647,3.680494,1.54364,3.793535,3.394311,2.107457,3.757462,1.183737,0.442935,0.440025,1.199016,0.548674,0.768395,3.266222,,0.378452,0.288362,0.09009,0.351256,0.211049,0.986181,0.575689,0.310006,0.265683,0.991229,0.234658,1.063044,0.712005,0.278063,0.433942,1.504675,0.259094,1.084728,0.584481,0.292184,0.292297,0.946298,0.265256,1.092279,0.598609,0.289062,0.309547,0.980809,0.251227,1.095292
3553,15.0,15.0,1.837271,1.901011,1.810476,1.907376,1.805887,1.897501,1.86663,1.787589,1.897607,1.795245,1.774471,1.775367,1.774254,1.777072,1.771915,1.053637,1.105514,1.016376,1.14839,1.015258,1.159148,1.06287,0.995198,1.160474,0.972332,0.954303,0.945555,0.949845,0.94992,0.954617,2.156803,,1.837271,1.774471,0.0628,0.207837,0.1343,1.077851,1.901011,1.775367,0.125643,0.410511,0.149224,1.132124,1.907376,1.774254,0.133122,0.427393,0.162909,1.145289,1.897501,1.777072,0.120429,0.380797,0.169143,1.149859,1.897607,1.771915,0.125692,0.392618,0.175843,1.151981
3554,15.0,15.0,6.065621,5.351599,6.0179,5.605664,5.982019,5.410797,5.300622,6.081437,5.581556,6.04445,5.830781,5.02584,5.147144,5.007866,4.775772,5.094476,4.0869,4.932136,4.417739,3.783813,4.445485,3.570123,3.828007,4.614923,4.140761,3.528763,1.969759,1.695846,1.795547,1.689474,8.887118,,2.973388,2.943722,0.029666,0.192141,0.119567,0.995153,2.989494,2.936948,0.052546,0.22518,0.143565,1.061128,2.939136,2.923848,0.015288,0.837797,0.164928,1.077361,3.044418,2.922894,0.121525,1.253962,0.164872,1.083101,3.001025,2.92772,0.073305,1.066938,0.165218,1.086011
3561,15.0,15.0,5.772113,5.462601,5.17732,6.787067,5.071765,6.042116,5.099194,5.434283,6.070822,5.463854,5.443151,5.342765,6.345686,5.764514,5.401964,6.190853,4.720161,5.89255,4.716388,5.501816,5.059507,4.774505,5.848422,5.373421,5.560401,5.69577,4.331879,4.025946,4.029642,4.248667,20.656264,,0.326266,0.257287,0.068979,0.260795,0.169335,1.0122,0.345904,0.248095,0.097809,0.290079,0.180734,1.077904,0.374875,0.25161,0.123264,0.378815,0.205982,1.096516,0.374812,0.237431,0.137381,0.379336,0.213145,1.103323,0.378516,0.238721,0.139795,0.384292,0.218629,1.106769
3563,15.0,15.0,2.174907,3.419112,2.054459,3.063719,2.32844,3.488546,3.242405,2.211213,3.395231,2.314768,2.046259,2.604452,2.433221,2.808167,2.515133,4.180004,4.585042,4.132413,4.893522,3.633865,4.955121,4.038383,3.291452,5.192908,2.957259,1.918963,1.073051,1.242993,1.641399,1.885456,3.741368,,0.403228,0.197527,0.205701,0.739873,0.128998,0.942342,0.644172,0.195101,0.449072,1.251768,0.168207,1.010601,0.739315,0.200975,0.53834,1.422211,0.197032,1.033997,0.905296,0.216836,0.68846,1.632095,0.19557,1.04382,0.933099,0.223251,0.709848,1.667826,0.193195,1.048629
3581,30.0,30.0,6.04566,6.498899,5.661288,6.234541,5.730395,6.178079,6.403508,5.893794,6.082022,5.990937,6.047359,5.99102,5.956272,6.043691,5.977425,5.618444,5.175518,5.641102,5.452992,4.684643,5.524511,4.941378,4.632493,5.712658,3.535115,4.001562,3.926218,3.912222,3.510088,3.510927,5.845591,,3.898864,3.790981,0.107883,0.531777,0.152448,1.045022,4.090884,3.798529,0.292355,1.223837,0.187869,1.096024,4.035201,3.787156,0.248045,1.201803,0.196331,1.10894,4.044938,3.799974,0.244965,1.268146,0.195399,1.114697,4.048001,3.803325,0.244676,1.195025,0.198265,1.117449
3583,15.0,15.0,4.775123,4.889342,4.597123,5.131679,4.894012,4.870861,4.828524,5.127018,4.866712,5.237229,5.069984,5.062908,5.21395,4.835962,4.960697,4.193349,4.591702,3.704546,4.379337,2.302644,4.438134,3.914845,2.32432,4.310106,1.799787,2.454466,2.323003,1.6683,2.314491,2.309205,4.997392,,0.155971,0.100345,0.055627,0.159697,0.100719,0.98249,0.178383,0.106081,0.072302,0.186564,0.128195,1.036976,0.185603,0.113403,0.072201,0.194028,0.131775,1.052598,0.375728,0.117979,0.257749,0.924368,0.132902,1.059575,0.302628,0.122051,0.180577,0.62295,0.135536,1.063578
3591,15.0,15.0,10.643077,9.94455,9.997089,10.019778,9.287105,9.804882,9.833677,9.602943,10.055488,9.163281,8.667298,9.036033,8.720325,8.651803,8.859603,7.372915,5.243054,6.392545,5.857892,6.241012,6.572718,4.701525,5.836288,6.449882,6.186343,6.816286,3.988948,3.802101,4.379836,3.985131,9.37608,,11.324649,9.490693,1.833955,2.952648,1.54723,1.031925,10.604067,9.92166,0.682408,1.827805,1.015621,1.097372,10.839527,9.524408,1.315118,2.584264,0.984347,1.110586,10.582051,9.456494,1.125557,2.253583,0.88661,1.114163,10.431838,9.464974,0.966864,2.114774,0.881081,1.115932
3602,15.0,15.0,1.190415,1.431005,1.149554,1.340873,1.138434,1.380901,1.378939,1.121683,1.401938,1.116987,1.079478,1.107776,1.115989,1.119724,1.124337,0.234639,0.324956,0.184055,0.369356,0.178618,0.401622,0.247548,0.155766,0.519971,0.146787,0.123279,0.133756,0.141093,0.14542,0.147198,1.060624,,1.264598,1.15122,0.113378,0.238745,0.151576,1.052586,1.40555,1.177013,0.228537,0.701973,0.174485,1.11221,1.423628,1.185896,0.237732,0.720538,0.199278,1.126063,1.46524,1.189681,0.275559,0.861507,0.218195,1.130353,1.486738,1.194624,0.292113,0.92023,0.221973,1.132034
3605,15.0,15.0,1.978717,2.021077,1.956348,2.033365,2.027967,2.04994,1.994901,2.016468,2.066248,2.017873,2.006971,2.005742,2.008523,2.010311,2.007178,2.534796,2.726704,2.454053,2.76274,1.232873,2.930176,2.640663,1.217947,3.083625,1.214534,1.21187,1.211601,1.215358,1.213686,1.219774,3.266746,,1.978717,2.006971,-0.028254,0.440361,0.087076,0.954463,2.021077,2.005742,0.015335,0.334179,0.105884,1.031593,2.033365,2.008523,0.024842,0.345536,0.119889,1.053566,2.04994,2.010311,0.039629,0.292888,0.123769,1.063287,2.066248,2.007178,0.05907,0.243399,0.132218,1.068631
3610,15.0,15.0,3.006475,2.868393,2.823436,2.897747,2.250361,3.257212,2.665351,2.233494,2.702226,2.150097,1.862312,2.092137,1.949585,1.734229,1.766347,3.471913,3.631311,3.298452,2.787047,3.063671,2.545323,2.924639,3.050077,2.543294,1.93625,1.835884,3.053464,1.644621,0.698579,0.922257,4.29131,,2.159506,1.985403,0.174104,0.605322,0.13998,1.035072,2.202851,1.989589,0.213262,0.70436,0.151707,1.092596,2.230537,1.983667,0.246869,0.84408,0.160802,1.106875,2.194863,1.988153,0.20671,0.749809,0.166173,1.112024,2.20609,1.977056,0.229033,0.767858,0.180463,1.114633
3611,15.0,15.0,1.221589,1.236319,1.195893,1.244057,1.18596,1.243442,1.204876,1.168807,1.246585,1.174828,1.169039,1.158525,1.159857,1.156836,1.160502,1.742072,2.021825,1.707873,2.101701,0.975755,2.103941,1.983278,0.643642,2.080425,0.127061,0.095615,0.103596,0.092093,0.087186,0.085443,4.433855,,1.221589,1.169039,0.05255,0.174061,0.110691,0.966102,1.236319,1.158525,0.077794,0.201505,0.137159,1.033335,1.244057,1.159857,0.0842,0.212756,0.141179,1.053593,1.243442,1.156836,0.086606,0.20984,0.137626,1.062142,1.246585,1.160502,0.086083,0.21389,0.136974,1.066771
3628,16.0,16.0,0.179939,0.262724,0.136623,0.258482,0.124926,0.312677,0.214988,0.099224,0.305172,0.108105,0.072018,0.081001,0.0777,0.077409,0.079791,2.955274,3.465614,2.87821,3.841182,0.888981,4.071909,3.364923,1.346404,4.280564,0.225317,0.189296,0.219983,0.198371,0.19781,0.196234,0.831813,,0.17183,0.066549,0.105281,0.206305,0.128001,0.981991,0.240162,0.076453,0.163709,0.412603,0.147711,1.04173,0.253915,0.074638,0.179276,0.441472,0.148773,1.056184,0.230959,0.074305,0.156654,0.346667,0.146101,1.061023,0.29075,0.076845,0.213904,0.557472,0.150589,1.063245
3629,15.0,15.0,4.987054,3.925676,4.755691,3.374947,4.732387,4.347313,4.192974,3.402269,4.746982,3.744207,4.009478,3.439912,3.335504,3.727237,3.899634,4.052045,4.723563,3.39981,5.073312,3.183369,5.42776,3.648667,1.70497,5.314725,2.624183,1.464512,2.243121,2.057,2.2639,2.265944,3.283425,,0.460047,0.394694,0.065353,0.230503,0.150413,1.029315,0.491731,0.41516,0.076572,0.283447,0.190882,1.087866,0.508386,0.417422,0.090964,0.32265,0.191212,1.102592,0.582593,0.410668,0.171926,0.584817,0.213912,1.10772,0.872459,0.417329,0.45513,1.706389,0.217171,1.110105
3630,46.0,46.0,18.488516,18.069378,18.031427,18.087295,17.543382,18.309862,17.455048,17.738206,18.298959,18.133395,17.260514,17.102543,16.920048,17.376814,17.47456,37.712304,35.599884,37.907311,36.47328,37.576651,35.933543,35.445317,37.844957,36.204423,37.740475,37.812562,34.347742,35.334967,34.390602,34.213478,16.292101,,13.011204,12.823127,0.188077,1.063896,0.229387,1.065876,12.989771,12.79727,0.192501,1.315526,0.272132,1.120304,13.022443,12.834975,0.187468,1.260913,0.301971,1.13265,13.042033,12.818529,0.223504,1.570634,0.328185,1.136213,13.101596,12.82854,0.273056,1.792994,0.339323,1.137271
3634,15.0,15.0,3.827861,4.314915,3.711791,4.348844,3.681268,4.229262,3.846871,3.613346,4.063438,3.084844,3.152939,3.064693,3.149656,3.10194,3.147506,5.421305,4.784678,5.434871,5.33458,5.242773,4.935968,4.265821,5.091667,5.411967,4.761417,4.069614,2.149021,2.018828,2.036353,3.313476,6.746285,,0.639446,0.539758,0.099688,0.401701,0.193753,1.05538,0.720538,0.531423,0.189114,0.711011,0.217883,1.101868,0.773972,0.55573,0.218242,0.864557,0.232715,1.115771,0.946603,0.540413,0.40619,1.5056,0.255318,1.12029,0.985535,0.540227,0.445308,1.658936,0.258288,1.121879
3635,15.0,15.0,0.476825,0.540637,0.447928,0.6053,0.42386,0.667169,0.499308,0.419481,0.83653,0.430826,0.377924,0.385351,0.389879,0.389889,0.389449,5.200807,5.515418,5.170037,5.727737,4.816835,5.724501,5.465529,4.849449,5.872108,4.791488,4.76034,4.762355,4.757953,4.770434,4.783886,2.047745,,0.476825,0.377924,0.098901,0.260315,0.150403,1.042042,0.540637,0.385351,0.155286,0.402809,0.183342,1.10105,0.6053,0.389879,0.215422,0.532239,0.181441,1.116998,0.667169,0.389889,0.27728,0.835662,0.196714,1.122899,0.83653,0.389449,0.447081,1.401669,0.205802,1.12566
3649,15.0,15.0,3.028928,2.957127,2.649001,2.964708,2.474242,3.286279,2.789868,2.572045,3.21686,2.676803,2.541415,2.846852,3.02946,2.677602,2.665709,17.431888,17.403313,17.598506,17.740497,17.438973,17.786529,17.370808,16.961671,18.035211,17.395948,16.841705,16.922321,17.350869,17.333087,17.336105,0.863471,,1.334216,1.303034,0.031182,0.255188,0.195838,0.995104,1.353019,1.296256,0.056764,0.276524,0.216678,1.071422,1.377488,1.356156,0.021332,0.301912,0.180553,1.094437,1.36936,1.323405,0.045955,0.293257,0.199879,1.104377,1.373439,1.3307,0.042739,0.301005,0.196138,1.109611
3653,15.0,15.0,8.509103,8.780065,7.374978,7.986062,7.184566,7.838476,7.357643,6.041063,7.97992,5.676624,5.405888,4.740435,4.988358,4.922687,5.024976,15.346667,11.984365,15.291173,11.457091,14.014695,11.271719,12.120326,13.054952,12.353317,14.622122,11.529912,11.148245,7.696111,5.381983,8.814006,12.73708,,1.691525,0.460016,1.231508,3.27546,0.415289,1.038217,1.492549,0.431329,1.06122,2.892135,0.348835,1.094453,1.668409,0.433192,1.235217,3.433533,0.440982,1.108128,1.58289,0.362896,1.219994,3.370717,0.532859,1.111473,1.571369,0.519722,1.051646,2.992301,0.450437,1.112014
3655,15.0,15.0,0.300379,0.328682,0.26208,0.290669,0.182596,0.35977,0.282559,0.159384,0.300081,0.156838,0.146175,0.137787,0.152221,0.153077,0.153756,1.004975,0.903503,0.960727,0.918812,0.39047,0.869296,0.848207,0.384752,0.842252,0.376073,0.358236,0.357535,0.364144,0.360174,0.360629,0.176347,,0.300379,0.146175,0.154204,0.52766,0.135746,1.007282,0.328682,0.137787,0.190895,0.589477,0.16356,1.078647,0.290669,0.152221,0.138449,0.3936,0.175757,1.098287,0.35977,0.153077,0.206692,0.654883,0.180988,1.104712,0.300081,0.153756,0.146325,0.408872,0.185661,1.107582
3656,15.0,15.0,1.47674,1.368772,1.263842,1.213614,0.904299,1.329612,1.183612,0.721287,1.330147,0.608175,0.378753,0.437609,0.526777,0.392123,0.492979,1.688916,2.731245,1.387206,3.00392,0.804349,3.304775,2.549173,0.787307,3.78357,0.714761,0.537873,0.826474,0.771416,0.987646,1.06065,2.199999,,1.554173,0.310345,1.243828,2.380383,0.664096,1.055089,1.416351,0.362581,1.053769,2.123048,0.764232,1.114316,1.191046,0.470788,0.720258,1.501655,0.754806,1.126621,1.239232,0.32318,0.916053,1.800619,0.713658,1.129082,1.262431,0.417755,0.844677,1.67568,0.820937,1.129475
3663,15.0,15.0,0.250138,0.553957,0.204449,0.555733,0.190716,0.566448,0.492577,0.177317,0.591061,0.172054,0.152544,0.151964,0.141157,0.135381,0.130404,0.252762,0.309994,0.199003,0.520251,0.191518,0.510928,0.245598,0.176429,0.733543,0.147817,0.151246,0.13457,0.138814,0.130554,0.125055,0.705752,,0.250138,0.152544,0.097594,0.24429,0.155816,1.041152,0.553957,0.151964,0.401994,1.270584,0.194222,1.105256,0.555733,0.141157,0.414576,1.280995,0.208373,1.124728,0.566448,0.135381,0.431066,1.297221,0.207157,1.13267,0.591061,0.130404,0.460657,1.39806,0.205854,1.136873
3674,15.0,15.0,6.053492,6.637201,6.19844,6.418626,5.773988,6.582591,6.545418,5.709827,6.929532,5.551921,5.56033,6.041565,6.087678,5.924681,5.894813,9.09968,9.861989,8.230756,10.448946,7.23231,10.319931,8.951943,7.827583,10.346622,7.721585,7.353278,7.108759,6.820493,6.723474,6.73938,8.630172,,2.896378,2.698512,0.197866,0.777642,0.096604,0.943057,3.260955,2.694863,0.566092,1.26339,0.112361,1.002707,3.297842,2.694858,0.602984,1.240067,0.128948,1.022735,3.439674,2.695362,0.744312,1.741993,0.130521,1.031061,3.439927,2.692896,0.747031,1.742966,0.129187,1.035115
3683,15.0,15.0,4.903877,4.695156,4.662595,4.770174,4.728382,5.083613,4.517963,4.793527,4.545214,4.63903,5.155654,4.688666,4.384055,4.466656,4.128402,21.645268,21.639938,20.699601,22.131414,20.532828,21.969979,20.951205,21.194314,21.846158,21.181473,19.455748,20.758624,21.128458,21.651203,20.949167,4.077963,,0.208398,0.134869,0.073529,0.193135,0.104722,0.998743,0.235665,0.133909,0.101757,0.269156,0.12731,1.054703,0.334542,0.13438,0.200162,0.62593,0.141414,1.072287,0.459913,0.130763,0.32915,1.110813,0.162168,1.080248,0.337268,0.127556,0.209712,0.61212,0.162254,1.084658
3692,15.0,15.0,5.011968,5.084378,4.682247,4.796293,4.647478,4.658284,5.177849,4.462923,4.701787,4.879104,5.152823,5.717859,5.4154,4.348291,4.911937,6.071306,5.467149,6.035171,5.434769,5.425503,5.617532,5.137896,5.373304,5.554034,5.306834,5.349244,4.420193,3.733295,4.139524,4.139976,3.618528,,2.533478,2.507095,0.026384,0.134402,0.090251,0.899604,2.54876,2.506888,0.041871,0.166465,0.105893,0.988803,2.558515,2.513431,0.045084,0.180769,0.119698,1.016429,2.5603,2.505616,0.054684,0.186138,0.12278,1.029137,2.561923,2.507749,0.054174,0.191347,0.127298,1.036229
3695,16.0,16.0,8.474496,7.558212,7.735072,6.942189,6.592357,7.359162,7.485897,7.015957,7.002519,7.036928,6.324726,4.963181,4.989311,5.375624,5.491056,7.542978,5.68426,7.201633,6.61941,5.994738,6.890561,5.406862,6.167484,6.332471,5.456534,4.470081,2.821664,3.643816,2.957203,3.212661,7.409,,4.089577,2.862241,1.227336,3.283828,0.721443,1.052732,4.020952,2.593138,1.427814,3.804918,0.639852,1.107413,3.899748,2.970183,0.929565,3.032749,0.900215,1.115306,4.37737,3.047047,1.330323,4.02909,0.910131,1.117078,4.307995,3.384339,0.923656,3.341511,1.02212,1.117694
3696,15.0,15.0,6.669579,6.800496,6.603669,6.848002,6.614441,6.741928,6.753121,6.576203,6.850545,6.55928,6.485406,6.526891,6.55495,6.423481,6.566722,5.177452,5.970354,4.529385,6.11366,4.407769,6.140733,5.494275,3.847489,6.174877,3.429183,3.067247,2.917415,2.934222,2.936229,2.938392,6.693255,,6.669579,6.485406,0.184173,0.583415,0.324649,0.981474,6.800496,6.526891,0.273605,0.897041,0.423301,1.041594,6.848002,6.55495,0.293053,0.988779,0.382861,1.059057,6.741928,6.423481,0.318447,0.808506,0.377795,1.066215,6.850545,6.566722,0.283824,1.05247,0.398577,1.069641
3704,15.0,15.0,1.820855,1.888167,1.782831,1.912565,1.783591,1.936192,1.841022,1.774123,1.936423,1.773493,1.737004,1.74451,1.75263,1.75022,1.74918,0.681238,0.703835,0.633924,0.712063,0.641014,0.786145,0.646894,0.619692,0.722587,0.62965,0.59283,0.58491,0.590627,0.593478,0.591372,1.266062,,1.820855,1.737004,0.083851,0.23996,0.15782,1.033078,1.888167,1.74451,0.143657,0.429799,0.175048,1.08835,1.912565,1.75263,0.159936,0.49834,0.189215,1.101195,1.936192,1.75022,0.185972,0.575998,0.18782,1.106288,1.936423,1.74918,0.187243,0.576566,0.190131,1.108932
3710,15.0,15.0,3.085155,3.194637,2.738349,3.65074,2.223438,3.528414,2.781781,2.250175,3.742353,2.123825,2.232355,2.550433,2.682338,2.842956,2.878764,4.128108,4.771778,3.938538,4.413153,2.312256,4.418392,4.197928,3.422474,4.562137,3.248154,1.15265,2.869084,1.758011,1.5341,1.083633,5.461224,,0.59233,0.47739,0.11494,0.565797,0.210646,1.012376,0.615097,0.457444,0.157653,0.636383,0.233695,1.064983,0.759236,0.472235,0.287001,1.099368,0.278476,1.07654,0.740037,0.476596,0.263441,1.054302,0.287146,1.080337,0.766914,0.469042,0.297872,1.105132,0.287661,1.081946
3714,15.0,15.0,4.311548,5.125546,4.282219,4.419559,4.297628,5.060913,4.610379,4.289482,4.826634,4.273863,4.792007,4.492025,3.684426,4.826931,4.66273,6.089148,5.57171,6.058411,5.922387,5.586412,5.660861,5.342747,5.211012,6.054534,5.723115,5.403414,3.669922,4.950455,4.193548,4.228214,10.216442,,0.192113,0.113235,0.078879,0.16753,0.110284,0.994274,0.209306,0.118956,0.090349,0.195452,0.126613,1.056448,0.349304,0.114098,0.235206,0.715927,0.133263,1.076146,0.293256,0.117855,0.175401,0.485658,0.143384,1.084786,0.300231,0.115486,0.184745,0.506227,0.14116,1.08954
3716,15.0,15.0,2.041104,1.46759,2.215533,1.333844,1.375099,1.63606,1.497936,1.24258,1.429775,1.001115,1.106603,1.197448,0.181606,0.913749,0.35366,2.135973,2.203909,2.100785,2.03903,1.714242,2.465138,1.790751,1.300322,2.797967,1.361509,0.861678,0.713143,0.793654,0.856745,1.122418,3.551606,,0.213785,0.162511,0.051273,0.172906,0.106201,0.972286,0.224552,0.158473,0.066079,0.201055,0.137721,1.046214,0.234167,0.163989,0.070178,0.215002,0.144372,1.066832,0.236442,0.157902,0.07854,0.221955,0.147603,1.075018,0.238643,0.153486,0.085157,0.226555,0.151601,1.079022
3719,16.0,16.0,0.20051,0.349747,0.135235,0.469203,0.134274,0.484598,0.289155,0.109937,0.655967,0.110013,0.092656,0.104769,0.089127,0.092421,0.09978,2.724258,3.278075,2.671746,3.447367,1.437109,3.685815,3.218005,1.390428,3.64619,1.241569,0.185488,0.42287,0.477349,0.418491,0.260398,0.63207,,0.20051,0.092656,0.107855,0.23437,0.144678,0.985308,0.349747,0.104769,0.244978,0.60051,0.160472,1.043743,0.469203,0.089127,0.380076,0.993612,0.162638,1.059195,0.484598,0.092421,0.392178,0.997791,0.169419,1.065236,0.655967,0.09978,0.556186,1.700842,0.173696,1.068347
3723,16.0,16.0,0.228906,0.257842,0.181016,0.260856,0.198217,0.26514,0.20488,0.176002,0.271627,0.173449,0.152168,0.151556,0.147283,0.145224,0.154927,1.489783,1.99007,1.430914,2.14513,0.589606,2.305022,1.933938,0.562775,2.296629,0.566113,0.527291,0.528877,0.51459,0.518297,0.527085,0.953411,,0.211042,0.128647,0.082396,0.207396,0.13208,1.031784,0.236047,0.129134,0.106914,0.252461,0.153157,1.088769,0.24756,0.125743,0.121816,0.270147,0.166593,1.106769,0.253052,0.124045,0.129007,0.278786,0.170265,1.115318,0.259968,0.134394,0.125573,0.287948,0.176044,1.120063
3724,15.0,15.0,0.513259,0.816201,0.473326,0.721978,0.435097,0.706188,0.769895,0.420938,0.869688,0.408706,0.367366,0.387116,0.38382,0.383884,0.378103,0.238284,0.279729,0.195137,0.445292,0.140401,0.380241,0.232196,0.12721,0.438679,0.109242,0.074138,0.077078,0.093239,0.088224,0.088224,0.206379,,0.513259,0.367366,0.145892,0.351567,0.167156,1.061934,0.816201,0.387116,0.429085,1.434915,0.202286,1.120749,0.721978,0.38382,0.338158,1.039088,0.204274,1.136874,0.706188,0.383884,0.322304,0.946272,0.221857,1.143422,0.869688,0.378103,0.491585,1.460833,0.221006,1.14668
3731,15.0,15.0,0.298261,0.429873,0.265111,0.460903,0.256233,0.582146,0.388595,0.235249,0.677337,0.24582,0.235861,0.241725,0.245663,0.255625,0.25798,0.316787,0.453137,0.287517,0.622934,0.296197,0.676011,0.409705,0.259016,0.712637,0.271602,0.248074,0.25936,0.259882,0.260021,0.253424,6.088135,,0.298261,0.235861,0.062399,0.246121,0.136243,1.024704,0.429873,0.241725,0.188148,0.710091,0.170991,1.088018,0.460903,0.245663,0.21524,0.785679,0.175221,1.107616,0.582146,0.255625,0.326521,1.218777,0.176931,1.115633,0.677337,0.25798,0.419357,1.586147,0.177607,1.119952
3744,15.0,15.0,4.613304,4.778832,4.42235,4.119428,4.703068,4.814427,4.939961,4.485539,4.269319,4.587793,3.90012,4.500292,3.528794,4.020761,3.761289,5.746055,5.857593,5.467547,5.924492,5.981612,6.427387,5.427203,6.186211,5.844309,5.991293,6.355214,5.002882,4.498243,5.280063,3.91784,2.211598,,0.201217,0.124725,0.076491,0.192452,0.133225,1.031268,0.362481,0.117874,0.244607,0.764999,0.153283,1.083341,0.36724,0.122986,0.244253,0.7707,0.169989,1.098568,0.483853,0.124428,0.359424,1.189598,0.171476,1.104533,0.397352,0.123385,0.273967,0.841099,0.175543,1.107254
3749,15.0,15.0,1.361164,1.478684,1.335636,1.416559,1.297487,1.490591,1.44887,1.291706,1.501684,1.302661,1.291962,1.303611,1.299317,1.306929,1.310816,1.811073,1.765289,1.763551,1.887364,0.755103,2.065237,1.716667,0.734191,2.225018,0.724711,0.720553,0.697826,0.701942,0.721161,0.71767,1.236395,,1.361164,1.291962,0.069202,0.297486,0.133711,0.991141,1.478684,1.303611,0.175072,0.705063,0.14748,1.055354,1.416559,1.299317,0.117242,0.439813,0.160162,1.07341,1.490591,1.306929,0.183662,0.720959,0.170288,1.079852,1.501684,1.310816,0.190868,0.759239,0.171632,1.082804
3750,15.0,15.0,2.793473,2.719827,2.759948,2.825648,2.837972,2.80532,2.634222,2.891521,2.934989,2.981961,2.97116,2.978128,2.979655,2.980832,2.980038,7.104833,7.219421,6.628031,7.108588,5.669204,7.130027,6.672464,5.743315,7.010879,5.258246,5.476505,5.34663,5.364039,5.42621,5.179145,3.421111,,2.793473,2.97116,-0.177687,0.753848,0.121914,1.015362,2.719827,2.978128,-0.258301,1.238468,0.159351,1.069388,2.825648,2.979655,-0.154007,1.532021,0.173077,1.083981,2.80532,2.980832,-0.175512,1.606094,0.183683,1.089058,2.934989,2.980038,-0.045049,2.014534,0.203833,1.091347
3751,15.0,15.0,3.897205,4.442235,3.837082,4.292227,3.068048,4.107976,4.140501,3.19919,4.136692,2.792523,3.336362,3.576034,3.179328,3.140165,3.290674,3.664138,3.818904,3.571931,3.788588,3.184787,3.877939,3.528431,2.874265,3.906855,2.961052,3.002275,3.166673,3.065222,3.148822,3.158795,3.654571,,2.706663,2.567438,0.139224,0.619751,0.178276,1.074207,2.757298,2.571855,0.185443,0.99722,0.223151,1.124053,2.941332,2.561852,0.379479,1.763968,0.230594,1.137368,2.938418,2.570952,0.367466,1.605454,0.259085,1.142133,2.911788,2.576682,0.335107,1.390049,0.25916,1.14426
3756,15.0,15.0,1.212434,1.224788,1.185989,1.235685,1.180689,1.238424,1.193365,1.17375,1.313553,1.16831,1.147333,1.152131,1.152671,1.147494,1.145403,0.735357,0.752085,0.709047,0.820958,0.697481,0.773933,0.720189,0.683587,0.853594,0.698108,0.641456,0.642983,0.636833,0.64086,0.653325,4.578751,,1.212434,1.147333,0.065101,0.164207,0.107775,1.005145,1.224788,1.152131,0.072658,0.191007,0.120253,1.075209,1.235685,1.152671,0.083014,0.206445,0.129887,1.095887,1.238424,1.147494,0.09093,0.212032,0.136546,1.10516,1.313553,1.145403,0.168149,0.500232,0.146456,1.110414
3757,15.0,15.0,0.432557,0.535388,0.396354,0.533395,0.382819,0.598447,0.485119,0.376869,0.653857,0.385877,0.374129,0.373306,0.370507,0.371635,0.388308,0.959739,1.007971,0.9231,1.165366,0.916877,1.087875,0.954292,0.902657,1.121994,0.903956,0.88628,0.890648,0.893173,0.894208,0.89363,4.278006,,0.45036,0.392457,0.057903,0.201225,0.135504,1.079874,0.509808,0.391444,0.118363,0.386024,0.158881,1.130035,0.555917,0.385692,0.170225,0.532354,0.157117,1.14439,0.624856,0.3869,0.237956,0.77829,0.174891,1.149652,0.683436,0.404765,0.278671,0.977485,0.177608,1.151874
3758,15.0,15.0,4.2466,4.162301,4.044734,4.075057,3.684056,4.195384,4.167108,3.897861,4.483607,3.908863,3.818138,3.977722,3.934045,4.068296,4.273765,4.400173,3.978335,4.491331,4.184969,4.194113,4.192708,3.38843,3.447725,4.240477,4.348071,2.774664,2.067382,2.281754,2.405377,2.441613,6.374462,,0.505364,0.448116,0.057248,0.203346,0.120376,1.024342,0.522494,0.435301,0.087193,0.240401,0.15487,1.093017,0.531433,0.432642,0.098791,0.259302,0.159642,1.113091,0.545398,0.437952,0.107446,0.307472,0.171847,1.120512,0.715949,0.438003,0.277947,0.971853,0.181802,1.124234
3764,15.0,15.0,2.011468,2.044352,1.986939,2.080334,1.980362,2.088,2.013326,1.959018,2.074965,1.952681,1.93931,1.948745,1.945663,1.937553,1.943721,0.446568,0.542596,0.41913,0.493605,0.402209,0.499415,0.497505,0.380305,0.502339,0.380902,0.361871,0.357773,0.361934,0.35246,0.358897,3.57478,,2.011468,1.93931,0.072157,0.197102,0.124593,1.042269,2.044352,1.948745,0.095607,0.27653,0.143736,1.100837,2.080334,1.945663,0.134671,0.34941,0.159596,1.118278,2.088,1.937553,0.150446,0.359583,0.165296,1.124662,2.074965,1.943721,0.131243,0.316675,0.165045,1.127329
3771,15.0,15.0,5.413253,4.478737,5.54534,4.456019,5.608711,4.562979,4.429502,5.537998,4.793694,5.302989,5.712244,4.388155,4.344007,4.156414,4.395856,6.233634,7.944375,5.889673,7.256502,3.923892,7.340532,7.253643,3.361266,7.394767,3.488815,2.279996,2.469969,2.311712,2.460258,2.669805,2.560611,,1.666155,1.749124,-0.082969,0.441871,0.144916,0.959997,1.735224,1.747832,-0.012608,0.603758,0.180298,1.012004,1.74077,1.748215,-0.007444,0.616009,0.190349,1.029467,1.801248,1.757415,0.043833,0.829252,0.200556,1.037064,1.916293,1.75478,0.161513,1.107414,0.200761,1.040838
3776,15.0,15.0,4.802891,4.835143,4.79166,4.761477,4.785862,4.772043,4.817772,4.780266,4.771898,4.763661,4.76211,4.756058,4.763637,4.768723,4.761886,3.602784,3.805432,3.315768,3.65855,2.395166,3.788383,3.570792,2.201356,3.642507,2.05868,2.029158,2.025456,2.040215,2.034463,2.020739,4.732288,,4.802891,4.76211,0.040781,0.221019,0.128612,1.006168,4.835143,4.756058,0.079084,0.531246,0.149047,1.065068,4.761477,4.763637,-0.00216,0.576875,0.154314,1.081824,4.772043,4.768723,0.00332,0.556776,0.161455,1.088341,4.771898,4.761886,0.010012,0.556001,0.151256,1.091532
3780,15.0,15.0,15.640733,16.052824,15.772349,16.177332,15.765494,16.068966,15.897761,15.82643,16.136863,15.518801,15.569336,16.58219,16.286321,16.46416,16.140568,8.6165,8.400907,8.599349,8.585328,8.715715,8.56296,8.351649,8.555036,8.616582,8.435746,8.37531,7.569895,7.155691,7.271968,7.435332,16.518989,,14.139256,14.113474,0.025782,0.195762,0.125449,1.03311,14.173038,14.112198,0.06084,0.649003,0.139748,1.103808,14.142369,14.106466,0.035903,0.313749,0.154554,1.124347,14.148408,14.106265,0.042143,0.478642,0.158552,1.133189,14.222654,14.108576,0.114078,0.435617,0.166151,1.137809
3785,15.0,15.0,36.417124,36.343448,36.417124,36.451242,36.554189,36.395223,36.298017,36.55904,36.463808,36.536141,36.557673,36.560017,36.562066,36.559297,36.55907,40.189631,40.181257,40.189631,40.100175,40.18606,40.067281,40.181257,40.179763,39.843376,40.198177,40.179756,40.177469,40.165865,40.160138,40.159113,36.595666,,36.417124,36.557673,-0.140549,0.760175,0.163959,1.050815,36.343448,36.560017,-0.216568,1.606599,0.194124,1.103363,36.451242,36.562066,-0.110823,1.725532,0.195504,1.117392,36.395223,36.559297,-0.164074,1.841628,0.209755,1.123624,36.463808,36.55907,-0.095262,1.156974,0.219155,1.127147
3796,15.0,15.0,8.735683,8.531322,7.821728,7.290617,7.307228,7.330624,7.49178,6.849957,7.645758,7.387524,7.150794,7.801933,7.142939,6.966002,7.352442,7.782141,7.264235,7.248568,7.222124,7.211235,6.188684,5.861704,6.246297,6.265722,6.873484,5.169828,3.98046,4.208164,3.403666,3.443159,13.78245,,2.852893,2.856922,-0.00403,0.258086,0.137945,1.004263,2.83736,2.859191,-0.021831,0.347512,0.166588,1.067943,2.834959,2.84134,-0.006381,0.4361,0.176545,1.085437,2.842933,2.838324,0.004609,0.429361,0.176281,1.093023,2.839601,2.831785,0.007816,0.430845,0.170037,1.096949
3798,15.0,15.0,7.022693,7.527982,6.884353,7.583698,6.753635,7.51355,7.231037,6.694938,7.281201,6.503715,6.497827,6.095601,7.123313,6.776381,6.351168,4.569613,5.59463,3.9938,6.263497,3.296925,6.111722,5.474629,3.231628,6.303875,3.687405,2.766674,2.396967,2.296629,2.963803,3.224029,8.319677,,6.534017,6.517061,0.016956,0.186105,0.112856,0.999729,6.669869,6.517377,0.152492,0.687778,0.128249,1.06806,6.557851,6.519591,0.03826,0.230036,0.137706,1.088826,6.531735,6.520766,0.01097,0.594734,0.143939,1.097189,6.583355,6.521566,0.061789,0.29629,0.144988,1.101323
3812,15.0,15.0,1.33235,1.358352,1.260352,1.450884,1.256936,1.439545,1.274465,1.218344,1.418534,1.244434,1.089999,1.091264,1.099933,1.116974,1.119794,0.883154,0.882637,0.794396,0.958427,0.678092,0.94345,0.788779,0.665246,1.141444,0.715635,0.63054,0.643826,0.648249,0.660999,0.663873,1.14293,,1.33235,1.089999,0.242352,0.554911,0.284693,1.013919,1.358352,1.091264,0.267088,0.601448,0.303309,1.075604,1.450884,1.099933,0.350951,0.934124,0.295805,1.091292,1.439545,1.116974,0.322571,0.975073,0.287943,1.097469,1.418534,1.119794,0.29874,0.874735,0.284861,1.100594
3813,16.0,16.0,1.618069,1.205152,1.500427,1.349817,1.12981,1.550337,1.165303,1.11988,1.520552,1.107558,1.07624,1.056155,1.051832,1.083479,1.086178,4.682986,4.090648,4.580536,4.159177,2.968317,4.06251,3.937812,3.05866,3.923008,3.020682,1.182737,1.153213,1.225509,1.160497,1.153334,3.844124,,1.211852,1.188806,0.023046,0.19615,0.117415,1.035075,1.209617,1.178495,0.031122,0.291878,0.14347,1.090724,1.280623,1.171746,0.108878,0.562465,0.147134,1.105411,1.355972,1.174905,0.181067,0.841049,0.159721,1.11107,1.41363,1.17398,0.23965,1.060992,0.159463,1.113878
3823,15.0,15.0,4.732142,3.866502,4.21863,3.94281,4.242998,4.351246,3.907797,3.938969,4.306544,3.998749,4.334527,4.101372,3.988686,4.179668,4.008245,5.477119,6.136817,5.579023,5.926788,4.219571,6.223984,6.099951,4.816767,5.920286,4.164365,2.218821,1.790644,1.71625,1.714566,1.756375,6.896236,,1.632962,1.601189,0.031773,0.231151,0.134415,1.051029,1.648316,1.583107,0.065209,0.269974,0.158459,1.113325,1.666837,1.564821,0.102016,0.324438,0.164429,1.130495,1.736958,1.575988,0.16097,0.561616,0.190433,1.137505,1.738462,1.572407,0.166056,0.569373,0.197394,1.140933
3833,15.0,15.0,0.2786,0.42872,0.229051,0.651582,0.201719,0.738874,0.370765,0.16443,0.847037,0.175455,0.145688,0.138434,0.147852,0.147202,0.156429,0.244984,0.282525,0.187249,0.305076,0.181408,0.363201,0.217498,0.147844,0.400752,0.148314,0.114936,0.124414,0.126915,0.143275,0.148317,0.156226,,0.2786,0.145688,0.132911,0.366818,0.16754,1.058789,0.42872,0.138434,0.290286,0.895237,0.189756,1.117554,0.651582,0.147852,0.50373,1.680706,0.190701,1.13325,0.738874,0.147202,0.591672,2.010034,0.19565,1.138819,0.847037,0.156429,0.690607,2.398914,0.206602,1.141528
3836,15.0,15.0,2.949684,3.086259,2.854797,3.141909,2.886817,3.126552,3.055278,2.928641,3.045387,2.784136,2.948665,3.002566,2.942986,2.942969,2.941728,1.797558,2.241188,1.440357,2.422743,1.230519,2.416336,1.946923,1.343764,2.551075,1.436291,1.442157,1.462849,1.496583,1.507777,1.526583,10.411394,,0.4463,0.341453,0.104847,0.450009,0.155586,1.072127,0.57498,0.346654,0.228326,0.788285,0.193294,1.126931,0.674316,0.349726,0.324589,1.023399,0.221575,1.141128,0.598375,0.353783,0.244592,0.732912,0.214988,1.145545,0.647993,0.340788,0.307205,0.991098,0.2183,1.147261
3838,15.0,15.0,0.189003,0.210602,0.163839,0.244298,0.154995,0.253698,0.179111,0.143323,0.261331,0.141228,0.122053,0.119605,0.117512,0.123348,0.119017,1.430766,1.862513,1.407012,2.109511,0.181819,2.177646,1.818516,0.170127,2.236378,0.148598,0.132079,0.128264,0.132035,0.13707,0.132827,0.962619,,0.189003,0.122053,0.06695,0.195614,0.131803,1.017379,0.210602,0.119605,0.090996,0.229476,0.151763,1.066659,0.244298,0.117512,0.126786,0.333645,0.160175,1.080456,0.253698,0.123348,0.13035,0.348214,0.16977,1.085596,0.261331,0.119017,0.142314,0.366407,0.167749,1.088176
3842,15.0,15.0,20.797522,21.879852,20.264284,22.455931,20.342304,20.820482,21.095939,20.055479,21.608854,19.676827,20.108654,20.23734,20.871572,20.05531,19.951325,20.986576,18.810901,18.916978,18.790882,18.58828,18.793156,16.359452,17.975084,18.987154,18.715473,17.615652,15.478657,16.200566,17.085286,16.504066,21.925805,,18.376833,18.743643,-0.36681,5.55792,2.903652,0.869751,18.331529,18.718916,-0.387387,6.531895,3.090439,0.942329,17.846927,18.412467,-0.56554,5.438178,3.447999,0.953859,17.8075,18.372915,-0.565415,5.355792,3.227848,0.957946,17.671487,18.206802,-0.535315,5.79802,3.398539,0.960529
3845,15.0,15.0,3.351281,3.593794,3.06624,3.394193,2.988359,3.725638,3.482008,2.939862,3.351093,2.513999,2.537828,2.470125,2.52635,2.516064,2.585674,18.035647,16.954644,18.412749,16.618366,17.931317,16.882368,16.934543,18.020643,16.840154,17.421962,19.22465,15.996698,15.308706,15.455796,15.444509,3.361154,,3.244914,3.159184,0.08573,0.323261,0.138199,1.022255,3.296773,3.175765,0.121008,0.468867,0.16381,1.081014,3.346157,3.179729,0.166427,0.644614,0.162632,1.097609,3.397167,3.186059,0.211108,0.821286,0.170881,1.104416,3.351515,3.179894,0.171621,0.608536,0.183547,1.107884
3847,16.0,16.0,9.870413,9.895516,9.847009,9.928832,9.839599,9.981277,9.86686,9.843943,9.979476,9.837111,9.847473,9.842913,9.842874,9.850207,9.859514,4.557431,4.896858,4.52239,5.224189,3.978062,5.530185,4.850613,3.974536,5.611961,3.972081,3.972665,4.001614,4.00673,4.006679,4.008462,10.334049,,10.501563,10.479547,0.022017,0.202516,0.117343,1.045126,10.518987,10.476248,0.042739,0.249844,0.140149,1.107311,10.557234,10.481504,0.075731,0.550613,0.151936,1.124411,10.613565,10.489419,0.124146,0.836175,0.160292,1.131671,10.600193,10.49447,0.105724,0.769758,0.164187,1.135567
3851,15.0,15.0,9.909536,9.55616,9.909928,9.964799,9.501264,9.552484,9.120708,9.229287,9.160995,8.703036,8.281743,7.865723,9.777909,9.396472,8.277235,11.615687,10.30955,11.065122,9.991824,10.234224,10.036435,8.951067,8.829464,9.657988,8.368857,5.973392,4.281503,3.584077,3.337976,3.604954,3.845896,,0.963451,0.75386,0.209591,0.754366,0.146372,0.985747,1.081293,0.763507,0.317785,1.103534,0.163493,1.037473,1.087816,0.762983,0.324833,1.107031,0.189834,1.051124,1.144063,0.772736,0.371327,1.156551,0.201219,1.056065,1.157472,0.784698,0.372773,1.197583,0.203342,1.05832
3855,15.0,15.0,2.710034,3.411384,2.40612,3.610955,2.555632,3.641952,3.341761,2.519048,3.582427,2.412217,1.780396,2.186235,2.977649,2.92744,2.901923,4.390842,4.006184,4.104992,4.027766,3.622918,4.418301,3.910401,3.47249,4.722965,2.40353,1.121561,0.989361,0.797709,0.802663,1.210982,1.672111,,1.063531,0.442072,0.621458,1.318737,0.565454,0.968836,1.460723,0.460424,1.000299,2.65209,0.472245,1.046074,1.517059,0.520516,0.996543,2.082249,0.699036,1.064875,1.480029,0.567556,0.912474,2.04231,0.710187,1.071059,1.641895,0.629664,1.012232,2.293265,0.761798,1.073586
3857,15.0,15.0,4.735405,3.828335,4.296369,3.765746,3.336574,4.007707,3.112507,2.968203,3.60934,2.807108,2.364713,1.393015,2.27582,2.090861,1.852919,7.193375,7.643785,6.757081,7.300976,8.025023,7.428056,7.282919,7.047352,7.502165,7.063576,5.07992,5.150329,5.045204,5.257162,5.313176,1.717159,,1.934277,1.269795,0.664481,2.119938,0.913505,1.035344,1.800232,1.094742,0.70549,1.70108,0.76015,1.100285,1.644347,1.25912,0.385227,1.467898,0.827949,1.116859,1.741215,1.547765,0.19345,1.581059,0.954142,1.121606,1.986036,1.517994,0.468043,1.956701,0.811452,1.123239
3858,15.0,15.0,27.777073,26.696359,27.127872,26.322061,27.046336,26.107831,25.602443,25.694352,26.091453,25.445791,26.492252,26.088707,26.754466,26.43507,27.707996,30.035458,25.968073,30.25064,24.918931,27.735811,24.788188,23.411844,29.734111,24.486246,26.159059,25.362568,16.953928,16.734765,13.373877,12.446559,45.623645,,15.086493,16.481774,-1.39528,7.24164,3.408286,0.951497,13.614287,14.351025,-0.736737,7.421697,3.901546,1.031988,14.342616,15.381527,-1.038911,6.472009,3.528176,1.042617,14.607391,14.417149,0.190242,6.830877,3.349961,1.046029,13.609673,14.545193,-0.93552,7.502186,3.714585,1.047391
3861,15.0,15.0,1.098965,0.90493,0.958089,0.701762,0.713809,0.766269,0.747261,0.511024,0.7808,0.628033,0.384162,0.384108,0.356203,0.332147,0.342956,5.001993,4.88029,5.080269,5.337385,4.666874,5.171278,4.58913,4.081184,5.198035,3.873196,3.681757,3.668068,3.630199,3.624277,3.575555,3.167161,,0.242064,0.167808,0.074256,0.20138,0.145302,0.998825,0.256137,0.162905,0.093232,0.225931,0.157299,1.062425,0.260168,0.162683,0.097485,0.236733,0.162556,1.08085,0.285821,0.156648,0.129172,0.318455,0.166872,1.08881,0.2899,0.161051,0.128848,0.320105,0.172298,1.093031
3864,15.0,15.0,10.766717,9.69037,10.885539,9.975442,10.267099,10.284424,9.119668,10.372982,10.546839,10.071342,10.349662,8.192856,9.933352,10.475001,10.32674,8.035592,9.195544,7.039161,10.083933,6.500623,10.574015,8.551029,6.091526,10.641087,5.155318,4.437566,5.052371,3.778357,3.886891,5.057413,11.824559,,2.127505,2.120314,0.007191,0.875221,0.138841,1.038826,2.367695,2.111259,0.256435,1.906158,0.157311,1.096975,2.314416,2.114459,0.199957,1.281875,0.187788,1.112927,2.660777,2.098252,0.562525,2.913264,0.197714,1.118392,2.702286,2.10489,0.597396,3.069424,0.205535,1.120401
3866,15.0,15.0,4.483766,4.040081,3.861656,4.189295,3.827424,4.467667,3.808511,3.847019,4.089542,3.788355,3.989333,3.633153,3.177746,3.342119,3.318998,4.297344,4.709918,4.340806,4.373352,3.792531,4.336742,3.781855,4.123178,4.437351,2.664831,3.18668,2.158769,1.870492,2.668244,2.714777,11.403651,,2.370993,2.321888,0.049104,0.197128,0.117746,1.051321,2.391037,2.332651,0.058387,0.22994,0.14347,1.109121,2.397375,2.33767,0.059705,0.245674,0.142835,1.126654,2.440415,2.338379,0.102036,0.375038,0.173249,1.133602,2.459697,2.342755,0.116942,0.447932,0.173605,1.13711
3869,16.0,16.0,5.600788,5.624106,5.100271,5.969174,5.410872,5.782846,5.570932,5.403413,5.774925,5.095407,5.123189,4.641157,4.599553,4.733866,4.339054,6.31919,6.789147,5.724872,6.791285,4.709952,6.222186,6.926967,4.649637,6.926909,4.037139,3.896394,4.076903,3.402858,3.633205,4.086647,8.440181,,0.949822,0.470917,0.478905,1.45687,0.393354,1.007254,1.396827,0.478776,0.918051,2.681394,0.497953,1.058481,1.542122,0.476143,1.065979,2.937186,0.394387,1.068576,1.563233,0.491111,1.072122,3.017858,0.449693,1.071117,1.670773,0.538944,1.131828,3.246565,0.490261,1.071907
3876,16.0,16.0,3.944039,4.040415,3.950988,4.305617,4.041306,4.569477,3.867561,4.245556,4.286411,4.213172,4.225953,4.144215,4.280488,4.548521,4.270546,3.693151,3.63048,3.631373,3.482447,3.446152,3.312303,3.564496,3.509895,3.34205,3.277656,3.483173,3.318614,3.275361,3.100497,2.875264,2.522019,,1.260832,1.17822,0.082612,0.205493,0.131035,0.995465,1.477373,1.179659,0.297714,1.011112,0.13561,1.057637,1.355658,1.177311,0.178347,0.507906,0.147946,1.07573,1.44625,1.181251,0.264998,0.853425,0.151007,1.083529,1.390155,1.177477,0.212678,0.626522,0.157036,1.088244
3880,15.0,15.0,8.084403,7.975559,7.838135,7.941286,7.649511,8.168725,8.065141,8.246005,7.763482,8.115568,8.282228,8.224683,8.178042,8.286238,8.282382,9.394907,9.998592,8.801393,10.632583,6.202182,10.751844,8.997068,5.815365,10.899691,5.599663,5.376867,5.356715,5.41007,5.388825,5.235897,6.467212,,4.841088,4.763884,0.077204,0.312099,0.117768,1.014062,4.875507,4.781565,0.093943,0.441909,0.135128,1.060435,4.905526,4.774547,0.13098,0.478922,0.152424,1.074556,4.929278,4.769901,0.159378,0.493044,0.146198,1.080487,4.926134,4.764879,0.161255,0.496072,0.146687,1.083252
3887,30.0,30.0,8.565755,9.012207,8.039934,8.735332,7.751547,9.491106,8.571596,7.524978,9.033082,7.275548,7.486319,7.756294,7.918093,8.221608,7.77454,9.54574,9.069406,8.705232,8.655646,7.942526,8.623989,7.834669,7.614968,8.749608,7.671193,6.775351,4.922648,4.36604,4.271775,4.769906,30.493922,,2.911873,2.674995,0.236878,0.793986,0.498299,1.017651,3.044255,2.745231,0.299024,0.895035,0.598427,1.069695,3.087723,2.806535,0.281189,0.890482,0.664381,1.083221,3.280161,2.849139,0.431022,1.614768,0.673705,1.088674,3.45187,2.849588,0.602282,2.23888,0.663715,1.09149
3898,15.0,15.0,6.679765,6.967312,6.599833,6.582762,6.690594,6.881987,6.983805,6.494811,6.751907,6.514329,6.793451,6.314461,6.504008,6.707668,6.689372,2.338043,3.363705,2.41672,2.730483,2.049133,2.483742,3.203189,2.048892,2.75249,2.129228,1.996009,2.59689,2.144045,1.077005,1.290301,6.650843,,4.320867,4.163609,0.157257,0.553748,0.24482,1.07056,4.277486,4.117157,0.160328,0.592118,0.208073,1.125879,4.246696,4.115675,0.131021,0.486401,0.220808,1.141889,4.307347,4.106944,0.200403,0.701128,0.229788,1.148812,4.227294,4.098128,0.129166,0.529076,0.225965,1.152722
3920,15.0,15.0,1.851425,2.105465,1.664246,2.343889,1.111372,2.240942,1.965976,1.158111,2.314035,0.720722,0.58148,0.831608,0.887001,0.482678,0.750875,10.293011,10.643938,9.482872,9.952631,7.799416,9.730517,9.83671,7.527766,9.498959,6.059863,3.716579,5.130412,4.7362,4.60516,4.468729,1.58061,,1.729191,0.570499,1.158693,2.19878,1.100033,0.97824,2.164224,0.851593,1.312631,3.029506,1.195967,1.039175,2.416128,0.911267,1.504861,3.600945,1.219192,1.052121,2.307999,0.47769,1.830309,3.733975,1.471441,1.057309,2.374372,0.754119,1.620254,3.731766,1.388638,1.059622
3929,15.0,15.0,2.650017,2.775779,2.620029,2.933177,2.578763,3.073725,2.741988,2.585551,3.287035,2.557582,2.55281,2.570864,2.570856,2.562317,2.571022,2.64079,2.696679,2.607363,2.758073,2.051699,2.823311,2.654566,2.044164,3.001024,2.050337,2.031853,2.012454,2.023354,2.025934,2.026193,2.474477,,2.822606,2.728394,0.094213,0.376849,0.152009,1.007714,2.95427,2.741068,0.213202,0.745188,0.19742,1.064662,3.058285,2.74106,0.317225,1.052953,0.194736,1.079362,3.27499,2.73191,0.54308,1.962825,0.197953,1.085225,3.50051,2.747906,0.752603,2.535342,0.210167,1.089185
3931,15.0,15.0,0.940412,0.936274,0.915391,0.965272,0.893858,0.953372,0.90377,0.901787,0.95711,0.841307,0.861115,0.827636,0.837205,0.834483,0.835634,2.5605,2.374745,2.289249,2.174303,1.333524,2.002723,2.174932,1.221083,1.972216,0.828237,0.39892,0.269533,0.238567,0.546818,0.552801,2.712803,,0.940412,0.861115,0.079297,0.262572,0.186312,1.051918,0.936274,0.827636,0.108639,0.294132,0.19335,1.102075,0.965272,0.837205,0.128068,0.352138,0.216869,1.114078,0.953372,0.834483,0.118889,0.374982,0.231076,1.11715,0.95711,0.835634,0.121477,0.372407,0.236952,1.117604
3932,15.0,15.0,3.55941,2.894733,3.47791,3.158207,3.48384,2.936702,2.797042,3.318467,3.033424,3.640318,3.226553,2.541623,2.71254,2.364912,2.93683,5.760012,6.475539,5.069218,6.768667,4.621992,6.785658,5.958498,4.811544,6.807758,4.829837,4.821267,3.792302,4.237608,4.247161,4.468877,2.881806,,1.27028,1.219303,0.050977,0.184355,0.127563,1.015076,1.286927,1.206811,0.080116,0.254438,0.129455,1.068583,1.29324,1.207572,0.085667,0.265181,0.145521,1.084042,1.288655,1.193598,0.095057,0.265523,0.141421,1.089413,1.291687,1.198739,0.092948,0.268376,0.140141,1.091662
3933,15.0,15.0,6.711167,7.143377,6.552451,5.834495,5.974505,6.663491,6.854951,5.933108,6.092467,6.204836,5.516664,5.070288,5.084797,5.254517,5.01742,5.680122,5.573976,5.640818,5.00972,5.233049,6.217903,4.759842,4.409888,5.442173,5.15018,3.408362,2.82155,2.599131,2.859924,2.402488,8.516605,,1.621166,1.579226,0.04194,0.218912,0.145461,1.004307,1.688086,1.592225,0.095861,0.471112,0.170898,1.075339,1.717816,1.582677,0.135139,0.565994,0.197369,1.088306,1.649281,1.582613,0.066668,0.281132,0.2043,1.09167,1.653945,1.595156,0.058789,0.290876,0.200913,1.093307
3934,30.0,30.0,7.487757,7.888641,7.231859,7.962818,6.862327,8.001245,7.489813,7.02017,7.905354,7.084035,6.722568,7.466951,7.219701,7.195777,7.342394,12.931724,11.672557,12.56174,11.991036,11.917015,11.874482,11.302671,12.370587,11.873766,11.367521,13.3514,10.788905,9.150334,9.64717,9.96914,4.524341,,4.372075,4.219927,0.152148,1.337572,0.535342,0.999879,4.483084,4.296161,0.186923,1.455592,0.532671,1.057538,4.58452,4.230654,0.353866,1.826938,0.589899,1.072919,4.784977,4.347853,0.437124,2.086107,0.621518,1.078825,4.715307,4.242354,0.472953,2.144772,0.691134,1.081638
3939,15.0,15.0,2.868776,3.374012,2.780596,3.233267,2.772122,3.253182,3.32168,2.646811,3.280424,2.894066,2.586809,3.4739,3.285913,3.672916,3.236455,2.233774,2.355087,2.059978,2.228503,1.81591,2.097826,2.207089,1.677914,2.055075,1.693261,1.698183,1.610297,1.425506,1.365696,1.368237,5.224578,,1.357648,1.212756,0.144892,0.472958,0.138774,0.986674,1.455449,1.229528,0.225921,0.777399,0.296335,1.05912,1.397327,1.235299,0.162028,0.631564,0.364702,1.082678,1.426345,1.246752,0.179593,0.759199,0.323145,1.092872,1.477909,1.241353,0.236556,0.905859,0.283067,1.098152
3948,15.0,15.0,3.945006,3.088694,3.782487,3.197727,3.211405,3.19804,3.036487,3.509836,3.345329,3.34298,3.195759,2.342305,2.328339,2.333074,2.321376,2.071219,2.296562,1.775818,2.426644,1.368681,2.496242,1.997223,1.422344,2.845469,0.616582,0.986076,0.339851,0.238029,0.576002,0.495036,2.457434,,2.502453,2.430096,0.072357,0.27529,0.162797,1.020599,2.529273,2.435076,0.094197,0.324887,0.194765,1.080862,2.636701,2.441954,0.194747,0.651635,0.214709,1.094565,2.857937,2.427312,0.430625,1.390544,0.21149,1.098536,2.926614,2.439896,0.486717,1.646075,0.223449,1.100266
3955,15.0,15.0,9.85494,10.562644,9.495865,10.850293,8.483285,11.006904,10.330199,7.966865,11.119324,7.324048,7.639043,7.388416,7.399435,7.184139,7.54417,11.484619,13.544295,9.773235,13.477967,8.927569,13.905441,12.02764,8.262297,14.153494,7.048978,4.835831,7.317994,7.915532,8.229676,8.811414,2.528435,,1.548365,0.163884,1.384481,3.517111,0.140117,0.986485,2.994993,0.472808,2.522186,5.567451,0.469968,1.037227,3.855073,0.619751,3.235322,6.571597,0.635,1.046752,4.302485,0.620173,3.682312,7.029675,0.640896,1.047964,4.563822,0.870266,3.693556,7.141917,0.885477,1.047382
3960,15.0,15.0,19.149274,17.661507,15.634888,17.084643,14.619666,17.161066,16.137356,14.027954,16.491093,13.448278,11.779932,12.87048,12.385864,12.666848,12.074093,29.113964,22.403038,28.415791,21.989002,26.248743,22.070654,21.70486,26.910077,22.060066,26.529198,21.908469,13.363098,11.301756,10.698387,10.708807,30.572631,,13.595714,0.771216,12.824498,19.128731,6.984928,0.862007,9.075667,3.57811,5.497556,13.956329,1.148622,0.963662,7.704069,3.838409,3.86566,10.563396,2.11448,0.996879,5.741489,3.83739,1.904099,7.539887,1.974125,1.005418,9.186091,3.805515,5.380576,15.778246,1.742265,1.007847
3970,15.0,15.0,7.155207,7.470454,7.109664,7.785283,7.064631,7.447164,6.936476,7.186506,7.5512,7.519973,7.445586,7.577273,7.275846,7.385034,6.970088,3.7564,4.607326,3.523557,4.65591,1.889934,4.865974,4.215413,2.288504,4.975677,1.847617,1.126679,1.136082,1.139516,1.150612,1.047988,8.846642,,4.339422,4.152252,0.18717,0.622158,0.129544,1.027669,4.381836,4.164657,0.217179,0.731477,0.150645,1.072503,4.489307,4.165924,0.323383,1.103087,0.166025,1.084871,4.55301,4.170476,0.382535,1.048243,0.175756,1.089667,4.623352,4.172852,0.4505,1.089892,0.184691,1.091986
3971,16.0,16.0,3.611953,4.092469,3.66816,3.223097,3.547298,3.733306,3.913761,3.318636,3.766958,3.019543,3.258053,3.353388,2.956703,3.424373,3.053824,4.903063,6.548008,5.009848,6.446918,2.601466,6.79907,6.128523,3.793906,7.105147,3.826448,2.623641,3.174987,2.904693,2.29753,2.251896,3.259503,,2.369988,2.110368,0.25962,0.9865,0.11715,0.935453,2.204172,2.119155,0.085017,0.272469,0.12888,1.015296,2.198126,2.118767,0.079359,0.236205,0.131412,1.039898,2.21417,2.116107,0.098063,0.290036,0.142433,1.050133,2.19761,2.116001,0.081609,0.240582,0.145162,1.055394
3975,15.0,15.0,11.056009,10.226523,10.699666,10.492342,10.105988,9.891316,9.528933,10.67091,9.654471,9.668539,9.758701,9.771726,9.759532,8.939554,9.420676,19.642539,20.373748,18.37828,20.275647,18.246423,19.741292,18.34192,18.242982,19.493694,17.922765,17.786988,17.509973,17.299543,17.087978,17.047037,9.351456,,7.812061,7.8944,-0.082339,0.546073,0.1829,0.971139,7.737967,7.891922,-0.153955,0.675255,0.242116,1.028768,7.728392,7.897414,-0.169022,0.799999,0.227163,1.04474,7.588661,7.861834,-0.273173,1.120321,0.295976,1.05179,7.606174,7.869175,-0.263001,1.101352,0.294098,1.055602
3976,15.0,15.0,2.838056,3.351656,2.793931,3.034932,2.60993,3.194733,3.280519,2.902667,3.513644,2.314694,2.843786,3.07962,2.841564,2.567614,3.141908,4.56449,5.157126,4.69336,5.306265,2.668782,5.481916,4.995331,3.104868,5.431157,2.43197,1.446996,1.051226,1.561339,2.156844,2.173287,3.169746,,0.497853,0.13942,0.358433,0.612325,0.106654,1.005631,0.705518,0.548274,0.157244,0.837376,0.544437,1.066804,0.826348,0.584744,0.241604,1.013176,0.591433,1.084316,0.917249,0.576536,0.340712,1.112656,0.583952,1.091358,0.969799,0.582035,0.387764,1.18513,0.574083,1.094918
3978,15.0,15.0,9.321443,9.484652,9.147819,8.98172,9.567863,8.905998,9.470977,9.53951,9.255315,9.232492,9.649317,9.682361,9.499456,9.516621,9.566021,8.574334,9.129324,8.394078,9.118438,6.591981,9.058662,8.461926,7.113517,9.27916,5.941769,6.030158,6.748226,6.687335,6.70836,6.394232,6.05123,,3.974397,3.856885,0.117511,0.439834,0.129551,1.00129,3.984382,3.856162,0.12822,0.458051,0.140133,1.061818,3.99277,3.858772,0.133998,0.470642,0.148165,1.077197,3.9665,3.857743,0.108758,0.355276,0.155343,1.08279,3.970182,3.856121,0.114061,0.359651,0.15257,1.085303
3982,15.0,15.0,6.884333,6.795021,6.831345,6.948579,6.266529,6.50597,6.128253,6.261659,6.45992,6.36263,5.992469,6.49585,6.062731,5.937854,6.036539,5.509268,4.589724,4.669121,3.537911,4.685405,3.671369,3.931594,4.462562,3.811996,4.682651,3.207455,3.803931,1.644254,1.696768,2.410214,3.597979,,4.075475,4.022042,0.053433,0.216535,0.128675,0.998206,4.139331,4.006017,0.133314,0.453226,0.154348,1.062672,4.129703,4.016605,0.113098,0.402833,0.174671,1.080492,4.177222,4.015583,0.161639,0.588936,0.170909,1.088133,4.111234,4.013972,0.097262,0.343056,0.175209,1.092129
3987,15.0,15.0,16.392034,15.868306,14.986036,15.364054,15.862103,15.485853,15.067381,15.143064,14.85431,16.0632,15.840837,15.554877,14.940416,14.768491,14.476642,16.087152,15.0061,13.131701,14.085599,12.398638,13.628755,11.96771,10.742433,13.461324,11.162582,8.271955,6.54964,5.985745,5.721633,6.117192,12.705995,,12.698,12.857932,-0.159932,2.887592,1.74671,0.96357,12.416388,12.247168,0.169219,2.790687,1.435487,1.013559,12.21653,12.189425,0.027105,3.495806,1.275657,1.024517,12.202849,12.272576,-0.069727,3.611264,1.111643,1.029576,11.880421,12.115342,-0.234921,3.496227,1.487392,1.032157
4002,16.0,16.0,3.994724,3.993819,3.875759,4.217327,3.920699,4.403773,3.895485,3.892731,4.394001,3.833034,3.964474,3.926138,3.840854,3.940552,3.935878,4.607826,4.922387,4.50943,5.060497,3.306491,5.04675,4.407511,3.015605,5.053023,2.656679,2.86985,2.409675,3.109442,2.950235,3.045162,6.58664,,2.271252,2.119001,0.152251,0.439983,0.118144,0.996402,2.469926,2.119389,0.350537,1.094442,0.138771,1.053898,2.56397,2.127041,0.43693,1.236983,0.144432,1.069268,2.592509,2.131874,0.460635,1.327837,0.153899,1.075843,2.565434,2.134438,0.430996,1.232608,0.154747,1.079548
4021,15.0,15.0,3.743221,3.393127,3.538517,3.234146,2.647452,3.441336,3.278902,2.501049,3.663801,2.559714,2.505254,2.651444,2.68269,2.631371,2.677854,7.09795,7.205519,7.052456,7.449932,7.151356,7.73635,7.104651,6.910852,7.832887,7.01812,6.661366,7.125106,7.105208,7.03423,7.122306,3.013946,,3.217815,2.092318,1.125497,3.89914,0.247871,1.084302,2.918813,2.154955,0.763858,2.280054,0.393815,1.148691,2.761969,2.259296,0.502674,1.519766,0.39224,1.159131,2.777646,2.166462,0.611185,1.583551,0.451032,1.160737,3.021551,2.158861,0.86269,2.677959,0.475829,1.16048
4023,15.0,15.0,6.059121,6.477436,5.45579,6.929997,5.695047,6.142949,6.597149,5.760463,6.271798,5.908335,5.289263,6.040559,6.700542,6.565156,6.326603,6.112451,4.83338,6.367572,5.02923,6.036165,4.717413,4.758228,6.416274,5.197531,5.806387,5.803299,3.747703,3.671404,3.760579,3.737615,8.145474,,3.239421,3.180828,0.058593,0.190208,0.125346,1.03438,3.264144,3.182858,0.081285,0.224324,0.151268,1.090609,3.274849,3.190246,0.084602,0.240533,0.16233,1.10784,3.29827,3.18433,0.11394,0.321396,0.162372,1.114556,3.301345,3.185148,0.116197,0.325175,0.162296,1.117755
4025,15.0,15.0,2.514836,1.842929,2.026212,1.49792,1.110999,2.067861,1.792454,1.130404,1.978005,0.650852,0.247129,0.436869,0.234345,0.239074,0.340607,1.984763,2.929625,1.799593,3.495688,1.311717,3.345816,2.87125,0.686615,3.713249,0.694877,0.460934,0.357093,0.400814,0.329987,0.339487,3.967443,,1.223626,0.248212,0.975414,2.535836,0.43519,1.012965,1.096673,0.385975,0.710698,2.053374,0.494557,1.091071,0.923582,0.172732,0.75085,1.748772,0.459832,1.104686,1.127362,0.247745,0.879617,2.080147,0.541746,1.108561,1.080758,0.360001,0.720757,1.935417,0.63057,1.110037
4030,16.0,16.0,3.360451,3.932645,2.993153,4.21093,2.46447,3.875778,3.432307,2.841317,3.428434,2.472203,2.744382,2.949646,2.313344,1.935965,1.698465,4.996861,5.747685,4.903598,6.029982,4.776591,5.919936,5.385706,4.204618,6.313953,4.818863,5.17316,5.09629,4.96392,3.900131,4.167064,5.382085,,1.398233,1.172969,0.225264,1.405638,0.166406,1.028467,1.384776,1.184803,0.199973,1.484805,0.214343,1.092451,1.654647,1.146884,0.507763,2.36573,0.402316,1.107023,1.397239,1.167846,0.229394,1.814319,0.335639,1.113941,1.34352,1.155661,0.187859,1.834362,0.380653,1.117247
4041,7.0,7.0,57.244878,57.242199,57.244878,57.248191,57.253032,57.244972,57.242199,57.252694,57.244969,57.237748,57.236755,57.228487,57.224033,57.226761,57.227365,28.632558,29.020621,28.632558,29.142044,28.630311,29.142209,29.020621,28.623702,29.089663,28.635682,28.656687,28.585807,28.579313,28.583214,28.578432,57.32354,,57.244878,57.236755,0.008123,0.16091,0.087627,0.952533,57.242199,57.228487,0.013712,0.1914,0.104399,1.035633,57.248191,57.224033,0.024158,0.20695,0.112239,1.054501,57.244972,57.226761,0.018211,0.209477,0.107602,1.061647,57.244969,57.227365,0.017604,0.210501,0.112733,1.065169
4047,15.0,15.0,1.771881,1.806436,1.80963,1.915116,1.786874,1.828665,1.775588,1.485569,1.724898,1.606738,1.896176,1.69797,1.651698,1.365557,1.933466,5.991221,6.41993,6.190025,6.314557,5.594105,6.276189,6.108861,6.506207,6.150552,5.797113,4.633707,5.447488,5.493959,6.235554,5.196995,1.049438,,0.229252,0.173993,0.055259,0.210141,0.125875,1.042303,0.246283,0.170558,0.075725,0.239703,0.144007,1.100838,0.251843,0.168644,0.083199,0.248832,0.158576,1.116496,0.274863,0.165882,0.108981,0.319826,0.159388,1.122231,0.283694,0.164726,0.118968,0.331999,0.163947,1.12487
4050,15.0,15.0,43.787985,43.749097,43.787985,43.698617,43.774349,43.729045,43.749097,43.782926,43.627837,43.771895,43.765092,43.799826,43.809207,43.811857,43.819287,55.7496,55.297385,55.368379,55.161298,58.030128,55.169838,54.939057,57.419298,55.219955,57.9003,58.06071,58.094454,58.090221,58.072903,58.081734,43.869163,,43.787985,43.765092,0.022893,0.232234,0.143978,1.00117,43.749097,43.799826,-0.050729,0.541218,0.187691,1.060385,43.698617,43.809207,-0.11059,0.837715,0.203311,1.075191,43.729045,43.811857,-0.082812,0.821129,0.217876,1.080523,43.627837,43.819287,-0.19145,1.1748,0.216011,1.083026
4053,15.0,15.0,8.067441,8.216331,7.419236,8.018987,7.663373,8.151418,8.081272,7.886552,7.955421,7.636224,8.539079,8.328088,7.922244,8.256841,8.070121,4.005566,3.645153,3.466122,3.677486,3.622927,3.830768,3.194159,3.218137,3.831116,3.374418,3.170482,2.438607,2.436904,2.563762,2.60798,5.256331,,2.078927,1.947396,0.131531,0.365415,0.201558,1.037276,2.107633,1.949705,0.157928,0.438932,0.221463,1.097434,2.114999,1.966944,0.148055,0.437455,0.236908,1.11311,2.13396,1.962286,0.171674,0.417936,0.234961,1.118619,2.183423,1.963304,0.220119,0.517577,0.250608,1.120981
4061,15.0,15.0,27.065224,27.730488,27.057139,29.318022,25.007872,29.217276,27.832815,24.549729,28.424464,24.827982,24.095923,27.100147,28.138137,27.950357,28.215609,32.152207,26.001775,30.630329,24.344264,31.520014,24.475021,24.229193,30.024235,24.939021,30.940059,31.122162,22.29302,20.741858,20.302181,20.747782,16.945641,,0.311575,0.252545,0.059029,0.281974,0.17111,1.014341,0.332459,0.249408,0.083051,0.33944,0.189644,1.077679,0.345877,0.249408,0.096468,0.358516,0.244405,1.095775,0.684912,0.167519,0.517392,1.598122,0.21803,1.103854,0.688509,0.167519,0.52099,1.599339,0.242014,1.107188
4068,15.0,15.0,11.95608,9.633676,9.671905,9.598911,9.505302,9.837408,8.271982,8.516653,10.600687,7.506412,6.662273,5.846999,6.309283,6.128577,6.429009,22.090059,13.652794,21.945196,14.379674,18.090813,14.263132,12.887119,16.555524,13.651994,16.799441,15.402662,8.92179,8.275191,9.206046,7.953472,6.977462,,1.010808,0.194938,0.81587,1.831207,0.180254,0.995779,1.515634,0.224917,1.290717,3.472983,0.188321,1.062345,1.779575,0.216051,1.563524,3.471397,0.292122,1.077581,1.435345,0.241567,1.193778,2.488825,0.440517,1.084118,2.028372,0.235958,1.792414,3.365644,0.709348,1.087684
4081,15.0,15.0,2.516006,2.260786,2.313873,2.185589,2.024418,2.59187,2.204907,1.915199,2.008881,2.000886,1.654709,1.993894,1.763648,1.800711,1.710977,3.003065,3.090283,2.760126,3.08961,2.696453,3.149584,2.881298,2.689716,3.083433,2.53395,2.452443,2.146861,1.773596,1.97269,1.97626,21.031839,,0.190453,0.126239,0.064213,0.180501,0.11778,0.974305,0.207901,0.12758,0.080321,0.210951,0.141658,1.039066,0.217155,0.127175,0.089979,0.222755,0.143523,1.057366,0.222974,0.134118,0.088856,0.23195,0.142418,1.066051,0.226207,0.133879,0.092328,0.235041,0.148145,1.071003
4091,15.0,15.0,15.020385,14.489472,14.231165,13.944629,14.121712,14.337001,13.554845,13.058147,14.366099,13.575905,14.059356,14.120098,13.278993,14.229215,13.954764,17.404242,19.113211,17.421787,17.898871,16.565035,17.335907,18.309298,17.440866,16.385871,17.093826,18.558578,16.871164,14.944397,14.466015,13.298315,14.08955,,4.460483,4.306388,0.154095,3.452408,1.700351,1.017885,4.176165,3.605101,0.571064,4.025052,1.430124,1.079288,4.926578,4.503888,0.42269,3.998307,1.786221,1.090644,5.215868,4.576521,0.639346,3.9728,1.006377,1.093362,5.249139,4.95383,0.295309,3.778622,1.093791,1.094801
4103,16.0,16.0,22.230494,22.156814,21.105017,20.16519,20.085734,20.725232,20.758333,17.771054,20.499167,18.440325,16.049913,17.822591,16.938885,16.611489,16.744972,23.812591,21.909528,19.671311,21.59812,20.225573,21.345343,18.210529,20.031234,20.693423,19.958222,16.971195,13.469006,13.518593,14.042854,14.22804,38.093881,,23.40932,22.758564,0.650755,12.11332,5.671985,0.941435,21.088245,18.019564,3.068681,10.34935,5.263509,0.984042,16.532093,15.63084,0.901252,6.112272,2.935279,0.992582,17.264009,15.545808,1.718201,5.808009,4.180975,0.995288,18.934606,17.88128,1.053326,6.525052,5.272552,0.996883
4118,15.0,15.0,1.281155,1.247156,1.251008,1.359861,1.239448,1.503361,1.154688,1.218479,1.595058,1.215458,1.195995,1.198732,1.202906,1.211157,1.215286,0.533701,0.603694,0.495654,0.683988,0.429531,0.704701,0.551587,0.420408,0.881981,0.409364,0.386744,0.390265,0.400888,0.385234,0.395836,1.211692,,0.211488,0.128251,0.083237,0.207239,0.117403,1.018095,0.229869,0.133969,0.0959,0.233037,0.135283,1.081036,0.234481,0.138885,0.095596,0.245526,0.146075,1.098009,0.300941,0.142794,0.158147,0.492463,0.154161,1.10382,0.364548,0.149535,0.215013,0.71911,0.160011,1.106273
4119,15.0,15.0,18.913468,18.257236,19.062372,18.030569,18.613742,17.197802,18.079953,17.660003,18.426911,18.344243,19.046204,17.507365,19.335241,17.212005,18.702483,16.04292,16.352741,15.763196,16.120523,14.750836,16.228577,14.779711,13.122005,16.298971,13.317724,13.496058,10.964026,10.248111,10.987301,10.128001,5.742919,,0.217747,0.173675,0.044072,0.210614,0.157728,0.985429,0.239704,0.171696,0.068008,0.238989,0.177699,1.036802,0.246818,0.171731,0.075087,0.256442,0.173585,1.050297,0.409519,0.16166,0.247859,0.870131,0.170052,1.05569,0.475813,0.150789,0.325023,1.125923,0.190635,1.058596
4131,16.0,16.0,0.262778,0.23973,0.230879,0.270887,0.158223,0.378547,0.204835,0.165488,0.430082,0.156012,0.140009,0.15748,0.145417,0.145137,0.140374,0.551523,0.853935,0.512257,0.585787,0.228202,0.791611,0.800963,0.220123,0.894257,0.215174,0.206714,0.217864,0.225032,0.221442,0.215648,0.384071,,0.262778,0.140009,0.122769,0.405593,0.111335,1.039625,0.23973,0.15748,0.082249,0.254944,0.131138,1.105705,0.270887,0.145417,0.12547,0.336074,0.13363,1.123445,0.378547,0.145137,0.23341,0.726693,0.146022,1.130944,0.430082,0.140374,0.289708,0.935278,0.150202,1.134795
4134,15.0,15.0,4.774278,5.076987,4.516454,4.334048,3.777006,4.256884,4.53589,3.593457,4.726259,3.564786,2.731058,3.199331,3.186198,3.172052,2.94532,7.668898,6.239511,8.106099,5.023764,7.344638,5.873301,6.409246,7.5261,5.586833,6.808115,7.062485,4.015424,3.093827,2.82039,2.841003,11.522239,,2.553005,1.903873,0.649133,2.218639,1.0798,1.022341,2.36921,1.759599,0.609611,2.125507,0.592734,1.082418,2.134445,1.673952,0.460493,1.831099,0.779843,1.097992,2.049783,1.611431,0.438351,1.823292,0.787348,1.105232,2.145884,1.626096,0.519788,1.82131,0.764023,1.109275
4140,15.0,15.0,5.517638,5.581795,5.191074,4.922262,4.937103,5.159046,5.304803,5.038565,5.219814,4.965646,4.26665,4.569537,4.380629,4.393461,4.231604,3.95819,4.703816,3.982646,5.433472,2.98996,5.450055,4.493392,2.848188,5.304327,2.57063,2.71724,2.076428,3.710394,5.217782,4.967389,5.127519,,4.650973,4.508462,0.142511,0.445008,0.110549,0.984349,4.831456,4.51148,0.319976,1.137578,0.124104,1.039638,4.605706,4.513806,0.0919,0.238467,0.125531,1.058171,4.661445,4.507982,0.153463,0.422094,0.129688,1.066648,4.720481,4.512307,0.208175,0.530645,0.129221,1.071278
4142,16.0,16.0,24.431508,24.748007,24.316152,24.67976,24.339273,24.876382,24.410122,24.007743,24.500575,23.944919,24.021287,24.432939,24.25859,24.392899,24.219887,46.523527,45.744712,46.001196,45.312769,48.085024,44.922761,45.478174,47.473657,44.854114,48.473909,48.047366,47.166914,47.054554,46.773282,46.805073,23.559217,,22.840286,22.803306,0.03698,0.18924,0.124537,1.018145,23.012008,22.79673,0.215278,0.892839,0.126039,1.07188,22.832181,22.806554,0.025626,0.840662,0.140134,1.086726,22.836654,22.812432,0.024223,0.335629,0.141996,1.092629,22.802872,22.811807,-0.008934,0.546054,0.153452,1.095799
4144,16.0,16.0,13.928818,11.857293,13.050561,11.638984,13.068465,11.714207,11.218892,12.409329,12.159414,12.224981,10.065896,9.769035,9.691335,9.855487,10.05257,16.855516,15.81435,15.888605,15.483954,13.500321,15.03369,14.292557,14.570404,14.571291,13.046436,11.941687,11.305493,10.744619,10.187822,10.082498,10.775668,,9.189093,7.945173,1.24392,5.004013,2.142745,0.981967,8.967799,8.231484,0.736315,4.627245,2.376633,1.039873,9.487562,8.823451,0.664111,4.757787,2.264469,1.046854,9.272135,8.653447,0.618688,4.906921,2.333201,1.047302,9.5246,8.134975,1.389625,5.469998,2.67791,1.046097
4162,16.0,16.0,2.171011,2.88202,2.11883,2.588876,1.650349,3.435549,2.603317,1.298644,3.604122,1.532374,1.327421,2.124125,2.021505,2.521834,2.942678,2.8817,4.006556,2.47418,3.696433,2.173978,3.45321,3.133431,1.549678,3.865244,1.649634,0.913399,1.361071,0.965406,1.488404,1.507899,5.173369,,0.180927,0.078374,0.102553,0.243404,0.11682,1.011439,0.180466,0.078496,0.10197,0.210165,0.132417,1.076501,0.209624,0.088093,0.121531,0.292794,0.140522,1.10016,0.265788,0.080219,0.185569,0.498663,0.137877,1.109247,0.361849,0.07514,0.286709,0.794556,0.147382,1.113678
4169,15.0,15.0,0.436873,0.583133,0.401253,0.758285,0.36185,0.805334,0.53966,0.261918,0.76855,0.120686,0.10044,0.112924,0.116255,0.146392,0.144651,20.132699,20.045261,19.871357,20.103784,19.91281,20.104106,19.755286,19.088658,20.097775,18.879297,19.139256,18.747112,18.794625,18.965028,18.95092,2.278765,,0.436873,0.10044,0.336433,0.837059,0.144577,0.957263,0.583133,0.112924,0.47021,1.142504,0.182752,1.01466,0.758285,0.116255,0.64203,1.329707,0.202851,1.032218,0.805334,0.146392,0.658942,1.279907,0.247864,1.039868,0.76855,0.144651,0.623898,1.269065,0.257097,1.04408
4172,16.0,16.0,0.178861,0.40338,0.140667,0.488759,0.135752,0.391967,0.36124,0.121953,0.35052,0.117015,0.102547,0.105597,0.104041,0.10828,0.10633,1.3455,1.725385,1.297446,1.789452,0.231355,1.954806,1.667833,0.225384,2.040033,0.203237,0.192108,0.198631,0.207799,0.215534,0.214273,1.146591,,0.178861,0.102547,0.076314,0.194951,0.11662,0.987875,0.40338,0.105597,0.297782,1.010915,0.134093,1.05336,0.488759,0.104041,0.384718,1.337408,0.150411,1.072361,0.391967,0.10828,0.283687,0.930078,0.152319,1.080288,0.35052,0.10633,0.24419,0.742311,0.154793,1.084367
4177,15.0,15.0,2.221516,2.241863,2.199296,2.248339,2.198765,2.310756,2.215554,2.190328,2.313834,2.187374,2.182908,2.192397,2.191951,2.184125,2.184886,0.521011,0.575133,0.479809,0.907549,0.478331,1.036224,0.517727,0.483864,1.160825,0.471731,0.455417,0.464795,0.463347,0.465463,0.465811,2.190259,,2.221516,2.182908,0.038608,0.145881,0.078582,1.003763,2.241863,2.192397,0.049466,0.166936,0.099384,1.062922,2.248339,2.191951,0.056388,0.181313,0.112868,1.082902,2.310756,2.184125,0.126631,0.421002,0.12053,1.091928,2.313834,2.184886,0.128948,0.418459,0.121937,1.096792
4189,16.0,16.0,3.492256,3.557258,3.358273,4.066578,3.440695,4.221378,3.502959,3.467437,3.987549,3.623417,3.557541,3.283623,3.91174,3.893457,3.610993,2.319703,2.827528,2.270568,2.94476,1.098741,3.244914,2.901271,2.019455,3.27514,1.090153,1.252329,1.64938,2.008023,2.23133,2.165552,4.031159,,1.819869,1.74389,0.075979,0.237276,0.160069,1.038939,1.901936,1.73253,0.169406,0.481758,0.17124,1.1091,1.868168,1.758466,0.109702,0.315175,0.187196,1.128741,1.874157,1.754154,0.120003,0.337557,0.195716,1.134914,1.88948,1.752491,0.136989,0.375356,0.211218,1.137687
4191,15.0,15.0,9.691327,11.3777,9.316662,10.487265,9.139007,9.574953,11.602371,8.963905,9.380572,8.675649,7.789165,9.264859,8.75782,7.57647,8.538537,9.436633,10.304642,9.351411,10.166833,8.720159,10.130446,9.086665,8.187178,10.375843,6.525259,5.446863,6.610375,6.200064,5.820338,5.890542,13.108541,,3.906003,3.832889,0.073115,0.43272,0.163286,1.018794,3.959196,3.817429,0.141767,0.646506,0.196285,1.076449,3.979949,3.820204,0.159745,0.700855,0.204671,1.093979,3.965141,3.816279,0.148862,0.617994,0.216427,1.101691,3.919791,3.815103,0.104688,0.465047,0.224041,1.10572
4197,15.0,15.0,2.604321,2.463781,2.598963,2.357654,2.38252,2.551562,2.33464,2.683686,2.76166,2.70883,2.713428,2.457695,2.291968,2.395488,2.503296,2.671013,2.733861,2.567484,2.415571,1.822906,2.354754,2.54641,1.90824,2.364172,1.902613,1.772851,1.528073,1.513045,1.2552,0.714903,6.586371,,0.295139,0.259544,0.035595,0.189632,0.122438,0.969553,0.328189,0.253419,0.07477,0.304704,0.14461,1.034988,0.449653,0.257607,0.192046,0.695496,0.153995,1.052314,0.389745,0.253116,0.136629,0.466273,0.157912,1.059616,0.405955,0.254146,0.151809,0.518098,0.161972,1.063439
4201,15.0,15.0,39.026997,39.042404,39.025834,39.058677,39.037948,39.037261,38.996642,39.023061,39.027852,39.035129,39.027786,39.014378,39.01532,39.003096,39.012551,18.941057,19.162317,18.931591,19.219493,18.776789,19.15182,19.152174,18.777352,19.166443,18.779363,18.758623,18.7785,18.779066,18.766352,18.767436,36.476503,,39.026997,39.027786,-0.000789,0.270468,0.177558,1.065463,39.042404,39.014378,0.028026,0.676762,0.210444,1.121646,39.058677,39.01532,0.043357,0.97921,0.21629,1.135799,39.037261,39.003096,0.034165,0.609593,0.207977,1.140978,39.027852,39.012551,0.015301,0.929533,0.224018,1.143367
4204,15.0,15.0,3.380954,3.574964,3.24665,3.570805,3.63301,3.684222,3.53709,3.556927,3.628388,3.700797,3.617643,3.546489,3.521769,3.51566,3.5503,2.738673,2.629064,2.545734,2.741158,2.443236,2.824963,2.543125,2.370814,3.076665,2.427765,2.401973,2.255166,2.241867,2.229404,2.199638,8.186749,,0.526275,0.46339,0.062885,0.239555,0.147112,1.042045,0.626409,0.474796,0.151612,0.530012,0.16177,1.101806,0.66127,0.464095,0.197176,0.711587,0.176352,1.117272,0.838176,0.460345,0.377832,1.417601,0.182357,1.123459,0.829705,0.473179,0.356526,1.348255,0.177756,1.126605
4206,15.0,15.0,2.080209,2.623249,2.027893,2.710423,1.63354,3.170264,2.573167,1.658616,3.260558,1.614592,1.452802,2.099831,2.103463,2.292182,2.300943,5.762139,6.752487,5.383423,6.875925,3.967482,6.725731,6.159568,3.959892,6.788142,3.324409,1.990147,2.788273,2.579128,2.732883,2.973135,1.710932,,2.312231,1.670622,0.641609,1.760594,0.474762,0.993588,2.720028,2.411379,0.308648,2.091281,1.172214,1.049768,2.890535,2.414151,0.476384,2.312332,1.215215,1.063129,3.102957,2.573349,0.529608,2.615289,1.201551,1.067213,3.208058,2.579499,0.628559,2.772143,1.339973,1.068518
4211,15.0,15.0,8.113127,7.837057,7.527108,7.808512,6.589143,8.721527,7.47581,7.379837,8.308405,6.502635,6.730353,6.918836,7.136309,7.483564,7.237578,35.99921,35.489259,34.806895,35.318223,34.933538,35.579211,34.634299,34.954457,35.457369,35.2241,33.937039,33.633874,33.405666,32.973311,33.616405,11.261417,,3.891253,3.795363,0.09589,0.517896,0.248374,1.07252,3.878336,3.794309,0.084028,0.587556,0.294971,1.108886,4.133417,3.822284,0.311132,1.248232,0.292719,1.117759,4.315212,3.815742,0.49947,2.032561,0.308574,1.120679,4.466206,3.817917,0.648289,2.805979,0.309421,1.121459
4221,15.0,15.0,3.025606,3.122288,2.695355,3.222938,2.816968,3.057156,3.061716,2.630262,3.2382,2.707173,2.660853,2.942184,2.999156,2.9526,2.948473,4.918849,4.654921,4.236157,4.717767,4.119596,4.610009,4.304736,3.085822,4.307496,3.749394,2.031201,2.62114,2.76738,2.604875,2.103828,1.95577,,0.269963,0.170366,0.099597,0.272485,0.156732,1.011494,0.458249,0.181027,0.277222,0.851765,0.184821,1.067716,0.702851,0.205009,0.497842,1.541651,0.194213,1.082793,0.779384,0.197691,0.581693,1.673165,0.219174,1.088283,0.775083,0.219569,0.555514,1.610929,0.228092,1.09097
4236,15.0,15.0,1.08387,1.091377,1.046953,1.13972,1.000416,1.160653,1.050658,0.990176,1.171936,0.971428,0.970532,0.970233,0.973542,0.964834,0.985463,2.932746,3.394986,2.809245,3.951079,0.904326,4.044699,3.242898,0.934038,4.113283,0.846915,0.796624,0.795421,0.799559,0.804281,0.790258,2.244305,,1.08387,0.970532,0.113339,0.300486,0.151933,1.029763,1.091377,0.970233,0.121144,0.320597,0.160167,1.079414,1.13972,0.973542,0.166178,0.507827,0.179454,1.091066,1.160653,0.964834,0.195818,0.586425,0.174595,1.095456,1.171936,0.985463,0.186473,0.595072,0.181784,1.098172
4238,15.0,15.0,4.395027,4.798543,4.521157,4.565796,4.108782,4.669625,4.64968,3.911419,4.924545,4.089977,3.985598,4.115736,4.146506,4.293841,4.522231,3.4675,3.430858,3.414249,4.062658,2.702219,3.527214,3.49381,2.666363,3.404992,3.457219,2.800479,3.283705,4.176469,2.860871,3.23837,4.94972,,3.423621,3.356879,0.066742,0.30001,0.171752,1.064817,3.530342,3.367983,0.162359,0.656855,0.197623,1.113272,3.572555,3.375625,0.196929,0.806441,0.206645,1.12721,3.612329,3.377266,0.235063,0.951416,0.217193,1.132296,3.675606,3.385235,0.290372,1.176921,0.219992,1.134596
4247,15.0,15.0,7.053886,8.368879,6.717417,7.53887,5.944593,7.311094,8.06327,5.63439,7.536306,5.72956,4.081655,6.460749,5.590315,6.086685,5.803239,7.211788,9.098718,6.844882,9.46099,6.331514,9.073301,9.140969,5.72729,9.458208,4.949268,4.042072,3.193355,2.074618,1.052135,2.531194,17.0711,,0.282295,0.212542,0.069754,0.296639,0.118438,1.015129,0.295969,0.215251,0.080719,0.309128,0.139856,1.08099,0.306888,0.212857,0.094031,0.325685,0.148611,1.100036,0.309398,0.19799,0.111408,0.346246,0.173525,1.107484,0.328342,0.233534,0.094808,0.358411,0.167449,1.110859
4251,15.0,15.0,13.011198,12.630219,12.682274,12.164893,13.130992,12.981721,12.456975,12.838389,12.514739,12.600112,12.137807,11.191922,11.41308,11.920507,11.784485,10.924445,12.742205,10.105904,12.795692,9.202991,12.759634,11.56627,9.012382,12.797603,8.550277,7.906012,9.259942,9.491325,9.420236,9.281091,6.137047,,8.269873,7.163652,1.10622,2.322626,0.431316,1.0075,8.442602,7.162911,1.279691,3.392464,0.665673,1.063934,8.518953,7.384238,1.134715,2.866207,0.644678,1.07477,8.610145,7.300465,1.30968,3.328916,0.634461,1.076282,8.498777,7.30642,1.192356,3.330843,0.622646,1.076422
4252,15.0,15.0,1.905249,1.98178,1.850642,1.833062,1.63192,1.88594,1.906722,1.620478,1.981808,1.615702,1.560011,1.588158,1.605595,1.599863,1.616711,1.248561,1.325764,1.187679,1.375885,1.108622,1.362973,1.243817,1.106766,1.367866,1.099993,1.067189,1.049311,1.070245,1.071576,1.078374,2.01009,,1.905249,1.560011,0.345238,1.125461,0.179781,1.052959,1.98178,1.588158,0.393621,1.426861,0.198642,1.104853,1.833062,1.605595,0.227467,1.178182,0.217245,1.117342,1.88594,1.599863,0.286077,1.20169,0.228949,1.12154,1.981808,1.616711,0.365097,1.539687,0.221479,1.123349
4264,30.0,30.0,3.858267,3.788648,3.591745,3.856352,3.388362,4.1667,3.557269,3.468447,4.48283,3.36497,3.079587,3.12027,2.967682,2.851847,3.152312,8.016696,8.808739,7.589397,7.565722,6.990274,6.707743,8.451372,5.730063,6.889431,5.970933,4.731711,5.337369,3.624699,3.047588,3.133056,3.175601,,1.285569,0.523956,0.761613,1.863165,0.531856,0.998958,1.298892,0.486478,0.812414,1.821474,0.516564,1.043772,1.410843,0.538135,0.872709,2.061238,0.586559,1.053636,1.70226,0.499201,1.203059,2.813511,0.597141,1.05625,1.759113,0.480442,1.278671,3.010596,0.543312,1.056985
4270,16.0,16.0,2.815473,2.35082,2.803148,2.380689,2.132349,2.574882,2.32418,2.019323,2.356046,2.101976,2.586415,2.361284,1.624261,2.168765,2.109344,3.269067,4.6802,3.230627,4.700851,3.155074,5.251592,4.842087,2.940498,5.195487,3.674511,2.787427,4.909064,4.496834,4.50306,4.863964,2.652734,,0.996182,0.757028,0.239154,0.874772,0.151578,1.061908,0.931767,0.757794,0.173972,0.582113,0.176147,1.123161,0.982027,0.775633,0.206394,0.732543,0.192287,1.140711,1.030793,0.772675,0.258118,0.887497,0.205259,1.14699,1.089931,0.764297,0.325633,1.092576,0.202551,1.149687
4272,15.0,15.0,10.870163,10.075241,9.822699,9.951347,8.830187,10.567823,9.143416,8.960978,10.840749,8.929769,8.537902,9.613814,8.374022,10.204982,10.057175,9.74127,9.868554,9.368651,10.754922,7.783968,10.165714,8.567092,6.800785,9.896255,7.283112,4.558234,5.652251,6.689817,6.5601,6.796035,9.830135,,3.058849,2.352653,0.706196,2.785281,0.914957,0.970062,2.584055,2.436668,0.147387,1.656273,1.08133,1.032206,2.685576,2.679709,0.005867,1.403959,1.189487,1.049894,2.527622,2.362552,0.165071,1.419675,1.012195,1.056901,2.842797,2.688608,0.154189,1.765683,1.202283,1.060473
4275,15.0,15.0,0.363559,0.386925,0.28646,0.43549,0.205645,0.552251,0.296068,0.169404,0.634562,0.17849,0.145682,0.161118,0.154557,0.147168,0.157289,0.307744,0.50503,0.240394,0.72554,0.215,0.729388,0.421129,0.181733,0.772405,0.172028,0.13905,0.150441,0.166343,0.163095,0.172019,0.103064,,0.363559,0.145682,0.217877,0.635019,0.191724,1.081257,0.386925,0.161118,0.225807,0.600635,0.223417,1.131983,0.43549,0.154557,0.280933,0.775324,0.23851,1.146511,0.552251,0.147168,0.405083,1.113389,0.242373,1.150511,0.634562,0.157289,0.477273,1.412889,0.253615,1.151739
4276,16.0,16.0,7.675842,7.819713,6.911813,7.208034,6.54489,7.017275,7.467042,6.894252,7.224269,7.123447,6.905584,6.630345,6.167528,5.931576,6.218469,8.929946,8.834448,8.281397,8.385404,6.76468,8.365152,8.284767,6.71549,8.087551,7.336435,6.739969,4.464462,3.112128,3.818888,3.916969,5.100111,,2.853263,2.375878,0.477385,1.546506,0.93056,1.03429,3.14261,2.099798,1.042811,2.30631,1.054572,1.080278,3.350208,2.216322,1.133886,2.626777,1.205975,1.085088,3.466903,2.299128,1.167775,2.905787,1.266049,1.084997,3.537522,2.238168,1.299354,3.481976,1.308885,1.084285
4277,15.0,15.0,0.886061,1.274775,0.836143,1.198906,0.574534,1.056357,1.215814,0.549938,1.123267,0.554289,0.525629,0.527195,0.538963,0.548333,0.547213,0.290326,0.374757,0.237,0.443159,0.190955,0.498336,0.302206,0.153991,0.571032,0.138243,0.126108,0.141517,0.146836,0.147323,0.153101,6.181948,,0.886061,0.525629,0.360431,1.007083,0.165199,1.048254,1.274775,0.527195,0.74758,2.383339,0.214016,1.106142,1.198906,0.538963,0.659943,1.976075,0.224643,1.124223,1.056357,0.548333,0.508025,1.497006,0.258675,1.130327,1.123267,0.547213,0.576054,1.652029,0.284464,1.133344
4278,15.0,15.0,0.159058,0.174347,0.127578,0.178295,0.131637,0.183842,0.13931,0.119041,0.18604,0.114526,0.093358,0.094668,0.086632,0.085678,0.08636,2.038176,2.660719,1.998627,2.972666,0.707275,3.268894,2.560528,0.815698,3.607379,0.938564,0.321426,0.336758,0.327246,0.327181,0.326152,1.185018,,0.159058,0.093358,0.0657,0.157679,0.101831,0.971319,0.174347,0.094668,0.079678,0.184019,0.118599,1.030425,0.178295,0.086632,0.091662,0.195153,0.123808,1.049828,0.183842,0.085678,0.098164,0.2037,0.124633,1.058299,0.18604,0.08636,0.099681,0.208279,0.129777,1.062689
4288,16.0,16.0,1.740887,1.867566,1.483277,1.845618,1.448699,1.74055,1.680696,1.160505,1.774482,0.951738,0.948806,0.899421,1.235698,1.097841,1.196317,2.169746,3.600724,2.132852,4.053547,2.032877,4.282522,3.354697,1.574093,4.642443,1.724101,0.987653,2.18463,2.70252,3.644332,4.092745,1.457821,,0.577572,0.478129,0.099443,0.343803,0.168863,1.047853,0.592788,0.470489,0.122299,0.350818,0.188416,1.102686,0.669029,0.464259,0.20477,0.598214,0.189352,1.118595,0.6977,0.466008,0.231692,0.616691,0.217822,1.124587,0.687071,0.467484,0.219588,0.576347,0.221001,1.127182
4290,15.0,15.0,3.92002,3.975597,4.08492,3.912127,3.725347,3.765967,3.978801,3.544515,3.905044,3.627273,3.46906,3.720802,3.544493,3.35601,3.526742,3.984126,4.108507,3.616626,4.093001,3.617241,4.26095,3.998349,3.063727,4.312927,3.184539,3.021169,3.109418,3.025956,3.012548,3.030457,2.870677,,0.179746,0.102243,0.077503,0.179778,0.117229,0.997807,0.198577,0.106289,0.092288,0.215437,0.132253,1.057092,0.206124,0.102367,0.103757,0.23097,0.151833,1.077173,0.211576,0.11063,0.100946,0.236558,0.150166,1.08626,0.21576,0.111745,0.104015,0.242487,0.148855,1.091203
4295,15.0,15.0,4.298299,3.933794,4.085282,4.095354,3.344593,4.414086,3.690919,3.165156,3.882275,3.594493,2.773323,3.084077,3.692766,3.866495,3.283736,5.1497,4.401809,4.727041,5.070773,3.921226,4.949055,4.056005,3.188991,4.899507,2.723484,2.540069,0.658525,1.109544,1.341164,1.184991,11.08771,,0.410193,0.251372,0.158821,0.581023,0.145089,1.062877,0.433774,0.256843,0.176931,0.620966,0.157878,1.118161,0.441919,0.259306,0.182613,0.633104,0.168225,1.134195,0.44682,0.252866,0.193953,0.64731,0.178728,1.140537,0.467073,0.266795,0.200278,0.696621,0.168543,1.143746
4296,15.0,15.0,8.193851,8.364607,8.102533,8.022451,8.107266,8.089707,8.187577,8.027674,7.868023,8.192374,8.001168,8.387595,8.011441,8.079522,7.93881,6.04225,6.174398,5.125443,6.50757,3.793003,6.373692,5.545957,3.722229,5.853259,3.187171,2.249225,1.96711,2.173983,2.860391,2.922434,7.907367,,3.177099,3.039299,0.137801,0.79748,0.327284,1.002774,3.534194,3.271139,0.263055,0.884579,0.455336,1.060257,3.643189,3.339949,0.30324,1.049503,0.391802,1.07606,3.500347,3.271389,0.228958,0.922525,0.501553,1.081777,3.520478,3.420429,0.100049,0.857034,0.523319,1.084167
4299,15.0,15.0,3.328707,3.251513,3.301156,3.56467,3.534477,3.770875,2.769925,3.322744,3.350933,3.507425,3.366112,2.977033,3.426557,3.481675,3.317654,1.859285,3.972928,1.831796,4.278896,1.742583,4.187845,3.347071,1.728206,4.206666,1.690803,0.673675,1.176536,0.903204,1.404367,1.195375,6.53425,,1.180659,1.097126,0.083533,0.196522,0.127295,1.019738,1.22618,1.0972,0.128981,0.311654,0.13896,1.080252,1.232503,1.102507,0.129997,0.324591,0.148479,1.096731,1.303838,1.106714,0.197124,0.517533,0.146607,1.103501,1.283333,1.100788,0.182545,0.509808,0.147157,1.10681
4304,15.0,15.0,5.534011,5.669523,5.261538,5.230303,4.978612,5.554076,5.593129,5.167574,5.311055,4.995711,5.271344,5.423886,4.967788,4.755098,4.855453,5.377475,3.25888,5.221374,4.190629,5.151282,3.916365,2.871723,4.645923,3.858301,5.056156,5.340546,2.642777,3.069639,2.978311,2.649623,3.580217,,3.995788,3.79945,0.196338,0.697368,0.113103,0.989419,4.006821,3.796526,0.210295,0.720168,0.120586,1.056708,4.020636,3.794169,0.226468,0.740498,0.144095,1.076549,4.14373,3.793018,0.350713,1.20791,0.151057,1.085436,4.144239,3.792378,0.351861,1.203304,0.157067,1.090111
4312,16.0,16.0,2.206382,2.29104,1.891422,2.721195,2.47966,2.63253,2.190538,1.59818,2.884837,1.012455,1.105929,1.938255,1.912178,1.880472,1.829328,4.890425,5.101175,4.839765,4.680171,3.661156,4.413129,4.856315,3.42935,4.701921,3.099293,3.177192,2.78472,1.973691,1.570139,0.945433,2.420007,,0.337146,0.157445,0.179701,0.540846,0.191695,0.980373,0.328601,0.167501,0.161099,0.400283,0.218151,1.052007,0.417329,0.185523,0.231806,0.625909,0.225043,1.067406,0.40438,0.191215,0.213166,0.618794,0.224896,1.072063,0.42897,0.180705,0.248265,0.638126,0.235075,1.073833
4316,15.0,15.0,7.052013,7.227649,6.73999,7.297076,7.390439,7.465839,7.08331,6.860553,7.385138,7.483976,7.491183,7.509137,6.890583,7.110182,7.577383,6.027821,4.300492,6.067037,3.196081,6.063748,3.022296,3.977553,5.487885,3.456906,5.747305,5.501608,3.276151,2.034688,1.892059,2.043349,2.59822,,1.260574,1.198533,0.062041,0.225976,0.141147,1.051925,1.28136,1.181376,0.099983,0.267181,0.160714,1.107209,1.288317,1.18682,0.101497,0.275783,0.167084,1.124096,1.317999,1.186672,0.131327,0.377135,0.170268,1.132123,1.319791,1.194007,0.125784,0.375454,0.171609,1.136717
4317,16.0,16.0,4.711653,4.532622,4.651484,4.924936,4.656759,5.124013,4.471231,4.649312,4.897586,4.102051,4.458875,4.327021,4.645593,4.961624,4.716498,4.501559,4.996637,4.211847,5.478958,3.593537,4.974326,4.798195,3.457921,5.137045,3.487137,3.593251,3.94731,4.286696,3.914446,3.806832,3.824875,,2.894187,2.796347,0.09784,0.279272,0.193592,0.991236,3.007637,2.798364,0.209273,0.63701,0.220753,1.060009,2.946442,2.787558,0.158884,0.402077,0.239751,1.076253,2.95299,2.787996,0.164993,0.415845,0.247519,1.08241,2.957817,2.791747,0.16607,0.425731,0.250558,1.0856
4329,15.0,15.0,10.704958,11.545296,10.616074,12.56615,10.016875,13.209837,11.659263,10.130179,12.841902,10.290985,9.896166,10.29621,11.554644,11.679977,11.7724,45.388538,43.783916,44.937376,43.527765,47.444865,42.888559,43.348661,47.50282,42.500856,48.67408,49.153752,45.011157,45.493601,47.212784,47.298094,6.979614,,5.829437,5.237565,0.591872,1.612199,0.111668,0.971496,6.113987,5.238113,0.875874,2.518601,0.128226,1.03082,6.336591,5.240451,1.09614,2.80876,0.155552,1.04399,6.552986,5.241864,1.311122,3.358485,0.161977,1.047974,6.716137,5.255415,1.460722,3.610851,0.181516,1.049667
4333,16.0,16.0,3.190158,2.735819,3.147112,2.949497,2.672556,3.273597,2.717909,3.069765,3.222348,2.925907,3.074559,2.776127,2.78829,3.063273,3.072185,3.197435,3.022733,3.151895,3.278884,2.968531,3.322674,2.381503,2.071836,3.291617,2.064936,2.892441,1.26548,1.253152,1.289087,1.240416,4.269568,,1.178031,1.105252,0.072779,0.223899,0.144059,1.014512,1.209357,1.105311,0.104047,0.291705,0.149736,1.068505,1.225607,1.112514,0.113093,0.317062,0.169611,1.082937,1.233314,1.116785,0.11653,0.339016,0.167981,1.089156,1.238731,1.113299,0.125433,0.348502,0.168724,1.092353
4339,16.0,16.0,2.740682,2.756789,2.491535,3.279029,2.328596,3.112871,2.670626,2.218866,3.597259,2.105278,2.003448,2.395951,3.002822,2.876855,2.991476,3.221303,2.606025,2.735183,2.195088,2.058619,2.279663,1.966057,2.341053,2.366244,1.947849,1.833515,1.075412,0.426991,0.590123,0.78853,3.601291,,0.721753,0.248974,0.472779,1.041362,0.275714,1.026036,0.673414,0.226236,0.447178,1.180565,0.267864,1.078995,0.617041,0.211214,0.405827,0.997534,0.325616,1.095254,0.625698,0.226678,0.39902,1.050465,0.288819,1.102322,0.667676,0.235844,0.431831,1.158263,0.274719,1.105791
4347,15.0,15.0,2.121855,2.286802,1.985655,2.075566,2.027958,1.696303,2.324499,1.926549,2.254385,1.958175,2.002292,1.542058,1.594003,1.378847,1.992954,3.36376,3.429133,2.896279,3.617938,2.857921,3.626367,3.146626,2.744194,3.690223,2.907025,3.053086,1.821359,2.610172,2.431608,1.833654,2.318354,,0.672649,0.625302,0.047347,0.181564,0.110613,1.034047,0.719371,0.623466,0.095905,0.317933,0.125715,1.101348,0.730225,0.616649,0.113576,0.334436,0.149509,1.120619,0.733021,0.621708,0.111313,0.340708,0.149381,1.128779,0.717193,0.6259,0.091293,0.278625,0.151431,1.1332
4360,16.0,16.0,3.354316,3.331642,3.188628,3.239396,3.099629,3.259352,3.286696,3.136561,3.331859,3.030247,3.116576,3.109411,3.105622,3.194297,3.07986,3.513193,3.956375,3.31506,4.600804,2.801719,5.062244,3.743742,2.451284,5.275705,2.697071,2.62114,3.555128,3.659713,3.863634,4.039617,1.823613,,0.418733,0.257315,0.161418,0.621836,0.131831,1.029324,0.34832,0.255675,0.092646,0.338932,0.149081,1.087251,0.397617,0.249367,0.14825,0.524242,0.151993,1.105162,0.333246,0.245748,0.087498,0.26086,0.153399,1.112284,0.443251,0.249957,0.193294,0.678834,0.159587,1.115551
4366,15.0,15.0,0.19864,0.222193,0.1594,0.230788,0.153145,0.25818,0.169451,0.135626,0.30739,0.139439,0.123897,0.118692,0.121206,0.127935,0.133019,0.550454,0.908504,0.501831,1.085595,0.164217,1.102063,0.842046,0.139386,1.191143,0.137552,0.092449,0.09795,0.093722,0.093351,0.095469,0.101253,,0.19864,0.123897,0.074742,0.218079,0.119069,1.002362,0.222193,0.118692,0.103501,0.256792,0.152217,1.066103,0.230788,0.121206,0.109582,0.270812,0.160165,1.08362,0.25818,0.127935,0.130246,0.345431,0.169207,1.091417,0.30739,0.133019,0.174372,0.529122,0.173201,1.095674
4371,15.0,15.0,3.914084,3.905358,3.378362,3.442244,2.944974,3.156643,3.741209,3.002922,2.946034,2.784064,2.103454,2.475713,2.176023,2.128999,2.177803,5.516645,5.686152,4.832714,5.540615,3.756274,5.078958,4.940309,4.729787,4.743622,3.452885,3.85675,2.483023,1.502671,1.191347,0.571687,11.663684,,0.277132,0.137702,0.13943,0.455926,0.116071,0.996468,0.315488,0.134513,0.180974,0.614065,0.146676,1.056978,0.329924,0.132386,0.197538,0.637723,0.150989,1.072865,0.350998,0.127003,0.223995,0.720789,0.158651,1.080227,0.379156,0.126956,0.2522,0.819762,0.165323,1.083943
4378,15.0,15.0,12.655817,11.972973,12.442547,11.637547,11.667931,11.551696,11.806872,11.78357,11.79513,11.99651,12.224419,11.863112,11.051871,10.838057,11.208006,9.688479,10.691661,8.262681,10.336112,7.269874,10.31273,8.718822,6.379416,9.894779,5.861349,5.203808,5.610891,5.653807,4.691545,4.566526,13.897939,,3.13968,2.722743,0.416937,1.178841,0.112543,0.981752,3.151471,2.721872,0.429599,1.199055,0.129393,1.050476,3.318145,2.717073,0.601072,1.493722,0.139004,1.073961,3.406689,2.721287,0.685401,1.515953,0.134039,1.084784,3.341115,2.717904,0.62321,1.455163,0.138983,1.09064
4379,15.0,15.0,0.87951,0.774335,0.838654,0.724739,0.500297,0.792408,0.69835,0.477576,0.963763,0.502165,0.453282,0.462552,0.470612,0.482827,0.459348,1.300146,1.459834,1.242893,1.587226,0.708912,1.710024,1.390332,0.7063,1.726997,0.688297,0.642495,0.622793,0.638938,0.639546,0.637203,1.53359,,0.936688,0.481368,0.45532,1.328342,0.21447,1.057796,0.822689,0.491378,0.331311,0.927026,0.232168,1.11588,0.768727,0.50021,0.268517,0.738811,0.261418,1.128536,0.841222,0.513418,0.327804,0.861734,0.272414,1.131957,1.025172,0.488372,0.5368,1.40932,0.2948,1.133053
4384,15.0,15.0,2.118897,2.138516,2.075697,2.154829,2.220365,2.141522,2.082206,2.171947,2.085388,2.156137,2.192441,2.204031,2.207466,2.101082,2.09254,2.835384,3.995026,2.785813,4.160024,2.614977,4.152744,3.86653,2.552962,4.15832,2.646687,2.611867,2.542368,2.450548,2.468737,2.461157,2.529004,,2.118897,2.192441,-0.073544,0.606377,0.29711,0.97138,2.138516,2.204031,-0.065515,0.692615,0.347996,1.039517,2.154829,2.207466,-0.052637,0.742161,0.398148,1.059148,2.141522,2.101082,0.04044,0.749612,0.488487,1.067709,2.085388,2.09254,-0.007152,0.800414,0.497529,1.072312
4391,15.0,15.0,6.893069,7.128402,6.836012,8.448771,6.289496,7.173842,7.052412,7.045344,7.560613,7.118457,5.870946,6.192796,7.23194,6.759686,6.899562,6.585111,6.850986,5.882668,7.269047,5.260631,7.634678,6.337893,5.291583,7.30628,5.493919,4.605174,4.46601,5.239757,5.733622,5.912059,3.868835,,4.141354,4.096218,0.045136,0.165875,0.099006,0.97992,4.24834,4.091122,0.157218,1.220371,0.118967,1.037983,4.398687,4.101964,0.296723,1.165,0.136166,1.056107,4.35826,4.103481,0.254779,0.971185,0.132855,1.064726,4.414571,4.105295,0.309276,1.178568,0.138571,1.069674
4393,16.0,16.0,1.394253,1.494219,1.356752,1.49047,1.346224,1.468171,1.447406,1.346994,1.422411,1.274912,1.252827,1.246679,1.243357,1.236128,1.237892,2.296693,2.668172,2.251954,2.677531,1.026256,2.717851,2.606487,1.038921,2.691738,1.005561,0.983638,0.97341,0.948585,0.949304,0.934524,1.700847,,1.476648,1.330902,0.145747,0.349378,0.146168,0.960147,1.580565,1.324373,0.256193,0.634284,0.175837,1.015589,1.577634,1.322636,0.254999,0.636378,0.193428,1.03226,1.553378,1.31504,0.238338,0.662193,0.204099,1.041138,1.504828,1.316921,0.187907,0.44738,0.218065,1.045511
4396,15.0,15.0,1.919361,2.654344,1.67708,2.015745,1.728425,1.716954,2.372757,1.688345,1.915334,1.439686,1.689897,2.445001,1.37957,0.791047,1.713082,1.663203,1.9686,1.463315,1.929978,1.199407,2.037676,1.7743,1.100985,2.006522,1.217297,1.055259,0.788767,0.98696,0.782134,0.775578,5.694907,,0.891929,0.744761,0.147168,0.856768,0.110161,1.017321,0.999943,0.732797,0.267146,1.238587,0.147056,1.077813,0.925844,0.737398,0.188445,0.960705,0.1531,1.09536,0.998092,0.738126,0.259965,1.216245,0.158739,1.103637,0.995072,0.731914,0.263159,1.212029,0.160751,1.108036
4397,16.0,16.0,5.37065,5.202505,5.282312,5.193808,5.267434,5.114359,5.06331,5.134817,5.041136,5.161195,5.056894,4.788112,4.641109,4.896159,4.844213,2.765356,3.029741,2.824229,2.526313,2.247291,2.634287,2.543366,2.055549,2.602335,2.121475,2.143511,2.434937,2.117575,1.885991,1.972103,4.145436,,3.019241,2.851682,0.167558,0.399641,0.187908,1.004142,3.194843,2.849295,0.345548,0.772117,0.369742,1.074338,3.216906,2.852544,0.364362,0.844121,0.37275,1.092084,3.21456,2.910454,0.304106,0.809227,0.371389,1.098785,3.291905,3.033066,0.258839,1.010098,0.339821,1.102198
4400,15.0,15.0,3.126767,2.734226,2.931225,3.068805,2.648624,2.727996,2.554256,2.731432,2.995094,2.836018,2.76189,2.595248,2.813717,2.483105,2.28193,3.478689,4.177643,3.312558,4.047912,2.118306,4.055227,3.864778,2.198163,4.304255,2.53441,1.561273,1.452314,0.918932,1.049968,0.658542,4.845635,,1.516132,1.39756,0.118572,0.24716,0.139842,0.9831,1.544645,1.413403,0.131242,0.290126,0.155043,1.04619,1.553693,1.414525,0.139169,0.303095,0.168309,1.068851,1.559318,1.416542,0.142776,0.315515,0.174701,1.080612,1.569546,1.41555,0.153995,0.342499,0.175175,1.086373
4403,15.0,15.0,5.967335,6.038723,5.938767,6.391536,5.74651,6.174083,5.877253,5.717006,6.657144,5.942772,5.769469,5.899525,6.075296,5.575721,5.74604,6.441738,6.643276,6.412251,6.809446,6.175272,6.812146,6.428692,5.805546,6.876093,6.437953,6.104214,5.724882,5.531411,5.529284,5.768797,5.139825,,5.33216,5.273907,0.058253,0.233,0.153884,1.006524,5.334945,5.274149,0.060796,0.247093,0.171119,1.064008,5.419847,5.26147,0.158376,1.055283,0.171645,1.080656,5.530741,5.251864,0.278877,1.435341,0.176728,1.086899,5.488277,5.249313,0.238964,1.352444,0.183846,1.089668
4404,15.0,15.0,15.269334,14.988079,14.619681,14.670869,15.080284,14.614192,14.323361,15.136738,14.48968,15.382229,15.318783,15.087853,14.436826,14.090175,14.015319,29.386048,28.917254,28.018028,29.246725,28.87541,29.320504,27.409415,28.318755,29.260101,29.978158,29.382261,28.662033,28.316427,28.764667,29.213794,22.99627,,12.221145,12.502179,-0.281033,1.076288,0.333535,0.978566,11.897488,12.188483,-0.290995,2.085413,0.640722,1.040344,11.790204,12.057271,-0.267067,2.61646,0.822957,1.05497,11.978563,12.046372,-0.067809,3.364895,0.863423,1.058948,12.04365,12.101688,-0.058039,2.681467,0.852537,1.06014
4405,15.0,15.0,2.612029,2.828396,2.587131,3.080947,2.27961,2.988997,2.757809,2.412403,3.039901,2.605704,2.518342,2.599763,2.569378,2.674199,2.520044,3.062068,3.345741,3.040985,2.519708,2.746842,2.996365,3.38781,2.644558,3.166148,2.464189,2.101451,2.051335,1.930515,1.997489,2.033004,3.93729,,0.409199,0.158062,0.251136,0.915279,0.142813,1.063281,0.34023,0.134984,0.205246,0.574606,0.171758,1.118699,0.572848,0.13458,0.438267,1.477594,0.180683,1.13434,0.602994,0.142151,0.460843,1.550459,0.187629,1.140585,0.662422,0.148431,0.513991,1.772877,0.19476,1.143609
4425,16.0,16.0,0.148978,0.171913,0.113386,0.180607,0.114001,0.184164,0.128583,0.100923,0.187988,0.092124,0.079763,0.096228,0.097573,0.09617,0.096647,10.094709,10.083674,9.987302,10.825426,9.586183,10.835007,9.908018,9.567255,10.805015,9.562611,9.563778,9.570851,9.570522,9.570619,9.569388,0.574363,,0.148825,0.079529,0.069296,0.166264,0.103954,0.978671,0.171308,0.098998,0.07231,0.193173,0.118466,1.04109,0.179528,0.100375,0.079153,0.206129,0.117236,1.060083,0.183844,0.099051,0.084793,0.213047,0.122407,1.068381,0.187153,0.099703,0.08745,0.216716,0.130747,1.072727
4430,15.0,15.0,15.633912,16.476746,14.881084,17.444179,14.18095,17.463254,16.155265,13.820145,16.436141,13.026401,12.576538,16.609131,16.44181,18.03399,16.530387,19.051578,17.611819,16.82874,18.477049,15.900479,18.657697,15.603565,15.744623,18.694492,14.28772,14.012565,11.286109,14.418004,11.587247,11.130144,44.105832,,10.361652,9.845346,0.516306,4.816978,1.592172,0.976953,9.685935,9.486909,0.199026,5.192409,1.683745,1.033856,10.319217,9.605906,0.713311,5.897216,1.55309,1.045587,10.950984,9.956071,0.994913,8.856815,1.320764,1.04815,9.916556,9.240096,0.67646,5.86547,2.015423,1.048448
4432,15.0,15.0,8.140183,7.732607,7.770894,7.875937,7.500422,8.18595,7.367146,7.906546,7.926922,7.48337,7.105546,6.955583,7.126779,7.274534,7.465085,6.616329,7.623497,5.855131,8.247344,5.17104,8.270438,7.647565,5.013403,8.489283,4.831897,5.324409,4.34859,6.040059,5.649208,5.61033,10.935584,,3.489783,3.42814,0.061643,0.230708,0.128216,1.010153,3.502765,3.433053,0.069713,0.252213,0.148786,1.060824,3.509319,3.432424,0.076895,0.264634,0.158901,1.075982,3.516639,3.43676,0.079879,0.277605,0.163882,1.082953,3.515636,3.432185,0.083451,0.283039,0.171636,1.086829
4442,15.0,15.0,12.797405,12.749403,12.160745,12.423076,10.691185,12.77294,12.120491,11.63941,13.466548,11.575901,10.294045,11.730182,11.817947,11.108094,12.101861,32.437362,30.056546,31.671578,30.8307,31.225747,31.15886,29.350729,31.857506,30.4249,30.753872,31.019433,26.41983,30.466181,29.962405,28.578504,12.198248,,0.940112,0.112426,0.827685,2.527903,0.187077,1.059904,0.406486,0.121084,0.285402,0.535458,0.223703,1.112406,0.45151,0.138657,0.312853,0.759941,0.211716,1.125178,0.361828,0.168119,0.193709,0.483644,0.226465,1.129909,0.412038,0.10342,0.308618,0.570791,0.215517,1.131943
4447,15.0,15.0,8.547494,8.946958,8.061007,8.649009,7.731847,8.503577,8.36498,7.603844,8.451833,7.382755,7.185804,8.02164,7.401849,7.855926,6.701203,14.725948,15.347819,13.630982,15.330359,12.660352,15.088414,14.184726,11.818955,14.892608,10.606064,10.09637,9.505611,10.001966,9.683161,9.786403,7.066153,,2.218068,2.089157,0.128911,0.457869,0.128936,0.930507,2.47569,2.080581,0.395109,1.075367,0.154123,0.999813,2.530529,2.071443,0.459086,1.315391,0.162914,1.022693,2.476931,2.092587,0.384344,1.128147,0.176348,1.032832,2.511053,2.09564,0.415413,1.142264,0.176904,1.038008
4452,15.0,15.0,2.141202,2.179825,2.125641,2.1371,2.113487,2.173586,2.154357,2.117962,2.19097,2.100095,2.097311,2.096635,2.103429,2.107513,2.10401,1.158163,1.415259,1.136917,1.431366,0.704067,1.437865,1.372124,0.764674,1.437362,0.690763,0.697425,0.693265,0.693254,0.698936,0.697804,1.862823,,2.141202,2.097311,0.043891,0.192274,0.11891,1.022427,2.179825,2.096635,0.083189,0.53496,0.154442,1.083137,2.1371,2.103429,0.033671,0.362511,0.157937,1.101229,2.173586,2.107513,0.066072,0.491831,0.158711,1.109606,2.19097,2.10401,0.08696,0.739744,0.173755,1.114188
4453,15.0,15.0,3.906626,3.393567,4.030271,3.293105,3.729418,3.904341,3.053356,3.474258,3.766458,3.890935,3.373047,3.139314,3.095925,3.553053,3.096381,2.024009,2.471832,1.671733,2.565229,1.566794,3.122948,2.219097,1.503524,3.501567,1.540993,0.270199,0.990998,0.72708,2.274912,2.906301,1.156103,,0.53452,0.329592,0.204928,0.822112,0.149945,1.020984,0.533328,0.336715,0.196613,0.746052,0.165704,1.084728,0.601047,0.339569,0.261477,1.006431,0.172024,1.103886,0.544336,0.342822,0.201514,0.759798,0.177047,1.112194,0.547757,0.34364,0.204118,0.757822,0.178825,1.11664
4454,15.0,15.0,4.166733,4.150956,4.196997,4.596724,3.895064,4.395667,4.140025,3.782016,4.214516,3.387063,3.492959,3.274564,3.345192,4.032903,3.994944,5.438733,6.754059,4.94592,7.139737,2.40159,7.11116,6.495633,3.018542,7.048366,2.292878,2.092826,3.186435,3.297359,3.288297,2.795854,0.506858,,0.27393,0.196413,0.077516,0.246898,0.162839,1.011699,0.300253,0.21066,0.089593,0.282305,0.17561,1.075859,0.332934,0.204046,0.128888,0.378483,0.181221,1.09408,0.360729,0.2128,0.147929,0.457443,0.184455,1.100588,0.430924,0.210261,0.220663,0.713608,0.187373,1.103949
4460,16.0,16.0,1.690862,1.722595,1.65194,1.763248,1.645806,1.797844,1.669473,1.638644,1.903196,1.655049,1.634986,1.636119,1.642975,1.628826,1.630711,1.07147,0.862966,1.023912,0.916726,0.865608,0.923239,0.800194,0.608957,0.892238,0.199547,0.174792,0.201627,0.196033,0.20236,0.195663,2.384396,,1.690862,1.634986,0.055876,0.248927,0.12983,1.019938,1.722595,1.636119,0.086476,0.288485,0.147545,1.074491,1.763248,1.642975,0.120273,0.37229,0.163194,1.090285,1.797844,1.628826,0.169018,0.447126,0.167005,1.097602,1.903196,1.630711,0.272486,0.749427,0.165442,1.10169
4461,15.0,15.0,4.528707,3.949884,4.496604,5.054238,4.000792,5.049798,3.965819,4.17672,5.215693,3.502754,3.724976,3.309229,4.068008,4.186574,5.251381,19.973146,20.589021,19.379449,21.084736,18.678291,21.169777,20.361836,18.961904,21.34191,18.873548,18.092675,18.330095,18.693595,18.691375,18.891257,1.912586,,1.155326,1.104815,0.050512,0.170211,0.106672,0.945246,1.223814,1.106292,0.117523,0.401359,0.1158,1.030363,1.230771,1.112046,0.118725,0.413185,0.123911,1.057024,1.233398,1.114157,0.11924,0.418755,0.11978,1.06845,1.233699,1.11858,0.115119,0.420304,0.128447,1.074254
4462,16.0,16.0,4.691338,4.840191,4.492686,4.562987,4.335562,4.583963,4.458398,4.221654,4.384938,4.33139,3.729487,3.878528,4.074644,3.995987,3.759274,2.829925,2.27275,2.744339,2.083612,1.649452,1.820756,1.89838,1.882442,1.854151,2.580426,1.926453,0.742542,0.876497,0.649483,1.007248,5.96912,,0.909323,0.819782,0.089541,0.228343,0.127075,1.020766,0.996145,0.827673,0.168473,0.552428,0.136891,1.075945,1.043866,0.820355,0.223512,0.707388,0.148909,1.092437,1.0472,0.82289,0.22431,0.7045,0.158379,1.098683,1.018212,0.831736,0.186476,0.579526,0.152798,1.102247
4477,15.0,15.0,3.293715,3.122251,3.354564,2.993315,2.7883,3.100103,2.881735,3.267637,3.119391,3.087124,3.155218,3.157639,3.100482,3.063759,3.073698,2.463454,2.08402,1.870052,2.369249,2.080558,2.630991,1.785595,1.601093,2.608167,1.648868,0.922835,1.949169,2.029343,2.045375,2.040059,6.26632,,1.444155,1.389241,0.054913,0.212524,0.141837,1.023856,1.47974,1.394129,0.085611,0.295395,0.171241,1.082707,1.496357,1.400643,0.095714,0.52423,0.171978,1.099578,1.56449,1.394118,0.170372,0.566283,0.182147,1.107138,1.535161,1.396008,0.139153,0.550889,0.190107,1.111419
4481,15.0,15.0,6.001016,5.82933,5.845089,5.671565,5.846815,6.026937,5.631665,5.597902,6.498548,5.342709,5.39986,5.58782,5.46657,5.634976,5.871759,5.68726,6.298089,5.420549,6.771139,3.731241,6.747561,5.846584,3.991395,6.909266,3.176399,2.261164,2.278635,2.693605,3.055539,3.021293,5.435539,,4.166762,4.158305,0.008457,0.374967,0.139916,1.006608,4.167695,4.151731,0.015964,0.470051,0.153401,1.059917,4.212336,4.144212,0.068124,1.235098,0.168461,1.074596,4.21371,4.143156,0.070555,1.205653,0.179532,1.079836,4.192445,4.141127,0.051318,1.120284,0.182858,1.082382
4484,30.0,30.0,6.277989,6.237182,5.814634,5.736918,5.614176,5.519544,5.62365,4.90931,5.663784,5.089607,5.030393,4.591284,4.051906,4.064755,4.450622,6.437854,5.477669,6.350672,5.308974,5.153639,5.147615,4.724732,4.929826,5.347768,3.920114,3.218166,2.497014,1.870905,1.624033,1.673683,9.434284,,0.91117,0.810532,0.100638,0.313099,0.16798,1.033556,1.066107,0.83211,0.233996,0.855951,0.179973,1.093172,0.990352,0.83861,0.151742,0.510235,0.192297,1.110773,1.123029,0.841829,0.2812,0.976586,0.201709,1.117231,1.001916,0.842294,0.159622,0.5283,0.20399,1.120074
4486,15.0,15.0,5.047009,5.060584,5.086595,5.292805,5.006104,5.684818,4.764186,4.89873,5.314792,5.131759,4.551275,4.658656,4.385942,5.311077,4.844548,5.733818,5.128961,5.734798,4.934189,5.288259,5.654778,5.05284,5.858415,6.08518,5.43236,6.40873,5.663997,5.486783,6.640094,6.345953,8.77754,,0.458863,0.331245,0.127618,0.583848,0.140266,1.01872,0.46931,0.344353,0.124957,0.583141,0.164247,1.080371,0.471812,0.350658,0.121155,0.54921,0.173726,1.100472,0.498496,0.354051,0.144445,0.620295,0.1886,1.109547,0.499794,0.351061,0.148733,0.644045,0.193639,1.114356
4487,15.0,15.0,6.18237,6.333109,6.090728,6.55558,6.248305,6.470513,6.304054,6.263568,6.382908,6.297438,6.314004,6.404333,6.325063,6.317022,6.315904,2.631095,3.242876,2.519028,3.463,1.967023,3.616689,3.07896,2.064849,3.759804,1.871792,1.916339,1.989283,1.969639,1.975393,1.97769,5.567035,,5.097927,5.076234,0.021693,0.241344,0.137783,1.064263,5.121728,5.0888,0.032928,0.30956,0.163773,1.120269,5.179899,5.084506,0.095392,0.516665,0.182154,1.135389,5.183492,5.086949,0.096543,0.525076,0.189714,1.141948,5.335057,5.085635,0.249422,1.088834,0.192426,1.14518
4496,16.0,16.0,2.02285,2.389961,1.874737,2.049345,1.769062,2.189012,2.155678,1.563542,2.361649,1.914285,1.809998,1.939669,1.728502,1.843202,1.815184,6.56103,7.026115,6.520436,7.126262,3.555952,7.53959,6.34906,3.251028,7.372704,2.446274,2.386383,0.337132,0.767688,0.890713,0.894781,0.957451,,0.303564,0.127463,0.176101,0.588254,0.129186,1.015587,0.29478,0.115765,0.179015,0.481383,0.142575,1.076048,0.300116,0.117589,0.182527,0.489669,0.152148,1.091102,0.336777,0.120695,0.216082,0.607838,0.161692,1.096286,0.450538,0.128454,0.322085,1.026214,0.163112,1.098577
4502,15.0,15.0,8.16587,8.083293,8.130028,8.10523,8.007792,8.155204,8.039838,8.049038,8.094275,8.018908,8.074167,7.858653,7.859634,7.966378,7.956181,4.857238,5.207774,4.813621,5.259683,4.827858,5.238099,5.166314,4.752824,5.264914,4.694007,4.687104,4.703837,4.711968,4.706617,4.706685,8.651556,,8.16587,8.074167,0.091703,0.802004,0.295587,1.058503,8.083293,7.858653,0.22464,0.58397,0.301244,1.10852,8.10523,7.859634,0.245596,0.650477,0.316599,1.122683,8.155204,7.966378,0.188825,0.747006,0.333027,1.127524,8.094275,7.956181,0.138093,0.54204,0.335294,1.129908
4504,15.0,15.0,0.168355,0.183346,0.140573,0.265094,0.140063,0.193803,0.144375,0.134964,0.195346,0.132919,0.127589,0.134017,0.137044,0.139077,0.133003,1.49041,3.16606,1.461811,3.728184,0.29283,3.740699,3.123547,0.269586,3.92373,0.226884,0.22424,0.227859,0.231605,0.234108,0.235199,0.087133,,0.168355,0.127589,0.040766,0.152988,0.106177,0.970985,0.183346,0.134017,0.049329,0.176547,0.12521,1.030119,0.265094,0.137044,0.12805,0.473994,0.124176,1.049274,0.193803,0.139077,0.054726,0.190829,0.128373,1.058294,0.195346,0.133003,0.062343,0.194177,0.129779,1.06348
4510,30.0,30.0,1.946307,1.890402,1.885288,2.132005,1.30753,2.200684,1.745135,1.260813,2.217695,1.025323,0.921814,1.070155,1.063693,1.066046,1.155512,2.960717,2.220763,3.20066,2.712379,2.478789,3.17683,2.303072,2.044992,2.947172,2.0202,1.920545,1.285876,1.387752,1.502709,1.502432,8.176766,,1.278492,0.852087,0.426405,1.456539,0.33607,1.060848,1.339596,0.927529,0.412066,1.754672,0.394632,1.115758,1.569337,0.981359,0.587978,2.113238,0.394903,1.132102,1.6625,0.974702,0.687798,2.289925,0.352873,1.138182,1.828765,1.005868,0.822897,2.885736,0.40031,1.140875
4511,16.0,16.0,4.232477,4.441593,4.173515,4.255841,3.82307,4.313202,3.782798,4.098141,4.393432,3.705596,3.888874,3.43882,3.919655,3.559582,3.375591,5.001059,3.359394,4.154397,3.703441,4.864104,3.455442,2.581521,3.426865,3.722107,4.275974,3.473272,1.241396,0.794746,1.17211,1.373781,6.161268,,1.018297,0.960732,0.057565,0.286775,0.180192,1.017521,1.025688,0.943436,0.082252,0.323719,0.208159,1.0864,1.057437,0.940063,0.117374,0.395509,0.20781,1.10393,1.181527,0.936838,0.244689,0.828615,0.225467,1.110262,1.236668,0.937161,0.299507,1.018142,0.230043,1.113349
4521,15.0,15.0,23.408372,23.732609,22.880363,22.68045,22.306215,23.011068,22.471089,21.582045,23.378252,23.316449,20.75225,21.460276,20.40073,21.781074,20.761684,21.467949,23.548788,20.54096,22.542792,19.032178,23.70631,21.415527,17.618868,23.830241,17.08352,12.092045,14.99733,13.299242,15.307633,16.459734,9.36318,,6.276864,3.866309,2.410554,7.217903,2.848901,0.935606,5.692661,4.06069,1.63197,5.674549,2.866677,1.015834,6.678638,4.389258,2.289379,6.806413,3.659433,1.02264,6.542405,3.565309,2.977097,7.206816,2.289765,1.021644,6.827848,4.022254,2.805594,7.648705,2.716733,1.019561
4524,15.0,15.0,14.152398,14.670907,14.096197,14.885588,14.435704,14.390019,14.590149,14.170813,14.733232,14.153334,14.1325,14.492491,15.155382,14.87586,15.130564,6.907956,7.741139,6.537361,7.390631,6.310641,7.4336,6.736863,6.094524,7.702029,6.514908,5.45342,4.922847,5.222447,6.134905,6.166859,15.099244,,13.890436,13.867563,0.022873,0.187489,0.108968,0.969143,13.896016,13.872431,0.023585,0.216517,0.123064,1.035893,13.900345,13.873389,0.026957,0.221034,0.130915,1.056218,13.902928,13.86619,0.036738,0.228556,0.128331,1.063516,13.905213,13.868871,0.036342,0.232672,0.128006,1.066931
4526,15.0,15.0,4.646851,4.709749,4.540896,4.648619,4.511845,4.859525,4.683756,4.604416,4.876143,4.412993,4.861076,4.865594,4.657332,4.990429,4.838531,2.75922,2.758866,2.658292,3.267061,2.098635,3.286241,2.670738,2.166795,3.378705,2.205537,2.299257,2.31547,2.346077,2.202229,2.323616,7.227306,,3.254847,3.213077,0.04177,0.20931,0.145947,1.025143,3.279511,3.222085,0.057425,0.272823,0.165271,1.088608,3.285372,3.228321,0.057051,0.284299,0.168162,1.106997,3.325308,3.241543,0.083765,0.426155,0.166859,1.115046,3.403618,3.244005,0.159613,0.738235,0.168624,1.118974
4532,15.0,15.0,5.701109,6.338845,5.663591,6.236543,5.329958,6.196143,6.190549,5.247319,5.968076,5.006444,5.081357,4.917187,5.375677,5.328489,4.484084,6.78891,7.27301,5.640212,6.99838,4.81082,6.991792,5.898338,5.406418,7.1193,4.130975,3.346042,3.995571,3.838865,3.952261,3.891157,7.745286,,2.993542,2.848227,0.145315,0.533609,0.096493,1.009707,3.283729,2.859787,0.423942,1.026564,0.12314,1.073434,3.392406,2.870446,0.52196,1.191051,0.134135,1.092398,3.41933,2.875754,0.543576,1.265954,0.14705,1.099045,3.425241,2.878323,0.546918,1.279603,0.147234,1.102003
4534,15.0,15.0,9.835177,10.710876,9.330391,10.865077,9.23143,10.018253,9.671007,9.222028,10.081776,8.917423,8.526513,9.819454,9.575164,9.268181,9.196367,11.09177,9.008505,10.769119,9.026372,10.124365,8.761807,8.02429,10.081175,9.287488,9.883691,9.957083,3.11391,3.913871,3.870642,4.688508,14.019066,,0.17593,0.105641,0.07029,0.191544,0.127924,0.977989,0.198188,0.104251,0.093937,0.221724,0.13106,1.050905,0.204947,0.108087,0.09686,0.23324,0.130938,1.070682,0.207379,0.108665,0.098714,0.241156,0.136409,1.079102,0.230273,0.120053,0.110221,0.290135,0.141502,1.083554
4535,16.0,16.0,4.253401,4.580142,4.295,4.841492,4.036865,4.897573,4.600263,4.1261,5.16084,4.154823,3.814425,3.60698,4.817458,4.813004,5.221116,4.1318,4.446637,4.039801,4.565652,3.024663,5.135907,4.1929,3.312931,5.238494,3.356611,2.609074,2.889459,3.606709,3.779902,3.608732,3.167954,,1.293858,1.221907,0.07195,0.186004,0.127164,1.015714,1.35355,1.208958,0.144593,0.371672,0.136208,1.078806,1.334893,1.213545,0.121348,0.268365,0.145248,1.097264,1.338973,1.215629,0.123344,0.272121,0.153558,1.104689,1.422693,1.215748,0.206945,0.589932,0.162194,1.108201
4538,15.0,15.0,11.144807,11.597167,10.562114,11.814349,9.858439,11.812427,10.891192,9.884582,11.054282,10.163768,9.956093,10.522566,10.322119,10.15872,9.861727,15.721532,16.610461,15.689793,17.92218,12.836978,17.173681,15.382748,13.800419,17.514618,13.187243,13.53489,9.956863,11.442762,11.328928,11.013484,10.250397,,0.561333,0.152339,0.408993,1.470864,0.231057,0.973992,0.432332,0.163803,0.268529,0.771982,0.229198,1.068197,0.459205,0.16604,0.293165,0.880997,0.241037,1.082004,0.71054,0.177328,0.533212,1.816388,0.248476,1.083487,0.641109,0.162823,0.478286,1.395314,0.266431,1.082948
4539,16.0,16.0,37.189776,36.830562,37.063311,37.112672,36.806432,37.194594,36.750415,36.777311,36.956237,36.767277,36.698005,36.320256,36.680896,37.136638,36.630107,19.365099,21.137194,18.994734,20.998481,18.346158,21.173026,20.59742,18.526453,21.206137,18.229386,18.250884,19.511076,18.948945,19.373133,19.371835,37.563798,,40.268196,40.274208,-0.006012,0.1709,0.098776,0.986779,40.262409,40.266418,-0.004009,0.201709,0.132455,1.044301,40.228732,40.254193,-0.025461,0.328547,0.141863,1.063196,40.228511,40.253717,-0.025206,0.336922,0.145269,1.072048,40.243602,40.261666,-0.018064,0.276159,0.149067,1.076963
4540,15.0,15.0,7.265387,7.369025,6.922451,6.793076,7.169757,7.331933,7.311168,6.478331,6.948017,6.580697,6.675699,6.847374,6.978428,6.714045,6.169969,3.492527,3.782546,3.426306,3.990031,3.078505,3.85401,3.452496,3.068872,3.828616,3.207699,2.427978,3.697088,3.921895,3.643129,3.123044,9.591195,,4.414953,4.329278,0.085674,0.305368,0.152182,1.028556,4.557221,4.335232,0.221989,0.720518,0.180071,1.089267,4.581625,4.342898,0.238726,0.823824,0.189454,1.107769,4.568415,4.340638,0.227776,0.751656,0.193769,1.115178,4.525385,4.34063,0.184754,0.579353,0.191017,1.119099
4554,15.0,15.0,22.902646,22.948475,21.942803,23.370885,21.589091,22.33427,22.458269,22.191314,22.352598,22.303186,22.613249,23.32773,22.4828,21.835315,21.614144,17.310907,16.00118,16.285086,16.714053,16.622757,16.921211,14.764268,13.348638,16.803193,12.354698,11.91228,11.38995,12.012646,11.570436,11.902555,22.887738,,9.473892,9.641525,-0.167633,1.178827,0.144239,1.039515,9.367296,9.61816,-0.250863,2.272974,0.178024,1.080033,9.445823,9.628898,-0.183076,2.578576,0.185236,1.087026,9.39539,9.627852,-0.232462,2.912651,0.206069,1.087498,9.295457,9.630684,-0.335227,2.930783,0.211005,1.087997
4557,15.0,15.0,7.883987,7.920213,7.317337,8.021764,7.476378,8.219055,6.860709,6.687132,7.824213,6.306073,6.284106,6.094703,5.781003,5.375554,5.708853,8.145201,8.658582,7.695604,10.497429,6.681855,9.642447,7.131593,6.711536,10.215435,6.211384,5.572957,4.492581,8.280292,5.052971,6.944711,6.506826,,7.231813,5.890949,1.340863,5.155872,2.882068,0.904579,7.357163,7.070556,0.286607,5.527571,2.979015,0.963679,7.546906,6.806048,0.740857,5.982298,3.046411,0.97895,8.04232,6.263295,1.779025,7.783925,3.640861,0.982844,7.753992,6.772096,0.981897,6.822019,3.626887,0.983657
4562,15.0,15.0,5.111367,4.929786,5.013768,5.006118,5.152596,5.083825,4.850945,5.031761,4.893961,5.139766,5.323855,4.574785,4.638187,4.456686,4.450783,3.051869,3.347479,2.825805,3.580023,2.711985,3.927997,3.166038,2.617222,3.894341,2.551178,2.55073,2.574648,2.590167,2.719208,2.564673,8.188922,,4.713676,4.696137,0.017539,1.568773,0.42582,1.047286,4.65454,4.379771,0.274769,2.006749,0.552114,1.092642,4.763871,4.373907,0.389964,2.644584,0.53414,1.103846,4.737563,4.353272,0.384292,2.658559,0.592179,1.107767,4.642329,4.32419,0.318138,2.508305,0.562298,1.108894
4567,15.0,15.0,2.709889,3.355906,2.64921,3.244817,2.850977,2.796952,3.303796,2.805105,3.077778,2.99859,2.615866,3.324776,3.174865,2.803175,2.799524,27.258498,27.377499,26.070058,27.247958,26.559157,27.066866,26.279668,26.125733,26.879911,26.286925,26.690456,26.196719,26.057397,26.495053,26.263563,0.599592,,0.276442,0.208891,0.067551,0.220957,0.135024,1.010684,0.294641,0.205397,0.089243,0.255555,0.165756,1.069953,0.308936,0.213759,0.095176,0.286337,0.171118,1.084641,0.310838,0.202791,0.108048,0.298658,0.179712,1.089632,0.372045,0.202502,0.169544,0.51688,0.188128,1.091952
4568,15.0,15.0,23.455396,21.813273,22.498362,21.634008,22.002549,20.856429,21.138289,21.474926,19.554156,20.817443,19.950495,19.715233,19.119355,18.32473,17.024993,43.524647,36.543636,43.329484,36.960966,42.864076,36.505739,35.903639,43.476697,36.306534,42.84736,41.723257,34.280206,36.085175,32.597728,32.314562,43.796843,,23.186985,23.185629,0.001356,0.22966,0.14473,0.995521,23.080439,23.179288,-0.098848,0.592352,0.19443,1.049762,22.943126,23.159996,-0.216869,1.124145,0.20288,1.065105,22.983836,23.150356,-0.16652,0.955507,0.200017,1.071387,22.93732,23.148885,-0.211565,1.143678,0.200654,1.074832
4572,15.0,15.0,5.520576,6.466233,5.252268,5.649984,4.36834,6.740966,6.429122,4.335163,6.518868,4.2023,4.70877,5.629111,5.409319,5.582986,5.688437,4.776274,4.295642,4.719932,4.832251,4.187465,4.455325,3.485103,4.214653,4.922505,4.384763,3.672027,1.545162,1.890136,1.960721,2.17335,8.888451,,2.389736,2.105927,0.283809,1.107154,0.105697,0.98699,2.227112,2.094924,0.132188,0.482604,0.114683,1.056664,2.151794,2.096324,0.055469,0.202786,0.115907,1.077753,2.289726,2.089682,0.200045,0.749158,0.122233,1.085978,2.147365,2.083528,0.063837,0.216733,0.11185,1.09007
4584,15.0,15.0,3.907561,3.308072,3.852719,3.346342,3.505917,3.3775,2.872124,2.749427,3.677841,3.294152,1.749675,1.974149,1.558265,1.614736,1.275816,7.785966,5.438579,7.588891,5.141958,6.364657,5.48456,4.313443,6.284966,5.961809,6.086669,5.622765,2.424757,0.983931,1.978857,3.306827,45.397153,,0.449074,0.21617,0.232904,0.844542,0.150962,1.080083,0.468137,0.184381,0.283756,0.923499,0.178461,1.140851,0.47376,0.183729,0.290031,0.915373,0.180474,1.154705,0.726512,0.21398,0.512532,1.81746,0.190831,1.158785,0.742888,0.21424,0.528648,1.871788,0.199056,1.159632
4588,15.0,15.0,7.539016,8.319037,6.490717,7.735709,6.964818,7.879172,7.76328,6.6559,7.976306,6.263329,5.871474,6.718204,6.357758,7.328452,6.807309,18.148564,16.862687,15.941959,16.273741,14.752867,16.202317,14.849605,13.812367,16.088254,12.835088,12.541114,8.293936,8.232297,8.977228,9.121983,10.21361,,0.664234,0.422938,0.241296,1.005527,0.197524,0.996077,0.990535,0.431516,0.559019,2.027437,0.234345,1.067356,1.267996,0.449073,0.818922,2.710776,0.261297,1.080076,0.906121,0.44941,0.456711,1.473297,0.241103,1.082997,1.035369,0.450332,0.585037,1.975024,0.285938,1.083671
4589,15.0,15.0,3.808166,3.374958,3.577581,3.735598,3.908749,4.087817,3.3308,3.955612,3.905903,4.048239,3.959122,4.07736,3.995583,4.094119,4.068341,5.38192,6.137877,5.361086,5.781405,4.120231,5.37732,5.685976,3.711584,5.785395,2.607671,2.7997,3.093566,2.680223,2.464832,2.616989,2.418685,,1.163068,1.123513,0.039555,0.195442,0.114028,0.969895,1.183547,1.131162,0.052385,0.225306,0.133931,1.040176,1.447105,1.136238,0.310866,1.244407,0.13692,1.062245,1.480152,1.142948,0.337204,1.351874,0.144814,1.070748,1.500354,1.135094,0.36526,1.425778,0.149923,1.074931
4590,15.0,15.0,0.204391,0.220823,0.174982,0.226427,0.171234,0.232257,0.190306,0.156549,0.237169,0.159241,0.130326,0.132405,0.139488,0.13823,0.141227,1.663402,2.512874,1.64018,2.926455,0.877716,3.124133,2.469775,0.605142,3.273038,0.156901,0.120549,0.125435,0.134377,0.140079,0.158139,5.088473,,0.204391,0.130326,0.074065,0.174122,0.123394,0.95369,0.220823,0.132405,0.088418,0.197687,0.125506,1.021156,0.226427,0.139488,0.086939,0.206002,0.130704,1.043325,0.232257,0.13823,0.094027,0.213638,0.138111,1.052157,0.237169,0.141227,0.095942,0.21861,0.142581,1.056739
4594,15.0,15.0,21.684085,20.064842,21.604098,20.891544,21.729751,20.098606,19.642318,21.51361,20.53996,21.906477,21.493618,20.252383,20.755827,20.228622,20.286096,9.679842,10.057027,9.485987,9.84049,9.541063,9.398708,9.836577,9.674843,9.259819,9.854521,9.724586,8.250974,8.731521,8.422041,8.156869,21.003444,,19.567904,19.616985,-0.049081,0.757643,0.405252,1.019883,19.556363,19.60775,-0.051387,1.226572,0.26024,1.082107,19.648971,19.601712,0.047259,1.199268,0.266046,1.095702,19.750568,19.591848,0.158721,1.793024,0.257091,1.100556,19.816306,19.587867,0.228438,1.905155,0.263463,1.103072
4595,16.0,16.0,2.374169,2.391109,2.335593,2.41548,2.322697,2.417667,2.34677,2.309762,2.423487,2.322568,2.288044,2.293216,2.288952,2.287001,2.292815,1.068238,1.082818,1.021501,1.09803,1.012197,1.139362,1.037515,1.005126,1.141003,1.020322,0.987447,0.982481,0.996558,0.997087,0.994152,3.444426,,2.374169,2.288044,0.086124,0.187647,0.119847,0.992679,2.391109,2.293216,0.097893,0.216064,0.142287,1.051073,2.41548,2.288952,0.126529,0.278134,0.159454,1.068509,2.417667,2.287001,0.130666,0.285323,0.160561,1.076769,2.423487,2.292815,0.130672,0.29161,0.163244,1.081598
4617,15.0,15.0,1.697523,1.544218,1.430004,1.481333,1.081165,1.615969,1.484491,1.006873,1.363219,0.79372,0.642427,1.030868,0.653995,0.971012,0.71253,2.137344,2.630299,2.169957,2.600985,1.65126,2.631759,2.159438,1.534372,3.024572,1.249777,0.606811,0.490492,0.542044,0.537575,0.706822,2.005919,,0.512873,0.275588,0.237285,0.535214,0.22903,1.000103,0.620171,0.266732,0.353439,0.953121,0.195272,1.068704,0.69936,0.253662,0.445697,1.14948,0.231293,1.087566,0.662683,0.243232,0.419452,1.005299,0.257458,1.09494,0.691569,0.283276,0.408294,1.006588,0.280684,1.09854
4618,15.0,15.0,2.286343,3.059874,2.255687,3.734559,1.791432,4.180993,3.021899,1.675438,4.474097,1.551296,1.731398,2.155737,2.405151,2.813966,2.813948,7.995332,8.493469,7.389175,9.259225,5.6855,9.615021,8.086335,5.622778,9.713755,5.61295,4.667216,5.258679,6.23955,6.617603,6.675134,0.910398,,1.510855,0.99939,0.511465,1.232212,0.127557,1.01885,2.059076,1.007153,1.051923,2.359361,0.166752,1.068132,2.394464,1.021325,1.373139,3.621767,0.195119,1.081734,2.621272,1.027927,1.593345,4.000607,0.20749,1.085157,2.929632,1.026264,1.903369,4.626102,0.209149,1.086097
4620,15.0,15.0,6.523456,7.103588,6.489508,7.300652,5.52477,8.339903,7.07114,5.472985,8.457127,5.823243,5.150157,5.564297,5.642935,5.586076,5.774009,39.937943,39.362702,39.437604,39.37365,42.276427,39.272156,38.689538,43.053385,39.314445,44.198169,45.044632,44.775091,44.380375,44.178514,44.1582,0.602184,,4.145047,2.673476,1.471571,5.707056,2.60717,1.004031,4.442548,2.861493,1.581054,5.736887,2.517278,1.070519,4.662589,2.956891,1.705698,5.894963,2.738829,1.08302,5.586229,2.963937,2.622292,8.278685,2.744177,1.08526,5.572147,3.165572,2.406575,7.353274,3.093765,1.084944
4625,15.0,15.0,3.695898,4.151029,3.459584,3.83098,2.964535,3.440855,3.874531,2.945323,3.495334,2.856621,2.912836,3.399721,3.052505,3.078224,3.243861,3.850303,3.546558,3.602994,3.669316,2.684417,3.301792,2.924508,3.576811,2.896469,2.653666,2.809432,2.137114,2.099312,1.86623,1.724393,5.744175,,3.092316,2.545937,0.546378,2.348966,0.2482,1.046941,2.995581,2.540498,0.455083,2.03626,0.312138,1.107688,2.950438,2.56276,0.387678,1.897924,0.340231,1.121809,2.786655,2.568429,0.218226,1.407127,0.346712,1.126625,2.667344,2.560445,0.106899,1.269058,0.359218,1.128695
4636,15.0,15.0,5.39435,5.544534,5.12887,5.82907,4.426503,5.766354,5.488457,4.970716,5.868797,4.545776,4.706826,4.682635,4.775953,4.803426,4.590572,6.940727,6.805009,6.303671,6.442566,6.461509,6.394245,6.381986,6.662366,6.253356,6.469786,5.720403,3.891777,4.383901,4.089886,4.066002,6.645327,,1.907734,1.625195,0.282539,0.613666,0.286095,1.045052,2.396418,1.648869,0.747548,2.440047,0.317003,1.101445,2.212088,1.648374,0.563714,1.69242,0.338233,1.117272,2.132247,1.620813,0.511434,1.296511,0.306043,1.124119,2.226283,1.615379,0.610904,1.804772,0.30561,1.127389
4638,15.0,15.0,10.87291,10.754994,10.724777,10.976239,10.723326,10.82197,10.643343,10.719784,10.851359,10.521846,10.520362,10.704586,10.788486,10.645119,10.65781,5.686145,6.343702,5.266079,5.982463,3.75643,6.237001,5.820104,3.74945,6.364578,3.285425,3.501787,3.433056,3.737867,3.723819,3.723915,11.768888,,9.483518,9.427845,0.055673,0.369238,0.146884,1.00702,9.455941,9.434544,0.021397,0.530681,0.161447,1.071988,9.513605,9.436762,0.076842,0.377449,0.175642,1.089818,9.457031,9.437425,0.019606,0.64934,0.183152,1.095978,9.468156,9.440384,0.027772,0.620671,0.184935,1.098627
4640,15.0,15.0,0.71768,1.071085,0.645739,1.100749,0.408133,1.215221,0.975275,0.37324,1.223281,0.408111,0.313674,0.317505,0.346261,0.371899,0.330532,1.007007,2.036167,0.938932,2.478353,0.520372,2.556839,1.895523,0.533468,2.751288,0.423407,0.392492,0.451526,0.441266,0.452915,0.466319,0.57001,,0.71768,0.313674,0.404006,1.23341,0.279804,1.00988,1.071085,0.317505,0.75358,2.135459,0.336256,1.052022,1.100749,0.346261,0.754488,2.177462,0.390437,1.060183,1.215221,0.371899,0.843322,2.25354,0.441364,1.061464,1.223281,0.330532,0.892749,2.347778,0.416306,1.061374
4646,16.0,16.0,4.950284,5.147642,4.912035,5.296578,4.741399,5.263372,5.082637,4.727579,5.213993,4.721767,4.718244,4.719886,4.714168,4.718039,4.724365,15.608136,15.624216,15.592354,15.636871,15.586719,15.636842,15.602902,15.5828,15.62439,15.592228,15.572749,15.583274,15.591552,15.586416,15.588773,4.754436,,4.950284,4.718244,0.23204,1.136922,0.13219,1.049803,5.147642,4.719886,0.427757,1.946844,0.148594,1.101924,5.296578,4.714168,0.582411,2.256402,0.154467,1.116046,5.263372,4.718039,0.545333,2.120055,0.155054,1.121145,5.213993,4.724365,0.489629,1.948994,0.161662,1.123814
4655,15.0,15.0,0.566184,0.664971,0.504647,0.683139,0.162737,0.791189,0.599819,0.14309,0.804706,0.121136,0.096922,0.110058,0.100539,0.094654,0.097526,0.259102,0.671978,0.200631,1.125876,0.158436,1.577262,0.589025,0.1401,1.678731,0.117302,0.088444,0.088506,0.091085,0.090703,0.095525,0.068818,,0.395653,0.105,0.290653,0.929781,0.167371,1.03385,0.462961,0.116958,0.346003,1.089226,0.190912,1.097914,0.599491,0.106056,0.493435,1.558605,0.195298,1.112717,0.688676,0.099412,0.589265,1.874901,0.20461,1.117435,0.723928,0.099689,0.624239,1.969174,0.209006,1.11953
4671,16.0,16.0,3.689666,3.212054,3.634069,3.266705,3.35814,3.079916,2.944247,3.496215,3.407781,3.472444,3.338746,2.62357,2.780038,2.837442,2.965677,5.422046,5.847184,4.341728,6.205115,2.866646,6.198561,5.392871,2.469446,6.305797,3.629409,0.644997,1.415405,0.743437,1.273809,1.749863,4.200426,,0.809049,0.559732,0.249318,0.701013,0.157811,0.99813,1.011739,0.545731,0.466008,1.426635,0.185534,1.04857,1.086338,0.540622,0.545717,1.622545,0.183573,1.059661,1.084149,0.53658,0.547569,1.583116,0.232614,1.064675,1.163206,0.535354,0.627853,1.781333,0.194397,1.0672
4674,15.0,15.0,3.760563,3.26924,3.568743,2.939835,3.408639,3.272544,3.268977,3.421458,3.267902,3.032235,2.808148,2.810139,2.324751,2.344277,2.55026,4.905524,4.474986,4.86835,4.288592,4.401214,4.371981,4.485698,4.192866,4.689926,4.126004,3.82281,2.563487,2.324179,2.819666,3.083528,3.977681,,0.364179,0.205506,0.158673,0.632391,0.123785,0.96948,0.358416,0.216273,0.142142,0.558551,0.14891,1.036922,0.341819,0.216018,0.125801,0.394493,0.171274,1.055223,0.387051,0.218532,0.16852,0.535034,0.169358,1.062137,0.391931,0.216574,0.175357,0.518749,0.171988,1.06554
4677,15.0,15.0,2.915691,2.793819,2.632809,2.789558,2.534302,2.467835,2.564475,2.249814,2.437005,2.039709,1.728805,1.787459,1.728456,1.744939,1.777073,1.873653,1.958477,1.807898,1.983462,1.699618,1.972295,1.631365,1.756812,2.1029,1.545411,0.526632,0.961587,0.971214,1.093761,1.047558,3.549701,,0.988246,0.701307,0.286939,1.191936,0.152635,1.048737,1.103016,0.693472,0.409544,1.640665,0.172829,1.100295,1.154851,0.695377,0.459474,1.823311,0.184777,1.114019,1.120124,0.691639,0.428485,1.700548,0.195707,1.119079,1.091085,0.693066,0.398019,1.559006,0.20031,1.121557
4718,15.0,15.0,4.876094,3.94516,4.50476,3.752219,4.295852,3.545573,3.759251,4.255899,3.916109,4.270882,4.082014,3.206742,3.431929,3.237161,3.459998,4.271707,4.197199,3.809362,4.289949,2.888954,4.405468,3.699211,3.245929,4.553456,2.774505,3.024342,2.302189,2.438937,2.419661,2.340817,5.544212,,2.226442,2.193999,0.032443,0.199738,0.138169,1.031272,2.243756,2.194926,0.04883,0.230213,0.143024,1.087814,2.252869,2.195913,0.056956,0.245608,0.166813,1.102233,2.258099,2.198669,0.05943,0.252873,0.176196,1.107858,2.261771,2.18678,0.074991,0.270478,0.186852,1.110397
4727,30.0,30.0,4.260684,4.099761,4.089078,4.226104,3.35908,4.124251,3.872686,3.37113,4.514597,3.461088,3.10061,2.862736,2.728383,2.70801,2.908324,5.881002,6.885454,5.705971,6.690604,5.338073,6.355006,6.751181,5.504902,6.387754,5.523329,5.196958,6.789427,5.656749,4.811047,4.626298,12.78813,,1.67809,1.232023,0.446067,1.841898,0.274173,1.031656,1.948375,1.116659,0.831716,2.820753,0.458593,1.091508,2.231161,1.193292,1.037869,3.522354,0.368776,1.106994,2.228879,1.16737,1.061509,3.620703,0.378948,1.113055,2.433055,1.283697,1.149358,3.89529,0.440139,1.115749
4729,46.0,46.0,5.683696,5.764679,5.136652,5.866834,5.065572,5.404128,5.419642,4.823816,5.60612,4.667245,5.281268,5.056532,4.95381,4.781793,4.938113,4.803181,5.316921,4.393945,5.983869,4.387932,5.78073,4.544335,4.176664,5.901209,4.070081,3.226622,2.484736,3.130508,3.204131,3.050135,3.50456,,0.438089,0.355467,0.082622,0.318236,0.16839,1.008638,0.516463,0.353908,0.162555,0.547173,0.185937,1.07229,0.586219,0.361651,0.224568,0.737817,0.19712,1.090387,0.613652,0.36205,0.251602,0.815618,0.205725,1.097998,0.632557,0.348162,0.284395,0.952219,0.210539,1.101758
4733,15.0,15.0,17.651659,19.983703,16.936805,19.580428,16.816144,20.247122,19.665008,15.902979,20.060041,15.611555,16.626593,17.167016,18.524643,18.315219,18.898089,29.567326,27.690122,27.633118,27.639422,29.583291,28.089795,25.776459,28.767362,27.874795,27.953891,26.808958,26.532334,26.470399,26.56153,26.964436,4.215828,,13.735565,12.831628,0.903937,8.731575,6.91274,0.947429,14.011091,13.070182,0.940909,8.351531,6.224421,0.99424,14.91275,14.549365,0.363384,8.356195,5.869925,1.006533,14.958473,14.512442,0.44603,7.62385,5.751812,1.008197,14.945907,15.084303,-0.138396,7.294204,5.107812,1.007812
4736,15.0,15.0,10.117522,10.373854,9.658725,11.719019,9.077657,12.862521,9.988028,8.569014,13.186244,8.964729,8.784023,9.526992,9.780049,11.030564,11.338869,13.761108,14.217582,13.082728,14.126325,11.556907,14.103241,13.390367,11.026372,14.199738,9.428219,9.062075,8.826943,9.248686,9.286578,9.573736,3.589665,,5.67446,4.298448,1.376012,4.680246,1.404951,1.007733,5.997958,4.822316,1.175643,4.440647,1.661718,1.065119,6.153859,5.119467,1.034392,5.019744,1.875702,1.070962,6.422612,5.693869,0.728743,4.838186,1.96857,1.071307,6.922292,5.896098,1.026194,5.487793,2.013896,1.070609
4737,15.0,15.0,3.3751,3.534574,3.269644,3.668841,2.944749,3.776005,3.101684,2.836919,3.620636,2.94106,2.699234,2.628212,2.709211,3.506591,2.75891,3.31436,4.300052,3.295354,4.299001,3.274045,4.505756,4.647651,3.274675,4.532281,3.143029,2.766726,4.814956,4.400456,4.773626,4.794905,5.233543,,2.546223,2.482635,0.063588,0.236531,0.128295,1.040839,2.557958,2.47341,0.084547,0.266895,0.158905,1.096318,2.58925,2.478807,0.110443,0.345597,0.170713,1.111672,2.63302,2.488355,0.144665,0.51569,0.174742,1.116897,2.659824,2.491561,0.168263,0.630018,0.187373,1.119184
4743,15.0,15.0,6.54379,6.212017,6.078973,6.539433,5.615347,6.321907,5.940591,5.611746,6.474355,6.022797,5.542142,4.867605,5.44613,5.55013,5.64317,7.726026,7.935146,6.55403,7.975644,6.044182,8.143503,7.023954,4.578559,8.322702,5.683161,4.094783,4.363445,4.592999,4.926279,4.853466,10.081694,,1.534182,1.291984,0.242198,1.056195,0.130887,1.00293,1.595661,1.299615,0.296046,1.100491,0.168833,1.064001,1.811153,1.31049,0.500664,1.615021,0.204239,1.078821,1.743289,1.303602,0.439687,1.568941,0.187132,1.084606,1.921569,1.308559,0.61301,1.670036,0.214347,1.08785
4744,15.0,15.0,6.370502,6.999897,5.758166,7.014135,5.72335,6.55139,6.560915,5.696859,6.434077,6.13387,6.573773,6.44379,6.988495,6.151246,5.594149,7.99804,6.562803,7.889084,5.917823,7.207905,6.273721,6.313144,7.118507,6.856601,8.198341,8.119467,5.888586,5.12117,5.336002,5.379277,6.332473,,0.222261,0.177911,0.04435,0.198683,0.126148,1.002096,0.314207,0.168105,0.146102,0.524039,0.164503,1.06445,0.39604,0.172677,0.223364,0.770659,0.168795,1.081886,0.42832,0.187582,0.240738,0.846536,0.172122,1.090345,0.387033,0.19206,0.194973,0.719743,0.179644,1.095257
4758,15.0,15.0,5.435051,4.670702,5.254144,4.378828,5.217801,4.778381,4.509223,4.715715,4.708997,4.957911,4.036944,4.36698,3.980221,4.283723,4.181777,6.079421,6.387563,5.454137,6.349057,3.110994,6.691664,5.805065,3.886101,6.815902,2.789054,3.073869,2.801241,1.972797,2.491493,2.495312,5.104428,,0.907841,0.4441,0.463741,1.702234,0.148383,0.988414,0.858207,0.456455,0.401752,1.535129,0.176301,1.049562,1.121121,0.443389,0.677731,2.310191,0.190246,1.066591,1.135007,0.443762,0.691244,2.356179,0.19457,1.072836,1.023949,0.440892,0.583057,1.915336,0.198445,1.075011
4759,15.0,15.0,9.911781,10.500507,9.540811,10.35949,8.983153,10.590302,10.268985,8.437319,10.67231,8.72178,8.620328,10.573777,10.132764,10.766653,9.956567,7.827935,9.366875,7.245436,9.338134,7.653822,9.07897,8.711259,6.493169,9.257305,5.842052,4.450866,4.963177,4.678923,4.719285,5.748785,9.153849,,2.980404,2.914917,0.065487,0.343868,0.112757,1.040641,3.085437,2.907542,0.177895,0.691299,0.130431,1.103682,3.07495,2.902427,0.172523,0.642152,0.137301,1.121288,3.08669,2.900438,0.186252,0.667709,0.135964,1.129826,3.125522,2.903934,0.221588,0.818073,0.144171,1.135345
4762,15.0,15.0,12.045095,11.664659,11.782203,12.088935,11.844659,12.304455,11.199588,11.206566,12.242719,11.392664,10.789341,11.334466,12.124235,12.057413,12.164516,6.829522,6.62318,6.789872,6.64729,6.656502,7.263636,6.480308,6.522183,7.207386,7.000861,5.967733,3.999353,3.168248,3.496395,3.785519,36.23924,,7.087263,6.874541,0.212722,0.976354,0.203473,1.049388,7.138296,6.879433,0.258863,1.191138,0.218628,1.104161,7.189016,6.873269,0.315747,1.323396,0.227812,1.120544,7.235434,6.879831,0.355603,1.449302,0.237588,1.126557,7.365559,6.894712,0.470847,1.793581,0.260228,1.128753
4770,15.0,15.0,5.580105,6.886115,4.744094,5.253402,5.147033,5.670861,6.579767,5.02565,5.972044,4.986598,5.158544,5.130059,4.814953,5.072402,5.224722,10.212723,8.556764,10.14404,9.003168,6.767816,8.660357,7.602745,7.444785,8.900508,6.734675,6.332684,3.061427,3.692735,3.779141,4.338114,3.518115,,1.618878,0.929671,0.689207,1.83702,0.619689,1.003989,1.825957,1.257315,0.568642,2.085005,0.754151,1.053723,1.737029,1.336881,0.400148,1.839956,0.773441,1.067354,1.804804,1.244154,0.56065,2.617417,0.774095,1.073126,2.013134,1.182201,0.830933,2.874014,1.008657,1.076087
4771,15.0,15.0,4.815814,4.822948,4.786419,4.834351,4.777808,4.89478,4.793389,4.771389,4.940262,4.769018,4.755272,4.757185,4.769565,4.77161,4.766213,17.322671,17.11206,17.058174,17.071732,17.45803,17.246802,16.847225,17.459722,17.189205,17.46505,17.454837,17.491532,17.492791,17.498564,17.477251,4.734034,,5.149952,5.090657,0.059294,0.175012,0.105587,1.024486,5.158962,5.092775,0.066187,0.199978,0.108829,1.081118,5.170344,5.101891,0.068452,0.215298,0.110976,1.100004,5.23497,5.104083,0.130888,0.445708,0.12518,1.108676,5.283462,5.102654,0.180809,0.632303,0.124823,1.113367
4785,15.0,15.0,1.915753,2.304597,1.89206,2.456299,1.844596,2.404643,2.153117,1.819809,2.371345,1.822715,1.789147,1.796579,1.802351,1.799256,1.803318,1.140001,1.040004,1.104508,1.155946,0.761306,1.19492,0.993403,0.745766,1.339268,0.742356,0.701603,0.728142,0.722851,0.737777,0.747716,1.817,,1.915753,1.789147,0.126606,0.467844,0.155078,1.018581,2.304597,1.796579,0.508018,1.862686,0.192983,1.083726,2.456299,1.802351,0.653949,2.000397,0.188987,1.103099,2.404643,1.799256,0.605387,1.958229,0.201268,1.110744,2.371345,1.803318,0.568026,2.162284,0.209034,1.114378
4804,15.0,15.0,3.479688,3.585315,3.321529,3.456852,3.307725,3.128534,3.59915,3.335956,3.315899,3.697436,3.700966,3.579003,3.617817,3.132744,3.136115,4.909021,5.237723,4.915093,5.284453,4.165762,5.58024,4.895542,4.216756,5.453602,4.45163,3.539144,3.628251,3.53328,3.533185,3.53512,4.961211,,1.01609,0.952089,0.064001,0.158389,0.104865,1.00747,1.035233,0.961699,0.073533,0.184314,0.112656,1.066606,1.042567,0.963305,0.079262,0.196737,0.115814,1.084322,1.046662,0.963553,0.083109,0.203255,0.123521,1.091965,1.048858,0.967165,0.081694,0.205191,0.127245,1.096156
4816,15.0,15.0,4.599988,4.628794,3.775787,5.872567,3.576733,6.126359,4.46594,3.364972,5.04302,3.569896,2.783002,2.309612,3.158349,3.82826,3.992238,7.847738,7.666083,7.103445,7.191989,5.421827,7.300008,6.987133,4.522594,6.943232,3.765229,2.343857,2.341924,2.439957,2.239407,2.049833,11.357471,,0.303243,0.232626,0.070617,0.239452,0.157305,1.020327,0.411221,0.217513,0.193708,0.609655,0.176897,1.078049,0.493123,0.233132,0.25999,0.792816,0.193725,1.093272,0.519159,0.241429,0.27773,0.834494,0.201318,1.098818,0.571989,0.239079,0.332909,1.046807,0.195629,1.101342
4834,31.0,31.0,5.875029,5.751584,5.42071,5.952987,4.797431,5.957668,5.531811,4.973974,5.903112,4.461484,4.623694,4.408935,4.73772,4.438212,4.545853,6.697428,7.466867,6.679095,7.537607,5.876809,7.539992,7.07109,6.226496,7.781308,5.451972,5.487256,5.863685,5.386384,5.635982,6.197856,8.365701,,4.689008,3.986763,0.702245,2.801471,0.718538,1.032015,4.655425,3.843267,0.812157,2.801415,0.454258,1.094731,5.002046,4.139588,0.862458,2.987563,0.548027,1.112761,5.175169,4.15028,1.024889,3.387079,0.429915,1.119403,5.127642,4.18027,0.947371,3.677507,0.537445,1.12246
4836,16.0,16.0,11.42668,10.136834,10.74846,10.139397,11.470067,10.681324,9.745215,10.558362,10.660634,11.576583,9.005764,8.902549,9.282272,10.120559,10.075719,10.597691,7.551594,9.916662,8.08262,9.629455,7.964402,6.595544,9.142196,7.872823,7.744919,8.109215,2.064591,3.446581,3.179637,3.734508,14.579416,,5.18198,5.745069,-0.56309,1.787189,1.129219,0.986013,5.23677,5.022423,0.214348,2.15796,1.137347,1.050127,4.923653,5.066136,-0.142482,1.894279,1.138208,1.065096,5.217935,5.206216,0.01172,1.903822,1.310734,1.070842,4.974242,4.966469,0.007773,1.780192,1.020767,1.074604
4838,15.0,15.0,4.655234,4.769997,4.13555,5.033656,2.960719,4.808191,4.847592,3.309354,4.837354,3.167689,3.136256,4.432127,4.510128,3.736091,4.37545,4.011818,4.910928,4.207883,4.800833,4.598706,4.535526,4.095642,4.009014,4.453292,3.87565,2.15235,1.903028,1.969449,1.765512,1.612526,24.281349,,0.530769,0.116604,0.414165,1.508455,0.154042,1.055582,0.410618,0.136469,0.274149,0.932706,0.179423,1.112444,0.43382,0.139165,0.294654,0.975462,0.188264,1.128508,0.542756,0.136335,0.406421,1.391789,0.192468,1.133724,0.505412,0.133463,0.37195,1.215941,0.207406,1.135829
4840,15.0,15.0,8.981603,9.034009,8.715946,9.154631,8.994679,9.253793,8.963574,8.944462,9.257804,8.949213,8.908207,8.936803,9.068412,9.07425,9.064382,7.43734,7.661016,6.884608,7.871741,5.767613,8.094489,7.280028,5.780905,8.11008,5.783425,5.749199,5.776357,5.862359,5.869393,5.917022,16.583949,,7.478214,7.348598,0.129616,0.33417,0.124,0.984824,7.595438,7.384958,0.21048,0.443782,0.180707,1.033588,7.678519,7.535393,0.143125,0.65361,0.31037,1.047945,7.682499,7.534403,0.148096,0.661526,0.312184,1.053734,7.680768,7.532252,0.148516,0.662,0.311232,1.056914
4844,15.0,15.0,7.387481,7.845659,7.226116,7.304924,7.353439,7.692691,7.711976,7.549858,7.482945,7.242531,7.565353,7.541547,7.489235,8.046155,7.435153,8.982259,8.741677,8.426017,7.860574,3.810677,7.174146,8.812065,6.711047,6.785614,5.261329,3.377462,4.24643,3.441244,3.691241,3.665995,5.176865,,1.188065,1.086019,0.102046,0.233027,0.134837,1.005226,1.248588,1.092353,0.156235,0.366,0.157762,1.057246,1.224532,1.095053,0.129479,0.285096,0.166922,1.071799,1.267821,1.095704,0.172117,0.403588,0.17018,1.078517,1.280986,1.093846,0.18714,0.416561,0.180319,1.082527
4851,15.0,15.0,4.762291,4.508927,4.60377,4.569097,4.385739,4.985901,4.188237,4.20375,4.921791,3.76293,4.196454,4.282656,3.182982,3.893335,3.620758,6.321947,7.877115,5.718491,7.636398,4.15016,7.869424,7.028842,3.947382,7.903741,3.331374,2.982907,5.194082,4.60506,4.457586,4.69804,4.19455,,1.717119,1.118186,0.598933,1.542914,0.421044,1.030226,2.182632,1.405329,0.777302,2.312675,0.733766,1.076078,2.647256,1.177083,1.470172,3.879705,0.641942,1.087817,2.317677,1.212166,1.105512,2.633354,0.681982,1.090094,2.286654,1.234488,1.052166,2.655727,0.677946,1.090215
4859,15.0,15.0,0.882674,0.821079,0.787318,0.709952,0.292307,0.719761,0.706639,0.264622,0.69079,0.223282,0.12775,0.124191,0.135158,0.126259,0.140542,0.669139,0.631838,0.607639,0.648454,0.374245,0.713192,0.516217,0.267123,0.78018,0.239548,0.164285,0.174665,0.208108,0.20591,0.198604,3.194063,,0.497037,0.10862,0.388418,1.066018,0.228599,1.067797,0.662725,0.104998,0.557727,1.502681,0.260529,1.115815,0.657132,0.12864,0.528491,1.341913,0.271256,1.126493,0.661132,0.116897,0.544235,1.414129,0.264289,1.12963,0.635301,0.132201,0.5031,1.250643,0.288143,1.130469
4884,15.0,15.0,4.138982,4.424259,4.155625,4.207584,3.882538,4.24259,4.394342,3.673477,4.190042,3.652763,3.604078,4.420847,4.346443,4.270092,4.2923,2.53008,3.053704,2.35332,3.213999,1.943377,3.309856,2.617792,2.067323,3.328639,1.854792,1.900463,1.470289,1.762973,1.895577,1.936187,3.659074,,2.934192,2.8975,0.036691,0.144805,0.091215,0.905091,2.94124,2.888302,0.052938,0.168777,0.108398,0.993449,2.945582,2.895553,0.050029,0.176977,0.114772,1.022887,2.946889,2.89346,0.053429,0.179652,0.119102,1.036856,2.947818,2.889862,0.057956,0.182628,0.115497,1.044478
4886,16.0,16.0,12.891058,13.229413,12.947204,12.535355,12.108081,13.440344,12.708437,12.600022,12.684844,12.436536,12.761837,12.804492,12.411482,12.855538,12.904058,12.820936,13.100324,12.520206,13.991386,10.564935,14.334204,11.612723,11.774185,14.378524,11.060769,10.840568,8.981629,10.251823,12.795931,11.926615,8.098503,,0.250749,0.096451,0.154298,0.470651,0.122992,0.986991,0.193621,0.095948,0.097673,0.214357,0.146817,1.045732,0.236535,0.095119,0.141416,0.36699,0.149986,1.063232,0.247893,0.097565,0.150327,0.381773,0.151969,1.070985,0.249478,0.087351,0.162126,0.392539,0.153873,1.075399
4887,15.0,15.0,7.664125,7.771489,7.633414,7.845721,7.625867,7.735378,7.73776,7.61944,7.734349,7.611679,7.612714,7.611629,7.60944,7.609798,7.61418,0.821618,0.859337,0.781599,1.3128,0.7839,1.43751,0.812937,0.772778,1.509532,0.763682,0.746676,0.742131,0.761685,0.756959,0.755879,8.12349,,7.664125,7.612714,0.051411,0.249979,0.132007,1.05039,7.771489,7.611629,0.159859,0.621732,0.15784,1.10499,7.845721,7.60944,0.236281,0.928768,0.163,1.122821,7.735378,7.609798,0.12558,0.478339,0.173582,1.131088,7.734349,7.61418,0.120169,0.48024,0.172314,1.135458
4890,15.0,15.0,5.667719,5.67471,5.654475,5.676711,5.659399,5.679872,5.660206,5.646457,5.682616,5.65298,5.657649,5.654138,5.657209,5.655553,5.653125,2.246342,2.633392,2.213356,2.957861,1.722743,2.878137,2.538836,1.787497,2.987069,1.714278,1.714759,1.691726,1.697404,1.694773,1.694595,5.690661,,5.667719,5.657649,0.010071,0.185358,0.105081,1.006626,5.67471,5.654138,0.020572,0.216582,0.121394,1.065571,5.676711,5.657209,0.019502,0.223726,0.128687,1.081914,5.679872,5.655553,0.024319,0.228213,0.132838,1.088878,5.682616,5.653125,0.029491,0.232562,0.135598,1.092716
4891,15.0,15.0,0.616888,0.720503,0.568355,0.674264,0.434214,0.852233,0.66585,0.430736,0.947835,0.412611,0.399794,0.415574,0.413877,0.409393,0.414286,1.614558,1.543371,1.567761,1.548539,0.979316,1.569143,1.487442,0.670085,1.59518,0.166727,0.136553,0.14266,0.144917,0.147275,0.149287,1.17322,,0.616888,0.399794,0.217094,0.757352,0.132852,1.0365,0.720503,0.415574,0.304929,1.079336,0.154476,1.100883,0.674264,0.413877,0.260387,0.721289,0.162095,1.120962,0.852233,0.409393,0.442839,1.359516,0.19332,1.128627,0.947835,0.414286,0.533549,1.691899,0.185865,1.132148
4905,15.0,15.0,7.260316,7.108222,6.965439,6.634368,7.262777,7.074637,6.770757,7.338971,6.88222,7.24463,7.299236,5.620411,5.474721,6.099082,5.739766,8.219098,7.448822,7.279626,8.089251,5.793325,7.747036,6.880795,5.446067,7.93414,5.372313,5.923259,4.864511,4.699443,3.818091,4.244255,10.242331,,3.81541,3.777867,0.037543,0.262288,0.132252,0.984855,3.843952,3.766093,0.077859,0.306493,0.143613,1.053404,3.850569,3.771889,0.07868,0.320185,0.14833,1.075075,3.846428,3.761051,0.085377,0.326697,0.166661,1.082769,3.85523,3.776277,0.078953,0.324319,0.160442,1.08657
4906,15.0,15.0,3.628064,3.722124,3.64316,3.593747,3.037954,4.044379,3.283302,3.083182,3.624694,2.926142,2.699891,3.680698,3.732406,3.725076,3.768362,4.642099,5.87652,4.546909,5.889815,2.062905,6.329261,5.270719,1.865192,6.43674,2.238998,1.146744,2.434603,2.039227,2.691294,2.878986,3.059965,,0.36861,0.238554,0.130055,0.491653,0.119519,0.988121,0.399804,0.257564,0.14224,0.527472,0.157299,1.056118,0.371604,0.248517,0.123087,0.390033,0.177437,1.076023,0.442998,0.256125,0.186872,0.557844,0.177791,1.084053,0.421112,0.25989,0.161222,0.532572,0.185599,1.087767
4910,15.0,15.0,2.23793,2.53619,2.08887,2.331333,1.669885,2.385851,1.881118,1.618134,2.398519,1.626431,1.45883,1.434448,1.43557,1.515334,1.611925,3.142541,2.403891,2.976173,2.385155,2.941724,2.448153,1.999512,3.430089,2.379197,3.08233,3.416069,2.200784,1.556888,1.34718,1.199678,3.68759,,1.632662,1.492996,0.139667,0.972058,0.181038,1.046326,1.682573,1.502475,0.180098,1.095029,0.182714,1.106152,1.835032,1.50215,0.332882,1.613085,0.192965,1.12007,1.86959,1.494382,0.375208,1.698494,0.200045,1.124954,1.925213,1.492943,0.43227,1.493083,0.212632,1.127239
4911,15.0,15.0,18.165712,18.41056,17.599288,17.597866,17.787138,17.499647,17.701324,17.212708,18.066031,17.735718,17.470628,17.100333,17.031283,17.224396,17.465661,16.366091,16.172126,16.050865,16.501888,15.66735,16.498172,15.859112,16.095257,16.675839,15.671852,16.50421,15.117367,15.345467,15.261976,15.429537,18.212811,,18.233161,17.987085,0.246077,1.673502,1.154065,0.993727,18.780273,17.773589,1.006685,3.052779,2.134025,1.048645,18.495035,17.874208,0.620827,2.678263,0.920668,1.065458,18.259638,18.07588,0.183758,1.97562,0.683016,1.072704,18.539236,18.274111,0.265124,2.455695,0.836538,1.07655
4914,16.0,15.0,15.684647,14.496009,15.654804,15.374343,15.612273,14.698308,14.298254,15.711616,14.62298,15.82921,15.9483,13.731068,16.153586,14.490088,15.141151,20.406763,20.655019,19.357181,20.39728,18.5482,20.572484,19.294288,17.447883,20.195651,18.604055,17.77015,16.202074,16.598623,17.132096,17.970745,13.010981,,11.169937,11.364398,-0.194462,0.711669,0.156309,0.9804,11.017443,11.35187,-0.334427,1.215277,0.183332,1.038382,10.983612,11.354726,-0.371114,1.339597,0.194832,1.055109,10.885361,11.32779,-0.44243,1.491841,0.224503,1.064286,10.951537,11.329609,-0.378072,1.261262,0.224294,1.069548
4916,15.0,15.0,54.998715,54.991206,54.94548,54.87568,54.531102,54.817279,55.010538,54.742592,54.494763,54.803232,54.766887,54.348299,54.492631,54.49587,54.451701,14.906957,13.571746,14.938935,13.903465,15.212473,13.123341,13.030307,14.271534,13.6433,14.547768,15.187999,11.056621,12.753174,11.322367,11.98148,53.32336,,59.361128,59.364862,-0.003735,0.163104,0.104554,0.970585,59.365743,59.368143,-0.0024,0.191829,0.112604,1.043865,59.364733,59.374738,-0.010005,0.203802,0.129586,1.065488,59.366539,59.384421,-0.017882,0.210854,0.129354,1.074026,59.363204,59.382334,-0.01913,0.213451,0.140608,1.078171
4921,15.0,15.0,10.000876,10.701316,9.467234,12.713784,8.886169,13.075644,9.803996,9.553879,12.610214,8.464434,7.462476,7.323326,9.724251,11.092939,10.415644,10.729194,10.731781,9.350136,11.108828,8.755179,11.408237,9.542446,8.514964,11.055336,9.237852,7.803733,7.058585,6.674834,6.66543,6.502809,1.636058,,2.643522,2.485318,0.158204,0.760734,0.15534,1.033373,2.859323,2.496644,0.362679,1.851016,0.171962,1.106281,3.002135,2.486587,0.515547,2.34779,0.168625,1.12759,3.321347,2.496969,0.824378,3.591567,0.181997,1.135698,3.45366,2.488985,0.964675,4.118266,0.18198,1.13949
4926,15.0,15.0,3.074578,3.717303,2.899666,3.352316,2.215356,3.556335,3.145611,2.602317,3.205418,2.051196,1.409898,2.709889,2.090524,2.30744,2.32142,5.794166,4.457628,5.983335,4.313486,5.897204,4.435061,4.145899,6.162391,4.305963,5.973113,5.262286,3.632537,4.053487,3.426996,3.370826,10.067645,,0.332889,0.285432,0.047456,0.231252,0.143447,1.037747,0.353685,0.288783,0.064902,0.294771,0.148073,1.098993,0.443069,0.283476,0.159594,0.620816,0.171766,1.115635,0.630957,0.287045,0.343912,1.35219,0.177682,1.121899,0.434807,0.285281,0.149526,0.57475,0.179459,1.125352
4928,15.0,15.0,0.209278,0.310292,0.161864,0.327475,0.145273,0.376029,0.251235,0.124933,0.379344,0.118028,0.101371,0.10384,0.099887,0.105076,0.103154,2.784585,3.654207,2.702341,4.288305,1.077165,4.18553,3.562165,0.92364,4.303312,0.574363,0.12619,0.142815,0.149483,0.162959,0.168134,9.287312,,0.209278,0.101371,0.107907,0.240435,0.138716,1.0303,0.310292,0.10384,0.206452,0.546151,0.165651,1.091092,0.327475,0.099887,0.227588,0.576488,0.177167,1.105039,0.376029,0.105076,0.270954,0.722645,0.183391,1.109425,0.379344,0.103154,0.27619,0.722564,0.194252,1.11101
4929,15.0,15.0,5.897597,5.729552,5.723526,5.696995,4.665072,5.723924,5.447297,5.37979,5.701921,4.23782,4.845433,5.10522,4.786105,4.413708,5.071823,9.468963,7.993596,8.35347,7.861791,7.360397,7.244995,7.503335,5.956919,7.516306,7.789061,6.298074,3.696545,3.221525,2.79871,2.791964,4.787073,,0.785308,0.590356,0.194952,0.738301,0.148116,1.037355,1.043142,0.589915,0.453227,1.725047,0.138291,1.102084,1.129618,0.590035,0.539583,2.052146,0.145355,1.115777,0.896942,0.586096,0.310845,1.097557,0.164641,1.119764,1.072314,0.58353,0.488784,1.788523,0.16318,1.121228
4931,16.0,16.0,6.513138,7.045135,6.061067,7.117738,5.874215,7.204606,6.483878,5.971563,7.431887,6.349397,5.862453,6.519312,5.638202,6.167388,5.832549,6.664017,6.384833,6.679636,6.540966,5.967214,6.908363,6.275581,6.156603,7.770577,6.116135,5.847805,5.216255,5.454802,5.885478,6.052812,18.712859,,4.163674,4.056724,0.106949,0.747999,0.165567,1.046898,4.520752,4.04765,0.473102,2.236639,0.216926,1.105558,4.685429,4.039848,0.645581,3.088062,0.231721,1.11763,4.698166,4.038091,0.660075,3.449064,0.232263,1.121777,4.730676,4.040797,0.689878,3.484255,0.230787,1.123704
4940,15.0,15.0,6.893052,6.867071,6.877114,6.842641,6.86886,6.766821,6.847758,6.864598,6.825444,6.8631,6.855501,6.857982,6.852798,6.850396,6.854349,3.195522,3.502897,3.176277,3.920588,3.001288,4.134879,3.461214,2.991668,4.238947,2.993926,2.980399,2.975243,2.978055,2.977331,2.974896,7.321957,,6.893052,6.855501,0.037551,0.168408,0.10097,0.977238,6.867071,6.857982,0.00909,0.370803,0.119123,1.043401,6.842641,6.852798,-0.010156,1.143105,0.122885,1.065345,6.766821,6.850396,-0.083574,0.813445,0.127354,1.074484,6.825444,6.854349,-0.028905,0.597371,0.127335,1.079048
4941,15.0,15.0,0.752325,0.970042,0.712553,0.797103,0.476325,0.779263,0.91372,0.47154,0.923725,0.461241,0.434003,0.427268,0.428595,0.439595,0.438508,1.848101,1.884161,1.809335,1.9295,1.780582,1.96365,1.832001,1.789506,1.968652,1.755414,1.745743,1.766821,1.775146,1.775282,1.775274,0.417747,,0.752325,0.434003,0.318322,1.116097,0.169712,1.067568,0.970042,0.427268,0.542774,1.85518,0.221385,1.126213,0.797103,0.428595,0.368508,1.140584,0.215694,1.146956,0.779263,0.439595,0.339667,1.023898,0.218008,1.154992,0.923725,0.438508,0.485217,1.566943,0.227378,1.158647
4943,15.0,15.0,2.916315,2.984065,2.818611,2.522382,2.481079,2.974977,2.911222,2.482996,3.198817,2.546644,2.448967,2.682673,2.041519,2.100286,2.323796,1.723057,5.010271,1.574506,4.632407,1.549325,4.229943,4.670157,1.257733,4.13929,0.919947,0.801079,5.000972,4.085258,3.424488,3.314533,8.034558,,0.275049,0.210362,0.064687,0.201185,0.137875,1.001892,0.287559,0.189925,0.097634,0.249874,0.168965,1.068668,0.300643,0.19238,0.108263,0.261582,0.179493,1.088777,0.311513,0.185685,0.125828,0.314629,0.177665,1.097875,0.309496,0.182948,0.126548,0.315894,0.184142,1.10279
4945,15.0,15.0,4.210502,3.932595,3.993011,4.048412,4.200962,4.040101,3.584317,4.046189,4.049433,4.401892,3.898881,3.595021,3.347015,3.866007,4.198391,5.545876,5.507642,5.603215,5.411265,5.090512,5.420922,5.431957,5.53139,5.127514,5.472332,5.048256,2.870413,3.408021,2.878118,3.423184,4.386387,,2.092954,2.029576,0.063378,0.196785,0.130677,1.028284,2.258369,2.044805,0.213563,0.798938,0.15984,1.087296,2.223337,2.044143,0.179193,0.645163,0.168245,1.105113,2.244947,2.051918,0.193029,0.705237,0.177823,1.112826,2.244124,2.048644,0.19548,0.690161,0.172439,1.116953
4956,16.0,16.0,2.719154,2.523834,2.764106,2.966802,2.616562,2.893503,2.320775,2.682944,2.983727,2.819242,2.060455,2.461704,2.254152,2.674683,2.730981,1.866583,2.135872,1.553395,1.889635,1.847948,1.642319,1.555188,1.31563,1.610453,2.018177,0.965182,1.382923,0.413688,0.455514,0.911639,0.857346,,0.144367,0.072919,0.071449,0.161643,0.104253,0.989489,0.241131,0.087068,0.154063,0.468643,0.116508,1.051214,0.524863,0.085604,0.439259,1.576121,0.126611,1.068199,0.20279,0.09144,0.11135,0.260801,0.141356,1.075291,0.268686,0.093406,0.17528,0.514101,0.139733,1.079341
4958,15.0,15.0,4.039095,3.779284,4.039874,3.337118,3.542095,3.761812,3.802135,3.572739,3.376574,3.042839,3.525012,2.320323,2.436889,2.952978,2.295989,5.087971,4.376405,4.444129,4.340651,4.268124,4.125567,4.321294,4.39829,4.130999,3.855254,3.683502,1.662166,2.114902,1.711493,1.746665,5.309997,,0.776008,0.658999,0.117009,0.424645,0.119133,1.015632,0.899969,0.662307,0.237662,0.904508,0.133176,1.07186,0.740103,0.674785,0.065318,0.237154,0.136756,1.089429,0.808771,0.671009,0.137763,0.483372,0.136534,1.098257,0.869377,0.667866,0.201511,0.716515,0.146872,1.102438
4959,15.0,15.0,2.430949,2.408655,2.166937,1.918792,1.998483,2.007981,2.231466,2.034599,2.061102,2.251584,2.248554,1.954283,1.863847,1.849376,1.773113,2.4871,2.206224,1.963299,2.081346,1.957974,1.888412,2.085398,1.946274,1.939761,1.938426,1.370167,1.139697,0.376015,0.294641,0.306786,7.188139,,0.237393,0.183899,0.053495,0.214571,0.138363,1.015396,0.312318,0.172559,0.139759,0.457302,0.170515,1.07819,0.331761,0.174636,0.157125,0.510014,0.176747,1.097292,0.290743,0.18352,0.107223,0.336562,0.173013,1.105228,0.293565,0.186374,0.107191,0.338557,0.17481,1.109307
4962,16.0,16.0,7.892367,8.451519,7.735122,8.769594,7.606644,8.943583,8.373263,7.893325,8.586901,7.742326,7.873865,8.226186,8.593963,8.11439,7.855531,4.329946,5.273909,4.298695,5.778652,3.403968,5.389182,5.006123,4.106904,5.602937,3.387344,4.18967,4.332772,5.296785,4.958959,4.762669,5.202022,,4.311564,4.240822,0.070742,0.25138,0.146291,1.028681,4.531975,4.240669,0.291306,1.06912,0.183803,1.089898,4.673666,4.247787,0.425879,1.575611,0.194319,1.107081,4.688455,4.237722,0.450733,1.608014,0.199086,1.113708,4.682524,4.240695,0.441829,1.533942,0.195909,1.116845
4968,15.0,15.0,6.365437,6.096324,6.413304,6.393391,6.057813,6.290885,5.894126,6.238096,6.476853,5.771694,5.436056,5.471775,5.208155,5.297204,5.454608,4.496866,5.233345,4.075488,4.570839,3.778115,4.593128,4.396384,3.935332,4.97847,3.372674,3.018268,2.893782,2.252015,2.246237,2.437742,4.728212,,2.931809,2.798237,0.133572,0.389503,0.140226,1.036865,3.004903,2.807347,0.197556,0.677074,0.163276,1.094331,2.968352,2.79357,0.174782,0.658692,0.171811,1.109377,3.082409,2.7888,0.293609,1.06725,0.177518,1.115494,3.186454,2.785517,0.400937,1.534874,0.184554,1.118937
4973,15.0,15.0,10.646246,11.019338,10.556471,11.077419,10.9943,11.09497,10.99145,11.373613,10.955981,11.177108,11.288497,10.855986,11.004142,10.849841,10.823835,7.692661,7.222916,7.547358,8.28217,7.292961,8.01721,7.178233,6.867796,7.766342,7.270968,7.117514,7.048383,7.343516,6.954912,6.806546,10.591902,,9.068802,9.440495,-0.371693,1.832529,0.948861,1.003073,9.10345,8.952892,0.150558,2.03487,1.354355,1.064115,9.164214,9.031579,0.132635,2.485106,1.30559,1.079162,9.062363,8.801777,0.260587,2.204155,0.975609,1.085239,8.99944,8.785069,0.21437,2.053129,1.019378,1.088602
4980,15.0,15.0,19.487238,19.629514,18.037443,19.705856,17.71659,18.397489,18.680908,16.69857,20.032928,16.683751,16.078506,18.098833,18.089986,16.829093,19.340416,18.720174,20.540327,15.552655,19.341942,15.840217,18.657675,17.978462,15.013389,18.667208,16.925668,11.216425,12.294447,11.154762,10.573532,11.910884,10.956887,,8.641221,7.820324,0.820897,3.641627,2.518016,1.042922,10.065819,9.20611,0.859709,3.817179,2.709836,1.101962,10.075708,8.065773,2.009935,4.800698,2.880433,1.113518,9.918743,7.920373,1.99837,4.968591,2.785084,1.114533,10.371252,9.241624,1.129628,5.019629,4.058863,1.113242
4982,16.0,16.0,8.093559,6.919518,7.784248,7.113065,7.786185,7.054488,6.740389,7.814629,7.715689,7.80495,7.689293,6.471667,6.993196,6.776128,7.459512,6.212057,6.99054,6.192369,6.265905,6.25114,7.038638,6.063852,5.87955,7.815083,6.747862,3.92769,5.859757,3.676012,4.328287,4.325525,9.959641,,0.772673,0.664795,0.107879,0.339154,0.144551,0.964431,0.811449,0.661083,0.150366,0.428059,0.15344,1.025606,0.95312,0.6646,0.288521,0.938315,0.174778,1.046445,0.980661,0.670991,0.30967,1.011759,0.180641,1.056028,1.0018,0.680699,0.321101,1.099069,0.177935,1.061647
4983,16.0,16.0,0.249299,0.267574,0.215808,0.277273,0.220624,0.291628,0.226704,0.199715,0.299401,0.184642,0.165378,0.174634,0.176165,0.17489,0.177141,5.664601,5.742361,5.46445,6.132024,5.010508,6.391839,5.537483,4.986142,6.394569,4.967889,4.961515,4.946033,4.955693,4.962836,4.957913,6.107549,,0.229557,0.142058,0.087499,0.229726,0.132291,1.011725,0.248491,0.149908,0.098583,0.262685,0.161673,1.071717,0.257731,0.15475,0.102982,0.276376,0.166022,1.088709,0.263742,0.149364,0.114378,0.293035,0.17329,1.094916,0.272374,0.151395,0.120979,0.317088,0.175857,1.09775
4985,16.0,16.0,2.998608,3.765366,2.997649,3.684597,2.897249,3.945383,3.668733,2.681893,3.940421,2.689422,2.996367,3.567659,3.318118,3.746184,3.806305,2.143906,2.125985,1.802306,2.068461,1.650148,2.303854,1.986515,1.754618,2.512102,1.454065,1.623706,0.699414,0.574403,0.666161,0.454224,1.81128,,1.349138,1.215223,0.133915,0.349392,0.213247,1.045177,1.341173,1.215623,0.12555,0.409602,0.215986,1.102525,1.399857,1.216241,0.183617,0.58965,0.235028,1.118346,1.41076,1.198891,0.211869,0.609257,0.231323,1.124351,1.492918,1.197706,0.295212,0.841384,0.237473,1.127453
4986,15.0,15.0,0.551388,0.666171,0.510634,0.60787,0.428156,0.600105,0.617773,0.410102,0.627078,0.417874,0.393102,0.39981,0.400851,0.392024,0.386438,0.436809,0.549505,0.390171,0.569212,0.159625,0.598574,0.488916,0.145276,0.602788,0.144312,0.125828,0.113237,0.115087,0.118142,0.113575,0.90439,,0.551388,0.393102,0.158285,0.525715,0.130956,1.03906,0.666171,0.39981,0.266361,0.873633,0.147458,1.098013,0.60787,0.400851,0.207019,0.627398,0.1575,1.115055,0.600105,0.392024,0.208081,0.589376,0.175258,1.121649,0.627078,0.386438,0.24064,0.709564,0.175852,1.124985
5010,15.0,15.0,0.655759,0.996498,0.603395,0.908326,0.342543,1.150106,0.830948,0.392416,1.016898,0.410447,0.21816,0.258801,0.424326,0.268389,0.311742,1.431364,1.702553,1.407482,1.991396,1.07728,1.874151,1.656319,0.838076,1.866834,0.391266,0.250108,0.270805,0.23467,0.227585,0.244322,1.98791,,0.187498,0.095523,0.091975,0.197474,0.118523,1.016418,0.380265,0.10342,0.276845,0.889462,0.137643,1.084922,0.422034,0.1011,0.320933,1.030137,0.140494,1.104957,0.427384,0.107718,0.319666,1.02985,0.142603,1.11298,0.389884,0.107851,0.282032,0.875283,0.157435,1.116916
5020,15.0,15.0,7.180214,6.374566,6.622415,7.578513,6.541487,6.839834,5.629416,6.068356,7.135718,6.3872,5.766447,5.321383,6.251017,5.259196,5.52172,5.920335,6.12557,5.34729,6.358124,5.640092,6.137284,5.909259,5.674653,6.023794,5.10567,5.222874,4.663128,5.328032,4.824639,4.278866,10.252385,,2.749526,2.536722,0.212803,0.903219,0.126928,1.031915,2.799552,2.545513,0.25404,1.061338,0.154748,1.099814,3.11831,2.531701,0.586609,1.987717,0.168995,1.121761,2.966531,2.519689,0.446842,1.511572,0.177631,1.131102,2.936381,2.512035,0.424346,1.452599,0.182839,1.135894
5022,15.0,15.0,3.143439,3.090994,3.170445,3.172667,2.811636,3.089925,3.068857,2.568401,3.382303,3.328859,2.980683,3.416848,3.32233,3.228889,3.538501,2.380873,2.412626,2.342314,2.289945,1.531253,1.94777,1.949206,1.511636,1.887232,1.406605,1.402125,0.574265,0.317617,0.254072,0.25659,6.476709,,0.760276,0.714432,0.045844,0.241307,0.160402,0.989622,0.774368,0.714647,0.059721,0.280465,0.189563,1.062395,0.772312,0.714423,0.057889,0.313142,0.202337,1.086345,0.848779,0.71554,0.133239,0.568611,0.202242,1.097155,0.865833,0.718228,0.147605,0.635942,0.20429,1.102735
5025,16.0,16.0,4.405482,3.824961,4.098334,3.663132,3.592129,3.350585,3.699746,3.852429,3.542843,3.951915,3.607366,3.029495,3.040809,2.732353,2.47661,5.544167,4.669624,4.729508,4.758501,4.902924,4.630459,3.874709,4.806968,4.808036,3.761913,5.377527,4.138463,4.574287,3.715035,3.996046,0.903857,,0.541873,0.188636,0.353237,1.170559,0.182513,1.04343,0.435346,0.175592,0.259753,0.679405,0.21159,1.103465,0.461566,0.177149,0.284417,0.757647,0.232795,1.11783,0.546387,0.175701,0.370686,1.027916,0.239323,1.122289,0.626565,0.170673,0.455892,1.189979,0.263204,1.123698
5038,15.0,15.0,0.326293,0.331,0.275254,0.355159,0.176096,0.498651,0.271183,0.149174,0.534785,0.139445,0.136361,0.140145,0.143234,0.14412,0.141588,0.379745,0.726118,0.324164,0.837069,0.320321,0.981621,0.641073,0.295227,1.017912,0.287532,0.27732,0.276854,0.278834,0.280886,0.287905,0.713237,,0.326293,0.136361,0.189931,0.628747,0.137443,1.046713,0.331,0.140145,0.190855,0.580585,0.154141,1.104029,0.355159,0.143234,0.211925,0.648252,0.153,1.121302,0.498651,0.14412,0.354531,1.188448,0.166291,1.128909,0.534785,0.141588,0.393197,1.193912,0.166817,1.132797
5049,15.0,15.0,21.187746,21.557145,20.576356,21.325467,20.215018,21.96374,20.952222,20.005961,22.427425,19.864839,18.520138,21.448887,20.636677,21.539624,21.21573,21.093075,18.708227,19.527439,18.537586,17.744709,18.893302,17.699649,12.861653,18.444755,15.598868,12.537021,10.417902,13.103536,12.146868,11.164244,50.612086,,14.323845,14.608855,-0.28501,7.237044,5.285356,0.902376,15.480402,16.936392,-1.455989,7.208496,4.372725,0.977045,14.0566,14.164275,-0.107676,7.468325,5.337243,0.994094,15.335298,16.495754,-1.160457,7.752823,4.679386,1.00115,15.23775,15.711273,-0.473523,7.018268,4.491247,1.0057
5053,15.0,15.0,1.452979,1.460702,1.399036,1.761764,1.133044,1.472541,1.390154,1.109261,1.42934,1.129068,1.069666,1.066582,1.058755,1.055391,1.051269,0.80904,1.380834,0.697409,1.170452,0.660342,1.231534,1.245127,0.640818,1.212339,0.664639,0.595457,0.624455,0.60985,0.607343,0.605895,1.100124,,1.452979,1.069666,0.383313,1.027457,0.181583,1.053887,1.460702,1.066582,0.394121,1.082764,0.185365,1.100748,1.761764,1.058755,0.70301,1.925623,0.203398,1.113561,1.472541,1.055391,0.41715,1.474168,0.22525,1.11842,1.42934,1.051269,0.37807,1.324778,0.220633,1.121693
5058,15.0,15.0,5.820867,4.796654,5.596078,4.092023,5.311768,4.010565,4.844546,5.296583,4.24617,5.269762,4.923652,3.969478,3.921383,3.579888,2.9034,5.756985,4.117189,5.637706,3.874104,4.699611,4.032577,3.487781,4.91848,3.796045,4.969987,6.012765,1.667295,1.666459,1.785146,1.389989,7.17788,,2.209206,2.037554,0.171652,0.825672,0.388121,1.045837,2.065883,2.009441,0.056441,0.652883,0.400704,1.105123,2.201486,2.074817,0.126669,0.64574,0.348216,1.123527,2.043711,2.010687,0.033024,0.698446,0.433574,1.128874,2.162753,2.047152,0.1156,0.796422,0.442685,1.13093
5061,15.0,15.0,5.38583,5.680259,4.946261,5.450777,4.807491,5.229117,5.197129,4.742722,5.071927,5.073878,4.806721,4.86865,4.717087,4.392351,4.395378,4.02295,6.380515,4.756616,6.1551,3.76363,6.596947,6.428161,3.042523,6.802576,3.619163,2.281211,6.433935,5.79974,6.418813,6.824212,16.653273,,0.24708,0.205083,0.041996,0.204257,0.122853,1.029526,0.357209,0.216633,0.140576,0.58011,0.155913,1.08801,0.362151,0.225486,0.136665,0.548802,0.156944,1.103663,0.353161,0.225114,0.128047,0.50131,0.155968,1.109754,0.371029,0.226947,0.144082,0.548997,0.167962,1.112299
5064,15.0,15.0,1.06874,1.319427,1.041434,1.442062,1.047305,1.408501,1.272122,1.029784,1.509493,1.036316,1.018743,1.03164,1.023133,1.017355,1.020208,1.196545,1.36323,1.171387,1.38837,1.15951,1.782427,1.329095,1.134578,1.820139,1.152303,1.122847,1.131514,1.124725,1.11833,1.113151,3.684317,,1.127304,1.077192,0.050113,0.192599,0.127301,1.018202,1.121908,1.085085,0.036823,0.294368,0.127324,1.079131,1.127505,1.077603,0.049902,0.309629,0.149554,1.096901,1.166559,1.074883,0.091676,0.283688,0.151522,1.104558,1.206596,1.074242,0.132354,0.378998,0.154853,1.108761
5065,15.0,15.0,7.641752,8.207046,7.430253,8.562994,7.453252,7.676474,7.978231,7.467813,8.102918,7.62508,7.350061,7.827628,8.146873,7.355537,7.847803,3.988935,5.114465,3.949508,5.060056,3.672973,4.973068,4.310205,3.669209,5.176621,3.895725,2.532064,3.402763,2.950471,2.756215,2.314157,9.788396,,5.075911,4.994053,0.081858,0.212573,0.12428,1.051212,5.116933,4.996633,0.1203,0.294117,0.143837,1.108559,5.126778,5.002043,0.124735,0.307187,0.147788,1.125304,5.123997,4.997409,0.126588,0.290496,0.148794,1.132089,5.234555,5.007069,0.227486,0.671084,0.161717,1.135493
5069,15.0,15.0,2.21312,2.182496,2.190295,2.240988,2.068003,2.180196,2.139846,2.062652,2.255772,2.052134,2.045512,2.057001,2.047272,2.062568,2.046478,26.968859,26.42645,26.430762,26.581687,27.610317,26.694147,25.764334,27.405268,26.507184,28.209873,28.288569,28.255434,28.258138,28.267187,28.257024,1.216546,,2.359418,2.184562,0.174856,0.651969,0.145319,0.971976,2.326403,2.193898,0.132505,0.514875,0.152827,1.029431,2.389075,2.186397,0.202678,0.740048,0.170389,1.043947,2.324211,2.20264,0.121571,0.474949,0.175953,1.049463,2.405233,2.185497,0.219736,0.930745,0.178731,1.052453
5078,15.0,15.0,11.369101,10.452937,11.071145,11.112006,11.227032,10.850864,10.334167,10.782732,10.950445,11.444059,10.937225,10.171039,9.976418,10.145447,10.290453,13.675151,13.666649,13.575798,13.869657,10.932526,13.897984,13.170823,10.855092,14.004142,10.788052,10.499133,9.261139,9.850045,9.950754,9.978433,14.537372,,6.356603,6.270219,0.086384,0.263333,0.148213,0.982074,6.452717,6.26712,0.185598,0.611694,0.14658,1.064207,6.545448,6.270009,0.27544,0.946984,0.164987,1.082119,6.61507,6.26543,0.34964,1.194111,0.173003,1.089253,6.531057,6.266216,0.264841,0.846314,0.170708,1.092387
5079,15.0,15.0,6.567691,6.825805,6.824328,6.953207,5.090633,7.217577,6.936773,5.126867,7.282456,3.983737,3.492338,4.294824,4.924114,4.75637,4.817914,7.864241,9.67486,6.748747,10.311084,4.831442,10.424117,8.747914,3.527746,10.556521,3.411385,1.638815,1.584737,2.651996,2.639166,2.601623,3.88144,,5.13634,2.990882,2.145459,4.874738,0.26023,0.957612,4.93494,2.9998,1.93514,4.278248,0.321966,1.040003,5.169782,3.007493,2.162289,4.537054,0.322999,1.053337,5.333924,3.02865,2.305274,4.911529,0.317128,1.055733,5.297055,3.006257,2.290798,4.962583,0.314996,1.056138
5081,15.0,15.0,5.390203,5.513606,5.262459,5.617981,5.476122,5.419704,5.457203,5.251428,5.367044,5.500617,5.212132,4.945552,5.323016,4.902472,5.005771,3.328834,2.754936,3.247919,2.313324,3.377685,3.037842,2.457034,3.0565,2.63073,2.287671,2.109147,2.047236,1.844555,2.083052,2.199866,8.115189,,3.4529,3.264835,0.188065,0.553133,0.22613,1.036952,3.735981,3.260244,0.475737,1.388164,0.317739,1.09165,3.649192,3.271288,0.377904,1.166471,0.353131,1.104923,3.668534,3.263067,0.405467,1.220717,0.367561,1.110338,3.618235,3.240806,0.377429,1.223614,0.307435,1.1133
5097,15.0,15.0,4.368858,4.058023,4.28509,3.86502,3.21585,3.782886,4.011828,2.839156,3.559775,2.639758,2.327683,3.737929,3.344903,3.586936,3.189395,6.138646,5.264509,6.234131,5.405434,5.00883,4.960697,4.953326,5.32696,5.030502,4.530279,2.68491,0.614522,1.092592,1.456138,1.7133,6.411285,,0.289485,0.158205,0.13128,0.463426,0.119907,0.98014,0.462072,0.186293,0.275779,0.846337,0.157903,1.041712,0.366132,0.171112,0.195021,0.5814,0.161953,1.060527,0.457443,0.169318,0.288125,0.915393,0.179026,1.068471,0.374431,0.160251,0.21418,0.598158,0.16731,1.072592
5098,15.0,15.0,12.687393,13.450497,12.562729,14.332958,11.701119,13.396399,12.703405,11.784477,13.734039,12.452978,12.979637,12.360475,13.991105,12.946426,13.825173,12.137167,11.967932,10.519313,11.802234,9.928208,11.549396,10.589906,9.957385,11.767999,9.099035,7.18975,4.395353,5.342314,5.571958,5.749894,47.29673,,0.553188,0.153141,0.400047,1.048689,0.152147,1.028119,0.594207,0.163225,0.430982,1.103727,0.20032,1.079949,0.649446,0.155189,0.494257,1.277692,0.193171,1.095216,0.694458,0.15145,0.543008,1.340721,0.204146,1.100273,0.696365,0.149018,0.547347,1.373199,0.212569,1.102503
5101,16.0,16.0,3.030913,3.18764,2.90655,3.004876,2.888729,3.270295,3.112411,2.784467,3.354869,2.487927,2.438804,2.766418,2.740032,2.851445,2.635739,2.930114,3.362315,2.259623,3.54659,2.396106,3.345283,2.491446,2.111594,3.374838,2.274711,1.562488,3.122759,3.244314,3.179907,3.072642,2.107436,,0.626908,0.361592,0.265316,0.851606,0.155979,1.023562,0.699608,0.353186,0.346423,1.094758,0.167596,1.087657,0.575922,0.349695,0.226227,0.547746,0.174892,1.104102,0.787595,0.344763,0.442832,1.37454,0.179969,1.110331,0.766173,0.3366,0.429573,1.404397,0.186158,1.113896
5103,15.0,15.0,11.331242,9.86551,10.929848,9.418794,10.199245,9.708224,9.469982,10.414327,9.728078,10.45453,10.079761,9.99765,9.268025,9.296702,9.309132,8.401396,6.910853,7.662124,6.792275,7.727212,6.636848,6.167831,7.708527,6.352213,7.845009,7.479453,5.080899,5.120434,4.151697,4.307786,6.827628,,2.723286,2.609496,0.11379,0.380346,0.113807,1.00661,2.785953,2.617577,0.168376,0.571746,0.131844,1.072765,2.786098,2.615361,0.170737,0.55035,0.143811,1.093334,2.737431,2.62478,0.112651,0.349399,0.154712,1.101917,2.759841,2.619262,0.140579,0.436122,0.149184,1.106242
5105,30.0,30.0,18.643104,16.882533,15.718858,18.113186,14.961609,16.902139,14.929162,13.760873,16.150498,13.348987,12.629758,12.414332,12.743053,12.520978,12.472871,30.936559,24.35541,30.163616,24.256464,27.639157,24.553286,21.221579,30.027294,23.591991,26.568124,25.277944,13.255089,11.632789,12.667595,11.365131,10.266325,,18.269836,15.960242,2.309593,12.190351,7.363983,0.926136,17.969059,16.965999,1.00306,9.58076,5.747232,0.944822,19.521972,18.326134,1.195838,11.794008,6.915424,0.951846,20.126838,17.986262,2.140576,11.645662,5.194593,0.954492,19.206813,18.682036,0.524777,9.331434,5.47084,0.955394
5107,15.0,15.0,1.615332,1.997604,1.450356,2.371209,1.608975,2.241355,1.92434,1.259998,2.234171,1.324651,1.370565,1.877902,2.02949,2.130074,2.067897,2.476206,2.370206,2.124541,2.478615,1.569335,2.391195,2.071856,2.030717,2.434982,1.829492,1.790815,1.261081,1.271213,0.439763,0.519573,3.250045,,0.304631,0.209041,0.095589,0.255178,0.144586,1.008369,0.327258,0.216339,0.110918,0.329178,0.154236,1.071929,0.367535,0.225161,0.142373,0.441349,0.168932,1.093701,0.339822,0.233119,0.106703,0.345755,0.162562,1.103369,0.373336,0.237359,0.135977,0.447096,0.183984,1.108621
5114,16.0,16.0,3.16219,3.454537,2.743077,3.407436,2.595926,3.598228,2.651568,2.580271,2.939343,2.254163,2.058289,1.710048,1.803837,1.645878,1.737667,8.197328,7.429555,8.184385,7.083478,7.429464,6.837476,7.197255,7.427704,6.636432,7.594724,7.32366,6.697031,6.383289,5.586237,4.74795,2.775591,,1.018135,0.66032,0.357815,0.824107,0.426393,0.98745,1.682678,0.630957,1.051721,2.729539,0.533772,1.059726,1.516074,0.698426,0.817648,2.133176,0.536313,1.074288,1.591209,0.694692,0.896517,2.580019,0.577115,1.078948,1.421282,0.676069,0.745213,1.952776,0.600572,1.080861
5123,15.0,15.0,1.575241,1.349467,1.285705,1.777708,1.082123,2.031392,1.33229,0.888504,1.364826,0.865009,0.70617,1.054219,0.848686,1.027081,0.3305,1.230521,1.678809,1.203327,1.850642,1.017679,1.832731,1.540753,0.997029,1.895307,1.283607,0.694354,1.240442,1.235759,1.130764,1.136175,11.083367,,0.390538,0.346067,0.044471,0.208876,0.136376,1.017945,0.398074,0.338208,0.059866,0.241706,0.152864,1.091158,0.424853,0.344462,0.080391,0.318675,0.171472,1.111252,0.433918,0.342609,0.091309,0.339622,0.186153,1.119206,0.407854,0.342093,0.065761,0.266972,0.184149,1.123544
5124,16.0,16.0,2.31043,2.321007,2.278194,2.328842,2.293391,2.409702,2.283,2.269479,2.480363,2.278228,2.258969,2.253776,2.250903,2.24293,2.245192,0.976555,1.083407,0.942021,1.218349,0.938221,1.284499,1.029522,0.922714,1.307048,0.919735,0.889779,0.898094,0.900942,0.895135,0.894349,3.338857,,2.31043,2.258969,0.051461,0.18543,0.123562,1.01322,2.321007,2.253776,0.067231,0.216322,0.152633,1.07392,2.328842,2.250903,0.077938,0.230326,0.154201,1.090458,2.409702,2.24293,0.166772,0.547154,0.154075,1.096791,2.480363,2.245192,0.235171,0.813945,0.157757,1.099956
5126,15.0,15.0,0.441317,0.578665,0.394484,0.609995,0.352243,0.601817,0.518559,0.340433,0.667755,0.332734,0.310769,0.318024,0.323609,0.31044,0.312983,1.101391,1.622589,1.047205,1.684475,1.032067,2.012649,1.534144,0.849857,2.081853,0.608854,0.48376,0.493621,0.493008,0.50263,0.505484,0.286917,,0.441317,0.310769,0.130548,0.450293,0.207304,1.007381,0.578665,0.318024,0.260641,0.751126,0.243025,1.073592,0.609995,0.323609,0.286387,0.831579,0.230454,1.089654,0.601817,0.31044,0.291377,0.750508,0.25108,1.095291,0.667755,0.312983,0.354772,0.977729,0.258167,1.098035
5127,15.0,15.0,2.137423,1.794263,2.192624,2.009453,1.909945,2.062584,1.708324,1.54601,2.006631,1.467446,1.160721,1.209417,1.584292,1.509023,1.516204,4.068758,3.491197,3.742377,3.348447,3.598377,3.34231,3.091183,3.884805,3.379611,3.822806,3.868865,2.913606,2.712883,2.948614,2.919513,2.903923,,1.24291,1.184515,0.058396,0.24951,0.12019,1.033221,1.284691,1.189795,0.094896,0.417268,0.128809,1.093337,1.376201,1.179717,0.196484,0.765881,0.14376,1.109865,1.473418,1.173958,0.29946,1.137313,0.155726,1.115676,1.476101,1.177141,0.29896,1.138379,0.15712,1.118252
5131,16.0,16.0,6.8552,6.843434,6.82649,6.832581,6.900326,6.82548,6.7402,6.893552,6.803418,6.900789,6.879025,6.875151,6.879137,6.881369,6.885614,2.071297,2.101188,2.040998,2.104358,2.027004,2.237727,2.065271,2.02324,2.206839,2.024041,2.018903,2.031477,2.035532,2.051065,2.04673,6.085103,,6.8552,6.879025,-0.023826,0.424254,0.122102,1.03037,6.843434,6.875151,-0.031717,0.724066,0.156956,1.101684,6.832581,6.879137,-0.046556,0.611169,0.16717,1.121818,6.82548,6.881369,-0.055889,0.747553,0.174646,1.130355,6.803418,6.885614,-0.082196,0.813554,0.185226,1.134793
5134,16.0,16.0,3.388375,4.344137,3.601976,3.749562,3.191516,3.843699,3.9884,2.883949,3.526903,2.848671,2.135045,3.369889,2.640347,2.806836,3.161876,5.767112,5.589274,5.743734,4.465884,6.05938,4.542458,5.891427,5.725574,4.528416,6.041063,5.82111,6.933938,4.377947,4.552897,4.113992,3.373841,,0.236863,0.159783,0.07708,0.213755,0.147812,1.026158,0.795771,0.166495,0.629275,2.364879,0.151676,1.088203,0.547425,0.161094,0.386331,1.401857,0.159481,1.105044,0.530479,0.168922,0.361557,1.136335,0.167651,1.111635,0.401147,0.168566,0.232582,0.65794,0.177808,1.115261
5136,15.0,15.0,2.782704,2.554022,2.795268,2.650153,2.748065,2.71827,2.357727,2.646656,2.733032,2.448242,2.993469,2.896461,2.478296,2.694883,2.840158,1.333091,1.52724,1.322305,1.568626,1.282575,1.780869,1.707568,0.801842,1.859356,0.894698,0.131229,0.406875,0.79075,0.966578,0.973999,5.366394,,0.224182,0.123172,0.101011,0.213354,0.136698,1.058895,0.246882,0.129653,0.117229,0.248634,0.155895,1.123869,0.267553,0.122019,0.145534,0.323148,0.165274,1.142323,0.272703,0.115042,0.157661,0.333112,0.159874,1.150328,0.263188,0.119714,0.143475,0.2843,0.162637,1.154404
5146,15.0,15.0,17.926735,16.659933,17.915789,17.597985,18.527439,17.235593,16.549981,18.647447,17.547723,18.397862,18.436718,17.331037,17.681781,17.729229,17.978075,15.233387,13.160165,14.866796,15.394173,14.245596,14.136982,11.224664,14.616506,13.978468,13.294732,11.958212,8.930171,12.046421,10.880139,10.339484,18.555109,,2.107652,2.045807,0.061844,0.208348,0.134332,1.039327,2.114233,2.048547,0.065686,0.278576,0.16731,1.089649,2.115846,2.056673,0.059173,0.277199,0.156192,1.102191,2.119322,2.059183,0.060139,0.279788,0.154105,1.106676,2.122897,2.063542,0.059355,0.286859,0.16558,1.108533
5147,16.0,16.0,1.959651,2.053616,1.904934,2.095769,1.906087,2.052291,1.993408,1.889306,2.096364,1.893902,1.85828,1.864961,1.857714,1.863913,1.864366,1.189486,1.963807,1.130476,2.29293,0.876964,1.961695,1.848806,0.814112,1.944622,0.776108,0.714521,0.70616,0.714789,0.713675,0.713811,1.888417,,2.203841,2.119033,0.084808,0.222955,0.133256,1.014213,2.290284,2.121166,0.169118,0.451726,0.163206,1.076501,2.34532,2.112444,0.232876,0.648038,0.176029,1.095981,2.257894,2.117392,0.140502,0.327881,0.191828,1.104016,2.269375,2.113843,0.155532,0.358214,0.206331,1.107739
5157,12.0,12.0,42.685716,44.439056,42.521314,43.745715,43.245177,42.896401,44.294412,41.750618,43.271854,43.115699,42.465183,44.824062,43.613496,42.972187,43.468722,31.609102,31.76168,31.178323,30.793103,30.160491,30.995969,30.918036,29.714811,30.721711,30.386053,30.914329,28.141947,27.9918,28.900733,28.708683,35.926774,,42.970936,42.9427,0.028236,0.230957,0.134232,1.043149,42.745914,42.932806,-0.186892,0.979123,0.158168,1.111491,42.793664,42.963517,-0.169854,1.116657,0.206595,1.130426,42.508253,42.937935,-0.429681,1.757531,0.192811,1.137838,42.548146,42.93172,-0.383574,1.595493,0.187709,1.141135
5168,15.0,15.0,7.815518,7.036581,7.67746,7.513774,7.722171,8.007275,6.974026,7.742974,6.848722,7.394019,7.709242,6.10912,6.792114,6.94472,6.205555,8.66912,7.80422,8.745278,8.084208,6.376774,8.770504,6.613334,7.312317,8.925765,7.044531,7.341862,4.71746,3.717791,3.722372,4.375582,5.691658,,1.674478,1.350676,0.323802,1.146725,0.103333,1.000278,1.5077,1.354437,0.153262,0.465407,0.115077,1.052484,1.624706,1.34798,0.276726,0.728979,0.134275,1.068995,1.916768,1.346637,0.570131,1.803997,0.139163,1.07647,1.883794,1.340925,0.542868,1.602154,0.142268,1.080826
5171,15.0,15.0,0.262796,0.314219,0.23253,0.500941,0.157038,0.461954,0.286245,0.147394,0.406635,0.129705,0.12469,0.125193,0.127672,0.127866,0.124002,7.77961,8.433242,7.436828,8.863672,6.298604,8.78483,7.998205,6.114386,8.755647,5.987409,5.944353,5.942964,5.850906,5.832621,5.833704,3.486857,,0.262796,0.12469,0.138106,0.425046,0.123046,0.948691,0.314219,0.125193,0.189027,0.439409,0.146734,1.017865,0.500941,0.127672,0.37327,1.073552,0.145468,1.038776,0.461954,0.127866,0.334089,0.870626,0.146649,1.047784,0.406635,0.124002,0.282634,0.730339,0.151179,1.052761
5174,15.0,15.0,9.918985,10.448062,9.275535,11.213769,8.425548,11.283742,10.442449,8.730177,11.434525,8.351804,8.637176,9.856622,10.911533,11.479281,10.98577,12.020834,10.37459,11.52319,10.319812,9.553966,10.916993,8.62031,9.827721,10.955993,10.462192,8.572714,5.711139,6.516148,6.97293,7.140719,29.132729,,0.266135,0.188348,0.077788,0.262682,0.163452,1.034208,0.300597,0.188494,0.112103,0.354115,0.183935,1.090021,0.312462,0.183847,0.128615,0.36637,0.194781,1.104919,0.318238,0.193205,0.125033,0.37663,0.201719,1.110348,0.389096,0.192344,0.196752,0.623427,0.20895,1.112952
5180,15.0,15.0,3.779324,3.345266,2.711624,2.698477,3.23613,2.451208,2.796492,1.976573,2.596497,2.19548,0.881946,2.006503,1.356766,1.056749,1.155751,4.798779,5.604794,4.642141,4.48512,4.798043,4.23232,5.446392,4.050811,4.306935,4.645525,3.316022,4.363675,1.444794,1.587358,1.385732,2.64877,,0.281938,0.136535,0.145403,0.507074,0.107529,1.01934,0.453153,0.14061,0.312543,1.126028,0.154265,1.081141,0.732644,0.141948,0.590696,2.208193,0.154717,1.098957,0.488842,0.142294,0.346549,1.201654,0.153098,1.105495,0.457042,0.142922,0.31412,1.09093,0.159671,1.108637
5190,16.0,16.0,4.001329,3.488789,3.915491,3.606874,3.767487,3.907571,3.413972,4.013431,4.368723,3.801046,3.800781,3.436798,3.438966,3.584717,3.686662,4.598683,5.117366,4.395961,5.234071,3.119929,5.361155,4.880978,3.61566,5.532213,2.620221,2.201061,2.573761,2.761824,2.851859,2.907666,4.799826,,0.196224,0.143175,0.05305,0.178563,0.110817,1.012612,0.207796,0.130732,0.077063,0.20693,0.136628,1.075552,0.232526,0.126332,0.106194,0.280047,0.141953,1.094971,0.232726,0.120083,0.112642,0.277604,0.151631,1.103253,0.303293,0.119717,0.183575,0.55529,0.151245,1.108236
5196,15.0,15.0,1.521674,1.641965,1.471767,1.738976,1.371089,1.574064,1.582153,1.361779,1.504952,1.356431,1.336523,1.336116,1.34564,1.354902,1.352154,12.028223,12.081488,11.99442,12.181514,12.091445,12.27075,12.040796,11.948488,12.266716,11.734289,11.717987,11.729498,11.723969,11.737552,11.730848,2.296252,,1.521674,1.336523,0.185151,0.620992,0.14874,1.006822,1.641965,1.336116,0.305849,1.035605,0.165285,1.070611,1.738976,1.34564,0.393336,1.384243,0.18096,1.088559,1.574064,1.354902,0.219162,0.69923,0.187313,1.096309,1.504952,1.352154,0.152798,0.42167,0.19032,1.100524
5197,15.0,15.0,21.606929,21.165293,21.028001,20.951729,21.066778,21.128483,20.850333,21.009811,21.159358,21.260001,20.93674,20.330448,20.85548,21.057345,20.798202,22.790558,22.556777,22.696271,22.007668,24.086595,21.620124,22.482638,23.29644,21.897558,22.877599,24.907085,23.851442,22.648496,22.460034,22.336618,23.178582,,18.333718,18.297847,0.03587,0.158842,0.103487,0.967885,18.33711,18.300842,0.036268,0.199602,0.117471,1.026397,18.377656,18.299091,0.078565,0.337749,0.126456,1.047596,18.384573,18.297619,0.086954,0.353677,0.138505,1.056287,18.404997,18.303258,0.101739,0.430059,0.139284,1.060775
5199,15.0,15.0,2.248885,2.49523,2.157567,2.183751,1.685898,2.311794,2.411159,1.762023,2.278796,1.566934,1.481956,1.66936,1.766129,1.679284,1.626451,3.891651,3.987575,3.282933,4.643266,2.922605,4.564152,3.80444,3.369935,4.402461,3.410474,3.400221,3.036018,3.529365,3.48845,2.887409,2.654261,,1.500659,1.224636,0.276023,0.703009,0.34828,1.02946,1.57359,1.234198,0.339392,0.992414,0.320786,1.091475,1.646192,1.296395,0.349797,1.194756,0.363236,1.107348,1.740805,1.365791,0.375013,1.484944,0.368341,1.113787,1.610731,1.362284,0.248447,1.016846,0.428746,1.117138
5222,15.0,15.0,26.792632,26.709943,26.784146,26.663845,26.787252,26.547678,26.547041,26.772259,26.659011,26.771378,26.769758,26.771615,26.774129,26.77952,26.772632,25.796375,25.708795,25.793553,25.716337,25.692817,25.766832,25.705505,25.671225,25.803068,25.6822,25.672274,25.674384,25.668878,25.662791,25.660996,35.59992,,26.972569,26.94877,0.023799,0.206567,0.134759,1.060616,26.912736,26.956279,-0.043543,0.502844,0.161069,1.12254,26.742808,26.954051,-0.211244,1.213367,0.184341,1.137059,26.779883,26.962937,-0.183054,1.071515,0.182882,1.141766,26.865443,26.952942,-0.087499,0.948132,0.184825,1.143674
5233,15.0,15.0,8.112751,8.526856,7.800422,8.798503,8.009824,8.834747,8.239348,8.248872,8.815412,8.617332,8.380711,8.138038,8.646581,8.63028,8.498047,7.951186,7.246718,7.711001,7.297345,7.57493,7.503853,6.295418,7.50412,7.743573,7.066252,6.668218,6.017648,6.004497,5.654234,5.651306,6.569047,,0.472345,0.165443,0.306902,0.671136,0.219538,1.032837,0.758788,0.12807,0.630718,1.601671,0.316734,1.092817,1.007725,0.125212,0.882513,2.221489,0.374233,1.105113,0.93354,0.136231,0.797309,2.082808,0.379952,1.108628,0.927635,0.124842,0.802793,2.094068,0.368259,1.110631
5234,15.0,13.0,11.667048,12.519847,11.356578,12.289479,11.363225,12.465889,12.176594,10.662278,12.348632,10.479608,10.707139,10.938132,10.89161,11.788188,11.215599,13.758661,13.352019,11.422947,13.147905,12.379768,13.061658,11.949036,9.743394,13.406758,8.905945,6.581169,6.622345,6.600899,6.805605,7.633054,8.97025,,5.743183,5.091492,0.651692,3.68823,0.84989,0.959279,6.445047,5.113823,1.331224,4.097926,1.035917,1.028494,5.899259,4.89556,1.003699,4.171494,0.932708,1.037199,5.960266,5.059943,0.900323,4.046866,1.043209,1.038651,5.885125,5.254373,0.630752,4.130734,1.108745,1.038949
5236,15.0,15.0,1.118849,1.633132,0.680522,1.74113,0.563303,2.174877,1.651366,0.716432,1.978373,0.830678,0.686878,1.321881,1.623967,2.013252,2.148426,2.341476,3.139504,2.304378,2.59079,1.050323,2.553527,2.917615,0.930298,2.465053,0.967817,1.418912,1.819934,1.094127,0.739304,0.489338,0.822175,,0.227949,0.179884,0.048065,0.202449,0.14441,0.996553,0.243009,0.186285,0.056723,0.22736,0.153058,1.062137,0.25474,0.183685,0.071055,0.244866,0.17817,1.07962,0.257906,0.176025,0.081881,0.252154,0.171937,1.086846,0.263255,0.191007,0.072248,0.256146,0.177166,1.090603
5252,15.0,15.0,0.332766,0.408547,0.282723,0.531401,0.166606,0.429868,0.3402,0.153667,0.497173,0.148251,0.140087,0.155894,0.152202,0.153747,0.169402,0.247329,0.320726,0.199641,0.649427,0.165437,0.71933,0.258859,0.151415,0.830568,0.134398,0.128182,0.143488,0.151518,0.153764,0.150176,31.703353,,0.332766,0.140087,0.192678,0.661521,0.166185,1.067852,0.408547,0.155894,0.252653,0.861521,0.188439,1.120467,0.531401,0.152202,0.379199,1.275858,0.202489,1.136848,0.429868,0.153747,0.276122,0.809798,0.219305,1.144644,0.497173,0.169402,0.327772,1.033313,0.2265,1.148336
5257,15.0,15.0,4.294571,4.040665,3.519817,5.030174,2.733336,4.292277,3.231537,2.957445,4.271501,3.239999,2.560246,2.842837,3.667125,3.346616,3.075469,5.671454,5.252488,5.644796,5.506106,5.010873,5.196977,4.557543,5.046026,5.736911,3.291441,3.097833,1.96468,1.751362,2.279113,2.243462,4.724529,,1.430917,0.397141,1.033777,1.756091,1.319162,1.044407,0.950426,0.283391,0.667035,1.271156,0.488369,1.096571,0.869861,0.281345,0.588516,1.102379,0.637007,1.112679,0.73861,0.31932,0.41929,0.93627,0.379995,1.119038,0.730438,0.320929,0.409509,0.922599,0.422819,1.121584
5259,15.0,15.0,0.564579,0.662006,0.526381,0.657887,0.40082,0.669939,0.609633,0.392724,0.713357,0.376526,0.343469,0.34758,0.347486,0.355505,0.356306,1.848938,1.882457,1.813192,1.888353,1.787267,1.896364,1.840924,1.773689,1.931647,1.765428,1.7357,1.733242,1.729753,1.726822,1.731151,0.361684,,0.564579,0.343469,0.22111,0.697949,0.14701,1.037765,0.662006,0.34758,0.314426,0.949111,0.188436,1.087201,0.657887,0.347486,0.310401,0.919706,0.196556,1.101295,0.669939,0.355505,0.314434,0.935559,0.200254,1.106137,0.713357,0.356306,0.357052,1.095659,0.204714,1.108206
5268,15.0,15.0,3.757907,4.067403,3.680922,3.705913,3.528482,3.701108,3.630218,3.352915,3.79617,3.702552,3.200153,3.768098,3.602237,3.661176,3.668998,3.586283,3.645126,3.455782,3.672259,3.346834,3.612906,3.479273,3.323886,3.553187,3.344432,3.037082,3.325487,3.543952,3.206755,3.319241,4.222037,,1.183555,0.884873,0.298682,1.314333,0.134269,1.011093,1.233743,0.870822,0.362921,1.485309,0.133281,1.073978,1.169332,0.883633,0.285699,1.216744,0.138594,1.094822,1.111401,0.879366,0.232035,0.975863,0.151841,1.104367,1.206193,0.881984,0.324209,1.335297,0.15319,1.10965
5288,15.0,15.0,0.223534,0.544774,0.196182,0.453053,0.194444,0.513039,0.508364,0.176311,0.446266,0.173473,0.163889,0.161774,0.153698,0.1571,0.160999,0.93478,1.228665,0.897279,1.717064,0.178457,1.762075,1.180653,0.281081,1.949605,0.156615,0.147704,0.142418,0.148692,0.148052,0.147501,16.622597,,0.229106,0.169487,0.059619,0.188977,0.106025,0.997997,0.573192,0.169487,0.403705,1.481832,0.118885,1.054352,0.474084,0.160332,0.313753,0.937469,0.136263,1.071377,0.476474,0.163946,0.312528,0.916412,0.143008,1.079437,0.466882,0.167968,0.298914,0.866177,0.143626,1.08361
5295,15.0,15.0,1.173205,1.302456,1.113547,1.324011,1.07525,1.70885,1.234285,1.053764,1.545376,1.0773,1.02046,1.022229,1.017069,1.015554,1.01506,4.170674,4.156202,4.070908,4.195302,3.871521,4.57175,4.107363,3.875971,4.540197,3.887417,3.83739,3.847217,3.860766,3.858912,3.855584,1.478863,,1.297612,1.143195,0.154417,0.396017,0.170866,1.038827,1.309937,1.147591,0.162346,0.375629,0.205803,1.092673,1.333418,1.143238,0.19018,0.435037,0.207772,1.11008,1.336422,1.139348,0.197074,0.447296,0.206512,1.115887,1.389079,1.138777,0.250301,0.630546,0.224843,1.117933
5298,15.0,15.0,6.274856,6.27665,5.741155,6.34264,6.217916,5.954854,5.950602,5.843115,6.016775,6.514436,5.806966,5.551317,5.829287,5.528621,5.35247,4.527278,4.513213,3.82692,4.521428,2.518728,4.46536,3.882979,3.407345,4.511542,2.68775,1.47728,2.540658,2.779966,2.100072,2.20927,7.137031,,3.8524,3.091496,0.760904,1.451112,1.20722,1.020764,3.796967,2.909256,0.887712,1.862077,0.927685,1.084851,3.881196,3.149401,0.731795,1.873797,0.976874,1.101836,3.716319,2.993728,0.722591,1.554961,0.89466,1.109674,3.877557,3.156125,0.721431,1.555794,1.037654,1.11425
5302,15.0,15.0,2.643295,3.260845,2.495474,2.84831,2.398898,2.715237,2.772612,2.269962,2.555832,1.85191,2.242408,2.145971,1.454517,1.103215,1.114109,3.126555,4.191883,2.343036,4.486813,1.668793,4.46357,3.971792,2.162976,4.451429,1.510698,0.24564,3.164295,3.00342,3.705822,3.489137,3.236228,,0.246604,0.153844,0.09276,0.179779,0.112013,1.026544,0.269635,0.168378,0.101257,0.21373,0.133012,1.084616,0.281846,0.173587,0.108259,0.228116,0.132828,1.102216,0.378676,0.183694,0.194982,0.560744,0.140403,1.110421,0.382464,0.180946,0.201518,0.566737,0.153247,1.115252
5306,16.0,16.0,12.392487,12.757348,12.307922,12.665011,11.693243,12.833143,12.852581,11.993549,12.178529,12.036699,11.384463,12.327301,12.825726,12.363386,12.130452,14.562794,14.162633,13.447566,13.819455,13.714191,13.114282,13.201119,13.381465,12.892181,13.865614,13.858495,13.222875,11.130659,12.261221,12.463034,8.586414,,7.891048,7.551744,0.339304,2.371694,1.05937,0.990201,7.846781,7.696739,0.150042,2.190944,1.061572,1.058174,8.048304,8.322478,-0.274174,2.082005,1.172235,1.075569,8.210817,8.172049,0.038768,1.893713,1.014493,1.081667,8.249899,8.120094,0.129804,1.939726,0.926222,1.084761
5308,15.0,15.0,0.135632,0.206056,0.103891,0.257431,0.100474,0.315748,0.162507,0.090618,0.359813,0.088401,0.069711,0.070045,0.07299,0.07022,0.077499,0.204608,0.202421,0.171386,0.28546,0.161367,0.437344,0.164797,0.154144,0.479311,0.124652,0.084854,0.094001,0.098389,0.096381,0.101151,0.546689,,0.135632,0.069711,0.06592,0.159146,0.103486,0.971797,0.206056,0.070045,0.136012,0.354085,0.136333,1.043,0.257431,0.07299,0.184441,0.541502,0.136177,1.066244,0.315748,0.07022,0.245528,0.739823,0.139368,1.076579,0.359813,0.077499,0.282314,0.899935,0.14473,1.082284
5316,15.0,15.0,10.58265,10.719394,10.563468,10.909014,10.428116,10.879217,10.697388,10.421652,10.89645,10.426817,10.41057,10.410712,10.411574,10.409934,10.413852,4.402868,4.381994,4.187438,4.647826,4.009889,4.911289,4.161707,3.75067,4.992364,3.33148,3.322218,3.331574,3.345576,3.344687,3.344852,10.766261,,10.58265,10.41057,0.172079,0.678895,0.110959,0.977475,10.719394,10.410712,0.308682,1.19306,0.118843,1.037958,10.909014,10.411574,0.49744,1.942363,0.133177,1.055412,10.879217,10.409934,0.469283,1.816397,0.129955,1.062854,10.89645,10.413852,0.482598,1.863419,0.13475,1.066839
5319,15.0,15.0,3.190446,3.207375,3.249802,3.329673,3.277702,3.773309,3.269178,3.280883,3.540315,3.219041,3.179763,3.222729,3.453458,3.689005,3.474837,6.857814,8.38447,6.87856,9.391464,3.975953,8.663403,8.066687,2.985035,8.687268,1.13707,0.357878,1.201864,2.54885,1.295447,1.90896,1.22232,,0.518736,0.315306,0.203431,0.780407,0.141873,1.035906,0.420306,0.314132,0.106174,0.318798,0.172715,1.080017,0.499075,0.314139,0.184936,0.595562,0.170659,1.092262,0.592805,0.309769,0.283035,0.931235,0.181426,1.095614,0.600432,0.317474,0.282958,0.927434,0.190531,1.096658
5320,16.0,16.0,2.305474,2.231871,2.180154,2.922749,1.404025,2.80197,2.083131,1.546836,2.781699,1.68765,1.12734,1.398322,1.879901,1.876741,1.901822,3.255545,3.321849,3.169885,3.495991,2.466853,3.467194,3.016475,1.982659,3.504903,1.464494,1.497557,1.653697,1.469346,1.876568,2.113382,2.518793,,1.163586,1.104278,0.059308,0.201272,0.120069,1.04307,1.186294,1.101606,0.084689,0.252311,0.149682,1.094632,1.195075,1.092226,0.102849,0.271306,0.163002,1.112721,1.201314,1.105095,0.096219,0.282908,0.170322,1.120163,1.283148,1.103599,0.179549,0.564866,0.169625,1.123854
5326,15.0,15.0,0.137436,0.148132,0.104489,0.166615,0.104604,0.173139,0.11275,0.083987,0.173994,0.087507,0.071942,0.069914,0.064695,0.072779,0.080538,1.558136,1.55122,1.528107,1.572316,0.140874,1.548706,1.509712,0.238992,1.468328,0.093243,0.057885,0.063269,0.0623,0.067092,0.070009,2.162538,,0.137436,0.071942,0.065493,0.155313,0.089549,0.961271,0.148132,0.069914,0.078218,0.173562,0.107702,1.024612,0.166615,0.064695,0.10192,0.22017,0.111918,1.044226,0.173139,0.072779,0.10036,0.223863,0.126824,1.052198,0.173994,0.080538,0.093456,0.226389,0.119304,1.056429
5330,15.0,15.0,3.967452,4.214438,3.799387,4.221917,3.874792,4.440361,4.121662,3.895734,4.274356,3.95553,3.418458,3.789649,3.826132,4.421764,4.113717,3.640003,4.85183,3.603693,4.847626,3.094192,5.051017,4.581403,3.35719,4.914808,3.060434,2.963116,3.477958,2.888044,2.957377,2.964943,3.236632,,2.478055,2.436165,0.041889,0.165346,0.121442,1.010471,2.652182,2.443657,0.208525,0.832296,0.140107,1.070635,2.586278,2.448012,0.138266,0.553479,0.146319,1.089383,2.542744,2.448068,0.094676,0.36774,0.146565,1.097453,2.616428,2.450998,0.165429,0.653719,0.148695,1.101891
5331,15.0,15.0,2.613387,2.874237,2.318456,3.157083,2.261244,2.601515,2.698594,2.214215,2.391809,2.123933,2.316643,2.260841,2.589895,1.941719,1.964796,3.856602,3.680916,3.923746,4.407399,3.523374,4.191876,3.145652,3.796402,4.161657,3.539725,3.253875,1.253421,1.056273,1.242601,1.061279,3.500424,,1.281194,1.237065,0.044128,0.211787,0.131615,0.972352,1.421977,1.23489,0.187087,0.831788,0.14861,1.049032,1.44567,1.232664,0.213005,1.140402,0.147246,1.068784,1.491714,1.23629,0.255424,1.328642,0.152513,1.077515,1.417411,1.236105,0.181306,0.812019,0.156561,1.082511
5333,15.0,15.0,6.265366,5.338402,6.186897,5.462332,5.942656,5.280254,5.26312,5.95232,5.418802,6.276216,6.14051,4.969273,5.352637,4.601428,4.575797,7.676543,5.237856,7.698454,5.048018,6.783464,4.845213,5.039515,6.681855,5.195455,6.692063,7.139507,3.55703,2.316451,1.916356,1.965524,3.014948,,1.906915,1.874093,0.032822,0.185537,0.108912,1.036315,2.06181,1.879367,0.182442,0.765787,0.129867,1.096054,2.066773,1.869425,0.197349,0.786126,0.146366,1.112372,2.115419,1.866789,0.248631,0.753151,0.148257,1.119489,2.152901,1.868563,0.284338,0.868849,0.155517,1.123518
5335,15.0,15.0,6.372311,7.596722,6.141726,7.786712,6.341636,7.102316,7.499638,6.918238,7.246206,6.465983,6.575571,6.889483,6.880199,6.691566,6.807265,7.144525,6.843521,6.770991,6.975204,6.107339,6.583819,6.551696,5.26164,6.800461,5.036336,4.290959,3.618816,4.320753,3.959639,4.019663,10.614048,,0.419238,0.115293,0.303946,0.577348,0.132201,0.997598,0.918374,0.116757,0.801617,1.995008,0.151485,1.055238,1.266204,0.125418,1.140786,2.87249,0.160024,1.072003,0.883537,0.132698,0.750839,1.444179,0.171352,1.079292,0.948528,0.13679,0.811738,1.498264,0.166529,1.083236
5339,15.0,15.0,0.855385,0.87422,0.769208,1.010151,0.130396,1.046614,0.821163,0.125985,1.025225,0.129344,0.091965,0.094017,0.088164,0.099088,0.102769,2.943265,3.045781,2.84243,3.174578,1.417789,3.288674,2.953089,1.370325,3.295778,1.220266,0.164421,0.260003,0.434915,0.576794,0.595228,3.136213,,0.185545,0.087454,0.098091,0.211237,0.145985,0.993698,0.248165,0.088126,0.160038,0.370441,0.161956,1.050751,0.256332,0.08323,0.173102,0.377878,0.163734,1.070637,0.261124,0.091304,0.16982,0.378534,0.170789,1.080236,0.277727,0.095248,0.18248,0.394819,0.175057,1.085572
5342,15.0,15.0,10.666135,8.181239,9.138918,7.99404,8.2719,7.805188,7.247439,8.722089,7.589979,9.570304,8.272428,6.621876,6.037382,5.124802,6.343847,10.368968,8.762747,10.313518,6.701198,9.808857,6.725888,7.922355,9.493488,6.873615,9.386348,8.778091,6.199448,3.375899,3.449227,3.022827,9.68325,,4.740333,4.690038,0.050294,0.247127,0.16692,1.021916,4.902194,4.668955,0.233239,0.889241,0.192025,1.089409,5.064342,4.671594,0.392748,1.552053,0.202702,1.108643,5.019606,4.67497,0.344637,1.36878,0.203963,1.116056,4.74799,4.680247,0.067743,0.305269,0.210503,1.119795
5343,16.0,16.0,2.465886,2.365546,2.399946,2.483555,2.121225,2.37644,2.325373,1.990746,2.506582,2.110662,2.070897,2.067818,2.031239,2.062079,1.823324,3.031039,4.413601,2.743174,4.55464,2.90206,4.836618,4.408301,3.303346,5.054066,3.080257,2.554204,4.113652,3.861498,4.152531,4.152337,1.494135,,1.214507,1.079047,0.13546,0.430155,0.132746,1.014738,1.244656,1.080402,0.164254,0.490146,0.147173,1.079988,1.257692,1.095973,0.161719,0.499036,0.166473,1.096953,1.250066,1.089215,0.160851,0.464155,0.167366,1.103385,1.329296,1.09387,0.235426,0.705255,0.170077,1.106492
5351,15.0,15.0,11.618556,12.150858,11.845608,13.515244,10.759371,13.183757,12.121412,11.40111,12.693795,11.086687,11.248959,11.789123,12.24428,11.920486,11.681211,12.404474,12.240917,12.032467,12.510711,11.515111,12.62904,11.465689,9.390535,12.937366,9.063251,6.358579,7.851581,7.973785,8.250113,8.978465,2.428864,,5.56634,5.153727,0.412613,4.359719,2.272139,0.957095,6.012095,5.137132,0.874963,4.321652,1.886159,1.020129,6.15844,5.210616,0.947824,4.215051,2.017512,1.035172,6.510745,4.928535,1.58221,4.572309,1.593313,1.039549,6.560273,4.961348,1.598924,4.45063,1.681747,1.041932
5357,15.0,15.0,9.13874,8.508924,9.081222,8.626121,8.139304,8.643336,8.15472,8.233691,8.923856,8.217315,8.71187,7.686928,7.85471,7.805328,7.783082,7.470653,6.264981,7.007956,6.486448,6.665661,6.342517,5.131233,5.756997,5.944416,6.849793,4.555417,2.544953,2.705667,2.227101,1.747918,14.302896,,6.454123,6.318732,0.135391,1.534992,0.344443,0.973179,6.350694,6.317256,0.033438,1.91739,0.398578,1.033819,6.292852,6.220486,0.072366,2.84104,0.428865,1.047739,6.373006,6.25892,0.114086,2.865308,0.439699,1.05498,6.474967,6.252153,0.222814,2.954278,0.441892,1.059863
5360,15.0,15.0,1.637061,1.702579,1.436364,1.600307,0.951857,1.718659,1.516653,0.847463,1.59786,0.549222,0.243125,0.500315,0.643994,0.95015,0.78812,2.749632,2.172889,2.743078,3.30354,1.607834,3.076615,2.441136,1.646533,2.954842,1.189225,1.151486,0.621365,1.0326,1.229618,1.229739,10.562832,,0.25184,0.174664,0.077176,0.291605,0.164702,1.059746,0.296422,0.183468,0.112954,0.379155,0.197936,1.117142,0.321828,0.178018,0.14381,0.447729,0.198858,1.13272,0.340341,0.189663,0.150678,0.488516,0.207539,1.138325,0.343785,0.188648,0.155136,0.489946,0.211232,1.140874
5364,15.0,15.0,0.489335,0.60448,0.448707,0.601248,0.438857,0.590612,0.509794,0.4232,0.686726,0.431132,0.413203,0.425671,0.422728,0.414182,0.423962,0.238792,0.359563,0.18093,0.478245,0.137466,0.506483,0.287584,0.131133,0.442611,0.120521,0.086252,0.113424,0.113947,0.110937,0.110276,0.424709,,0.496091,0.436954,0.059137,0.2069,0.126307,1.051824,0.627749,0.44997,0.177779,0.801239,0.15266,1.108191,0.541126,0.441992,0.099134,0.436486,0.156709,1.125531,0.596802,0.43538,0.161422,0.644888,0.164749,1.13249,0.71831,0.443647,0.274663,1.120906,0.180257,1.135636
5376,15.0,15.0,2.308842,2.660833,2.21048,2.415101,2.28912,2.58836,2.465253,2.114551,2.318829,2.15497,2.107811,2.431756,1.983623,2.085131,2.092329,5.726255,5.712932,5.593919,6.129304,2.532371,5.902243,5.612576,2.481086,5.797637,2.607475,1.116146,1.197085,0.955269,0.923861,0.929498,3.575193,,1.398213,1.228979,0.169233,0.491381,0.174006,1.012776,1.404988,1.238255,0.166733,0.454534,0.195656,1.071853,1.398169,1.239561,0.158608,0.444898,0.206728,1.088551,1.395483,1.238123,0.15736,0.50562,0.263759,1.094139,1.422664,1.248451,0.174212,0.492257,0.245796,1.096361
5381,16.0,16.0,0.765307,0.812276,0.739149,0.830659,0.685377,0.814941,0.781879,0.686361,0.851938,0.687125,0.654659,0.648434,0.647716,0.644613,0.643669,1.303862,1.318949,1.271854,1.335974,1.255666,1.425372,1.283183,1.251632,1.503468,1.246416,1.222541,1.237808,1.225402,1.228846,1.23014,3.668695,,0.765307,0.654659,0.110648,0.347944,0.130033,1.019657,0.812276,0.648434,0.163842,0.587873,0.148194,1.083984,0.830659,0.647716,0.182943,0.745327,0.154304,1.100645,0.814941,0.644613,0.170329,0.672914,0.163333,1.107976,0.851938,0.643669,0.208269,0.691951,0.172004,1.111281
5389,15.0,15.0,0.622646,0.633817,0.573537,0.632249,0.599572,0.649371,0.601165,0.590132,0.66626,0.591598,0.584431,0.598759,0.60279,0.595562,0.594527,5.289156,6.105,5.047333,6.20385,4.972271,6.24785,5.846689,4.967074,6.221051,4.964158,4.963002,4.971156,4.968872,4.971245,4.969176,0.538259,,0.622646,0.584431,0.038216,0.278331,0.116945,1.024297,0.633817,0.598759,0.035057,0.263052,0.141209,1.082311,0.632249,0.60279,0.02946,0.305979,0.156548,1.098838,0.649371,0.595562,0.053809,0.371636,0.16805,1.105845,0.66626,0.594527,0.071733,0.381451,0.174491,1.110062
5398,15.0,15.0,6.115494,5.121837,5.792012,6.07413,5.726257,6.272487,5.194657,5.275109,5.833638,4.926946,4.814961,4.261215,5.234972,6.084233,5.312667,12.965983,12.937028,12.936566,12.525296,10.639461,11.993342,12.930758,10.737409,11.797359,10.009192,8.347866,8.398103,7.872359,8.012502,8.556446,5.455758,,1.91612,1.829772,0.086348,0.282803,0.154996,1.008002,1.940547,1.833694,0.106853,0.328197,0.195339,1.055988,2.104147,1.823922,0.280225,0.747598,0.191857,1.068866,2.107321,1.818528,0.288793,0.746258,0.20434,1.07344,2.109719,1.818317,0.291402,0.748493,0.204434,1.07546
5400,15.0,15.0,1.049931,1.726747,1.011502,0.991138,0.578391,1.284463,1.649357,0.564443,1.308115,0.365847,0.161038,0.255878,0.136897,0.129615,0.181666,1.479045,2.215418,1.437117,2.604006,0.60271,2.444801,2.169209,0.464436,2.782526,0.363253,0.263432,0.195074,0.840742,0.810168,0.524829,8.724921,,0.731693,0.154387,0.577305,1.056836,0.24175,1.014422,0.957989,0.240502,0.717487,1.462066,0.302147,1.076677,0.637446,0.122136,0.51531,1.002518,0.291629,1.095047,0.701754,0.12263,0.579124,1.249063,0.323739,1.103027,0.601529,0.16654,0.434989,0.866617,0.326672,1.107284
5412,15.0,15.0,0.182977,0.20304,0.151348,0.287529,0.142995,0.21983,0.163474,0.137005,0.229155,0.128823,0.109872,0.106011,0.115053,0.117909,0.120272,0.857281,1.145003,0.817646,1.528027,0.178698,1.370448,1.096747,0.179562,1.368235,0.177781,0.15057,0.159494,0.160784,0.164905,0.174631,0.171055,,0.182977,0.109872,0.073105,0.19443,0.125051,0.996834,0.20304,0.106011,0.097029,0.223613,0.138676,1.057032,0.287529,0.115053,0.172475,0.524893,0.143417,1.074576,0.21983,0.117909,0.101921,0.245398,0.145409,1.081911,0.229155,0.120272,0.108883,0.266052,0.149364,1.085627
5433,15.0,15.0,2.116833,2.192861,2.086718,2.239781,2.089509,2.223389,2.150572,2.077842,2.224882,2.073141,2.081943,2.090003,2.087356,2.091525,2.091178,2.600679,2.730605,2.269527,2.746809,2.394416,2.785933,2.355104,2.378695,2.840714,2.373882,2.37697,2.371063,2.370215,2.378312,2.375047,3.055171,,2.116833,2.081943,0.034889,0.198341,0.123509,1.015422,2.192861,2.090003,0.102858,0.446728,0.141379,1.075843,2.239781,2.087356,0.152425,0.620036,0.143638,1.092256,2.223389,2.091525,0.131864,0.547238,0.143593,1.098261,2.224882,2.091178,0.133705,0.548867,0.151187,1.101342
5439,15.0,15.0,2.340123,3.145493,2.088734,3.005912,2.013743,3.112705,3.030268,1.955191,3.070586,1.887847,2.139453,2.90354,2.558551,2.809215,2.684298,1.46105,4.093279,1.18098,4.027333,1.12723,3.907789,3.614673,0.885218,4.010776,0.824953,0.636049,3.576376,3.952059,3.04926,2.741499,4.254182,,0.594553,0.572652,0.021901,0.191697,0.131072,1.051729,0.609611,0.56421,0.0454,0.228193,0.158329,1.105716,0.619679,0.553796,0.065883,0.257646,0.16558,1.120214,0.62242,0.548155,0.074265,0.261838,0.16567,1.125703,0.616878,0.554608,0.06227,0.298771,0.164016,1.128783
5441,15.0,15.0,1.177106,1.511782,1.144748,1.432366,1.099752,1.465898,1.461376,1.09717,1.613992,1.08847,1.046067,1.062807,1.060456,1.080225,1.083603,8.080198,8.213668,7.693584,8.506375,7.545827,8.442187,7.812179,7.182354,8.825968,7.402755,7.157036,7.218429,7.215726,7.214707,7.208126,2.716835,,1.181638,1.120273,0.061365,0.214925,0.142893,1.000946,1.251824,1.120152,0.131673,0.472117,0.160062,1.067828,1.278303,1.114187,0.164116,0.551021,0.176506,1.085265,1.266076,1.115277,0.150799,0.498006,0.18079,1.09194,1.276516,1.118897,0.157619,0.512526,0.191331,1.096893
5449,15.0,15.0,1.292762,1.273941,0.848502,1.524802,0.864688,1.264892,1.204087,0.544841,1.240619,0.870046,0.616547,0.727801,0.647938,0.568734,0.22298,2.824652,2.330496,2.795509,2.599354,2.697805,2.293548,2.083185,2.069922,2.186912,1.439531,1.931145,1.831932,1.889755,1.587733,1.586704,3.665453,,0.224235,0.152012,0.072224,0.197109,0.134108,1.034923,0.326675,0.156035,0.17064,0.536372,0.156463,1.089376,0.359834,0.16361,0.196224,0.649126,0.159843,1.105153,0.53441,0.161729,0.372682,1.315522,0.167464,1.112406,0.536091,0.1595,0.376591,1.311596,0.174982,1.11656
5455,15.0,15.0,1.28159,1.639625,1.098548,1.696434,0.885103,1.799394,1.287662,1.040488,1.795603,0.685132,0.51313,0.936025,0.658579,0.611978,0.690118,3.641808,3.656729,3.278824,3.741228,2.463247,4.08859,3.448873,2.7422,4.423654,2.600298,3.152012,1.230509,1.844296,1.53834,2.305663,7.17273,,0.288975,0.17002,0.118955,0.401578,0.133356,0.941147,0.41367,0.177405,0.236265,0.712963,0.163216,1.012517,0.423046,0.18433,0.238716,0.714059,0.179669,1.034951,0.405106,0.192713,0.212393,0.66445,0.183467,1.043905,0.45283,0.189271,0.26356,0.867083,0.176389,1.048207
5457,15.0,15.0,5.105728,5.932426,4.860779,5.658539,5.191726,5.38989,5.807496,4.802172,5.464672,4.492987,4.647488,5.016422,4.600296,4.658473,4.778854,9.937446,9.70061,9.149662,9.779055,7.913773,10.071511,8.940752,8.34004,10.043541,7.859346,8.640709,6.416379,6.974033,7.021089,6.757188,2.749464,,1.076361,1.023837,0.052524,0.203935,0.130743,0.986161,1.28066,1.027653,0.253007,0.953553,0.138725,1.044569,1.427634,1.020642,0.406993,1.520642,0.15838,1.061459,1.435211,1.027426,0.407785,1.503717,0.160002,1.068683,1.448195,1.0267,0.421495,1.320084,0.162967,1.071956
5462,15.0,15.0,3.169143,4.230245,2.950725,3.730048,2.977069,3.731017,4.190309,3.014615,3.77225,3.125408,3.024105,4.271744,4.014479,4.108611,3.805099,2.303979,2.663668,2.264823,2.59014,1.764227,1.985004,1.340359,2.515361,1.977637,2.490314,0.810366,1.262379,0.685914,0.177749,0.538364,4.131409,,1.176157,1.120304,0.055853,0.202096,0.128049,1.006649,1.190598,1.113099,0.077499,0.231268,0.135975,1.072259,1.193337,1.107659,0.085678,0.244226,0.14205,1.093495,1.197156,1.113348,0.083808,0.251328,0.15484,1.102708,1.199053,1.111113,0.08794,0.253782,0.161165,1.107574
5464,15.0,15.0,3.871576,4.869472,3.386625,4.410149,3.665375,4.252865,4.725175,3.341022,4.05866,3.813358,3.242915,4.346736,3.826702,3.405921,3.426758,8.738778,5.751272,8.622203,6.873188,8.307785,6.707471,5.494345,7.576289,6.524013,7.924574,8.694017,4.126459,4.552407,4.820535,4.688818,3.260505,,0.746145,0.706281,0.039864,0.223708,0.142918,1.059029,0.950077,0.712722,0.237355,0.787101,0.161739,1.124226,1.184445,0.711622,0.472822,1.644825,0.172795,1.140946,1.046237,0.711263,0.334974,1.172083,0.178748,1.147434,1.088939,0.71466,0.374278,1.316092,0.179676,1.150733
5466,15.0,15.0,6.471539,5.910676,6.162437,6.400545,5.945852,6.240754,5.934486,5.756779,6.628821,5.876468,5.740533,5.933881,6.344447,6.390234,6.689839,5.281606,6.504934,4.839509,6.724775,2.867733,6.957581,6.491102,2.476054,7.342129,2.041046,1.549714,3.558635,3.789589,3.775478,3.985685,4.254796,,1.456011,1.343002,0.113009,0.37,0.139852,0.97484,1.430497,1.330805,0.099692,0.32578,0.15192,1.035217,1.618569,1.333126,0.285443,0.94208,0.16894,1.05384,1.526128,1.338258,0.187871,0.570837,0.167283,1.061392,1.654298,1.321648,0.33265,1.144132,0.172445,1.06497
5469,15.0,15.0,4.354837,3.896618,4.301361,4.272181,4.274881,4.043193,3.886543,4.007367,4.122997,4.148378,4.025863,3.728729,3.920803,3.700949,3.809167,5.644975,5.040001,5.488515,4.846097,4.739777,4.723537,4.212246,4.805907,4.628006,4.025973,4.671569,3.348944,1.397837,1.871361,2.315853,2.368052,,1.140767,0.856048,0.284719,0.928463,0.224059,1.024479,1.34764,0.879321,0.468319,1.061479,0.337645,1.085784,1.336534,0.885147,0.451387,1.046037,0.34742,1.101541,1.415138,0.87783,0.537308,1.211705,0.374851,1.107902,1.391053,0.872277,0.518776,1.240689,0.324989,1.111273
5473,30.0,30.0,3.941392,3.819855,3.801122,3.860436,3.564584,4.433098,3.622169,3.641859,4.207507,3.393974,3.14608,3.204895,3.272961,3.583771,3.391949,2.189013,2.222994,1.875934,2.218468,1.596861,2.117723,1.873539,1.834302,2.231838,1.235751,2.048464,1.020345,1.176652,1.049707,0.746907,4.636711,,1.747294,1.574041,0.173253,0.62418,0.143861,1.039069,1.962515,1.577901,0.384613,1.402572,0.164979,1.102622,1.965362,1.580832,0.384529,1.357309,0.177311,1.120119,2.005317,1.575428,0.429889,1.471987,0.182719,1.127399,1.983361,1.574905,0.408456,1.425298,0.184531,1.131141
5474,15.0,15.0,20.403773,20.204467,20.373513,20.078693,20.609868,20.074599,20.107723,20.526314,19.941176,20.749862,20.81856,20.690462,20.624182,20.64105,20.630235,15.972757,15.795374,15.217089,15.548283,16.34492,15.737422,14.89528,15.856173,15.607891,16.384794,16.336738,16.26801,16.075855,15.730181,15.703484,18.945942,,21.537084,21.979306,-0.442221,1.17099,0.2097,0.981838,21.23732,21.842142,-0.604822,1.775249,0.366047,1.047208,21.003331,21.775613,-0.772281,2.241796,0.44762,1.061109,20.91511,21.793685,-0.878575,2.260113,0.435872,1.066676,20.987347,21.782098,-0.794751,2.199147,0.448794,1.069888
5475,15.0,15.0,7.200239,6.74672,7.410115,7.256498,6.879689,7.403924,6.618391,6.846632,6.741813,6.727919,6.9184,5.993154,5.711127,6.251999,5.753909,6.606175,6.191109,6.146701,5.960911,6.154714,6.023824,5.639902,5.988754,5.880371,5.224503,5.125475,5.129136,4.82071,4.597485,4.548464,7.803198,,1.296171,1.048291,0.24788,0.720786,0.257821,1.034366,1.476244,1.034727,0.441517,1.222837,0.404298,1.094055,1.631173,1.058122,0.573051,1.56581,0.42918,1.109964,1.81876,1.075637,0.743123,1.901458,0.540254,1.116082,1.930349,1.060818,0.869531,2.189659,0.565494,1.118911
5477,15.0,15.0,9.571273,7.697311,8.320669,8.96939,7.741594,8.503492,6.732713,6.866254,9.046536,6.416898,5.576746,3.797953,6.368679,6.195336,6.636604,17.768435,16.33112,17.382788,14.954744,17.423051,15.765203,15.355427,16.964355,16.28875,16.091703,15.841598,12.044905,7.307926,8.498436,9.408281,18.578035,,0.389243,0.148635,0.240608,0.645813,0.213094,1.0342,0.495303,0.163172,0.332131,0.82427,0.242462,1.095203,0.601016,0.154515,0.446501,0.997402,0.228823,1.112863,0.422533,0.134042,0.288491,0.622273,0.243807,1.116708,0.47556,0.145597,0.329963,0.647856,0.257225,1.117767
5481,30.0,30.0,17.026485,16.605311,16.930729,17.291253,16.559416,17.285224,16.43672,16.158054,17.313359,16.328882,15.665821,15.422375,16.224403,15.728979,16.05512,9.107544,9.245104,8.354822,9.616835,7.436265,9.266447,8.215497,7.11782,9.063721,7.140811,7.646693,7.003368,7.026574,6.632878,6.503735,25.574858,,15.2385,15.039291,0.199209,0.83026,0.172254,0.99801,15.401471,15.056682,0.344789,1.615858,0.213325,1.069181,15.53362,15.050597,0.483022,1.973317,0.230336,1.090162,15.631752,15.043086,0.588665,2.344831,0.239743,1.097626,15.660473,15.052371,0.608102,2.525654,0.246552,1.100622
5482,15.0,15.0,2.664232,1.483514,2.292493,1.948426,1.858639,1.903084,1.080527,2.000061,1.880465,1.822077,1.965754,0.780479,0.798417,0.441537,0.740845,3.695325,2.951612,3.62242,3.172848,3.69745,3.160766,2.720845,3.716106,3.142563,3.965039,3.093666,1.722515,2.511758,2.167139,2.290887,1.798894,,0.201672,0.147233,0.05444,0.174744,0.10729,1.041619,0.215123,0.133756,0.081367,0.208622,0.125912,1.094781,0.358092,0.150928,0.207165,0.737439,0.13831,1.108426,0.585503,0.140179,0.445324,1.607308,0.145312,1.114792,0.597259,0.144974,0.452285,1.652533,0.142628,1.118992
5483,16.0,16.0,10.688167,11.030089,10.334461,12.371406,10.583233,13.005035,10.84179,10.192819,13.288331,9.705058,9.781715,10.626285,11.909482,11.657822,11.600926,41.436061,39.562787,40.989183,39.046007,42.365327,39.226871,38.742361,42.522742,38.823678,41.606313,43.270562,41.308223,40.062833,40.250688,40.3866,3.515961,,0.290492,0.15863,0.131863,0.425386,0.09904,0.977412,0.79927,0.159508,0.639762,1.679896,0.135953,1.037059,1.269253,0.191673,1.07758,2.403169,0.161337,1.051216,1.393877,0.191672,1.202205,2.580644,0.169097,1.056392,1.531225,0.203934,1.327291,2.813137,0.1798,1.058752
5489,15.0,15.0,4.527792,4.658963,4.4391,4.346794,3.551646,4.241907,4.538323,4.011552,4.372354,3.87121,4.226533,4.733464,4.050352,4.128179,4.16532,3.404743,3.360065,3.441987,3.742026,2.616601,3.547387,3.040305,2.513506,3.571084,2.934043,2.825083,2.859237,2.647271,2.520566,2.343086,10.405277,,0.63346,0.509538,0.123921,0.417341,0.125932,1.034104,0.682113,0.490441,0.191673,0.480979,0.137066,1.090699,0.626641,0.494686,0.131956,0.325399,0.142714,1.107727,0.65117,0.4863,0.16487,0.513163,0.150297,1.114381,0.66558,0.483943,0.181637,0.618723,0.149026,1.117938
5491,16.0,16.0,2.595562,2.607005,2.572119,2.60993,2.55651,2.613538,2.576032,2.557669,2.710441,2.544959,2.542784,2.541142,2.535791,2.543601,2.538538,6.150935,6.572502,5.811689,6.941252,5.104775,7.126997,6.4732,5.160615,7.096194,5.089857,5.081983,5.066122,5.064432,5.07498,5.065903,4.697399,,2.595562,2.542784,0.052778,0.169797,0.10412,0.98641,2.607005,2.541142,0.065863,0.193003,0.118706,1.058662,2.60993,2.535791,0.074139,0.200987,0.132206,1.08378,2.613538,2.543601,0.069937,0.206884,0.133707,1.094899,2.710441,2.538538,0.171904,0.587248,0.136018,1.100882
5493,15.0,15.0,1.220037,1.305316,1.139474,1.470505,1.013115,1.165994,1.266043,0.847846,1.130226,0.976821,0.603602,0.610024,0.632947,0.643618,0.576526,2.490176,2.426085,2.096859,2.573956,2.359585,2.719382,1.87678,2.252192,2.738376,2.297983,2.323067,1.870438,1.882268,1.876119,1.882004,2.77542,,0.574012,0.485097,0.088915,0.21658,0.129354,1.064181,0.77696,0.505485,0.271475,0.917052,0.160716,1.119684,0.678426,0.506991,0.171436,0.501443,0.167654,1.13594,0.699982,0.507601,0.192381,0.561351,0.173001,1.142793,0.744999,0.517669,0.22733,0.724266,0.180761,1.146594
5496,15.0,15.0,7.519078,7.382731,7.396566,7.328252,7.552568,7.305264,7.088154,7.689844,7.172215,7.324563,7.70476,6.976591,6.929942,7.303149,7.145883,6.743451,6.608875,6.321947,6.353539,5.446648,6.598518,5.610495,5.339935,6.363718,5.649573,6.223555,4.953195,3.930782,4.031769,3.230855,9.022759,,4.013114,3.940532,0.072582,0.579978,0.189921,1.000343,4.250463,3.92386,0.326602,1.50709,0.21269,1.066105,4.678965,3.923332,0.755633,2.631907,0.226585,1.081259,4.551481,3.938198,0.613283,2.185168,0.234921,1.087219,4.340387,3.938609,0.401778,1.726292,0.247207,1.089645
5502,15.0,15.0,4.296283,4.261842,3.925568,4.925425,3.681319,4.658472,4.045113,3.309528,4.88903,3.326317,3.029413,3.063014,3.587316,3.36236,3.544668,6.025754,5.609443,5.952308,6.450816,5.704112,6.614061,5.46677,5.431885,6.372855,5.109167,6.055698,2.989459,3.540815,4.542385,3.752909,7.209916,,2.607362,2.542606,0.064756,0.169538,0.113325,0.996148,2.618134,2.540663,0.077471,0.197266,0.119453,1.066565,2.764983,2.537301,0.227682,0.754776,0.130762,1.087095,2.771996,2.542384,0.229612,0.772957,0.142508,1.096872,2.772226,2.540143,0.232083,0.768077,0.141856,1.102402
5506,16.0,16.0,3.769224,3.916105,3.335959,3.624651,3.153654,4.005444,3.314597,2.916443,3.786962,3.294231,3.046691,2.878041,2.589848,2.61179,2.493635,5.968803,5.345956,5.921542,4.809156,5.318326,5.292148,5.104911,5.339247,5.333416,4.971509,6.033173,3.359833,3.124232,4.13689,3.706348,6.96696,,2.274429,1.59992,0.674509,1.297884,0.692479,0.99478,2.763218,1.498869,1.264349,2.551345,0.927691,1.059524,2.628654,1.526849,1.101805,2.598949,0.791131,1.076642,2.686685,1.526968,1.159717,2.660294,0.892159,1.084226,2.789216,1.770456,1.01876,3.009311,0.691108,1.089346
5511,31.0,31.0,3.843068,3.583222,3.560713,3.953495,3.492643,4.245302,3.443165,3.217842,4.049818,3.37609,3.386922,2.799748,3.338125,3.360662,3.294697,5.513229,5.17903,5.434601,5.12995,4.236426,5.116455,4.698721,4.118523,5.261138,3.970024,3.68684,2.655759,1.749296,1.688333,1.917389,4.58007,,0.200558,0.119658,0.0809,0.239854,0.121024,0.992109,0.245832,0.114586,0.131247,0.367285,0.149006,1.060349,0.25987,0.119146,0.140724,0.38132,0.157787,1.082047,0.322331,0.114178,0.208153,0.531743,0.162173,1.091847,0.36616,0.110101,0.256058,0.691821,0.171592,1.096962
5514,15.0,15.0,1.939655,2.308404,1.919854,2.26813,1.925604,2.286846,2.281745,1.927564,2.322962,1.922469,1.902794,1.920595,1.920252,1.906962,1.91127,2.562417,2.821173,2.494102,2.835903,2.222322,2.891224,2.735251,2.212522,2.923066,2.210353,2.212675,2.226641,2.234557,2.231274,2.237561,3.967752,,1.779858,1.740714,0.039144,0.216878,0.146538,1.049733,2.171926,1.759783,0.412144,1.714905,0.175253,1.103173,2.12852,1.757607,0.370913,1.592324,0.181547,1.117757,2.14927,1.743368,0.405902,1.771812,0.196268,1.12375,2.121321,1.746497,0.374824,1.653413,0.19127,1.127139
5520,15.0,15.0,39.421469,40.913481,39.169143,40.597009,39.735888,39.547277,40.405683,38.930164,40.114903,39.383974,38.304544,40.037823,39.831041,38.833451,39.575518,34.544983,37.97948,34.102512,37.993511,32.442173,38.046183,37.067026,33.91311,38.70087,33.655707,29.856215,34.880873,36.038177,38.458706,39.306122,42.128244,,44.993662,44.986877,0.006785,0.288276,0.206149,1.043986,44.819505,44.95201,-0.132504,0.78151,0.247339,1.096105,44.851846,44.940733,-0.088888,0.721342,0.254097,1.110411,44.723925,44.92153,-0.197605,1.157841,0.253791,1.118023,44.620521,44.942,-0.321479,1.533219,0.264951,1.121831
5521,31.0,31.0,3.920221,3.721859,3.785571,3.731787,3.740238,3.481779,3.685114,3.583105,3.753271,3.601633,3.461088,3.387622,3.318547,2.993761,3.247704,1.390133,1.71975,1.37504,1.501788,1.059285,1.631983,1.588407,1.010437,1.753211,0.778436,0.266396,1.250968,0.845987,0.930064,0.93177,4.33267,,2.225797,1.737602,0.488195,1.191406,0.323166,1.037559,2.126062,1.71869,0.407372,1.265821,0.226014,1.095472,2.110015,1.708136,0.401879,1.215469,0.242876,1.112439,2.117208,1.726427,0.390781,1.208892,0.255762,1.118825,2.251666,1.703251,0.548416,1.702198,0.25573,1.121698
5525,15.0,15.0,1.27575,1.44049,1.250971,1.494329,1.241715,1.456058,1.405626,1.234884,1.457563,1.229091,1.209856,1.223133,1.224614,1.220999,1.218347,0.324377,0.344779,0.293545,0.380962,0.275868,0.369173,0.307725,0.26691,0.397897,0.260278,0.247437,0.251535,0.262804,0.260079,0.251934,3.74255,,1.27575,1.209856,0.065894,0.170581,0.108046,1.026793,1.44049,1.223133,0.217357,0.747565,0.126523,1.092018,1.494329,1.224614,0.269715,0.939467,0.142678,1.113009,1.456058,1.220999,0.235059,0.775947,0.148562,1.121866,1.457563,1.218347,0.239217,0.774708,0.159292,1.126583
5527,15.0,15.0,2.095291,1.907158,2.062408,2.086591,2.083398,1.845015,1.811329,2.047652,1.987784,1.889215,2.040235,1.494195,1.632651,1.556286,1.516695,1.371955,1.748715,1.084624,2.072722,0.407778,2.004858,1.395642,0.572778,1.986928,0.347292,0.331583,0.264127,0.532266,0.578889,0.589142,2.736532,,0.1878,0.10892,0.07888,0.202462,0.126057,1.033619,0.222311,0.107809,0.114502,0.266068,0.140976,1.092831,0.239407,0.104072,0.135335,0.295478,0.158624,1.111899,0.259657,0.093982,0.165676,0.368629,0.160988,1.1197,0.261963,0.096031,0.165931,0.372574,0.154891,1.123651
5528,15.0,15.0,1.153795,0.801299,1.070304,0.887559,1.277688,1.183268,0.746707,1.041313,1.306058,0.714454,0.717365,0.67627,0.673833,0.681205,0.719869,1.034386,0.589443,0.866738,1.163209,0.980861,1.236297,0.441538,0.769575,1.303956,0.951924,0.866707,0.368699,0.285527,0.423827,0.425748,1.450535,,0.356965,0.331774,0.025191,0.182271,0.11631,1.028823,0.375066,0.331111,0.043955,0.218872,0.129897,1.096339,0.425543,0.328565,0.096978,0.401291,0.140582,1.114766,0.440971,0.325033,0.115938,0.472938,0.140298,1.122189,0.547462,0.32088,0.226582,0.887885,0.137915,1.125943
5537,15.0,15.0,2.698189,3.070052,2.615453,2.906902,2.444884,3.054192,2.81643,2.368461,2.912372,2.426062,2.480297,1.945327,1.836303,1.837729,2.316803,7.581935,7.915539,7.165101,8.266609,7.077324,8.179487,7.543041,7.141909,7.933548,6.878584,6.027068,6.019233,6.019823,6.030625,5.977557,3.179517,,2.078332,1.947411,0.130921,0.394222,0.132732,1.066578,2.217184,1.95277,0.264414,0.892518,0.144838,1.116329,2.299042,1.953989,0.345053,1.332783,0.151906,1.129472,2.218383,1.959104,0.259278,1.270736,0.159847,1.13409,2.304424,1.967603,0.336821,1.408692,0.172314,1.135993
5542,14.0,14.0,8.581076,8.515259,8.46328,8.307976,7.828455,8.141518,8.376973,8.141867,7.964393,7.500632,7.267905,8.117769,7.609512,7.674035,7.453853,7.682473,9.755101,6.495501,9.589492,5.150887,9.713982,8.866598,5.975875,9.74535,4.829473,4.868282,8.77921,8.245635,8.438724,9.534059,3.725442,,3.495869,3.473602,0.022267,0.180471,0.097485,0.967822,3.548262,3.467405,0.080857,0.458522,0.120963,1.031404,3.553561,3.45907,0.094492,0.464472,0.138836,1.051227,3.552978,3.464848,0.08813,0.467876,0.143122,1.059332,3.555594,3.467922,0.087672,0.473039,0.14274,1.063745
5546,14.0,14.0,14.767067,13.795841,13.927079,14.268081,14.150398,13.080027,12.383679,13.219057,12.490064,11.256736,10.628523,10.590997,10.896392,9.534566,9.875639,14.032018,15.513095,12.092043,14.621866,11.549784,14.775963,12.791217,10.781457,14.490345,11.263192,8.298598,9.653857,9.47528,8.945718,8.304833,18.823623,,7.849165,7.721779,0.127387,1.777245,0.632069,0.999001,8.424363,7.791823,0.63254,2.895541,0.628669,1.068884,8.466028,7.892663,0.573365,2.93648,0.79677,1.079358,8.7842,7.957722,0.826478,3.256751,0.864076,1.081372,8.816624,7.971747,0.844877,3.258636,0.899048,1.08199
5550,16.0,16.0,35.711324,36.030656,35.423303,36.248196,35.646116,35.867077,35.855615,35.417983,35.716206,35.682856,35.738526,35.926499,35.947877,35.637878,36.15113,47.974356,47.519491,47.897691,47.398707,48.555043,47.263728,47.345902,49.186064,47.175563,49.082507,49.076637,49.155116,48.935204,48.790255,48.700635,33.305441,,35.341185,35.934575,-0.59339,1.516093,0.349711,0.999099,35.622687,36.01454,-0.391854,2.456131,0.278965,1.061918,35.713852,36.013432,-0.29958,2.612733,0.287048,1.078761,35.511846,36.007225,-0.495379,2.013868,0.30401,1.08554,35.414903,36.00969,-0.594787,2.102471,0.308688,1.088898
5560,15.0,15.0,6.53281,6.239587,6.506008,6.13223,6.588007,6.146319,6.21284,6.521391,6.197393,6.504565,6.34757,6.22925,6.292071,6.243679,6.345146,7.115312,7.08122,6.666332,7.494825,6.41335,7.438877,6.3747,5.984075,7.850571,5.925142,5.873761,5.520098,5.510061,5.353427,5.378192,3.124513,,3.158486,3.115767,0.042719,0.178331,0.096063,0.980332,3.168472,3.118261,0.050211,0.201581,0.11648,1.045016,3.239798,3.113864,0.125934,0.458424,0.119274,1.067032,3.202372,3.124869,0.077502,0.303278,0.127308,1.077334,3.203253,3.120304,0.082949,0.30723,0.126914,1.082357
5569,15.0,15.0,2.93004,3.115819,2.892106,3.264218,2.731813,3.357457,3.070279,2.715625,3.37873,2.721487,2.689429,2.69972,2.701471,2.698275,2.703069,0.527813,0.556063,0.486852,0.632129,0.463842,0.803204,0.505193,0.447352,0.995536,0.453154,0.431356,0.44107,0.44967,0.443078,0.431943,2.639252,,2.93004,2.689429,0.240611,0.810297,0.148505,1.075821,3.115819,2.69972,0.416099,1.45135,0.184324,1.125391,3.264218,2.701471,0.562748,1.929992,0.19602,1.139669,3.357457,2.698275,0.659182,2.225135,0.209838,1.145122,3.37873,2.703069,0.675662,2.176582,0.216423,1.14754
5575,15.0,15.0,7.616648,7.843643,7.422884,7.404766,7.259775,8.207691,7.553619,6.79746,8.206716,7.520906,7.436359,7.854377,7.188972,8.012746,7.970532,4.21072,4.16093,4.093594,4.474142,4.073699,4.462561,4.161672,3.888514,4.672093,3.880951,3.611404,3.229233,3.411887,3.201211,3.274459,9.202379,,5.004086,4.589822,0.414264,1.657311,0.524295,1.005955,4.635353,4.320228,0.315125,1.329791,0.423965,1.075328,4.717408,4.575108,0.1423,1.7898,0.600506,1.092319,4.768588,4.567236,0.201352,1.892854,0.521261,1.099116,5.111487,4.57744,0.534047,3.20254,0.649758,1.10337
5582,15.0,15.0,5.893283,5.612816,5.87141,5.474741,6.040747,5.48692,5.581348,5.844229,5.508234,5.932003,5.827802,5.534665,5.554218,5.531351,5.560839,5.664378,5.289553,5.435732,5.394931,4.719951,5.467389,4.842456,4.735228,5.290643,5.152948,4.330753,3.708767,3.494178,3.562765,3.56073,6.311298,,3.223134,3.176252,0.046882,0.185882,0.122012,1.016752,3.235623,3.184821,0.050802,0.209832,0.145821,1.084243,3.247137,3.196146,0.050991,0.232736,0.157425,1.104126,3.243488,3.188464,0.055024,0.333934,0.169161,1.112378,3.264852,3.188464,0.076388,0.278799,0.169208,1.116886
5588,15.0,15.0,0.243788,0.504234,0.215945,0.544006,0.195394,0.750164,0.462714,0.185839,0.733294,0.190699,0.178135,0.184364,0.183616,0.17077,0.164322,3.079141,3.284529,3.049035,3.157646,3.03169,3.153707,3.235859,3.024877,3.226417,3.022546,3.018381,3.008097,3.010859,3.01914,3.020593,0.570977,,0.238116,0.167017,0.0711,0.25708,0.128646,1.00501,0.515557,0.171639,0.343918,1.066753,0.14253,1.074947,0.492545,0.175175,0.317369,0.883125,0.148005,1.096453,0.716641,0.165552,0.55109,1.351167,0.161097,1.105395,0.642875,0.158719,0.484156,1.054231,0.162975,1.109835
5589,15.0,15.0,0.708437,0.829876,0.677824,0.776786,0.597363,0.763991,0.7757,0.599838,0.769152,0.596341,0.601162,0.607573,0.608238,0.5991,0.598795,1.257833,1.39461,1.232845,1.448312,0.86343,1.433226,1.360323,0.864411,1.602358,0.85683,0.85127,0.839007,0.850626,0.831526,0.835309,9.928188,,0.781821,0.655371,0.126451,0.658566,0.145642,1.036658,0.917968,0.664744,0.253224,1.120002,0.173811,1.092395,0.843567,0.664087,0.17948,0.751657,0.17352,1.106867,0.820114,0.65592,0.164195,0.663111,0.187695,1.112163,0.828062,0.655333,0.172729,0.72489,0.193572,1.114713
5611,16.0,16.0,13.600755,14.186507,13.41655,15.393443,11.664507,15.456883,13.708259,11.792965,13.881971,11.714235,11.872298,12.89884,14.12843,14.851861,14.164953,11.942931,12.37253,11.279016,11.865567,9.100595,11.590959,11.163352,8.344276,11.191619,7.416633,6.216598,5.548517,6.842524,5.544353,5.40798,16.029769,,2.888827,2.158294,0.730534,1.93732,0.163529,0.997682,2.898685,2.146929,0.751755,1.803489,0.204588,1.069962,3.102327,2.162536,0.939791,1.938983,0.396045,1.084206,3.903232,2.328762,1.57447,3.963363,0.467952,1.088804,3.491388,2.479183,1.012205,2.538967,0.621436,1.090989
5613,15.0,15.0,7.295478,7.491469,7.363599,7.737534,6.181405,7.818458,7.42037,6.554276,7.72903,6.256656,5.722606,6.277491,6.335224,6.440064,6.41305,4.028087,4.237912,3.853491,4.346221,2.070388,4.433257,3.937861,2.876495,4.559994,2.198154,2.029216,1.949101,2.191431,2.493871,2.500288,7.367818,,4.885423,3.19444,1.690983,3.618442,0.193456,1.012093,5.342777,4.066066,1.276711,3.922479,1.076805,1.071724,5.45734,4.077713,1.379627,4.217775,1.097472,1.087348,5.436618,4.111409,1.325209,3.913957,1.127395,1.09308,5.543308,4.122283,1.421026,4.220103,1.141733,1.095908
5621,15.0,15.0,1.0197,1.313835,0.943353,1.556019,0.694374,1.609214,1.234829,0.589911,1.714242,0.346563,0.191829,0.287511,0.434032,0.362852,0.370887,3.215537,5.008239,2.766093,5.483027,1.210726,5.656616,4.625351,1.394307,5.697082,1.424554,0.212833,0.336584,0.600984,1.414719,1.320837,2.660276,,0.741404,0.153605,0.587799,1.214813,0.157377,0.961773,0.77501,0.154064,0.620945,1.55476,0.151971,1.041595,0.773695,0.161023,0.612672,1.192629,0.174162,1.061648,0.91515,0.162549,0.752601,1.408674,0.18635,1.068667,0.998451,0.163523,0.834928,1.605878,0.192551,1.071726
5639,15.0,15.0,2.629569,2.894633,2.50631,3.059404,1.961376,3.240691,2.690916,2.163004,3.401548,2.31614,2.225743,2.916685,2.884649,3.036528,2.983233,4.643569,4.396903,4.612643,4.329541,3.328638,3.850446,3.116971,3.196574,3.792216,3.367724,2.599036,1.203024,1.927343,1.780119,1.797842,4.726288,,1.378037,1.319848,0.058188,0.31835,0.137842,1.001339,1.485005,1.303633,0.181372,0.843194,0.176614,1.059751,1.426837,1.312459,0.114378,0.612021,0.169749,1.074731,1.431851,1.315041,0.116809,0.629601,0.17796,1.080443,1.484711,1.313096,0.171615,0.83282,0.175642,1.083388
5640,15.0,15.0,18.491211,19.285465,18.510295,18.856869,18.183041,17.819123,19.243208,17.442853,18.289014,17.085912,16.692242,17.559644,17.797462,17.016152,17.273209,16.454883,17.619688,15.727886,18.246524,13.130975,18.54214,15.800215,12.54329,18.300604,11.166214,7.896944,11.719237,13.084258,15.042987,15.020151,16.701554,,1.600033,0.118253,1.48178,2.707516,0.159008,0.980377,0.933086,0.119954,0.813132,1.376259,0.271002,1.044327,1.942516,0.213778,1.728738,3.200774,0.290294,1.062744,1.681159,0.21454,1.466619,2.849839,0.304369,1.069738,1.87691,0.228678,1.648232,2.931185,0.313213,1.073149
5642,15.0,15.0,0.746332,0.775093,0.70983,0.987646,0.672034,1.063548,0.739584,0.637606,0.941445,0.654941,0.638165,0.634461,0.635108,0.641162,0.64297,2.318631,2.752437,2.282909,2.878371,1.951285,2.945035,2.703123,1.92751,3.019713,1.930438,1.910127,1.912371,1.905527,1.905833,1.905707,2.365008,,0.73114,0.669505,0.061635,0.198134,0.133767,0.967481,0.760804,0.665507,0.095297,0.271556,0.145663,1.028388,0.898016,0.667928,0.230087,0.882404,0.164927,1.047922,0.977994,0.670899,0.307095,1.095111,0.160955,1.056732,0.85266,0.669145,0.183515,0.581267,0.16085,1.061225
5645,15.0,15.0,8.085916,7.933702,8.053834,7.620143,7.448884,8.076481,7.897615,7.614692,7.903277,7.686652,7.434227,7.531719,7.222805,7.452194,7.229195,6.436029,6.495029,6.277518,6.576514,5.302699,6.625987,6.072882,4.730621,7.077817,5.266412,4.944099,4.266347,4.113405,3.966142,4.602258,9.077386,,6.690588,6.399578,0.29101,1.940153,0.112188,0.995272,6.437477,6.399732,0.037745,0.84067,0.131278,1.053842,6.566066,6.392461,0.173605,1.409836,0.137673,1.06954,6.581115,6.390424,0.190691,1.472989,0.141851,1.076056,6.46825,6.400226,0.068024,1.161796,0.137691,1.079879
5651,15.0,15.0,0.174889,0.227165,0.144264,0.237156,0.129784,0.231784,0.186902,0.124295,0.265393,0.124783,0.106595,0.119669,0.118739,0.117132,0.117062,1.028702,1.29282,0.988329,1.494238,0.170323,1.482325,1.242333,0.154243,1.317632,0.152982,0.129198,0.119545,0.129754,0.121835,0.118001,0.084596,,0.174889,0.106595,0.068294,0.189951,0.123841,1.035422,0.227165,0.119669,0.107496,0.322353,0.143875,1.096036,0.237156,0.118739,0.118418,0.337269,0.157669,1.115349,0.231784,0.117132,0.114652,0.295708,0.165631,1.123969,0.265393,0.117062,0.14833,0.421693,0.171214,1.128526
5653,15.0,15.0,6.970732,7.313856,6.589474,6.510454,5.788462,6.287658,6.855452,6.09796,6.097614,6.397705,6.08557,6.2916,5.843468,5.048273,5.496785,10.138995,8.733923,9.521254,8.635948,8.933333,8.481571,8.091228,9.072439,8.81676,9.320305,8.705317,5.677383,7.09608,6.385473,6.615742,7.298361,,1.428432,1.197496,0.230936,0.818681,0.185555,1.09029,1.516255,1.192926,0.323329,1.103144,0.213917,1.14239,1.523681,1.199345,0.324337,1.57379,0.236162,1.153854,1.526246,1.210694,0.315553,1.54916,0.225443,1.157747,1.532621,1.195865,0.336757,1.609883,0.229076,1.159459
5655,15.0,15.0,1.148923,1.398679,1.118641,1.543283,1.093087,1.503149,1.34224,1.074675,1.582077,1.084003,1.071725,1.085688,1.071653,1.077921,1.080622,2.165873,1.994656,1.908666,2.005793,1.136215,2.077456,1.831069,1.147161,2.105231,1.14631,1.157358,1.144531,1.148159,1.155754,1.1569,1.057577,,1.217351,1.139005,0.078346,0.31185,0.153729,1.050599,1.48442,1.153924,0.330496,1.386592,0.169322,1.098225,1.640288,1.139462,0.500826,2.01265,0.186839,1.110843,1.5969,1.143806,0.453094,1.787335,0.190672,1.114858,1.681617,1.148825,0.532791,2.110804,0.201276,1.116638
5660,30.0,30.0,2.258938,2.060615,1.943155,1.663862,1.59675,1.783155,1.856192,1.416633,1.806325,1.494205,1.232296,1.203519,0.889834,1.183218,1.000279,2.860492,2.521183,2.753222,2.792971,2.053188,2.771093,2.170198,2.514524,2.738644,2.017066,1.859732,1.001556,1.188542,1.044162,1.035133,5.621148,,0.671604,0.561232,0.110372,0.428375,0.140988,1.038076,0.637601,0.56819,0.069412,0.264391,0.155047,1.096161,0.648699,0.572083,0.076616,0.286792,0.168246,1.11286,0.732892,0.572921,0.159971,0.583058,0.173017,1.119841,0.808906,0.570773,0.238133,0.878129,0.177481,1.123277
5676,15.0,15.0,21.791287,21.997443,21.558162,22.435382,20.723599,22.970518,20.984782,21.087863,23.410779,20.856437,20.538772,20.735604,22.089456,22.82498,22.743384,22.943347,20.534976,21.355325,18.837896,20.419429,19.4119,18.727821,20.393785,18.996915,19.153572,16.292402,11.232539,8.096031,9.893949,9.722252,42.807178,,0.336337,0.361311,-0.024974,0.192993,0.162322,1.03699,0.340913,0.332971,0.007942,0.215453,0.170693,1.11405,0.349783,0.333864,0.015919,0.244665,0.212163,1.129211,0.353128,0.334044,0.019083,0.254721,0.192433,1.13616,0.548732,0.333538,0.215194,0.975037,0.193367,1.140755
5680,15.0,15.0,1.153536,1.127744,1.106414,1.194846,1.100195,1.399172,1.059915,1.072904,1.255019,1.071269,1.039807,1.048015,1.050645,1.050318,1.056009,12.800567,12.741528,12.54597,13.152045,12.740087,13.6118,12.500271,12.758711,13.892721,12.730009,12.860548,12.855165,12.849146,12.852946,12.813281,1.453205,,1.22203,1.111568,0.110462,0.25386,0.148411,1.028526,1.187309,1.117853,0.069457,0.544338,0.15723,1.074307,1.263371,1.12067,0.1427,0.830236,0.162742,1.087803,1.261997,1.122925,0.139072,0.786509,0.167688,1.092951,1.260706,1.124419,0.136288,0.784739,0.170016,1.095367
5681,15.0,15.0,4.116577,4.062326,4.119409,4.411326,3.94099,4.203302,4.022409,4.300684,4.044823,4.176212,4.307037,4.046662,4.456982,4.049184,4.053694,2.537063,1.466681,2.463634,1.451647,2.447972,1.600723,1.331323,1.975307,1.432354,1.991282,2.294376,0.852876,0.212839,0.348053,0.356793,1.275633,,1.313101,1.229414,0.083688,0.269805,0.133258,1.038297,1.442994,1.238227,0.204767,0.579872,0.156395,1.098602,1.425718,1.239734,0.185984,0.653392,0.15895,1.115723,1.443002,1.238601,0.2044,0.700099,0.174204,1.123178,1.451948,1.241996,0.209952,0.714422,0.17633,1.126908
5686,15.0,15.0,0.180348,0.264342,0.156497,0.223813,0.150086,0.22457,0.238786,0.143683,0.229478,0.149123,0.127639,0.134512,0.134135,0.13174,0.134195,3.865429,4.366548,3.843253,4.547815,3.348551,4.677261,4.339226,3.340713,4.782008,3.348357,3.308671,3.318968,3.313422,3.308223,3.306601,0.637859,,0.180348,0.127639,0.052709,0.144101,0.088071,0.960019,0.264342,0.134512,0.129829,0.439722,0.091051,1.029989,0.223813,0.134135,0.089678,0.262775,0.097516,1.050031,0.22457,0.13174,0.09283,0.261719,0.094161,1.058963,0.229478,0.134195,0.095284,0.267199,0.097398,1.064101
5699,15.0,15.0,4.63524,4.972987,4.505143,5.399905,4.450808,5.299592,4.901784,4.497131,5.440803,4.424517,4.179814,4.492221,5.322721,5.055113,5.223707,4.796484,4.267616,5.136165,3.647506,4.804282,3.568991,4.291057,5.032869,3.547677,4.970445,5.36575,3.644731,2.913536,3.100392,2.600165,15.423081,,3.109422,2.972493,0.136929,0.429388,0.164464,1.040491,3.174063,2.9741,0.199964,0.636648,0.201016,1.098189,3.171065,3.003751,0.167314,0.583298,0.208439,1.110235,3.150591,3.002764,0.147828,0.516271,0.210412,1.112885,3.184289,2.997688,0.1866,0.62525,0.213943,1.114161
5703,15.0,15.0,5.548813,5.508325,5.472207,5.36621,5.251985,5.53851,5.425773,5.234826,5.589748,5.232808,5.227624,5.235612,5.235625,5.253787,5.260144,3.392553,3.460046,3.354962,3.531959,3.331071,3.52378,3.417178,3.327573,3.579754,3.318256,3.286172,3.311885,3.312478,3.336729,3.323033,5.256797,,5.548813,5.227624,0.321189,1.416465,0.181985,1.071447,5.508325,5.235612,0.272713,1.43884,0.21172,1.124409,5.36621,5.235625,0.130585,1.747595,0.225456,1.140159,5.53851,5.253787,0.284723,2.359623,0.227445,1.146928,5.589748,5.260144,0.329604,2.538363,0.237807,1.150233
5714,16.0,16.0,1.684325,1.290186,1.496658,1.584962,1.084525,1.585211,1.022211,0.947399,1.210078,0.504362,0.344991,0.11848,0.185886,0.246459,0.292455,3.099001,2.031356,3.136911,2.053446,2.97175,1.921721,1.926219,2.777545,2.023629,2.639017,3.772602,1.264057,1.410054,1.279576,1.007482,5.10522,,0.785865,0.115553,0.670312,2.010517,0.143128,1.039516,0.722023,0.110544,0.611479,1.914771,0.174069,1.095111,0.694327,0.11636,0.577967,1.707508,0.194851,1.11129,0.917497,0.120489,0.797008,2.435024,0.202251,1.117869,0.719413,0.125562,0.593851,1.595202,0.207271,1.121074
5718,15.0,15.0,5.496979,5.56268,5.190331,5.445449,4.962974,5.585037,5.630922,4.995498,5.633758,5.073529,5.136156,5.542662,5.312232,5.330199,5.517931,2.647018,2.18374,2.609114,2.298823,2.11068,1.98494,2.19566,2.163693,2.082814,1.866604,1.912984,1.519924,1.438527,0.997118,0.924955,7.18744,,4.12764,4.091211,0.036429,0.19986,0.132539,1.005627,4.144338,4.0839,0.060438,0.237423,0.142389,1.065478,4.351217,4.078293,0.272924,1.636226,0.15168,1.085838,4.236637,4.087363,0.149274,0.528871,0.163201,1.094056,4.297225,4.078575,0.218651,0.782793,0.163952,1.098206
5725,15.0,15.0,7.172184,7.187722,6.945102,7.273037,7.074987,7.205405,7.168332,7.158709,7.132794,7.097921,7.311848,7.300744,7.318913,7.325802,7.357503,13.094463,13.692589,12.324099,13.773017,12.825155,13.923355,12.50243,12.797458,14.013867,12.825305,12.705297,12.570128,12.516203,12.569008,12.581777,7.484277,,7.172184,7.311848,-0.139664,1.441509,0.210303,1.029259,7.187722,7.300744,-0.113023,0.659773,0.270486,1.08586,7.273037,7.318913,-0.045877,1.136367,0.277261,1.100654,7.205405,7.325802,-0.120397,0.906934,0.271862,1.105172,7.132794,7.357503,-0.224708,0.88948,0.236896,1.106932
5733,16.0,16.0,0.914246,0.789021,0.930046,0.863903,0.807277,0.912252,0.633847,0.387799,0.762617,0.347293,0.244284,0.291169,0.377452,0.628859,0.487541,1.004518,1.606842,1.028389,1.513376,1.152873,1.633521,1.366438,0.839103,1.660814,0.667425,0.342343,0.576227,0.617705,0.579409,0.579139,2.879946,,0.271229,0.16685,0.104379,0.310246,0.143794,1.07023,0.311321,0.172546,0.138776,0.398087,0.174254,1.126381,0.309815,0.174247,0.135567,0.390454,0.174989,1.142134,0.332258,0.168433,0.163825,0.463038,0.184872,1.147831,0.424179,0.168227,0.255952,0.775829,0.185832,1.150409
5735,15.0,15.0,12.62198,12.175965,11.902353,12.41773,10.836428,12.114137,11.684071,11.124048,11.761736,10.647235,9.026454,10.195183,10.802736,11.638745,10.013602,14.497311,12.094528,13.961453,11.991959,11.723647,11.784062,8.959351,10.361632,11.894451,9.859257,7.601573,3.019839,3.093998,2.712201,3.518217,21.766039,,0.857814,0.489517,0.368298,1.489729,0.214189,0.939822,1.267398,0.568327,0.699072,2.105186,0.298074,1.006784,1.66491,0.668443,0.996468,2.749818,0.382276,1.021547,1.891692,0.65114,1.240552,3.225461,0.382831,1.027753,1.845598,0.592413,1.253185,3.241242,0.336021,1.030778
5737,15.0,15.0,2.270121,1.904664,2.322397,2.168543,2.418189,2.324906,1.936394,2.440309,2.516554,2.468065,2.168746,1.532991,2.157357,2.048782,2.539551,2.474448,3.383842,2.610573,3.552834,1.99216,3.629706,3.104949,1.295436,3.586247,1.36071,0.868124,0.890984,0.865856,1.236653,1.236722,0.358584,,0.498806,0.416332,0.082475,0.35609,0.118942,0.962583,0.546503,0.419553,0.12695,0.428908,0.148279,1.036891,0.551837,0.415785,0.136053,0.486552,0.156094,1.060988,0.587622,0.417905,0.169716,0.597381,0.153541,1.070994,0.61178,0.415555,0.196225,0.625986,0.152271,1.076388
5748,15.0,15.0,4.411023,3.430307,4.263324,3.084981,4.215626,3.2286,3.333105,4.1365,2.966072,4.060658,3.851752,2.761578,2.536156,2.467882,2.443453,2.999897,2.814191,2.473604,2.617146,1.928712,2.394162,2.407976,2.401038,2.337859,1.683357,1.940919,1.572652,0.949803,0.89678,0.940945,7.243298,,0.584692,0.361643,0.223049,0.634227,0.152621,1.09307,0.640188,0.37105,0.269138,0.756907,0.192769,1.149481,0.678323,0.373944,0.304379,0.870353,0.206632,1.162608,0.699606,0.37793,0.321676,0.950142,0.219202,1.166687,0.704059,0.378831,0.325228,0.984884,0.21749,1.168097
5752,15.0,15.0,7.259303,7.495841,7.120617,7.351458,7.364788,7.37259,7.375207,6.828052,7.031143,7.028423,6.725092,7.047539,7.224101,6.721408,6.691129,4.011527,4.090165,3.516466,4.145311,3.039996,3.934797,4.055106,3.066371,4.054358,3.27593,3.494389,3.326204,3.342146,3.518832,3.47499,10.819528,,5.361183,5.319727,0.041455,0.291086,0.155411,1.074281,5.547723,5.32736,0.220363,1.321358,0.168807,1.131872,5.540351,5.343029,0.197321,1.311552,0.200189,1.143925,5.608395,5.337548,0.270847,1.542981,0.201935,1.146927,5.601776,5.333324,0.268451,1.459227,0.219369,1.148403
5759,15.0,15.0,16.329228,19.131195,15.725775,17.293305,14.536176,18.596381,18.777881,13.880984,18.706177,14.08674,13.552243,15.895558,15.40493,16.663878,16.602356,15.860849,15.918283,14.887324,16.235915,12.476832,16.716262,15.41751,11.644738,17.197903,11.194342,9.592168,11.62199,12.133406,12.779959,14.066241,5.573059,,7.356777,6.702866,0.653911,4.925518,1.445716,1.021009,8.423528,7.084323,1.339205,5.225849,1.495495,1.076695,8.475674,7.312691,1.162983,4.938315,1.22245,1.089974,8.969936,7.602667,1.367269,5.396582,1.128629,1.092,9.508105,7.845345,1.662759,5.955634,1.149127,1.092745
5760,15.0,15.0,14.623624,13.225318,13.657017,13.6786,13.013363,14.059112,12.222246,12.986736,13.679094,13.235836,12.311482,10.941872,11.200781,11.74697,12.066723,17.113905,14.056048,15.420115,14.450245,14.030927,14.160426,12.987684,14.011828,14.306843,11.353271,12.910993,7.71657,7.25959,7.699895,8.353766,11.181452,,8.841002,8.161206,0.679796,5.955375,2.24745,0.91069,9.33233,7.70678,1.625551,7.183757,2.588072,0.956355,9.736786,8.529741,1.207045,6.701418,3.097516,0.961486,9.754194,8.550262,1.203931,6.643671,3.199057,0.96158,10.255958,8.833937,1.422021,7.403982,3.607695,0.960891
5761,15.0,15.0,3.025026,3.104671,3.005879,3.155945,2.991211,3.338352,2.977554,2.990743,3.103499,2.990981,2.977559,2.970732,2.968682,2.971301,2.976465,1.657304,1.948912,1.62539,2.013274,1.607701,2.1598,1.905321,1.590411,2.198865,1.588108,1.575032,1.582992,1.577642,1.584703,1.592607,2.520319,,3.025026,2.977559,0.047467,0.225141,0.155473,1.039864,3.104671,2.970732,0.133939,0.831237,0.186079,1.106333,3.155945,2.968682,0.187263,0.934723,0.198906,1.123579,3.338352,2.971301,0.367051,1.990955,0.211148,1.12931,3.103499,2.976465,0.127034,0.552043,0.205682,1.132086
5771,16.0,16.0,0.401488,0.493998,0.352521,0.591215,0.168529,0.555651,0.437966,0.146031,0.542415,0.14268,0.130639,0.122538,0.138975,0.132972,0.138786,0.306369,0.527307,0.249402,0.652211,0.196736,0.680539,0.464734,0.176067,0.698165,0.172521,0.120065,0.136431,0.127497,0.124172,0.141335,0.087583,,0.407206,0.134144,0.273062,0.887204,0.178738,1.047278,0.518658,0.127161,0.391498,1.161073,0.197578,1.10782,0.619909,0.142976,0.476933,1.437899,0.223373,1.123524,0.581631,0.136573,0.445058,1.300245,0.217664,1.130113,0.568222,0.142774,0.425447,1.258154,0.22051,1.133313
5774,15.0,15.0,12.393837,12.380415,11.796106,12.824615,11.826757,12.340805,11.920427,12.101468,12.600201,12.191306,12.08256,11.625097,11.909941,11.294329,11.164216,9.871233,10.663238,9.106381,10.216315,8.905529,10.128571,9.772076,7.230356,10.154507,7.016499,6.408274,7.080287,7.671688,7.245964,6.940291,20.318485,,4.449036,3.887721,0.561315,1.694655,0.152332,1.02611,4.432589,3.87701,0.55558,1.799253,0.181222,1.088137,4.619208,3.871157,0.748051,2.243344,0.197016,1.10383,4.743488,3.886107,0.857382,2.336472,0.209506,1.108423,4.818162,3.868556,0.949605,2.27152,0.206167,1.110302
5776,15.0,15.0,2.178224,2.348031,2.314071,2.759385,2.040127,3.315918,2.466897,2.273951,3.250313,1.785155,1.690076,1.750296,2.062019,2.473141,2.557258,3.124288,2.523507,3.199912,1.960955,3.091166,1.5769,2.347759,3.019256,1.573929,3.08174,3.016386,2.175991,0.908672,0.322467,0.220608,2.111256,,0.224488,0.148537,0.07595,0.201935,0.112765,1.027744,0.365128,0.162604,0.202524,0.669719,0.14069,1.097376,0.406319,0.162434,0.243885,0.798909,0.145948,1.115309,0.394348,0.162328,0.232021,0.741348,0.148072,1.122294,0.501776,0.170056,0.33172,1.148556,0.156326,1.125777
5777,15.0,15.0,8.564476,8.498901,7.972378,8.396341,7.471289,8.638234,7.950322,7.739039,9.358219,8.411303,7.584262,7.081019,7.024675,8.098739,8.376384,10.151602,9.687436,8.82044,10.081796,7.737891,10.118882,9.778908,8.83295,9.656763,6.306777,6.238973,6.192002,6.647616,6.259758,5.333994,24.975289,,1.072314,0.402047,0.670266,1.800956,0.4495,1.001835,1.076137,0.411051,0.665086,1.746455,0.417121,1.060645,1.245314,0.360429,0.884885,2.056429,0.526378,1.072123,1.020375,0.409023,0.611352,1.643366,0.477784,1.076349,1.131157,0.415466,0.715691,1.880443,0.528955,1.078267
5784,15.0,15.0,6.591307,8.062683,6.352769,8.03232,6.318255,8.12554,7.954677,6.17452,8.365919,6.983265,5.894331,7.96666,7.678843,7.488106,7.350124,12.570864,12.21886,11.954065,12.22232,10.454779,12.305402,11.552231,10.139542,12.633029,9.675414,8.815211,7.099871,7.516771,7.380665,7.826454,6.37559,,4.160446,3.64142,0.519026,1.838995,1.073523,0.955808,4.780692,4.429999,0.350692,2.619716,0.844262,1.007982,4.934446,4.414155,0.520291,3.481993,0.848436,1.022742,5.180474,4.41959,0.760884,3.924125,0.894066,1.029219,5.453887,4.344254,1.109633,4.561869,0.809233,1.032768
5788,15.0,15.0,11.511506,9.944698,10.122137,9.428563,10.701629,9.61536,9.054482,9.4077,7.982461,9.021199,8.402743,7.948459,7.780662,7.074824,5.509892,11.207162,10.503178,10.866513,10.337017,11.136027,9.715178,9.207896,10.840932,9.805097,10.132548,8.768837,8.657521,6.707248,6.023119,6.015831,36.036087,,0.334954,0.249999,0.084955,0.250941,0.151801,1.048088,0.364066,0.265357,0.098709,0.287175,0.163578,1.108552,0.378989,0.271128,0.10786,0.310892,0.168723,1.124105,0.409238,0.272883,0.136354,0.383174,0.176593,1.130301,0.414196,0.267497,0.146698,0.389542,0.185615,1.133539
5793,16.0,16.0,3.54998,3.197656,3.492434,3.221399,2.424418,3.134867,2.820517,2.498303,3.509278,2.325979,2.035897,1.387419,1.700012,1.778465,2.26708,6.669806,8.405714,6.753566,8.16511,6.470933,7.484397,8.608752,6.172925,8.205455,5.522021,3.882961,3.929582,4.425121,3.797773,5.457068,1.737991,,2.560198,1.711641,0.848557,2.887329,1.290371,1.029246,2.259262,1.006333,1.252929,2.929918,0.791879,1.076981,2.206771,1.366277,0.840494,2.358529,0.873993,1.085899,2.210364,1.42739,0.782975,2.463501,1.0222,1.08806,2.550915,1.59748,0.953434,2.843978,1.275718,1.088246
5794,15.0,15.0,5.045027,5.062367,4.790941,5.129021,4.0932,5.483015,5.111569,4.22413,5.773544,4.329748,3.968338,4.2508,3.971743,4.674314,4.599493,8.499861,9.845422,8.687893,10.657554,7.649105,10.161412,10.307879,7.9309,9.867061,7.569005,5.494185,5.612486,7.941911,7.388741,7.723242,5.629866,,4.380578,3.719002,0.661576,2.051637,0.442391,1.051074,4.277115,3.644671,0.632444,1.405835,0.431054,1.102975,4.27597,3.593561,0.682409,1.56538,0.362712,1.117951,4.368618,3.573569,0.795049,1.892113,0.445488,1.123586,4.570704,3.573705,0.997,2.361155,0.47842,1.125896
5800,16.0,16.0,3.00366,2.408606,2.583471,2.879,2.457235,2.913469,2.430848,2.559689,2.766975,2.735201,2.394824,2.024261,2.987825,2.381141,2.282373,1.590776,2.21097,1.613968,2.761182,0.848917,2.627024,1.866482,0.854762,2.683833,1.00045,0.229356,0.424288,1.862355,1.23999,1.847857,0.828665,,0.422943,0.205122,0.217821,0.716972,0.139849,1.008528,0.402539,0.208516,0.194023,0.526443,0.153812,1.079121,0.512338,0.206366,0.305972,0.920816,0.176483,1.099775,0.59085,0.214028,0.376822,1.10525,0.190679,1.106351,0.572712,0.196415,0.376297,0.901717,0.217782,1.109158
5805,15.0,15.0,11.786799,12.27707,11.580458,12.515319,11.608325,12.106017,12.112669,11.368674,11.621942,11.506927,11.211484,12.281382,12.018109,12.034823,11.831525,10.503232,10.431552,9.110716,11.133204,8.343263,11.257099,9.132913,8.181398,11.096199,8.456472,9.172544,6.845346,8.430926,8.057202,8.357501,12.063858,,3.798302,3.690995,0.107307,0.773516,0.124327,0.987657,3.920354,3.698084,0.22227,1.45669,0.131534,1.032627,4.073446,3.679411,0.394035,2.008067,0.152374,1.045004,4.039668,3.673397,0.366271,1.883682,0.156234,1.049462,4.042618,3.680084,0.362535,1.905226,0.163008,1.051922
5819,15.0,15.0,3.967031,3.349435,3.517497,3.411679,3.333721,3.746823,3.030337,2.784378,3.800892,3.314858,2.509464,2.014538,2.058292,1.609339,2.245433,7.694278,9.002563,6.939925,8.479482,7.324683,9.079547,8.408707,6.212885,9.341019,6.807198,5.801607,5.953527,5.765721,6.312036,6.542206,7.728451,,0.572532,0.127734,0.444798,1.142407,0.099437,0.963081,0.699946,0.133665,0.566281,1.468472,0.121933,1.032307,0.880843,0.142553,0.73829,1.647075,0.146625,1.051243,1.022528,0.140093,0.882435,2.021091,0.147392,1.058921,1.243647,0.140851,1.102796,2.761029,0.147352,1.062634
5832,15.0,15.0,0.487338,0.577173,0.458336,0.710992,0.447886,0.646488,0.534997,0.422155,0.603108,0.42853,0.424653,0.428781,0.433462,0.434681,0.448101,0.282465,0.335107,0.237113,0.613719,0.231353,0.633644,0.2652,0.195371,0.63437,0.211008,0.199513,0.201908,0.202014,0.208948,0.204676,0.441669,,0.487338,0.424653,0.062685,0.277369,0.151008,1.029688,0.577173,0.428781,0.148392,0.585608,0.162886,1.094039,0.710992,0.433462,0.27753,1.073955,0.177359,1.113479,0.646488,0.434681,0.211808,0.810807,0.185019,1.120821,0.603108,0.448101,0.155007,0.600176,0.183483,1.124191
5844,15.0,15.0,10.380914,9.750796,10.524817,9.995315,10.82426,9.916869,9.650951,10.203423,9.953197,10.032159,9.6609,9.240528,9.360576,9.336617,9.164252,4.774091,4.599038,4.996262,4.62238,4.864766,4.737465,4.311913,4.371417,5.042221,4.452725,3.757051,3.406033,3.472402,3.479024,3.485875,9.405281,,9.542668,9.505094,0.037574,0.182365,0.110437,1.020655,9.555686,9.502409,0.053277,0.213404,0.130197,1.081831,9.559836,9.49641,0.063426,0.235714,0.137143,1.100264,9.64725,9.498545,0.148704,0.543726,0.140949,1.108509,9.671963,9.50031,0.171653,0.64812,0.1515,1.113345
5847,16.0,16.0,3.719486,4.222448,3.669586,4.213824,3.869341,3.916729,4.195127,3.752735,4.159859,4.062138,3.777739,3.85024,3.618304,3.564878,3.707181,49.998724,49.465982,49.964451,49.594892,50.758885,49.455656,49.044225,49.99197,49.567401,49.922519,49.768605,49.676683,49.17262,48.822455,49.049028,20.430756,,0.464084,0.374137,0.089948,0.219412,0.150057,1.029111,0.560341,0.388794,0.171547,0.524809,0.164629,1.093914,0.767386,0.388273,0.379114,1.304937,0.188534,1.114118,0.65388,0.380376,0.273504,0.837945,0.183438,1.122378,0.659887,0.384616,0.275271,0.847353,0.191353,1.126248
5850,15.0,15.0,2.587671,2.946089,2.407249,2.522587,1.791399,2.530802,2.39218,1.924955,2.880301,1.849308,1.610388,1.291033,1.061373,1.156404,1.02367,4.434656,3.534906,4.633046,3.540472,4.070629,3.927587,3.372211,3.862028,3.885151,3.999071,3.333327,0.324509,1.004199,0.573066,1.285732,0.076405,,0.273847,0.163108,0.110739,0.345135,0.14103,0.989407,0.669053,0.181148,0.487905,1.537359,0.184449,1.06065,0.444182,0.17134,0.272842,0.832245,0.170809,1.083519,0.611251,0.181468,0.429783,1.279922,0.186227,1.091445,0.554548,0.168811,0.385737,1.030059,0.176166,1.095253
5851,16.0,16.0,3.777672,3.597402,3.674566,3.635778,3.751348,3.973007,3.574862,3.599774,3.70483,3.77429,3.608307,3.699267,3.780832,3.599245,3.864746,3.798953,2.922808,3.486941,3.159752,2.272124,3.16428,2.404889,2.833664,3.231949,1.953993,1.610323,0.470261,0.653195,0.499265,0.932643,2.26982,,0.350686,0.259522,0.091164,0.267441,0.141816,1.005226,0.367422,0.257893,0.109529,0.305695,0.171732,1.069445,0.450103,0.259871,0.190232,0.57746,0.187252,1.08943,0.492429,0.261828,0.230601,0.721457,0.18647,1.097278,0.498406,0.268379,0.230027,0.72327,0.201663,1.100988
5859,15.0,15.0,3.352045,3.310598,3.289427,3.240066,3.335104,3.34674,3.238046,3.216597,3.396946,3.093046,2.944494,2.910658,2.927645,2.932327,2.917035,1.189612,1.00204,1.079366,1.045922,0.85039,1.147808,0.912788,0.830021,1.347807,0.842509,0.80396,0.789064,0.792899,0.793402,0.805711,3.561395,,3.352045,2.944494,0.407551,0.978725,0.316644,1.067963,3.310598,2.910658,0.399939,1.238623,0.265451,1.121633,3.240066,2.927645,0.31242,0.990638,0.250615,1.136785,3.34674,2.932327,0.414412,1.323243,0.276579,1.142646,3.396946,2.917035,0.479911,1.523887,0.269493,1.145309
5863,15.0,15.0,7.153835,7.610462,6.9357,8.240162,7.063547,7.153136,7.261837,6.665964,6.852159,6.97601,6.445334,7.357915,8.686822,7.517226,6.945901,7.438226,5.827741,6.186401,5.765422,6.988245,5.821154,3.666339,6.94349,5.466984,6.339436,5.705709,2.568683,4.462396,4.204218,4.297893,15.739358,,0.342929,0.308653,0.034276,0.220516,0.131187,1.050431,0.356629,0.298744,0.057886,0.256239,0.156774,1.104398,0.367334,0.299318,0.068016,0.274861,0.158084,1.120765,0.371203,0.304748,0.066455,0.283539,0.170153,1.127988,0.374039,0.311416,0.062623,0.287842,0.156442,1.131965
5866,30.0,30.0,4.157125,4.125759,3.977932,4.231292,3.919133,4.241549,4.032511,4.09039,4.251308,4.219447,4.078178,3.88543,4.049825,3.980214,3.955922,3.713028,3.736198,3.695792,3.695101,2.689539,3.612598,3.496031,2.640813,3.554217,2.794602,2.816633,2.044875,1.751781,1.746421,1.766396,4.58518,,2.985516,2.841063,0.144453,0.56591,0.116435,0.998191,3.146472,2.829889,0.316583,1.052943,0.138839,1.058744,3.077381,2.838195,0.239186,0.866768,0.145246,1.076701,3.136435,2.841524,0.294911,1.033854,0.153761,1.083969,3.164817,2.841785,0.323032,1.014695,0.154356,1.087631
5867,15.0,15.0,2.188855,1.960434,1.735414,2.097775,1.955982,2.003354,1.913906,1.58183,2.044155,1.65435,1.32738,1.541146,1.789145,1.595376,1.319092,3.292823,3.313583,3.185264,2.942408,3.177468,2.880253,3.003465,3.394762,2.704104,2.846851,2.2465,2.491088,1.778529,1.632322,1.640865,22.864006,,2.188855,1.32738,0.861475,2.136677,1.537391,1.049557,1.960434,1.541146,0.419288,1.429711,0.731554,1.103381,2.097775,1.789145,0.30863,1.479567,0.651139,1.118144,2.003354,1.595376,0.407978,1.628371,0.693042,1.124163,2.044155,1.319092,0.725064,2.048362,0.980122,1.127244
5871,15.0,15.0,8.166436,8.300854,6.627165,9.151555,6.459765,9.129084,7.244835,6.499073,8.993458,6.875853,5.790498,6.719542,8.162301,8.499615,8.165525,8.182828,8.342985,7.778929,8.042837,7.490353,8.050537,7.261993,7.890868,8.020486,6.578841,3.892713,3.607157,2.653298,4.133515,3.878767,10.306723,,0.220414,0.1575,0.062914,0.190877,0.120744,1.025989,0.23737,0.168104,0.069266,0.216457,0.123339,1.086092,0.251166,0.178599,0.072566,0.233455,0.127126,1.101916,0.253124,0.179059,0.074065,0.239446,0.124954,1.108037,0.253145,0.172647,0.080498,0.24249,0.124623,1.111881
5872,15.0,15.0,8.114198,7.608178,7.905658,7.717142,8.091729,7.202803,7.53662,7.89115,7.385567,8.010987,7.873757,7.522777,7.224943,7.111078,7.260826,5.946446,5.426981,5.994785,5.466816,5.740462,5.776931,4.976194,5.581452,6.170813,5.474781,5.339332,3.736233,4.346472,5.170407,6.228538,21.164089,,0.445062,0.368762,0.076299,0.301521,0.152959,1.02215,0.610692,0.341899,0.268793,0.947452,0.191516,1.089207,0.497508,0.321526,0.175982,0.64219,0.20142,1.108678,0.499552,0.313718,0.185834,0.65287,0.20855,1.116888,0.530023,0.311814,0.218209,0.758384,0.209447,1.121364
5874,15.0,15.0,34.395037,34.401754,34.388719,34.401238,34.3785,34.177764,34.39219,34.376942,34.198888,34.365938,34.362357,34.354381,34.359285,34.351106,34.360078,18.898249,18.89568,18.874817,18.784601,18.865786,18.790685,18.869651,18.8713,18.768288,18.875958,18.87114,18.873644,18.862984,18.860212,18.860212,34.414698,,34.395037,34.362357,0.03268,0.208875,0.143206,1.066429,34.401754,34.354381,0.047372,0.242863,0.16007,1.11689,34.401238,34.359285,0.041952,0.25374,0.17195,1.131007,34.177764,34.351106,-0.173342,1.229369,0.16854,1.136331,34.198888,34.360078,-0.16119,1.269035,0.175941,1.138966
5876,16.0,16.0,5.976214,7.343962,5.855248,6.947888,5.715212,6.810386,7.285487,5.398643,6.590657,4.892555,5.590665,6.870167,7.215291,6.47479,6.648294,5.415386,6.212618,4.289951,6.173936,4.426516,6.148132,5.770219,3.753484,5.547389,4.389766,3.45986,5.327079,5.298927,5.487624,4.796114,2.346319,,1.802407,1.35062,0.451787,1.361789,0.136862,0.974444,1.726665,1.365671,0.360994,1.014224,0.18832,1.035277,1.676532,1.376179,0.300352,0.924521,0.197866,1.051176,1.766981,1.410305,0.356676,1.084311,0.222494,1.056472,1.725142,1.415654,0.309488,0.922127,0.22465,1.058561
5879,15.0,15.0,6.886635,7.194625,6.856683,7.227504,6.842214,7.178775,7.149684,6.82509,7.106381,6.82797,6.783356,6.780113,6.789015,6.797783,6.792869,2.420462,2.850053,2.378158,3.293827,2.124489,2.866562,2.79076,2.10223,3.251458,2.091441,2.057581,2.055654,2.042677,2.038309,2.029827,6.715596,,7.35145,7.263613,0.087837,0.242109,0.154273,1.026766,7.651147,7.264021,0.387126,1.357334,0.171897,1.091577,7.618256,7.269699,0.348557,1.153596,0.18642,1.105953,7.564861,7.27212,0.292742,0.924146,0.193145,1.111516,7.480443,7.273727,0.206716,0.611969,0.188955,1.113606
5885,15.0,15.0,2.587514,2.603107,2.544339,2.657632,2.545947,2.757966,2.552995,2.520511,2.809792,2.540053,2.522465,2.519539,2.523146,2.520543,2.525443,0.835212,0.85522,0.781104,0.873342,0.767838,0.906674,0.796349,0.75457,1.023702,0.75507,0.748705,0.734482,0.740111,0.744256,0.74279,1.445506,,2.587514,2.522465,0.065048,0.226677,0.148807,1.037522,2.603107,2.519539,0.083568,0.264734,0.15753,1.099194,2.657632,2.523146,0.134486,0.419878,0.176948,1.116086,2.757966,2.520543,0.237423,0.804406,0.180714,1.122641,2.809792,2.525443,0.28435,0.948379,0.181889,1.125835
5888,15.0,15.0,0.249628,0.419559,0.226114,0.390128,0.211075,0.434526,0.390966,0.206747,0.39001,0.188616,0.189779,0.198161,0.209405,0.208298,0.209196,0.274112,0.306352,0.233689,0.362177,0.204466,0.364738,0.262892,0.196146,0.420295,0.162235,0.159916,0.167604,0.169484,0.176249,0.174197,2.221098,,0.249628,0.189779,0.05985,0.194994,0.117835,1.021891,0.419559,0.198161,0.221398,0.806584,0.153188,1.075827,0.390128,0.209405,0.180724,0.65522,0.159399,1.090356,0.434526,0.208298,0.226228,0.830261,0.161984,1.095534,0.39001,0.209196,0.180814,0.655839,0.158575,1.098462
5893,15.0,15.0,2.773289,3.011538,2.734205,2.927228,2.439338,2.842678,2.885181,2.431564,2.854466,2.430793,2.426937,2.423494,2.434501,2.436154,2.4343,1.221898,1.501522,1.195337,1.273959,1.180853,1.315105,1.457074,1.166922,1.323447,1.1751,1.158535,1.149832,1.172345,1.178373,1.187598,1.988556,,2.773289,2.426937,0.346352,1.458436,0.148578,1.037961,3.011538,2.423494,0.588044,2.662418,0.183112,1.096836,2.927228,2.434501,0.492727,2.310562,0.183854,1.114436,2.842678,2.436154,0.406524,1.938358,0.194712,1.121821,2.854466,2.4343,0.420166,1.977786,0.19591,1.125691
5901,15.0,15.0,5.02332,5.023304,4.909257,5.150023,4.315009,5.620533,4.617651,4.480577,5.304002,4.469374,4.480783,4.823612,4.72932,5.449291,5.299252,6.566178,5.726604,6.536654,5.854319,6.684565,6.25587,5.830579,6.482891,6.428352,6.464484,6.508446,4.912399,4.842974,5.532695,5.525736,6.959369,,3.330573,3.24098,0.089594,0.235288,0.131575,1.001062,3.35507,3.241522,0.113548,0.274911,0.160068,1.066658,3.382758,3.241787,0.14097,0.33228,0.174009,1.084686,3.496819,3.243359,0.25346,0.76196,0.175953,1.092703,3.450895,3.240431,0.210464,0.5746,0.178387,1.096731
5905,15.0,15.0,2.429341,2.393238,2.400728,2.433617,2.358754,2.437143,2.36555,2.353784,2.448539,2.359996,2.334924,2.317338,2.332795,2.332602,2.333148,5.868191,5.88528,5.832279,5.647714,5.495424,5.627388,5.84341,5.482763,5.72516,5.470054,5.454519,5.462166,5.467332,5.471785,5.473577,3.031613,,2.429341,2.334924,0.094417,0.435501,0.141912,1.049213,2.393238,2.317338,0.0759,0.372746,0.17724,1.103326,2.433617,2.332795,0.100822,0.487584,0.194619,1.118677,2.437143,2.332602,0.104541,0.486197,0.186847,1.125235,2.448539,2.333148,0.115391,0.528029,0.180894,1.128485
5906,15.0,15.0,6.370978,5.876481,5.761839,5.386974,5.167567,5.356269,5.727524,5.510465,4.966973,5.42958,4.710492,5.565683,4.703182,4.924288,4.915601,7.767528,7.254788,7.574767,6.950002,6.638998,7.289872,6.423915,7.364253,7.194868,7.121983,6.803112,5.940147,4.734835,5.652981,5.09286,5.399732,,2.622465,2.404328,0.218137,1.833877,0.628854,1.020134,2.728648,2.419786,0.308862,2.093934,0.750469,1.078719,2.684779,2.31151,0.373269,2.03784,0.859597,1.092266,2.781562,2.436792,0.34477,2.864576,0.878418,1.097288,2.642586,2.444417,0.198169,2.335887,0.889591,1.100091
5911,15.0,15.0,2.195026,2.20576,2.1668,2.223364,2.138442,2.254922,2.167636,2.118448,2.261639,2.132298,2.107565,2.115666,2.111708,2.114335,2.110546,1.005587,1.635176,0.959393,1.847474,0.328441,1.853594,1.573026,0.303859,2.003071,0.313275,0.285906,0.287344,0.280876,0.274687,0.285125,8.015291,,2.339083,2.2568,0.082283,0.299186,0.124975,0.952355,2.348539,2.263781,0.084758,0.287787,0.146232,1.018004,2.364345,2.259307,0.105038,0.324031,0.149619,1.0373,2.397822,2.262122,0.1357,0.454098,0.152063,1.045737,2.40425,2.258062,0.146188,0.458729,0.15644,1.050423
5913,15.0,15.0,1.998927,1.450242,1.53643,1.740705,0.989652,1.852685,0.930729,1.049551,1.690873,0.943783,0.610738,0.448006,0.869626,1.369945,0.690494,3.973447,5.460272,3.786365,5.418012,1.090064,5.285515,5.339988,1.338519,5.633929,1.072738,0.722392,2.167692,1.816194,1.977211,2.034299,24.884951,,0.202488,0.141843,0.060645,0.191173,0.123854,0.976212,0.220889,0.137577,0.083312,0.219945,0.146051,1.041319,0.262559,0.1347,0.127859,0.357846,0.149167,1.063987,0.268747,0.150434,0.118313,0.362114,0.152468,1.072839,0.275489,0.15173,0.123759,0.366718,0.15089,1.076552
5935,15.0,15.0,2.706103,1.803971,2.661522,1.932919,2.583279,1.853666,1.771295,2.349721,2.010312,2.680003,2.590856,1.389603,1.750924,1.549702,1.866212,3.15519,3.089514,3.081752,3.277626,2.806201,3.775884,2.832436,2.259234,3.618246,2.533211,1.895101,2.175497,2.109673,2.474244,2.100986,2.110642,,0.574305,0.328371,0.245934,0.859119,0.124673,1.012499,0.45301,0.34129,0.11172,0.302545,0.129968,1.068832,0.455496,0.343091,0.112406,0.295854,0.141876,1.085981,0.507852,0.349377,0.158476,0.457689,0.148347,1.092309,0.504872,0.351574,0.153298,0.430457,0.15481,1.095413
5939,16.0,16.0,5.72993,6.125459,5.699228,6.059285,5.698481,5.881849,5.923465,5.771222,5.848202,5.77926,5.837996,6.042412,6.292332,5.931986,5.912608,48.181588,46.479579,47.964924,45.775017,48.32492,45.654402,45.865687,48.247002,45.554502,47.896572,47.503185,46.893287,46.955765,46.711861,46.353629,7.805419,,2.822028,2.79332,0.028708,0.204894,0.115453,0.969436,2.85086,2.797628,0.053232,0.3034,0.141962,1.029674,2.858498,2.803726,0.054772,0.315065,0.142069,1.049481,2.876988,2.794715,0.082272,0.507017,0.160342,1.057969,2.836105,2.798938,0.037168,0.708276,0.167324,1.062136
5953,15.0,15.0,2.090138,2.500026,2.090683,2.490028,2.196601,2.572608,2.510066,1.964698,2.926048,1.827094,1.956429,2.608311,2.127523,2.360567,2.67495,1.699843,2.67926,1.658071,2.469271,1.553408,2.392819,2.280699,1.558822,2.517501,1.519263,0.828567,1.895536,1.631191,1.686,1.943058,4.103183,,0.201784,0.10655,0.095234,0.24212,0.127988,1.045657,0.559914,0.105537,0.454378,1.577785,0.157911,1.106394,0.464067,0.106593,0.357474,1.159382,0.16107,1.123573,0.32366,0.111766,0.211894,0.586356,0.166585,1.129914,0.395213,0.11069,0.284523,0.858487,0.178093,1.132913
5970,15.0,15.0,2.585052,2.31835,2.529712,2.366623,2.659335,2.487915,1.858119,2.371429,2.27068,2.458842,2.327149,1.701741,1.690715,1.921609,1.841478,2.528387,2.410682,2.499229,2.445181,2.069335,2.413009,1.776421,2.524777,2.607833,2.607349,1.901534,1.139787,1.58153,1.121985,1.121985,4.11804,,0.859003,0.722267,0.136736,0.477065,0.158001,1.039239,0.94798,0.741248,0.206732,0.776052,0.173426,1.101168,0.898963,0.741401,0.157563,0.559818,0.185616,1.118256,0.883443,0.751068,0.132375,0.468428,0.188928,1.124019,0.8508,0.745276,0.105525,0.502473,0.193714,1.126461
5974,16.0,16.0,3.124126,2.927501,2.998508,3.0038,3.01405,3.305136,2.850186,2.592338,3.167925,2.94991,2.632717,2.641592,2.9474,2.995205,2.671026,1.281177,3.255554,1.216993,2.952336,1.12849,2.978703,3.107508,1.193492,2.890448,0.957666,1.093003,2.675625,2.784411,2.861345,2.93466,1.522939,,0.618537,0.122286,0.49625,1.555663,0.199885,1.089491,0.583693,0.144782,0.438911,1.244964,0.243092,1.140937,0.65236,0.148649,0.503711,1.382928,0.261969,1.151801,0.592678,0.15534,0.437338,1.095841,0.267977,1.154726,0.634236,0.16393,0.470307,1.158782,0.281154,1.155488
5976,14.0,14.0,7.385354,6.399634,6.928214,6.107678,6.698186,6.444689,5.696029,6.822678,6.421401,5.994284,6.474014,5.033987,5.319416,5.673267,5.858513,7.822219,6.377279,7.572652,5.975835,7.220968,6.15832,5.471516,7.106681,6.603164,7.186308,6.654338,3.070289,2.939774,4.400379,4.795886,8.286315,,5.183898,5.147991,0.035906,0.177867,0.099855,1.006478,5.279033,5.138135,0.140898,0.536521,0.101177,1.067204,5.223147,5.140823,0.082324,0.303701,0.119589,1.085804,5.204704,5.14361,0.061094,0.234388,0.117187,1.09484,5.204445,5.138407,0.066038,0.236402,0.115464,1.100439
5978,15.0,15.0,4.129538,2.989019,3.931821,3.67671,3.84219,3.635058,2.690653,4.087063,3.918341,4.164932,3.469574,2.374591,2.99571,3.59636,3.526154,4.075126,4.177046,3.411144,3.980833,4.009942,4.107977,3.788821,3.182693,4.10346,3.57798,2.707728,1.406474,1.646856,1.996185,1.825025,2.161992,,0.236459,0.143589,0.09287,0.290505,0.154035,1.043403,0.283425,0.129722,0.153703,0.358921,0.178074,1.102559,0.331744,0.125218,0.206526,0.545015,0.171826,1.120216,0.345331,0.133581,0.211751,0.48523,0.180853,1.126344,0.410609,0.135791,0.274818,0.690484,0.194864,1.128916
5979,16.0,16.0,9.448599,8.700713,8.951539,8.501702,8.24725,8.761951,8.301899,8.508573,7.956018,8.495796,8.825827,8.072813,7.889377,7.741758,7.166874,7.706456,9.073731,7.685045,9.373669,7.549418,9.372406,8.6961,7.518859,9.170733,6.748995,6.581392,9.239104,9.823445,9.430023,9.254286,12.869605,,7.319641,7.164168,0.155473,0.674418,0.150084,1.003284,7.251091,7.155024,0.096067,1.758861,0.162074,1.069738,7.371933,7.15125,0.220683,1.198579,0.159222,1.09045,7.305213,7.159843,0.14537,1.692412,0.171062,1.099943,7.219458,7.155737,0.063721,1.378401,0.166981,1.105147
5985,15.0,15.0,18.168751,18.828048,18.242383,18.447714,16.454777,18.813936,18.58042,16.59896,18.949617,15.159291,14.258003,14.690995,14.429219,14.174799,14.786029,44.906394,41.699561,46.101041,43.63999,42.595952,45.086082,41.707175,43.362138,46.437757,39.262441,37.635837,31.937854,33.896599,35.437063,36.675918,6.330023,,13.790675,9.28822,4.502455,11.758551,4.120344,0.715045,14.288379,9.453974,4.834405,12.993611,4.151596,0.757206,13.904202,9.097637,4.806564,11.796028,4.141387,0.767278,13.854799,9.054096,4.800704,12.344081,4.145477,0.770959,13.708434,9.412859,4.295575,13.47137,4.80303,0.772959
5986,15.0,15.0,21.179839,20.764894,21.113885,20.609014,20.425956,20.455089,20.76034,21.046768,20.73085,20.558962,20.506509,20.82081,20.70145,20.689305,20.714048,10.705182,9.647493,10.689576,9.407396,10.763327,9.698214,9.716618,10.726736,9.527141,10.791263,10.803327,10.017747,9.135566,9.171355,9.096454,21.908995,,20.103967,20.089178,0.014789,0.209682,0.146567,1.019723,20.104682,20.081611,0.023071,0.25318,0.167049,1.084572,20.098843,20.073401,0.025442,0.271997,0.177201,1.103121,20.061659,20.067213,-0.005554,0.531688,0.17162,1.111147,20.088563,20.061821,0.026743,0.410718,0.177054,1.1158
6015,15.0,15.0,2.985172,3.493521,2.812151,3.464888,2.304796,3.424505,3.344657,1.837328,3.695942,1.769675,1.76827,2.447247,2.696176,2.68679,2.879716,7.451322,7.67135,7.060065,7.645627,6.68509,7.592301,7.224003,6.413235,7.621247,6.2681,6.246356,6.652211,6.577744,6.574576,6.576832,2.196434,,2.140452,1.696092,0.44436,1.393229,0.141593,1.021926,2.242436,1.676017,0.56642,1.401222,0.172905,1.076257,2.323033,1.67214,0.650893,1.768543,0.196567,1.090677,2.299378,1.664062,0.635316,1.644596,0.208217,1.096224,2.474992,1.668725,0.806267,1.699484,0.199891,1.09906
6017,15.0,15.0,1.840922,1.925023,1.815487,1.932854,1.799723,2.03623,1.891634,1.799195,2.054878,1.790315,1.772692,1.782342,1.782439,1.784423,1.784975,1.883205,1.932559,1.776928,2.020358,0.62556,2.126406,1.816764,0.625515,2.094186,0.617361,0.597284,0.61094,0.608733,0.608459,0.60856,2.671297,,1.840922,1.772692,0.06823,0.220212,0.111903,1.00063,1.925023,1.782342,0.142681,0.493296,0.141925,1.069783,1.932854,1.782439,0.150415,0.50364,0.14859,1.090432,2.03623,1.784423,0.251807,0.891565,0.154449,1.098982,2.054878,1.784975,0.269903,0.945567,0.153692,1.103503
6022,15.0,15.0,3.844479,3.98777,3.934841,4.061455,3.480329,4.12202,3.978216,3.617015,3.963336,3.889881,3.296331,3.151033,3.199668,3.663183,3.130219,5.132416,7.135779,4.414367,7.301419,3.381625,7.095243,6.552984,3.054571,7.053581,2.554859,2.191243,4.118188,4.10308,4.029459,4.096796,6.50731,,0.273283,0.167301,0.105982,0.2892,0.153334,0.984893,0.321898,0.178787,0.143112,0.389134,0.171816,1.040855,0.313528,0.173521,0.140007,0.37389,0.181732,1.057687,0.359014,0.195186,0.163828,0.499751,0.185266,1.063235,0.402787,0.196833,0.205954,0.607246,0.191906,1.065363
6025,15.0,15.0,10.554171,10.375176,9.746766,11.708999,9.672092,10.632751,9.960914,8.807056,11.275855,8.70046,7.896384,7.626523,9.282994,8.279145,9.961585,11.060913,9.901762,10.816438,10.63924,8.96764,10.84639,8.657049,8.927975,10.565586,9.541817,7.82913,4.063297,7.398283,5.79613,5.767954,54.784977,,8.209455,8.540175,-0.33072,4.92906,2.019018,0.983302,8.763726,9.333892,-0.570165,4.084954,2.057108,1.042134,9.652123,9.146031,0.506091,6.07518,2.32212,1.058304,8.943862,8.623571,0.320291,4.321217,2.285527,1.063723,8.729235,8.422375,0.30686,4.737622,2.255757,1.06589
6037,16.0,16.0,3.919539,3.676017,3.667976,3.630179,3.672407,3.802681,3.633464,3.683293,3.995146,3.555692,3.501511,3.385938,3.462395,3.460288,3.476629,1.658153,2.099631,1.475625,2.104461,1.451121,2.033749,1.869399,1.195494,2.042934,1.299446,0.946553,1.121991,1.164089,1.15853,1.150203,2.279939,,4.163192,3.721707,0.441485,1.732684,0.476688,1.033275,3.901702,3.598031,0.303671,1.010944,0.383641,1.103058,3.813474,3.677678,0.135796,0.83249,0.293802,1.120311,3.857951,3.672607,0.185343,1.022428,0.448199,1.12496,3.992274,3.689989,0.302284,1.242613,0.321648,1.126685
6041,30.0,30.0,16.574602,16.089034,15.598268,15.663818,14.932054,16.0369,15.192735,14.289581,15.339568,15.266094,14.09893,14.837769,14.005584,14.673903,14.041077,19.040374,17.821083,18.707629,17.313047,18.604746,16.690077,17.285492,19.238577,16.647879,18.61779,18.006541,16.072731,15.771898,15.299812,15.233995,14.520913,,7.422423,6.929894,0.492529,2.878735,1.935142,0.971224,7.886678,7.532024,0.354654,2.911675,1.140458,1.029046,7.701417,7.196054,0.505364,3.022545,1.119986,1.046942,7.426028,7.173163,0.252865,2.365312,1.085209,1.053444,7.285996,6.969771,0.316226,2.392509,1.089936,1.056453
6049,15.0,15.0,4.072365,3.188952,3.222543,2.831257,2.748039,3.055821,2.727135,2.934858,3.202932,2.896306,2.032802,2.092595,1.722812,1.672291,2.050255,4.04539,4.297325,3.331738,4.541916,3.882912,4.154696,3.776844,3.096701,4.208664,3.616041,2.904243,2.552632,2.585339,2.020359,2.020501,6.974582,,1.157699,1.112453,0.045245,0.20208,0.129928,1.056577,1.189222,1.104604,0.084617,0.274582,0.151459,1.115318,1.199379,1.099411,0.099969,0.299488,0.161229,1.131157,1.201667,1.09901,0.102657,0.304457,0.156317,1.137792,1.228834,1.101187,0.127647,0.386645,0.162313,1.141003
6051,15.0,15.0,5.702996,5.534589,5.0975,5.135456,5.010248,5.088782,5.241602,4.79265,4.555279,4.481464,4.637249,4.84979,3.903685,4.456813,3.535081,6.406286,4.817859,5.506101,5.547284,5.988119,5.298749,2.875097,6.215087,5.695011,5.966057,6.044306,2.781022,3.409551,2.087874,2.642851,8.542111,,0.26357,0.170675,0.092895,0.258463,0.15289,1.061523,0.291654,0.189615,0.102039,0.298341,0.183653,1.109829,0.302281,0.188149,0.114132,0.314527,0.199792,1.123426,0.311614,0.189513,0.122101,0.323526,0.198613,1.129003,0.317839,0.192029,0.12581,0.32964,0.205484,1.132009
6053,16.0,16.0,5.362465,5.503474,5.336944,5.3737,5.335723,5.376558,5.476209,5.326239,5.379396,5.326076,5.306832,5.311794,5.308839,5.302415,5.306878,2.673081,2.783293,2.650665,3.200402,2.599966,3.12321,2.757331,2.588787,3.069416,2.602841,2.581997,2.579293,2.578489,2.573463,2.568627,6.31896,,5.362465,5.306832,0.055634,0.190237,0.109656,1.015263,5.503474,5.311794,0.19168,0.734704,0.12445,1.073088,5.3737,5.308839,0.064861,0.231677,0.141166,1.091076,5.376558,5.302415,0.074143,0.239494,0.149644,1.098905,5.379396,5.306878,0.072518,0.244266,0.149515,1.103121
6066,16.0,16.0,4.095156,3.512163,3.865835,3.999646,3.189585,4.20413,3.55034,3.360548,4.074307,3.37265,3.392273,3.245543,3.395109,3.619814,3.45158,7.638224,7.538327,6.924063,7.983942,6.710083,7.92193,7.548693,6.437715,7.948224,6.414599,5.959462,6.455125,6.451456,6.020919,6.021,7.94773,,2.289292,1.944153,0.345139,1.217722,0.159171,1.042977,2.338251,1.927752,0.410499,1.344741,0.197131,1.102883,2.565723,1.921672,0.64405,1.637091,0.218643,1.117512,2.570618,1.918944,0.651674,1.810582,0.216345,1.122857,2.403505,1.922067,0.481439,1.502016,0.212477,1.126305
6071,4.0,4.0,28.7425,29.589726,27.077192,28.282512,26.976406,27.441135,29.528281,25.168639,31.743579,26.78501,24.768678,26.4266,26.590119,25.649888,30.172548,24.782507,25.697348,22.991913,24.699901,21.92503,24.988741,24.071504,20.082077,24.984449,24.357137,11.814516,16.35544,10.336399,19.648067,16.060362,49.467097,,,,,,,,,,,,,,,,,,,,,,,,,,,,,,,
6080,15.0,15.0,0.150291,0.221501,0.119838,0.210613,0.115895,0.287252,0.188587,0.103611,0.292019,0.102222,0.087591,0.082044,0.090797,0.088865,0.088912,41.851499,41.246683,41.846188,41.070758,42.021182,40.874546,41.003094,42.014266,40.749224,42.003047,42.01692,42.002709,42.013067,42.006874,41.998717,0.102476,,0.150291,0.087591,0.0627,0.162619,0.110897,0.993861,0.221501,0.082044,0.139457,0.391098,0.123546,1.057002,0.210613,0.090797,0.119816,0.327014,0.122813,1.076434,0.287252,0.088865,0.198386,0.622132,0.129925,1.084477,0.292019,0.088912,0.203106,0.630571,0.126669,1.088625
6088,15.0,15.0,0.266841,0.285977,0.251762,0.293211,0.237508,0.292028,0.264916,0.230922,0.29538,0.234045,0.2258,0.234991,0.231813,0.228939,0.231622,18.896438,18.838734,18.738339,18.8136,18.89271,18.871487,18.515685,19.057508,18.993226,19.768425,19.815736,19.880879,19.869967,19.859693,19.859936,0.200589,,0.266841,0.2258,0.041041,0.182428,0.104121,0.993499,0.285977,0.234991,0.050986,0.213954,0.123238,1.054238,0.293211,0.231813,0.061399,0.223387,0.130512,1.073257,0.292028,0.228939,0.063089,0.223638,0.138826,1.082088,0.29538,0.231622,0.063758,0.228337,0.142342,1.087137
